0.0,0.0,0.0,0.0,0.0,0.0,0.0,0.0,0.0,0.0,0.0,0.0,0.0,0.0,0.0,0.0,0.0,0.0,0.0,0.0,0.0,0.0,0.0,0.0,0.0,0.0,0.0,0.0,0.0,0.0,0.0,0.0,0.0,0.0,0.0,0.0,0.0,0.0,0.0,0.0,0.0,0.0,0.0,0.0,0.0,0.0,0.0,0.0,0.0,0.0,0.0,0.0,0.0,0.0,0.0,0.0,0.0,0.0,0.0,0.0,0.0,0.0,0.0,0.0,0.0,0.0,0.0,0.0,0.0,0.0,0.0,0.0,0.0,0.0,0.0,0.0,0.0,0.0,0.0,0.0,0.0,0.0,0.0,0.0,0.0,0.0,0.0,0.0,0.0,0.0,0.0,0.0,0.0,0.0,0.0,0.0,0.0,0.0,0.0,0.0,0.0,0.0,0.0,0.0,0.0,0.0,0.0,0.0,0.0,0.0,0.0,0.0,0.0,0.0,0.0,0.0,0.0,0.0,0.0,0.0,0.0,0.0,0.0,0.0,0.0,0.0,0.0,0.0,0.0,0.0,0.0,0.01,0.01,0.01,0.01,0.01,0.01,0.01,0.01,0.01,0.0,0.0,0.0,0.0,0.0,0.0,0.0,0.0,0.0,0.0,0.0,0.0,0.0,0.0,0.0,0.0,0.0,0.0,0.0,0.0,0.0,0.0,0.0,0.0,0.0,0.0,0.01,0.05,0.15,0.41,1.06,2.5,5.37,10.54,18.92,31.04,46.53,63.76,79.85,91.39,95.6,91.39,79.85,63.76,46.53,31.04,18.92,10.54,5.37,2.5,1.06,0.41,0.15,0.05,0.01,0.0,0.0,0.0,0.0,0.0,0.0,0.0,0.0,0.0,0.0,0.0,0.0,0.0,0.0,0.0,0.0,0.0,0.0,0.0,0.0,0.0,0.0,0.0,0.0,0.0,0.0,0.0,0.0,0.0,0.0,0.0,0.0,0.0,0.0,0.0,0.0,0.0,0.0,0.0,0.0,0.0,0.0,0.0,0.0,0.0,0.0,0.0,0.0,0.0,0.0,0.0,0.0,0.0,0.0,0.0,0.0,0.0,0.0,0.0,0.0,0.0,0.0,0.0,0.0,0.0,0.0,0.0,0.0,0.0,0.0,0.0,0.0,0.0,0.0,0.0,0.0,0.0,0.0,0.0,0.0,0.0,0.0,0.0,0.0,0.0,0.0,0.0,0.0,0.0,0.0,0.0,0.0,0.0,0.0,0.0,0.0,0.0,0.0,0.0,0.0,0.0,0.0,0.0,0.0,0.0
0.0,0.0,0.0,0.0,0.0,0.0,0.0,0.0,0.0,0.0,0.0,0.0,0.0,0.0,0.0,0.0,0.0,0.0,0.0,0.0,0.0,0.0,0.0,0.0,0.0,0.0,0.0,0.0,0.0,0.0,0.0,0.0,0.0,0.0,0.0,0.0,0.0,0.0,0.0,0.0,0.0,0.0,0.0,0.0,0.0,0.0,0.0,0.0,0.0,0.0,0.0,0.0,0.0,0.0,0.0,0.0,0.0,0.0,0.0,0.0,0.0,0.0,0.0,0.0,0.0,0.0,0.0,0.0,0.0,0.0,0.0,0.0,0.0,0.0,0.0,0.0,0.0,0.0,0.0,0.0,0.0,0.0,0.0,0.0,0.0,0.0,0.0,0.0,0.0,0.0,0.0,0.0,0.0,0.0,0.0,0.0,0.0,0.0,0.0,0.0,0.0,0.0,0.0,0.0,0.0,0.0,0.0,0.0,0.0,0.0,0.0,0.0,0.0,0.0,0.0,0.0,0.0,0.0,0.0,0.0,0.0,0.0,0.0,0.0,0.0,0.0,0.0,0.0,0.01,0.01,0.02,0.02,0.03,0.04,0.05,0.05,0.05,0.04,0.03,0.02,0.02,0.01,0.01,0.0,0.0,0.0,0.0,0.0,0.0,0.0,0.0,0.0,0.0,0.0,0.0,0.0,0.0,0.0,0.0,0.0,0.0,0.0,0.0,0.0,0.0,0.0,0.01,0.04,0.13,0.36,0.93,2.18,4.69,9.21,16.53,27.12,40.66,55.71,69.77,79.85,83.53,79.85,69.77,55.71,40.66,27.12,16.53,9.21,4.69,2.18,0.93,0.36,0.13,0.04,0.01,0.0,0.0,0.0,0.0,0.0,0.0,0.0,0.0,0.0,0.0,0.0,0.0,0.0,0.0,0.0,0.0,0.0,0.0,0.0,0.0,0.0,0.0,0.0,0.0,0.0,0.0,0.0,0.0,0.0,0.0,0.0,0.0,0.0,0.0,0.0,0.0,0.0,0.0,0.0,0.0,0.0,0.0,0.0,0.0,0.0,0.0,0.0,0.0,0.0,0.0,0.0,0.0,0.0,0.0,0.0,0.0,0.0,0.0,0.0,0.0,0.0,0.0,0.0,0.0,0.0,0.0,0.0,0.0,0.0,0.0,0.0,0.0,0.0,0.0,0.0,0.0,0.0,0.0,0.0,0.0,0.0,0.0,0.0,0.0,0.0,0.0,0.0,0.0,0.0,0.0,0.0,0.0,0.0,0.0,0.0,0.0,0.0,0.0,0.0,0.0,0.0,0.0,0.0,0.0,0.0
0.0,0.0,0.0,0.0,0.0,0.0,0.0,0.0,0.0,0.0,0.0,0.0,0.0,0.0,0.0,0.0,0.0,0.0,0.0,0.0,0.0,0.0,0.0,0.0,0.0,0.0,0.0,0.0,0.0,0.0,0.0,0.0,0.0,0.0,0.0,0.0,0.0,0.0,0.0,0.0,0.0,0.0,0.0,0.0,0.0,0.0,0.0,0.0,0.0,0.0,0.0,0.0,0.0,0.0,0.0,0.0,0.0,0.0,0.0,0.0,0.0,0.0,0.0,0.0,0.0,0.0,0.0,0.0,0.0,0.0,0.0,0.0,0.0,0.0,0.0,0.0,0.0,0.0,0.0,0.0,0.0,0.0,0.0,0.0,0.0,0.0,0.0,0.0,0.0,0.0,0.0,0.0,0.0,0.0,0.0,0.0,0.0,0.0,0.0,0.0,0.0,0.0,0.0,0.0,0.0,0.0,0.0,0.0,0.0,0.0,0.0,0.0,0.0,0.0,0.0,0.0,0.0,0.0,0.0,0.0,0.0,0.0,0.0,0.0,0.0,0.0,0.0,0.01,0.02,0.03,0.05,0.07,0.1,0.13,0.15,0.15,0.15,0.13,0.1,0.07,0.05,0.03,0.02,0.01,0.0,0.0,0.0,0.0,0.0,0.0,0.0,0.0,0.0,0.0,0.0,0.0,0.0,0.0,0.0,0.0,0.0,0.0,0.0,0.0,0.0,0.0,0.01,0.03,0.1,0.29,0.74,1.74,3.74,7.35,13.2,21.65,32.47,44.49,55.71,63.76,66.7,63.76,55.71,44.49,32.47,21.65,13.2,7.35,3.74,1.74,0.74,0.29,0.1,0.03,0.01,0.0,0.0,0.0,0.0,0.0,0.0,0.0,0.0,0.0,0.0,0.0,0.0,0.0,0.0,0.0,0.0,0.0,0.0,0.0,0.0,0.0,0.0,0.0,0.0,0.0,0.0,0.0,0.0,0.0,0.0,0.0,0.0,0.0,0.0,0.0,0.0,0.0,0.0,0.0,0.0,0.0,0.0,0.0,0.0,0.0,0.0,0.0,0.0,0.0,0.0,0.0,0.0,0.0,0.0,0.0,0.0,0.0,0.0,0.0,0.0,0.0,0.0,0.0,0.0,0.0,0.0,0.0,0.0,0.0,0.0,0.0,0.0,0.0,0.0,0.0,0.0,0.0,0.0,0.0,0.0,0.0,0.0,0.0,0.0,0.0,0.0,0.0,0.0,0.0,0.0,0.0,0.0,0.0,0.0,0.0,0.0,0.0,0.0,0.0,0.0,0.0,0.0,0.0,0.0,0.0
0.0,0.0,0.0,0.0,0.0,0.0,0.0,0.0,0.0,0.0,0.0,0.0,0.0,0.0,0.0,0.0,0.0,0.0,0.0,0.0,0.0,0.0,0.0,0.0,0.0,0.0,0.0,0.0,0.0,0.0,0.0,0.0,0.0,0.0,0.0,0.0,0.0,0.0,0.0,0.0,0.0,0.0,0.0,0.0,0.0,0.0,0.0,0.0,0.0,0.0,0.0,0.0,0.0,0.0,0.0,0.0,0.0,0.0,0.0,0.0,0.0,0.0,0.0,0.0,0.0,0.0,0.0,0.0,0.0,0.0,0.0,0.0,0.0,0.0,0.0,0.0,0.0,0.0,0.0,0.0,0.0,0.0,0.0,0.0,0.0,0.0,0.0,0.0,0.0,0.0,0.0,0.0,0.0,0.0,0.0,0.0,0.0,0.0,0.0,0.0,0.0,0.0,0.0,0.0,0.0,0.0,0.0,0.0,0.0,0.0,0.0,0.0,0.0,0.0,0.0,0.0,0.0,0.0,0.0,0.0,0.0,0.0,0.0,0.0,0.0,0.0,0.01,0.02,0.05,0.09,0.14,0.21,0.29,0.36,0.41,0.43,0.41,0.36,0.29,0.21,0.14,0.09,0.05,0.02,0.01,0.01,0.0,0.0,0.0,0.0,0.0,0.0,0.0,0.0,0.0,0.0,0.0,0.0,0.0,0.0,0.0,0.0,0.0,0.0,0.0,0.0,0.01,0.02,0.07,0.21,0.54,1.27,2.73,5.37,9.63,15.8,23.69,32.47,40.66,46.53,48.68,46.53,40.66,32.47,23.69,15.8,9.63,5.37,2.73,1.27,0.54,0.21,0.07,0.02,0.01,0.0,0.0,0.0,0.0,0.0,0.0,0.0,0.0,0.0,0.0,0.0,0.0,0.0,0.0,0.0,0.0,0.0,0.0,0.0,0.0,0.0,0.0,0.0,0.0,0.0,0.0,0.0,0.0,0.0,0.0,0.0,0.0,0.0,0.0,0.0,0.0,0.0,0.0,0.0,0.0,0.0,0.0,0.0,0.0,0.0,0.0,0.0,0.0,0.0,0.0,0.0,0.0,0.0,0.0,0.0,0.0,0.0,0.0,0.0,0.0,0.0,0.0,0.0,0.0,0.0,0.0,0.0,0.0,0.0,0.0,0.0,0.0,0.0,0.0,0.0,0.0,0.0,0.0,0.0,0.0,0.0,0.0,0.0,0.0,0.0,0.0,0.0,0.0,0.0,0.0,0.0,0.0,0.0,0.0,0.0,0.0,0.0,0.0,0.0,0.0,0.0,0.0,0.0,0.0,0.0
0.0,0.0,0.0,0.0,0.0,0.0,0.0,0.0,0.0,0.0,0.0,0.0,0.0,0.0,0.0,0.0,0.0,0.0,0.0,0.0,0.0,0.0,0.0,0.0,0.0,0.0,0.0,0.0,0.0,0.0,0.0,0.0,0.0,0.0,0.0,0.0,0.0,0.0,0.0,0.0,0.0,0.0,0.0,0.0,0.0,0.0,0.0,0.0,0.0,0.0,0.0,0.0,0.0,0.0,0.0,0.0,0.0,0.0,0.0,0.0,0.0,0.0,0.0,0.0,0.0,0.0,0.0,0.0,0.0,0.0,0.0,0.0,0.0,0.0,0.0,0.0,0.0,0.0,0.0,0.0,0.0,0.0,0.0,0.0,0.0,0.0,0.0,0.0,0.0,0.0,0.0,0.0,0.0,0.0,0.0,0.0,0.0,0.0,0.0,0.0,0.0,0.0,0.0,0.0,0.0,0.0,0.0,0.0,0.0,0.0,0.0,0.0,0.0,0.0,0.0,0.0,0.0,0.0,0.0,0.0,0.0,0.0,0.0,0.0,0.0,0.01,0.03,0.06,0.12,0.22,0.36,0.54,0.74,0.93,1.06,1.11,1.06,0.93,0.74,0.54,0.36,0.22,0.12,0.06,0.03,0.01,0.01,0.0,0.0,0.0,0.0,0.0,0.0,0.0,0.0,0.0,0.0,0.0,0.0,0.0,0.0,0.0,0.0,0.0,0.0,0.0,0.0,0.02,0.05,0.14,0.36,0.85,1.82,3.58,6.42,10.54,15.8,21.65,27.12,31.04,32.47,31.04,27.12,21.65,15.8,10.54,6.42,3.58,1.82,0.85,0.36,0.14,0.05,0.02,0.0,0.0,0.0,0.0,0.0,0.0,0.0,0.0,0.0,0.0,0.0,0.0,0.0,0.0,0.0,0.0,0.0,0.0,0.0,0.0,0.0,0.0,0.0,0.0,0.0,0.0,0.0,0.0,0.0,0.0,0.0,0.0,0.0,0.0,0.0,0.0,0.0,0.0,0.0,0.0,0.0,0.0,0.0,0.0,0.0,0.0,0.0,0.0,0.0,0.0,0.0,0.0,0.0,0.0,0.0,0.0,0.0,0.0,0.0,0.0,0.0,0.0,0.0,0.0,0.0,0.0,0.0,0.0,0.0,0.0,0.0,0.0,0.0,0.0,0.0,0.0,0.0,0.0,0.0,0.0,0.0,0.0,0.0,0.0,0.0,0.0,0.0,0.0,0.0,0.0,0.0,0.0,0.0,0.0,0.0,0.0,0.0,0.0,0.0,0.0,0.0,0.0,0.0,0.0,0.0,0.0
0.0,0.0,0.0,0.0,0.0,0.0,0.0,0.0,0.0,0.0,0.0,0.0,0.0,0.0,0.0,0.0,0.0,0.0,0.0,0.0,0.0,0.0,0.0,0.0,0.0,0.0,0.0,0.0,0.0,0.0,0.0,0.0,0.0,0.0,0.0,0.0,0.0,0.0,0.0,0.0,0.0,0.0,0.0,0.0,0.0,0.0,0.0,0.0,0.0,0.0,0.0,0.0,0.0,0.0,0.0,0.0,0.0,0.0,0.0,0.0,0.0,0.0,0.0,0.0,0.0,0.0,0.0,0.0,0.0,0.0,0.0,0.0,0.0,0.0,0.0,0.0,0.0,0.0,0.0,0.0,0.0,0.0,0.0,0.0,0.0,0.0,0.0,0.0,0.0,0.0,0.0,0.0,0.0,0.0,0.0,0.0,0.0,0.0,0.0,0.0,0.0,0.0,0.0,0.0,0.0,0.0,0.0,0.0,0.0,0.0,0.0,0.0,0.0,0.0,0.0,0.0,0.0,0.0,0.0,0.0,0.0,0.0,0.0,0.0,0.01,0.03,0.07,0.15,0.29,0.52,0.85,1.27,1.74,2.18,2.5,2.61,2.5,2.18,1.74,1.27,0.85,0.52,0.29,0.15,0.07,0.03,0.02,0.01,0.01,0.01,0.01,0.01,0.01,0.01,0.01,0.0,0.0,0.0,0.0,0.0,0.0,0.0,0.0,0.0,0.0,0.0,0.0,0.01,0.03,0.09,0.22,0.52,1.11,2.18,3.92,6.42,9.63,13.2,16.53,18.92,19.79,18.92,16.53,13.2,9.63,6.42,3.92,2.18,1.11,0.52,0.22,0.09,0.03,0.01,0.0,0.0,0.0,0.0,0.0,0.0,0.0,0.0,0.0,0.0,0.0,0.0,0.0,0.0,0.0,0.0,0.0,0.0,0.0,0.0,0.0,0.0,0.0,0.0,0.0,0.0,0.0,0.0,0.0,0.0,0.0,0.0,0.0,0.0,0.0,0.0,0.0,0.0,0.0,0.0,0.0,0.0,0.0,0.0,0.0,0.0,0.0,0.0,0.0,0.0,0.0,0.0,0.0,0.0,0.0,0.0,0.0,0.0,0.0,0.0,0.0,0.0,0.0,0.0,0.0,0.0,0.0,0.0,0.0,0.0,0.0,0.0,0.0,0.0,0.0,0.0,0.0,0.0,0.0,0.0,0.0,0.0,0.0,0.0,0.0,0.0,0.0,0.0,0.0,0.0,0.0,0.0,0.0,0.0,0.0,0.0,0.0,0.0,0.0,0.0,0.0,0.0,0.0,0.0,0.0,0.0
0.0,0.0,0.0,0.0,0.0,0.0,0.0,0.0,0.0,0.0,0.0,0.0,0.0,0.0,0.0,0.0,0.0,0.0,0.0,0.0,0.0,0.0,0.0,0.0,0.0,0.0,0.0,0.0,0.0,0.0,0.0,0.0,0.0,0.0,0.0,0.0,0.0,0.0,0.0,0.0,0.0,0.0,0.0,0.0,0.0,0.0,0.0,0.0,0.0,0.0,0.0,0.0,0.0,0.0,0.0,0.0,0.0,0.0,0.0,0.0,0.0,0.0,0.0,0.0,0.0,0.0,0.0,0.0,0.0,0.0,0.0,0.0,0.0,0.0,0.0,0.0,0.0,0.0,0.0,0.0,0.0,0.0,0.0,0.0,0.0,0.0,0.0,0.0,0.0,0.0,0.0,0.0,0.0,0.0,0.0,0.0,0.0,0.0,0.0,0.0,0.0,0.0,0.0,0.0,0.0,0.0,0.0,0.0,0.0,0.0,0.0,0.0,0.0,0.0,0.0,0.0,0.0,0.0,0.0,0.0,0.0,0.0,0.0,0.01,0.02,0.06,0.15,0.32,0.62,1.11,1.82,2.73,3.74,4.69,5.37,5.61,5.37,4.69,3.74,2.73,1.82,1.11,0.62,0.32,0.16,0.08,0.05,0.04,0.04,0.05,0.05,0.05,0.04,0.03,0.02,0.02,0.01,0.01,0.0,0.0,0.0,0.0,0.0,0.0,0.0,0.0,0.0,0.01,0.02,0.05,0.12,0.29,0.62,1.22,2.18,3.58,5.37,7.35,9.21,10.54,11.03,10.54,9.21,7.35,5.37,3.58,2.18,1.22,0.62,0.29,0.12,0.05,0.02,0.01,0.0,0.0,0.0,0.0,0.0,0.0,0.0,0.0,0.0,0.0,0.0,0.0,0.0,0.0,0.0,0.0,0.0,0.0,0.0,0.0,0.0,0.0,0.0,0.0,0.0,0.0,0.0,0.0,0.0,0.0,0.0,0.0,0.0,0.0,0.0,0.0,0.0,0.0,0.0,0.0,0.0,0.0,0.0,0.0,0.0,0.0,0.0,0.0,0.0,0.0,0.0,0.0,0.0,0.0,0.0,0.0,0.0,0.0,0.0,0.0,0.0,0.0,0.0,0.0,0.0,0.0,0.0,0.0,0.0,0.0,0.0,0.0,0.0,0.0,0.0,0.0,0.0,0.0,0.0,0.0,0.0,0.0,0.0,0.0,0.0,0.0,0.0,0.0,0.0,0.0,0.0,0.0,0.0,0.0,0.0,0.0,0.0,0.0,0.0,0.0,0.0,0.0,0.0,0.0,0.0,0.0
0.0,0.0,0.0,0.0,0.0,0.0,0.0,0.0,0.0,0.0,0.0,0.0,0.0,0.0,0.0,0.0,0.0,0.0,0.0,0.0,0.0,0.0,0.0,0.0,0.0,0.0,0.0,0.0,0.0,0.0,0.0,0.0,0.0,0.0,0.0,0.0,0.0,0.0,0.0,0.0,0.0,0.0,0.0,0.0,0.0,0.0,0.0,0.0,0.0,0.0,0.0,0.0,0.0,0.0,0.0,0.0,0.0,0.0,0.0,0.0,0.0,0.0,0.0,0.0,0.0,0.0,0.0,0.0,0.0,0.0,0.0,0.0,0.0,0.0,0.0,0.0,0.0,0.0,0.0,0.0,0.0,0.0,0.0,0.0,0.0,0.0,0.0,0.0,0.0,0.0,0.0,0.0,0.0,0.0,0.0,0.0,0.0,0.0,0.0,0.0,0.0,0.0,0.0,0.0,0.0,0.0,0.0,0.0,0.0,0.0,0.0,0.0,0.0,0.0,0.0,0.0,0.0,0.0,0.0,0.0,0.0,0.0,0.01,0.02,0.05,0.12,0.29,0.62,1.22,2.18,3.58,5.37,7.35,9.21,10.54,11.03,10.54,9.21,7.35,5.37,3.58,2.19,1.22,0.64,0.32,0.17,0.12,0.12,0.13,0.15,0.15,0.15,0.13,0.1,0.07,0.05,0.03,0.02,0.01,0.0,0.0,0.0,0.0,0.0,0.0,0.0,0.0,0.0,0.01,0.02,0.06,0.15,0.32,0.62,1.11,1.82,2.73,3.74,4.69,5.37,5.61,5.37,4.69,3.74,2.73,1.82,1.11,0.62,0.32,0.15,0.06,0.02,0.01,0.0,0.0,0.0,0.0,0.0,0.0,0.0,0.0,0.0,0.0,0.0,0.0,0.0,0.0,0.0,0.0,0.0,0.0,0.0,0.0,0.0,0.0,0.0,0.0,0.0,0.0,0.0,0.0,0.0,0.0,0.0,0.0,0.0,0.0,0.0,0.0,0.0,0.0,0.0,0.0,0.0,0.0,0.0,0.0,0.0,0.0,0.0,0.0,0.0,0.0,0.0,0.0,0.0,0.0,0.0,0.0,0.0,0.0,0.0,0.0,0.0,0.0,0.0,0.0,0.0,0.0,0.0,0.0,0.0,0.0,0.0,0.0,0.0,0.0,0.0,0.0,0.0,0.0,0.0,0.0,0.0,0.0,0.0,0.0,0.0,0.0,0.0,0.0,0.0,0.0,0.0,0.0,0.0,0.0,0.0,0.0,0.0,0.0,0.0,0.0,0.0,0.0,0.0,0.0,0.0,0.0,0.0
0.0,0.0,0.0,0.0,0.0,0.0,0.0,0.0,0.0,0.0,0.0,0.0,0.0,0.0,0.0,0.0,0.0,0.0,0.0,0.0,0.0,0.0,0.0,0.0,0.0,0.0,0.0,0.0,0.0,0.0,0.0,0.0,0.0,0.0,0.0,0.0,0.0,0.0,0.0,0.0,0.0,0.0,0.0,0.0,0.0,0.0,0.0,0.0,0.0,0.0,0.0,0.0,0.0,0.0,0.0,0.0,0.0,0.0,0.0,0.0,0.0,0.0,0.0,0.0,0.0,0.0,0.0,0.0,0.0,0.0,0.0,0.0,0.0,0.0,0.0,0.0,0.0,0.0,0.0,0.0,0.0,0.0,0.0,0.0,0.0,0.0,0.0,0.0,0.0,0.0,0.0,0.0,0.0,0.0,0.0,0.0,0.0,0.0,0.0,0.0,0.0,0.0,0.0,0.0,0.0,0.0,0.0,0.0,0.0,0.0,0.0,0.0,0.0,0.0,0.0,0.0,0.0,0.0,0.0,0.0,0.0,0.0,0.01,0.03,0.09,0.22,0.52,1.11,2.18,3.92,6.43,9.63,13.2,16.53,18.92,19.79,18.92,16.53,13.2,9.63,6.43,3.93,2.21,1.16,0.6,0.36,0.3,0.32,0.37,0.42,0.43,0.41,0.36,0.29,0.21,0.14,0.09,0.05,0.02,0.01,0.0,0.0,0.0,0.0,0.0,0.0,0.0,0.0,0.0,0.01,0.03,0.07,0.15,0.29,0.52,0.85,1.27,1.74,2.18,2.5,2.61,2.5,2.18,1.74,1.27,0.85,0.52,0.29,0.15,0.07,0.03,0.01,0.0,0.0,0.0,0.0,0.0,0.0,0.0,0.0,0.0,0.0,0.0,0.0,0.0,0.0,0.0,0.0,0.0,0.0,0.0,0.0,0.0,0.0,0.0,0.0,0.0,0.0,0.0,0.0,0.0,0.0,0.0,0.0,0.0,0.0,0.0,0.0,0.0,0.0,0.0,0.0,0.0,0.0,0.0,0.0,0.0,0.0,0.0,0.0,0.0,0.0,0.0,0.0,0.0,0.0,0.0,0.0,0.0,0.0,0.0,0.0,0.0,0.0,0.0,0.0,0.0,0.0,0.0,0.0,0.0,0.0,0.0,0.0,0.0,0.0,0.0,0.0,0.0,0.0,0.0,0.0,0.0,0.0,0.0,0.0,0.0,0.0,0.0,0.0,0.0,0.0,0.0,0.0,0.0,0.0,0.0,0.0,0.0,0.0,0.0,0.0,0.0,0.0,0.0,0.0,0.0,0.0,0.0,0.0
0.0,0.0,0.0,0.0,0.0,0.0,0.0,0.0,0.0,0.0,0.0,0.0,0.0,0.0,0.0,0.0,0.0,0.0,0.0,0.0,0.0,0.0,0.0,0.0,0.0,0.0,0.0,0.0,0.0,0.0,0.0,0.0,0.0,0.0,0.0,0.0,0.0,0.0,0.0,0.0,0.0,0.0,0.0,0.0,0.0,0.0,0.0,0.0,0.0,0.0,0.0,0.0,0.0,0.0,0.0,0.0,0.0,0.0,0.0,0.0,0.0,0.0,0.0,0.0,0.0,0.0,0.0,0.0,0.0,0.0,0.0,0.0,0.0,0.0,0.0,0.0,0.0,0.0,0.0,0.0,0.0,0.0,0.0,0.0,0.0,0.0,0.0,0.0,0.0,0.0,0.0,0.0,0.0,0.0,0.0,0.0,0.0,0.0,0.0,0.0,0.0,0.0,0.0,0.0,0.0,0.0,0.0,0.0,0.0,0.0,0.0,0.0,0.0,0.0,0.0,0.0,0.0,0.0,0.0,0.0,0.0,0.01,0.02,0.05,0.14,0.36,0.85,1.83,3.58,6.43,10.54,15.8,21.65,27.12,31.04,32.47,31.04,27.12,21.66,15.81,10.55,6.45,3.64,1.94,1.07,0.72,0.68,0.79,0.94,1.07,1.11,1.06,0.93,0.74,0.54,0.36,0.22,0.12,0.06,0.03,0.01,0.0,0.0,0.0,0.0,0.0,0.0,0.0,0.0,0.0,0.01,0.03,0.06,0.12,0.22,0.36,0.54,0.74,0.93,1.06,1.11,1.06,0.93,0.74,0.54,0.36,0.22,0.12,0.06,0.03,0.01,0.0,0.0,0.0,0.0,0.0,0.0,0.0,0.0,0.0,0.0,0.0,0.0,0.0,0.0,0.0,0.0,0.0,0.0,0.0,0.0,0.0,0.0,0.0,0.0,0.0,0.0,0.0,0.0,0.0,0.0,0.0,0.0,0.0,0.0,0.0,0.0,0.0,0.0,0.0,0.0,0.0,0.0,0.0,0.0,0.0,0.0,0.0,0.0,0.0,0.0,0.0,0.0,0.0,0.0,0.0,0.0,0.0,0.0,0.0,0.0,0.0,0.0,0.0,0.0,0.0,0.0,0.0,0.0,0.0,0.0,0.0,0.0,0.0,0.0,0.0,0.0,0.0,0.0,0.0,0.0,0.0,0.0,0.0,0.0,0.0,0.0,0.0,0.0,0.0,0.0,0.0,0.0,0.0,0.0,0.0,0.0,0.0,0.0,0.0,0.0,0.0,0.0,0.0,0.0,0.0,0.0,0.0,0.0,0.0
0.0,0.0,0.0,0.0,0.0,0.0,0.0,0.0,0.0,0.0,0.0,0.0,0.0,0.0,0.0,0.0,0.0,0.0,0.0,0.0,0.0,0.0,0.0,0.0,0.0,0.0,0.0,0.0,0.0,0.0,0.0,0.0,0.0,0.0,0.0,0.0,0.0,0.0,0.0,0.0,0.0,0.0,0.0,0.0,0.0,0.0,0.0,0.0,0.0,0.0,0.0,0.0,0.0,0.0,0.0,0.0,0.0,0.0,0.0,0.0,0.0,0.0,0.0,0.0,0.0,0.0,0.0,0.0,0.0,0.0,0.0,0.0,0.0,0.0,0.0,0.0,0.0,0.0,0.0,0.0,0.0,0.0,0.0,0.0,0.0,0.0,0.0,0.0,0.0,0.0,0.0,0.0,0.0,0.0,0.0,0.0,0.0,0.0,0.0,0.0,0.0,0.0,0.0,0.0,0.0,0.0,0.0,0.0,0.0,0.0,0.0,0.0,0.0,0.0,0.0,0.0,0.0,0.0,0.0,0.0,0.01,0.01,0.03,0.09,0.22,0.56,1.29,2.74,5.38,9.64,15.81,23.7,32.47,40.66,46.53,48.68,46.53,40.66,32.47,23.7,15.83,9.7,5.51,3.02,1.79,1.39,1.48,1.82,2.21,2.5,2.61,2.5,2.18,1.74,1.27,0.85,0.52,0.29,0.15,0.07,0.03,0.01,0.0,0.0,0.0,0.0,0.0,0.0,0.0,0.0,0.0,0.01,0.02,0.05,0.09,0.14,0.21,0.29,0.36,0.41,0.43,0.41,0.36,0.29,0.21,0.14,0.09,0.05,0.02,0.01,0.0,0.0,0.0,0.0,0.0,0.0,0.01,0.01,0.01,0.01,0.01,0.01,0.01,0.01,0.01,0.0,0.0,0.0,0.0,0.0,0.0,0.0,0.0,0.0,0.0,0.0,0.0,0.0,0.0,0.0,0.0,0.0,0.0,0.0,0.0,0.0,0.0,0.0,0.0,0.0,0.0,0.0,0.0,0.0,0.0,0.0,0.0,0.0,0.0,0.0,0.0,0.0,0.0,0.0,0.0,0.0,0.0,0.0,0.0,0.0,0.0,0.0,0.0,0.0,0.0,0.0,0.0,0.0,0.0,0.0,0.0,0.0,0.0,0.0,0.0,0.0,0.0,0.0,0.0,0.0,0.0,0.0,0.0,0.0,0.0,0.0,0.0,0.0,0.0,0.0,0.0,0.0,0.0,0.0,0.0,0.0,0.0,0.0,0.0,0.0,0.0,0.0,0.0,0.0,0.0,0.0,0.0,0.0,0.0,0.0
0.0,0.0,0.0,0.0,0.0,0.0,0.0,0.0,0.0,0.0,0.0,0.0,0.0,0.0,0.0,0.0,0.0,0.0,0.0,0.0,0.0,0.0,0.0,0.0,0.0,0.0,0.0,0.0,0.0,0.0,0.0,0.0,0.0,0.0,0.0,0.0,0.0,0.0,0.0,0.0,0.0,0.0,0.0,0.0,0.0,0.0,0.0,0.0,0.0,0.0,0.0,0.0,0.0,0.0,0.0,0.0,0.0,0.0,0.0,0.0,0.0,0.0,0.0,0.0,0.0,0.0,0.0,0.0,0.0,0.0,0.0,0.0,0.0,0.0,0.0,0.0,0.0,0.0,0.0,0.0,0.0,0.0,0.0,0.0,0.0,0.0,0.0,0.0,0.0,0.0,0.0,0.0,0.0,0.0,0.0,0.0,0.0,0.0,0.0,0.0,0.0,0.0,0.0,0.0,0.0,0.0,0.0,0.0,0.0,0.0,0.0,0.0,0.0,0.0,0.0,0.0,0.0,0.0,0.01,0.01,0.02,0.03,0.07,0.14,0.34,0.79,1.79,3.79,7.39,13.22,21.67,32.48,44.49,55.71,63.76,66.7,63.76,55.71,44.49,32.49,21.72,13.35,7.67,4.36,2.85,2.56,3.02,3.85,4.72,5.38,5.62,5.37,4.69,3.74,2.73,1.82,1.11,0.62,0.32,0.15,0.06,0.02,0.01,0.0,0.0,0.0,0.0,0.0,0.0,0.0,0.0,0.0,0.01,0.02,0.03,0.05,0.07,0.1,0.13,0.15,0.15,0.15,0.13,0.1,0.07,0.05,0.03,0.02,0.01,0.0,0.0,0.0,0.0,0.01,0.01,0.02,0.02,0.03,0.04,0.05,0.05,0.05,0.04,0.03,0.02,0.02,0.01,0.01,0.0,0.0,0.0,0.0,0.0,0.0,0.0,0.0,0.0,0.0,0.0,0.0,0.0,0.0,0.0,0.0,0.0,0.0,0.0,0.0,0.0,0.0,0.0,0.0,0.0,0.0,0.0,0.0,0.0,0.0,0.0,0.0,0.0,0.0,0.0,0.0,0.0,0.0,0.0,0.0,0.0,0.0,0.0,0.0,0.0,0.0,0.0,0.0,0.0,0.0,0.0,0.0,0.0,0.0,0.0,0.0,0.0,0.0,0.0,0.0,0.0,0.0,0.0,0.0,0.0,0.0,0.0,0.0,0.0,0.0,0.0,0.0,0.0,0.0,0.0,0.0,0.0,0.0,0.0,0.0,0.0,0.0,0.0,0.0,0.0,0.0,0.0,0.0,0.0,0.0,0.0,0.0
0.0,0.0,0.0,0.0,0.0,0.0,0.0,0.0,0.0,0.0,0.0,0.0,0.0,0.0,0.0,0.0,0.0,0.0,0.0,0.0,0.0,0.0,0.0,0.0,0.0,0.0,0.0,0.0,0.0,0.0,0.0,0.0,0.0,0.0,0.0,0.0,0.0,0.0,0.0,0.0,0.0,0.0,0.0,0.0,0.0,0.0,0.0,0.0,0.0,0.0,0.0,0.0,0.0,0.0,0.0,0.0,0.0,0.0,0.0,0.0,0.0,0.0,0.0,0.0,0.0,0.0,0.0,0.0,0.0,0.0,0.0,0.0,0.0,0.0,0.0,0.0,0.0,0.0,0.0,0.0,0.0,0.0,0.0,0.0,0.0,0.0,0.0,0.0,0.0,0.0,0.0,0.0,0.0,0.0,0.0,0.0,0.0,0.0,0.0,0.0,0.0,0.0,0.0,0.0,0.0,0.0,0.0,0.0,0.0,0.0,0.0,0.0,0.0,0.0,0.0,0.0,0.0,0.01,0.02,0.03,0.05,0.09,0.14,0.26,0.51,1.08,2.33,4.82,9.31,16.6,27.17,40.69,55.73,69.78,79.86,83.53,79.85,69.77,55.73,40.7,27.24,16.82,9.83,5.9,4.36,4.51,5.73,7.48,9.25,10.55,11.03,10.54,9.21,7.35,5.37,3.58,2.18,1.22,0.62,0.29,0.12,0.05,0.02,0.01,0.0,0.0,0.0,0.0,0.0,0.0,0.0,0.0,0.0,0.01,0.01,0.02,0.02,0.03,0.04,0.05,0.05,0.05,0.04,0.03,0.02,0.02,0.01,0.01,0.0,0.0,0.0,0.0,0.01,0.02,0.03,0.05,0.07,0.1,0.13,0.15,0.15,0.15,0.13,0.1,0.07,0.05,0.03,0.02,0.01,0.0,0.0,0.0,0.0,0.0,0.0,0.0,0.0,0.0,0.0,0.0,0.0,0.0,0.0,0.0,0.0,0.0,0.0,0.0,0.0,0.0,0.0,0.0,0.0,0.0,0.0,0.0,0.0,0.0,0.0,0.0,0.0,0.0,0.0,0.0,0.0,0.0,0.0,0.0,0.0,0.0,0.0,0.0,0.0,0.0,0.0,0.0,0.0,0.0,0.0,0.0,0.0,0.0,0.0,0.0,0.0,0.0,0.0,0.0,0.0,0.0,0.0,0.0,0.0,0.0,0.0,0.0,0.0,0.0,0.0,0.0,0.0,0.0,0.0,0.0,0.0,0.0,0.0,0.0,0.0,0.0,0.0,0.0,0.0,0.0,0.0,0.0,0.0,0.0,0.0,0.0
0.0,0.0,0.0,0.0,0.0,0.0,0.0,0.0,0.0,0.0,0.0,0.0,0.0,0.0,0.0,0.0,0.0,0.0,0.0,0.0,0.0,0.0,0.0,0.0,0.0,0.0,0.0,0.0,0.0,0.0,0.0,0.0,0.0,0.0,0.0,0.0,0.0,0.0,0.0,0.0,0.0,0.0,0.0,0.0,0.0,0.0,0.0,0.0,0.0,0.0,0.0,0.0,0.0,0.0,0.0,0.0,0.0,0.0,0.0,0.0,0.0,0.0,0.0,0.0,0.0,0.0,0.0,0.0,0.0,0.0,0.0,0.0,0.0,0.0,0.0,0.0,0.0,0.0,0.0,0.0,0.0,0.0,0.0,0.0,0.0,0.0,0.0,0.0,0.0,0.0,0.0,0.0,0.0,0.0,0.0,0.0,0.0,0.0,0.0,0.0,0.0,0.0,0.0,0.0,0.0,0.0,0.0,0.0,0.0,0.0,0.0,0.0,0.0,0.0,0.0,0.0,0.01,0.02,0.05,0.09,0.14,0.22,0.34,0.51,0.83,1.49,2.91,5.73,10.83,19.13,31.18,46.62,63.81,79.88,91.4,95.61,91.4,79.86,63.79,46.62,31.26,19.44,11.65,7.55,6.41,7.49,10.05,13.35,16.58,18.93,19.79,18.92,16.53,13.2,9.63,6.42,3.92,2.18,1.11,0.52,0.22,0.09,0.03,0.01,0.0,0.0,0.0,0.0,0.0,0.0,0.0,0.0,0.0,0.0,0.0,0.0,0.01,0.01,0.01,0.01,0.01,0.01,0.01,0.01,0.01,0.0,0.0,0.0,0.0,0.0,0.0,0.01,0.02,0.05,0.09,0.14,0.21,0.29,0.36,0.41,0.43,0.41,0.36,0.29,0.21,0.14,0.09,0.05,0.02,0.01,0.0,0.0,0.0,0.0,0.0,0.0,0.0,0.0,0.0,0.0,0.0,0.0,0.0,0.0,0.0,0.0,0.0,0.0,0.0,0.0,0.0,0.0,0.0,0.0,0.0,0.0,0.0,0.0,0.0,0.0,0.0,0.0,0.0,0.0,0.0,0.0,0.0,0.0,0.0,0.0,0.0,0.0,0.0,0.0,0.0,0.0,0.0,0.0,0.0,0.0,0.0,0.0,0.0,0.0,0.0,0.0,0.0,0.0,0.0,0.0,0.0,0.0,0.0,0.0,0.0,0.0,0.0,0.0,0.0,0.0,0.0,0.0,0.0,0.0,0.0,0.0,0.0,0.0,0.0,0.0,0.0,0.0,0.0,0.0,0.0,0.0,0.0,0.0,0.0,0.0
0.0,0.0,0.0,0.0,0.0,0.0,0.0,0.0,0.0,0.0,0.0,0.0,0.0,0.0,0.0,0.0,0.0,0.0,0.0,0.0,0.0,0.0,0.0,0.0,0.0,0.0,0.0,0.0,0.0,0.0,0.0,0.0,0.0,0.0,0.0,0.0,0.0,0.0,0.0,0.0,0.0,0.0,0.0,0.0,0.0,0.0,0.0,0.0,0.0,0.0,0.0,0.0,0.0,0.0,0.0,0.0,0.0,0.0,0.0,0.0,0.0,0.0,0.0,0.0,0.0,0.0,0.0,0.0,0.0,0.0,0.0,0.0,0.0,0.0,0.0,0.0,0.0,0.0,0.0,0.0,0.0,0.0,0.0,0.0,0.0,0.0,0.0,0.0,0.0,0.0,0.0,0.0,0.0,0.0,0.0,0.0,0.0,0.0,0.0,0.0,0.0,0.0,0.0,0.0,0.0,0.0,0.0,0.0,0.0,0.0,0.0,0.0,0.0,0.0,0.0,0.01,0.03,0.06,0.12,0.22,0.36,0.56,0.79,1.08,1.49,2.22,3.67,6.54,11.77,20.33,32.83,48.9,66.82,83.59,95.63,100.01,95.61,83.54,66.75,48.82,32.83,20.64,12.85,9.19,9.04,11.65,16.23,21.81,27.17,31.05,32.47,31.04,27.12,21.65,15.8,10.54,6.42,3.58,1.82,0.85,0.36,0.14,0.05,0.02,0.0,0.0,0.0,0.0,0.0,0.0,0.0,0.0,0.0,0.0,0.0,0.0,0.0,0.0,0.0,0.0,0.0,0.0,0.0,0.0,0.0,0.0,0.0,0.0,0.0,0.0,0.01,0.03,0.06,0.12,0.22,0.36,0.54,0.74,0.93,1.06,1.11,1.06,0.93,0.74,0.54,0.36,0.22,0.12,0.06,0.03,0.01,0.0,0.0,0.0,0.0,0.0,0.0,0.0,0.0,0.0,0.0,0.0,0.0,0.0,0.0,0.0,0.0,0.0,0.0,0.0,0.0,0.0,0.0,0.0,0.0,0.0,0.0,0.0,0.0,0.0,0.0,0.0,0.0,0.0,0.0,0.0,0.0,0.0,0.0,0.0,0.0,0.0,0.0,0.0,0.0,0.0,0.0,0.0,0.0,0.0,0.0,0.0,0.0,0.0,0.0,0.0,0.0,0.0,0.0,0.0,0.0,0.0,0.0,0.0,0.0,0.0,0.0,0.0,0.0,0.0,0.0,0.0,0.0,0.0,0.0,0.0,0.0,0.0,0.0,0.0,0.0,0.0,0.0,0.0,0.0,0.0,0.0,0.0,0.0,0.0
0.0,0.0,0.0,0.0,0.0,0.0,0.0,0.0,0.0,0.0,0.0,0.0,0.0,0.0,0.0,0.0,0.0,0.0,0.0,0.0,0.0,0.0,0.0,0.0,0.0,0.0,0.0,0.0,0.0,0.0,0.0,0.0,0.0,0.0,0.0,0.0,0.0,0.0,0.0,0.0,0.0,0.0,0.0,0.0,0.0,0.0,0.0,0.0,0.0,0.0,0.0,0.0,0.0,0.0,0.0,0.0,0.0,0.0,0.0,0.0,0.0,0.0,0.0,0.0,0.0,0.0,0.0,0.0,0.0,0.0,0.0,0.0,0.0,0.0,0.0,0.0,0.0,0.0,0.0,0.0,0.0,0.0,0.0,0.0,0.0,0.0,0.0,0.0,0.0,0.0,0.0,0.0,0.0,0.0,0.0,0.0,0.0,0.0,0.0,0.0,0.0,0.0,0.0,0.0,0.0,0.0,0.0,0.0,0.0,0.0,0.0,0.0,0.0,0.0,0.01,0.03,0.07,0.15,0.29,0.52,0.85,1.29,1.79,2.33,2.91,3.67,4.99,7.55,12.28,20.19,31.88,47.05,64.05,80.0,91.46,95.63,91.41,79.88,63.84,46.74,31.58,20.19,13.27,10.73,12.13,16.86,24.11,32.61,40.7,46.55,48.68,46.53,40.66,32.47,23.69,15.8,9.63,5.37,2.73,1.27,0.54,0.21,0.07,0.02,0.01,0.0,0.0,0.0,0.0,0.0,0.0,0.0,0.0,0.0,0.0,0.0,0.0,0.0,0.0,0.0,0.0,0.0,0.0,0.0,0.0,0.0,0.0,0.0,0.0,0.01,0.03,0.07,0.15,0.29,0.52,0.85,1.27,1.74,2.18,2.5,2.61,2.5,2.18,1.74,1.27,0.85,0.52,0.29,0.15,0.07,0.03,0.01,0.0,0.0,0.0,0.0,0.0,0.0,0.0,0.0,0.0,0.0,0.0,0.0,0.0,0.0,0.0,0.0,0.0,0.0,0.0,0.0,0.0,0.0,0.0,0.0,0.0,0.0,0.0,0.0,0.0,0.0,0.0,0.0,0.0,0.0,0.0,0.0,0.0,0.0,0.0,0.0,0.0,0.0,0.0,0.0,0.0,0.0,0.0,0.0,0.0,0.0,0.0,0.0,0.0,0.0,0.0,0.0,0.0,0.0,0.0,0.0,0.0,0.0,0.0,0.0,0.0,0.0,0.0,0.0,0.0,0.0,0.0,0.0,0.0,0.0,0.0,0.0,0.0,0.0,0.0,0.0,0.0,0.0,0.0,0.0,0.0,0.0,0.0,0.0
0.0,0.0,0.0,0.0,0.0,0.0,0.0,0.0,0.0,0.0,0.0,0.0,0.0,0.0,0.0,0.0,0.0,0.0,0.0,0.0,0.0,0.0,0.0,0.0,0.0,0.0,0.0,0.0,0.0,0.0,0.0,0.0,0.0,0.0,0.0,0.0,0.0,0.0,0.0,0.0,0.0,0.0,0.0,0.0,0.0,0.0,0.0,0.0,0.0,0.0,0.0,0.0,0.0,0.0,0.0,0.0,0.0,0.0,0.0,0.0,0.0,0.0,0.0,0.0,0.0,0.0,0.0,0.0,0.0,0.0,0.0,0.0,0.0,0.0,0.0,0.0,0.0,0.0,0.0,0.0,0.0,0.0,0.0,0.0,0.0,0.0,0.0,0.0,0.0,0.0,0.0,0.0,0.0,0.0,0.0,0.0,0.0,0.0,0.0,0.0,0.0,0.0,0.0,0.0,0.0,0.0,0.0,0.0,0.0,0.0,0.0,0.0,0.0,0.01,0.02,0.06,0.15,0.32,0.62,1.11,1.83,2.74,3.79,4.82,5.73,6.54,7.55,9.38,12.95,19.26,28.94,41.77,56.33,70.08,80.0,83.59,79.89,69.81,55.82,40.95,27.86,18.27,12.95,12.04,15.38,22.58,32.83,44.61,55.75,63.78,66.7,63.76,55.71,44.49,32.47,21.65,13.2,7.35,3.74,1.74,0.74,0.29,0.1,0.03,0.01,0.0,0.0,0.0,0.0,0.0,0.0,0.0,0.0,0.0,0.0,0.0,0.0,0.0,0.0,0.0,0.0,0.0,0.0,0.0,0.0,0.0,0.0,0.0,0.01,0.02,0.06,0.15,0.32,0.62,1.11,1.82,2.73,3.74,4.69,5.37,5.61,5.37,4.69,3.74,2.73,1.82,1.11,0.62,0.32,0.15,0.06,0.02,0.01,0.0,0.0,0.0,0.0,0.0,0.0,0.0,0.0,0.0,0.0,0.0,0.0,0.0,0.0,0.0,0.0,0.0,0.0,0.0,0.0,0.0,0.0,0.0,0.0,0.0,0.0,0.0,0.0,0.0,0.0,0.01,0.07,0.15,0.07,0.01,0.0,0.0,0.0,0.0,0.0,0.01,0.07,0.15,0.07,0.01,0.0,0.0,0.0,0.0,0.0,0.0,0.0,0.0,0.0,0.0,0.0,0.0,0.0,0.0,0.0,0.0,0.0,0.0,0.0,0.0,0.0,0.0,0.0,0.0,0.0,0.0,0.0,0.0,0.0,0.0,0.0,0.0,0.0,0.0,0.0,0.0,0.0,0.0,0.0,0.0,0.0,0.0
0.0,0.0,0.0,0.0,0.0,0.0,0.0,0.0,0.0,0.0,0.0,0.0,0.0,0.0,0.0,0.0,0.0,0.0,0.0,0.0,0.0,0.0,0.0,0.0,0.0,0.0,0.0,0.0,0.0,0.0,0.0,0.0,0.0,0.0,0.0,0.0,0.0,0.0,0.0,0.0,0.0,0.0,0.0,0.0,0.0,0.0,0.0,0.0,0.0,0.0,0.0,0.0,0.0,0.0,0.0,0.0,0.0,0.0,0.0,0.0,0.0,0.0,0.0,0.0,0.0,0.0,0.0,0.0,0.0,0.0,0.0,0.0,0.0,0.0,0.0,0.0,0.0,0.0,0.0,0.0,0.0,0.0,0.0,0.0,0.0,0.0,0.0,0.0,0.0,0.0,0.0,0.0,0.0,0.0,0.0,0.0,0.0,0.0,0.0,0.0,0.0,0.0,0.0,0.0,0.0,0.0,0.0,0.0,0.0,0.0,0.0,0.0,0.01,0.02,0.05,0.12,0.29,0.62,1.22,2.18,3.58,5.38,7.39,9.31,10.83,11.77,12.28,12.95,14.71,18.57,25.23,34.65,45.7,56.33,64.05,66.82,63.82,55.77,44.62,32.83,22.58,15.38,12.04,12.95,18.27,27.86,40.95,55.81,69.8,79.86,83.53,79.85,69.77,55.71,40.66,27.12,16.53,9.21,4.69,2.18,0.93,0.36,0.13,0.04,0.01,0.0,0.0,0.0,0.0,0.0,0.0,0.0,0.0,0.0,0.0,0.0,0.0,0.0,0.0,0.0,0.0,0.0,0.0,0.0,0.0,0.0,0.0,0.01,0.02,0.05,0.12,0.29,0.62,1.22,2.18,3.58,5.37,7.35,9.21,10.54,11.03,10.54,9.21,7.35,5.37,3.58,2.18,1.22,0.62,0.29,0.12,0.05,0.02,0.01,0.0,0.0,0.0,0.0,0.0,0.0,0.0,0.0,0.0,0.0,0.0,0.0,0.0,0.0,0.0,0.0,0.0,0.0,0.0,0.0,0.0,0.0,0.0,0.0,0.0,0.0,0.0,0.0,0.01,0.32,2.73,5.61,2.73,0.32,0.01,0.0,0.0,0.0,0.01,0.32,2.73,5.61,2.73,0.32,0.01,0.0,0.0,0.0,0.0,0.0,0.0,0.0,0.0,0.0,0.0,0.0,0.0,0.0,0.0,0.0,0.0,0.0,0.0,0.0,0.0,0.0,0.0,0.0,0.0,0.0,0.0,0.0,0.0,0.0,0.0,0.0,0.0,0.0,0.0,0.0,0.0,0.0,0.0,0.0,0.0,0.0
0.0,0.0,0.0,0.0,0.0,0.0,0.0,0.0,0.0,0.0,0.0,0.0,0.0,0.0,0.0,0.0,0.0,0.0,0.0,0.0,0.0,0.0,0.0,0.0,0.0,0.0,0.0,0.0,0.0,0.0,0.0,0.0,0.0,0.0,0.0,0.0,0.0,0.0,0.0,0.0,0.0,0.0,0.0,0.0,0.0,0.0,0.0,0.0,0.0,0.0,0.0,0.0,0.0,0.0,0.0,0.0,0.0,0.0,0.0,0.0,0.0,0.0,0.0,0.0,0.0,0.0,0.0,0.0,0.0,0.0,0.0,0.0,0.0,0.0,0.0,0.0,0.0,0.0,0.0,0.0,0.0,0.0,0.0,0.0,0.0,0.0,0.0,0.0,0.0,0.0,0.0,0.0,0.0,0.0,0.0,0.0,0.0,0.0,0.0,0.0,0.0,0.0,0.0,0.0,0.0,0.0,0.0,0.0,0.0,0.0,0.0,0.0,0.01,0.03,0.09,0.22,0.52,1.11,2.18,3.92,6.43,9.64,13.22,16.6,19.13,20.33,20.19,19.26,18.57,19.27,22.23,27.61,34.65,41.77,47.05,48.9,46.63,40.73,32.62,24.11,16.87,12.13,10.73,13.27,20.19,31.58,46.74,63.84,79.88,91.4,95.6,91.39,79.85,63.76,46.53,31.04,18.92,10.54,5.37,2.5,1.06,0.41,0.15,0.05,0.01,0.0,0.0,0.0,0.0,0.0,0.0,0.0,0.0,0.0,0.0,0.0,0.0,0.0,0.0,0.0,0.0,0.0,0.0,0.0,0.0,0.0,0.0,0.01,0.03,0.09,0.22,0.52,1.11,2.18,3.92,6.42,9.63,13.2,16.53,18.92,19.79,18.92,16.53,13.2,9.63,6.42,3.92,2.18,1.11,0.52,0.22,0.09,0.03,0.01,0.0,0.0,0.0,0.0,0.0,0.0,0.0,0.0,0.0,0.0,0.0,0.0,0.0,0.0,0.0,0.0,0.0,0.0,0.0,0.0,0.0,0.0,0.0,0.0,0.0,0.0,0.0,0.0,0.07,2.73,23.69,48.68,23.69,2.73,0.07,0.0,0.0,0.0,0.07,2.73,23.69,48.68,23.69,2.73,0.07,0.0,0.0,0.0,0.0,0.0,0.0,0.0,0.0,0.0,0.0,0.0,0.0,0.0,0.0,0.0,0.0,0.0,0.0,0.0,0.0,0.0,0.0,0.0,0.0,0.0,0.0,0.0,0.0,0.0,0.0,0.0,0.0,0.0,0.0,0.0,0.0,0.0,0.0,0.0,0.0,0.0
0.0,0.0,0.0,0.0,0.0,0.0,0.0,0.0,0.0,0.0,0.0,0.0,0.0,0.0,0.0,0.0,0.0,0.0,0.0,0.0,0.0,0.0,0.0,0.0,0.0,0.0,0.0,0.0,0.0,0.0,0.0,0.0,0.0,0.0,0.0,0.0,0.0,0.0,0.0,0.0,0.0,0.0,0.0,0.0,0.0,0.0,0.0,0.0,0.0,0.0,0.0,0.0,0.0,0.0,0.0,0.0,0.0,0.0,0.0,0.0,0.0,0.0,0.0,0.0,0.0,0.0,0.0,0.0,0.0,0.0,0.0,0.0,0.0,0.0,0.0,0.0,0.0,0.0,0.0,0.0,0.0,0.0,0.0,0.0,0.0,0.0,0.0,0.0,0.0,0.0,0.0,0.0,0.0,0.0,0.0,0.0,0.0,0.0,0.0,0.0,0.0,0.0,0.0,0.0,0.0,0.0,0.0,0.0,0.0,0.0,0.0,0.01,0.02,0.05,0.14,0.36,0.85,1.83,3.58,6.43,10.54,15.81,21.67,27.17,31.18,32.83,31.88,28.94,25.23,22.23,21.08,22.23,25.23,28.94,31.89,32.83,31.19,27.22,21.82,16.24,11.65,9.04,9.19,12.85,20.64,32.83,48.82,66.75,83.55,95.61,100.01,95.6,83.53,66.7,48.68,32.47,19.79,11.03,5.61,2.61,1.11,0.43,0.15,0.05,0.01,0.0,0.0,0.0,0.0,0.0,0.0,0.0,0.0,0.0,0.0,0.0,0.0,0.0,0.0,0.0,0.0,0.0,0.0,0.0,0.0,0.0,0.0,0.02,0.05,0.14,0.36,0.85,1.82,3.58,6.42,10.54,15.8,21.65,27.12,31.04,32.47,31.04,27.12,21.65,15.8,10.54,6.42,3.58,1.82,0.85,0.36,0.14,0.05,0.02,0.0,0.0,0.0,0.0,0.0,0.0,0.0,0.0,0.0,0.0,0.0,0.0,0.0,0.0,0.0,0.0,0.0,0.0,0.0,0.0,0.0,0.0,0.0,0.0,0.0,0.0,0.0,0.0,0.15,5.61,48.68,100.0,48.68,5.61,0.15,0.0,0.0,0.0,0.15,5.61,48.68,100.0,48.68,5.61,0.15,0.0,0.0,0.0,0.0,0.0,0.0,0.0,0.0,0.0,0.0,0.0,0.0,0.0,0.0,0.0,0.0,0.0,0.0,0.0,0.0,0.0,0.0,0.0,0.0,0.0,0.0,0.0,0.0,0.0,0.0,0.0,0.0,0.0,0.0,0.0,0.0,0.0,0.0,0.0,0.0,0.0
0.0,0.0,0.0,0.0,0.0,0.0,0.0,0.0,0.0,0.0,0.0,0.0,0.0,0.0,0.0,0.0,0.0,0.0,0.0,0.0,0.0,0.0,0.0,0.0,0.0,0.0,0.0,0.0,0.0,0.0,0.0,0.0,0.0,0.0,0.0,0.0,0.0,0.0,0.0,0.0,0.0,0.0,0.0,0.0,0.0,0.0,0.0,0.0,0.0,0.0,0.0,0.0,0.0,0.0,0.0,0.0,0.0,0.0,0.0,0.0,0.0,0.0,0.0,0.0,0.0,0.0,0.0,0.0,0.0,0.0,0.0,0.0,0.0,0.0,0.0,0.0,0.0,0.0,0.0,0.0,0.0,0.0,0.0,0.0,0.0,0.0,0.0,0.0,0.0,0.0,0.0,0.0,0.0,0.0,0.0,0.0,0.0,0.0,0.0,0.0,0.0,0.0,0.0,0.0,0.0,0.0,0.0,0.0,0.0,0.0,0.01,0.01,0.03,0.09,0.22,0.56,1.29,2.74,5.38,9.64,15.81,23.7,32.48,40.69,46.62,48.9,47.05,41.77,34.65,27.61,22.23,19.27,18.57,19.26,20.19,20.33,19.14,16.65,13.37,10.05,7.49,6.41,7.55,11.65,19.44,31.26,46.63,63.8,79.87,91.41,95.62,91.41,79.86,63.77,46.54,31.04,18.92,10.54,5.37,2.5,1.06,0.41,0.15,0.05,0.01,0.0,0.0,0.0,0.0,0.0,0.0,0.0,0.0,0.0,0.0,0.0,0.0,0.0,0.0,0.0,0.0,0.0,0.0,0.0,0.0,0.0,0.01,0.02,0.07,0.21,0.54,1.27,2.73,5.37,9.63,15.8,23.69,32.47,40.66,46.53,48.68,46.53,40.66,32.47,23.69,15.8,9.63,5.37,2.73,1.27,0.54,0.21,0.07,0.02,0.01,0.0,0.0,0.0,0.0,0.0,0.0,0.0,0.0,0.0,0.0,0.0,0.0,0.0,0.0,0.0,0.0,0.0,0.0,0.0,0.0,0.0,0.0,0.0,0.0,0.0,0.0,0.0,0.07,2.73,23.69,48.68,23.69,2.73,0.07,0.0,0.0,0.0,0.07,2.73,23.69,48.68,23.69,2.73,0.07,0.0,0.0,0.0,0.0,0.0,0.0,0.0,0.0,0.0,0.0,0.0,0.0,0.0,0.0,0.0,0.0,0.0,0.0,0.0,0.0,0.0,0.0,0.0,0.0,0.0,0.0,0.0,0.0,0.0,0.0,0.0,0.0,0.0,0.0,0.0,0.0,0.0,0.0,0.0,0.0,0.0
0.0,0.0,0.0,0.0,0.0,0.0,0.0,0.0,0.0,0.0,0.0,0.0,0.0,0.0,0.0,0.0,0.0,0.0,0.0,0.0,0.0,0.0,0.0,0.0,0.0,0.0,0.0,0.0,0.0,0.0,0.0,0.0,0.0,0.0,0.0,0.0,0.0,0.0,0.0,0.0,0.0,0.0,0.0,0.0,0.0,0.0,0.0,0.0,0.0,0.0,0.0,0.0,0.0,0.0,0.0,0.0,0.0,0.0,0.0,0.0,0.0,0.0,0.0,0.0,0.0,0.0,0.0,0.0,0.0,0.0,0.0,0.0,0.0,0.0,0.0,0.0,0.0,0.0,0.0,0.0,0.0,0.0,0.0,0.0,0.0,0.0,0.0,0.0,0.0,0.0,0.0,0.0,0.0,0.0,0.0,0.0,0.0,0.0,0.0,0.0,0.0,0.0,0.0,0.0,0.0,0.0,0.0,0.0,0.01,0.01,0.02,0.03,0.07,0.14,0.34,0.79,1.79,3.79,7.39,13.22,21.67,32.48,44.5,55.73,63.81,66.82,64.05,56.33,45.7,34.65,25.23,18.57,14.71,12.95,12.28,11.77,10.84,9.35,7.51,5.74,4.51,4.37,5.91,9.83,16.83,27.26,40.73,55.76,69.81,79.9,83.58,79.9,69.81,55.74,40.68,27.13,16.54,9.21,4.69,2.18,0.93,0.36,0.13,0.04,0.01,0.0,0.0,0.0,0.0,0.0,0.0,0.0,0.0,0.0,0.0,0.0,0.0,0.0,0.0,0.0,0.0,0.0,0.0,0.0,0.0,0.0,0.01,0.03,0.1,0.29,0.74,1.74,3.74,7.35,13.2,21.65,32.47,44.49,55.71,63.76,66.7,63.76,55.71,44.49,32.47,21.65,13.2,7.35,3.74,1.74,0.74,0.29,0.1,0.03,0.01,0.0,0.0,0.0,0.0,0.0,0.0,0.0,0.0,0.0,0.0,0.0,0.0,0.0,0.0,0.0,0.0,0.0,0.0,0.0,0.0,0.0,0.0,0.0,0.0,0.0,0.0,0.0,0.01,0.32,2.73,5.61,2.73,0.32,0.01,0.0,0.0,0.0,0.01,0.32,2.73,5.61,2.73,0.32,0.01,0.0,0.0,0.0,0.0,0.0,0.0,0.0,0.0,0.0,0.0,0.0,0.0,0.0,0.0,0.0,0.0,0.0,0.0,0.0,0.0,0.0,0.0,0.0,0.0,0.0,0.0,0.0,0.0,0.0,0.0,0.0,0.0,0.0,0.0,0.0,0.0,0.0,0.0,0.0,0.0,0.0
0.0,0.0,0.0,0.0,0.0,0.0,0.0,0.0,0.0,0.0,0.0,0.0,0.0,0.0,0.0,0.0,0.0,0.0,0.0,0.0,0.0,0.0,0.0,0.0,0.0,0.0,0.0,0.0,0.0,0.0,0.0,0.0,0.0,0.0,0.0,0.0,0.0,0.0,0.0,0.0,0.0,0.0,0.0,0.0,0.0,0.0,0.0,0.0,0.0,0.0,0.0,0.0,0.0,0.0,0.0,0.0,0.0,0.0,0.0,0.0,0.0,0.0,0.0,0.0,0.0,0.0,0.0,0.0,0.0,0.0,0.0,0.0,0.0,0.0,0.0,0.0,0.0,0.0,0.0,0.0,0.0,0.0,0.0,0.0,0.0,0.0,0.0,0.0,0.0,0.0,0.0,0.0,0.0,0.0,0.0,0.0,0.0,0.0,0.0,0.0,0.0,0.0,0.0,0.0,0.0,0.0,0.0,0.01,0.02,0.03,0.05,0.09,0.14,0.26,0.51,1.08,2.33,4.82,9.31,16.6,27.17,40.69,55.73,69.78,79.88,83.59,80.0,70.08,56.33,41.77,28.94,19.26,12.95,9.38,7.55,6.54,5.74,4.85,3.89,3.03,2.57,2.86,4.37,7.69,13.38,21.77,32.56,44.6,55.84,63.91,66.85,63.91,55.84,44.59,32.54,21.7,13.23,7.37,3.75,1.75,0.74,0.29,0.1,0.03,0.01,0.0,0.0,0.0,0.0,0.0,0.0,0.0,0.0,0.0,0.0,0.0,0.0,0.0,0.0,0.0,0.0,0.0,0.0,0.0,0.0,0.0,0.01,0.04,0.13,0.36,0.93,2.18,4.69,9.21,16.53,27.12,40.66,55.71,69.77,79.85,83.53,79.85,69.77,55.71,40.66,27.12,16.53,9.21,4.69,2.18,0.93,0.36,0.13,0.04,0.01,0.0,0.0,0.0,0.0,0.0,0.0,0.0,0.0,0.0,0.0,0.0,0.0,0.0,0.0,0.0,0.0,0.0,0.0,0.0,0.0,0.0,0.0,0.0,0.0,0.0,0.0,0.0,0.0,0.01,0.07,0.15,0.07,0.01,0.0,0.0,0.0,0.0,0.0,0.01,0.07,0.15,0.07,0.01,0.0,0.0,0.0,0.0,0.0,0.0,0.0,0.0,0.0,0.0,0.0,0.0,0.0,0.0,0.0,0.0,0.0,0.0,0.0,0.0,0.0,0.0,0.0,0.0,0.0,0.0,0.0,0.0,0.0,0.0,0.0,0.0,0.0,0.0,0.0,0.0,0.0,0.0,0.0,0.0,0.0,0.0
0.0,0.0,0.0,0.0,0.0,0.0,0.0,0.0,0.0,0.0,0.0,0.0,0.0,0.0,0.0,0.0,0.0,0.0,0.0,0.0,0.0,0.0,0.0,0.0,0.0,0.0,0.0,0.0,0.0,0.0,0.0,0.0,0.0,0.0,0.0,0.0,0.0,0.0,0.0,0.0,0.0,0.0,0.0,0.0,0.0,0.0,0.0,0.0,0.0,0.0,0.0,0.0,0.0,0.0,0.0,0.0,0.0,0.0,0.0,0.0,0.0,0.0,0.0,0.0,0.0,0.0,0.0,0.0,0.0,0.0,0.0,0.0,0.0,0.0,0.0,0.0,0.0,0.0,0.0,0.0,0.0,0.0,0.0,0.0,0.0,0.0,0.0,0.0,0.0,0.0,0.0,0.0,0.0,0.0,0.0,0.0,0.0,0.0,0.0,0.0,0.0,0.0,0.0,0.0,0.0,0.0,0.01,0.02,0.05,0.09,0.14,0.22,0.34,0.51,0.83,1.49,2.91,5.73,10.83,19.13,31.18,46.62,63.81,79.88,91.42,95.63,91.46,80.0,64.05,47.05,31.88,20.19,12.28,7.55,4.99,3.68,2.92,2.35,1.87,1.5,1.4,1.8,3.04,5.56,9.79,15.97,23.91,32.76,41.02,46.95,49.11,46.95,41.02,32.75,23.9,15.94,9.72,5.41,2.76,1.28,0.55,0.21,0.08,0.02,0.01,0.0,0.0,0.0,0.0,0.0,0.0,0.0,0.0,0.0,0.0,0.0,0.0,0.0,0.0,0.0,0.0,0.0,0.0,0.0,0.0,0.0,0.01,0.05,0.15,0.41,1.06,2.5,5.37,10.54,18.92,31.04,46.53,63.76,79.85,91.39,95.6,91.39,79.85,63.76,46.53,31.04,18.92,10.54,5.37,2.5,1.06,0.41,0.15,0.05,0.01,0.0,0.0,0.0,0.0,0.0,0.0,0.0,0.0,0.0,0.0,0.0,0.0,0.0,0.0,0.0,0.0,0.0,0.0,0.0,0.0,0.0,0.0,0.0,0.0,0.0,0.0,0.0,0.0,0.0,0.0,0.0,0.0,0.0,0.0,0.0,0.0,0.0,0.0,0.0,0.0,0.0,0.0,0.0,0.0,0.0,0.0,0.0,0.0,0.0,0.0,0.0,0.0,0.0,0.0,0.0,0.0,0.0,0.0,0.0,0.0,0.0,0.0,0.0,0.0,0.0,0.0,0.0,0.0,0.0,0.0,0.0,0.0,0.0,0.0,0.0,0.0,0.0,0.0,0.0,0.0,0.0,0.0,0.0,0.0,0.0
0.0,0.0,0.0,0.0,0.0,0.0,0.0,0.0,0.0,0.0,0.0,0.0,0.0,0.0,0.0,0.0,0.0,0.0,0.0,0.0,0.0,0.0,0.0,0.0,0.0,0.0,0.0,0.0,0.0,0.0,0.0,0.0,0.0,0.0,0.0,0.0,0.0,0.0,0.0,0.0,0.0,0.0,0.0,0.0,0.0,0.0,0.0,0.0,0.0,0.0,0.0,0.0,0.0,0.0,0.0,0.0,0.0,0.0,0.0,0.0,0.0,0.0,0.0,0.0,0.0,0.0,0.0,0.0,0.0,0.0,0.0,0.0,0.0,0.0,0.0,0.0,0.0,0.0,0.0,0.0,0.0,0.0,0.0,0.0,0.0,0.0,0.0,0.0,0.0,0.0,0.0,0.0,0.0,0.0,0.0,0.0,0.0,0.0,0.0,0.0,0.0,0.0,0.0,0.0,0.0,0.01,0.03,0.06,0.12,0.22,0.36,0.56,0.79,1.08,1.49,2.22,3.67,6.54,11.77,20.33,32.83,48.9,66.82,83.59,95.63,100.02,95.63,83.59,66.82,48.9,32.83,20.33,11.77,6.54,3.67,2.22,1.5,1.1,0.84,0.7,0.74,1.1,2.01,3.76,6.67,10.91,16.35,22.4,28.05,32.1,33.58,32.1,28.05,22.39,16.34,10.9,6.64,3.7,1.88,0.88,0.37,0.14,0.05,0.02,0.0,0.0,0.0,0.0,0.0,0.0,0.0,0.0,0.0,0.0,0.0,0.0,0.0,0.0,0.0,0.0,0.0,0.0,0.0,0.0,0.0,0.0,0.01,0.05,0.15,0.43,1.11,2.61,5.61,11.03,19.79,32.47,48.68,66.7,83.53,95.6,100.0,95.6,83.53,66.7,48.68,32.47,19.79,11.03,5.61,2.61,1.11,0.43,0.15,0.05,0.01,0.0,0.0,0.0,0.0,0.0,0.0,0.0,0.0,0.0,0.0,0.0,0.0,0.0,0.0,0.0,0.0,0.0,0.0,0.0,0.0,0.0,0.0,0.0,0.0,0.0,0.0,0.0,0.0,0.0,0.0,0.0,0.0,0.0,0.0,0.0,0.0,0.0,0.0,0.0,0.0,0.0,0.0,0.0,0.0,0.0,0.0,0.0,0.0,0.0,0.0,0.0,0.0,0.0,0.0,0.0,0.0,0.0,0.0,0.0,0.0,0.0,0.0,0.0,0.0,0.0,0.0,0.0,0.0,0.0,0.0,0.0,0.0,0.0,0.0,0.0,0.0,0.0,0.0,0.0,0.0,0.0,0.0,0.0,0.0,0.0
0.0,0.0,0.0,0.0,0.0,0.0,0.0,0.0,0.0,0.0,0.0,0.0,0.0,0.0,0.0,0.0,0.0,0.0,0.0,0.0,0.0,0.0,0.0,0.0,0.0,0.0,0.0,0.0,0.0,0.0,0.0,0.0,0.0,0.0,0.0,0.0,0.0,0.0,0.0,0.0,0.0,0.0,0.0,0.0,0.0,0.0,0.0,0.0,0.0,0.0,0.0,0.0,0.0,0.0,0.0,0.0,0.0,0.0,0.0,0.0,0.0,0.0,0.0,0.0,0.0,0.0,0.0,0.0,0.0,0.0,0.0,0.0,0.0,0.0,0.0,0.0,0.0,0.0,0.0,0.0,0.0,0.0,0.0,0.0,0.0,0.0,0.0,0.0,0.0,0.0,0.0,0.0,0.0,0.0,0.0,0.0,0.0,0.0,0.0,0.0,0.0,0.0,0.0,0.0,0.01,0.03,0.07,0.15,0.29,0.52,0.85,1.29,1.79,2.33,2.91,3.67,4.99,7.55,12.28,20.19,31.88,47.05,64.05,80.0,91.46,95.63,91.42,79.88,63.81,46.62,31.18,19.13,10.83,5.73,2.91,1.49,0.83,0.52,0.37,0.32,0.39,0.67,1.31,2.49,4.44,7.28,10.91,14.94,18.71,21.42,22.4,21.42,18.71,14.94,10.9,7.27,4.43,2.47,1.26,0.59,0.25,0.1,0.03,0.01,0.0,0.0,0.0,0.0,0.0,0.0,0.0,0.0,0.0,0.0,0.0,0.0,0.0,0.0,0.0,0.0,0.0,0.0,0.0,0.0,0.0,0.0,0.01,0.05,0.15,0.41,1.06,2.5,5.37,10.54,18.92,31.04,46.53,63.76,79.85,91.39,95.6,91.39,79.85,63.76,46.53,31.04,18.92,10.54,5.37,2.5,1.06,0.41,0.15,0.05,0.01,0.0,0.0,0.0,0.0,0.0,0.0,0.0,0.0,0.0,0.0,0.0,0.0,0.0,0.0,0.0,0.0,0.0,0.0,0.0,0.0,0.0,0.0,0.0,0.0,0.0,0.0,0.0,0.0,0.0,0.0,0.0,0.0,0.0,0.0,0.0,0.0,0.0,0.0,0.0,0.0,0.0,0.0,0.0,0.0,0.0,0.0,0.0,0.0,0.0,0.0,0.0,0.0,0.0,0.0,0.0,0.0,0.0,0.0,0.0,0.0,0.0,0.0,0.0,0.0,0.0,0.0,0.0,0.0,0.0,0.0,0.0,0.0,0.0,0.0,0.0,0.0,0.0,0.0,0.0,0.0,0.0,0.0,0.0,0.0,0.0
0.0,0.0,0.0,0.0,0.0,0.0,0.0,0.0,0.0,0.0,0.0,0.0,0.0,0.0,0.0,0.0,0.0,0.0,0.0,0.0,0.0,0.0,0.0,0.0,0.0,0.0,0.0,0.0,0.0,0.0,0.0,0.0,0.0,0.0,0.0,0.0,0.0,0.0,0.0,0.0,0.0,0.0,0.0,0.0,0.0,0.0,0.0,0.0,0.0,0.0,0.0,0.0,0.0,0.0,0.0,0.0,0.0,0.0,0.0,0.0,0.0,0.0,0.0,0.0,0.0,0.0,0.0,0.0,0.0,0.0,0.0,0.0,0.0,0.0,0.0,0.0,0.0,0.0,0.0,0.0,0.0,0.0,0.0,0.0,0.0,0.0,0.0,0.0,0.0,0.0,0.0,0.0,0.0,0.0,0.0,0.0,0.0,0.0,0.0,0.0,0.0,0.0,0.0,0.01,0.02,0.06,0.15,0.32,0.62,1.11,1.83,2.74,3.79,4.82,5.73,6.54,7.55,9.38,12.95,19.26,28.94,41.77,56.33,70.08,80.0,83.59,79.88,69.78,55.73,40.69,27.17,16.6,9.31,4.82,2.33,1.08,0.51,0.26,0.17,0.16,0.24,0.47,0.95,1.84,3.3,5.4,8.1,11.1,13.9,15.91,16.64,15.91,13.9,11.1,8.1,5.4,3.29,1.83,0.93,0.43,0.18,0.07,0.03,0.01,0.0,0.0,0.0,0.0,0.0,0.0,0.0,0.0,0.0,0.0,0.0,0.0,0.0,0.0,0.0,0.0,0.0,0.0,0.0,0.0,0.0,0.0,0.01,0.04,0.13,0.36,0.93,2.18,4.69,9.21,16.53,27.12,40.66,55.71,69.77,79.85,83.53,79.85,69.77,55.71,40.66,27.12,16.53,9.21,4.69,2.18,0.93,0.36,0.13,0.04,0.01,0.0,0.0,0.0,0.0,0.0,0.0,0.0,0.0,0.0,0.0,0.0,0.0,0.0,0.0,0.0,0.0,0.0,0.0,0.0,0.0,0.0,0.0,0.0,0.0,0.0,0.0,0.0,0.0,0.0,0.0,0.0,0.0,0.0,0.0,0.0,0.0,0.0,0.0,0.0,0.0,0.0,0.0,0.0,0.0,0.0,0.0,0.0,0.0,0.0,0.0,0.0,0.0,0.0,0.0,0.0,0.0,0.0,0.0,0.0,0.0,0.0,0.0,0.0,0.0,0.0,0.0,0.0,0.0,0.0,0.0,0.0,0.0,0.0,0.0,0.0,0.0,0.0,0.0,0.0,0.0,0.0,0.0,0.0,0.0,0.0
0.0,0.0,0.0,0.0,0.0,0.0,0.0,0.0,0.0,0.0,0.0,0.0,0.0,0.0,0.0,0.0,0.0,0.0,0.0,0.0,0.0,0.0,0.0,0.0,0.0,0.0,0.0,0.0,0.0,0.0,0.0,0.0,0.0,0.0,0.0,0.0,0.0,0.0,0.0,0.0,0.0,0.0,0.0,0.0,0.0,0.0,0.0,0.0,0.0,0.0,0.0,0.0,0.0,0.0,0.0,0.0,0.0,0.0,0.0,0.0,0.0,0.0,0.0,0.0,0.0,0.0,0.0,0.0,0.0,0.0,0.0,0.0,0.0,0.0,0.0,0.0,0.0,0.0,0.0,0.0,0.0,0.0,0.0,0.0,0.0,0.0,0.0,0.0,0.0,0.0,0.0,0.0,0.0,0.0,0.0,0.0,0.0,0.0,0.0,0.0,0.0,0.0,0.01,0.02,0.05,0.12,0.29,0.62,1.22,2.18,3.58,5.38,7.39,9.31,10.83,11.77,12.28,12.95,14.71,18.57,25.23,34.65,45.7,56.33,64.05,66.82,63.81,55.73,44.5,32.48,21.67,13.22,7.39,3.79,1.79,0.79,0.34,0.15,0.09,0.11,0.2,0.45,0.94,1.84,3.29,5.4,8.1,11.1,13.9,15.91,16.64,15.91,13.9,11.1,8.1,5.4,3.29,1.83,0.93,0.43,0.18,0.07,0.03,0.01,0.0,0.0,0.0,0.0,0.0,0.0,0.0,0.0,0.0,0.0,0.0,0.0,0.0,0.0,0.0,0.0,0.0,0.0,0.0,0.0,0.0,0.0,0.01,0.03,0.1,0.29,0.74,1.74,3.74,7.35,13.2,21.65,32.47,44.49,55.71,63.76,66.7,63.76,55.71,44.49,32.47,21.65,13.2,7.35,3.74,1.74,0.74,0.29,0.1,0.03,0.01,0.0,0.0,0.0,0.0,0.0,0.0,0.0,0.0,0.0,0.0,0.0,0.0,0.0,0.0,0.0,0.0,0.0,0.0,0.0,0.0,0.0,0.0,0.0,0.0,0.0,0.0,0.0,0.0,0.0,0.0,0.0,0.0,0.0,0.0,0.0,0.0,0.0,0.0,0.0,0.0,0.0,0.0,0.0,0.0,0.0,0.0,0.0,0.0,0.0,0.0,0.0,0.0,0.0,0.0,0.0,0.0,0.0,0.0,0.0,0.0,0.0,0.0,0.0,0.0,0.0,0.0,0.0,0.0,0.0,0.0,0.0,0.0,0.0,0.0,0.0,0.0,0.0,0.0,0.0,0.0,0.0,0.0,0.0,0.0,0.0
0.0,0.0,0.0,0.0,0.0,0.0,0.0,0.0,0.0,0.0,0.0,0.0,0.0,0.0,0.0,0.0,0.0,0.0,0.0,0.0,0.0,0.0,0.0,0.0,0.0,0.0,0.0,0.0,0.0,0.0,0.0,0.0,0.0,0.0,0.0,0.0,0.0,0.0,0.0,0.0,0.0,0.0,0.0,0.0,0.0,0.0,0.0,0.0,0.0,0.0,0.0,0.0,0.0,0.0,0.0,0.0,0.0,0.0,0.0,0.0,0.0,0.0,0.0,0.0,0.0,0.0,0.0,0.0,0.0,0.0,0.0,0.0,0.0,0.0,0.0,0.0,0.0,0.0,0.0,0.0,0.0,0.0,0.0,0.0,0.0,0.0,0.0,0.0,0.0,0.0,0.0,0.0,0.0,0.0,0.0,0.0,0.0,0.0,0.0,0.0,0.0,0.0,0.01,0.03,0.09,0.22,0.52,1.11,2.18,3.92,6.43,9.64,13.22,16.6,19.13,20.33,20.19,19.26,18.57,19.27,22.23,27.61,34.65,41.77,47.05,48.9,46.62,40.69,32.48,23.7,15.81,9.64,5.38,2.74,1.29,0.56,0.23,0.1,0.07,0.11,0.26,0.59,1.26,2.47,4.43,7.27,10.9,14.94,18.71,21.42,22.4,21.42,18.71,14.94,10.9,7.27,4.43,2.47,1.26,0.59,0.25,0.1,0.03,0.01,0.0,0.0,0.0,0.0,0.0,0.0,0.0,0.0,0.0,0.0,0.0,0.0,0.0,0.0,0.0,0.0,0.0,0.0,0.0,0.0,0.0,0.0,0.01,0.02,0.07,0.21,0.54,1.27,2.73,5.37,9.63,15.8,23.69,32.47,40.66,46.53,48.68,46.53,40.66,32.47,23.69,15.8,9.63,5.37,2.73,1.27,0.54,0.21,0.07,0.02,0.01,0.0,0.0,0.0,0.0,0.0,0.0,0.0,0.0,0.0,0.0,0.0,0.0,0.0,0.0,0.0,0.0,0.0,0.0,0.0,0.0,0.0,0.0,0.0,0.0,0.0,0.0,0.0,0.0,0.0,0.0,0.0,0.0,0.0,0.0,0.0,0.0,0.0,0.0,0.0,0.0,0.0,0.0,0.0,0.0,0.0,0.0,0.0,0.0,0.0,0.0,0.0,0.0,0.0,0.0,0.0,0.0,0.0,0.0,0.0,0.0,0.0,0.0,0.0,0.0,0.0,0.0,0.0,0.0,0.0,0.0,0.0,0.0,0.0,0.0,0.0,0.0,0.0,0.0,0.0,0.0,0.0,0.0,0.0,0.0,0.0
0.0,0.0,0.0,0.0,0.0,0.0,0.0,0.0,0.0,0.0,0.0,0.0,0.0,0.0,0.0,0.0,0.0,0.0,0.0,0.0,0.0,0.0,0.0,0.0,0.0,0.0,0.0,0.0,0.0,0.0,0.0,0.0,0.0,0.0,0.0,0.0,0.0,0.0,0.0,0.0,0.0,0.0,0.0,0.0,0.0,0.0,0.0,0.0,0.0,0.0,0.0,0.0,0.0,0.0,0.0,0.0,0.0,0.0,0.0,0.0,0.0,0.0,0.0,0.0,0.0,0.0,0.0,0.0,0.0,0.0,0.0,0.0,0.0,0.0,0.0,0.0,0.0,0.0,0.0,0.0,0.0,0.0,0.0,0.0,0.0,0.0,0.0,0.0,0.0,0.0,0.0,0.0,0.0,0.0,0.0,0.0,0.0,0.0,0.0,0.0,0.0,0.0,0.02,0.05,0.14,0.36,0.85,1.82,3.58,6.43,10.54,15.81,21.67,27.17,31.18,32.83,31.88,28.94,25.23,22.23,21.08,22.23,25.23,28.94,31.88,32.83,31.18,27.17,21.67,15.81,10.54,6.43,3.58,1.83,0.85,0.37,0.15,0.07,0.07,0.15,0.38,0.88,1.89,3.7,6.64,10.9,16.34,22.39,28.05,32.1,33.58,32.1,28.05,22.39,16.34,10.9,6.64,3.7,1.88,0.88,0.37,0.14,0.05,0.02,0.0,0.0,0.0,0.0,0.0,0.0,0.0,0.0,0.0,0.0,0.0,0.0,0.0,0.0,0.0,0.0,0.0,0.0,0.0,0.0,0.0,0.0,0.0,0.02,0.05,0.14,0.36,0.85,1.82,3.58,6.42,10.54,15.8,21.65,27.12,31.04,32.47,31.04,27.12,21.65,15.8,10.54,6.42,3.58,1.82,0.85,0.36,0.14,0.05,0.02,0.0,0.0,0.0,0.0,0.0,0.0,0.0,0.0,0.0,0.0,0.0,0.0,0.0,0.0,0.0,0.0,0.0,0.0,0.0,0.0,0.0,0.0,0.0,0.0,0.0,0.0,0.0,0.0,0.0,0.0,0.0,0.0,0.0,0.0,0.0,0.0,0.0,0.0,0.0,0.0,0.0,0.0,0.0,0.0,0.0,0.0,0.0,0.0,0.0,0.0,0.0,0.0,0.0,0.0,0.0,0.0,0.0,0.0,0.0,0.0,0.0,0.0,0.0,0.0,0.0,0.0,0.0,0.0,0.0,0.0,0.0,0.0,0.0,0.0,0.0,0.0,0.0,0.0,0.0,0.0,0.0,0.0,0.0,0.0,0.0,0.0
0.0,0.0,0.0,0.0,0.0,0.0,0.0,0.0,0.0,0.0,0.0,0.0,0.0,0.0,0.0,0.0,0.0,0.0,0.0,0.0,0.0,0.0,0.0,0.0,0.0,0.0,0.0,0.0,0.0,0.0,0.0,0.0,0.0,0.0,0.0,0.0,0.0,0.0,0.0,0.0,0.0,0.0,0.0,0.0,0.0,0.0,0.0,0.0,0.0,0.0,0.0,0.0,0.0,0.0,0.0,0.0,0.0,0.0,0.0,0.0,0.0,0.0,0.0,0.0,0.0,0.0,0.0,0.0,0.0,0.0,0.0,0.0,0.0,0.0,0.0,0.0,0.0,0.0,0.0,0.0,0.0,0.0,0.0,0.0,0.0,0.0,0.0,0.0,0.0,0.0,0.0,0.0,0.0,0.0,0.0,0.0,0.0,0.0,0.0,0.0,0.0,0.01,0.02,0.07,0.21,0.54,1.27,2.73,5.37,9.63,15.8,23.7,32.48,40.69,46.62,48.9,47.05,41.77,34.65,27.61,22.23,19.27,18.57,19.26,20.19,20.33,19.13,16.6,13.22,9.64,6.43,3.92,2.18,1.11,0.52,0.22,0.09,0.06,0.09,0.22,0.55,1.28,2.76,5.41,9.72,15.94,23.9,32.75,41.02,46.95,49.11,46.95,41.02,32.75,23.9,15.94,9.72,5.41,2.76,1.28,0.55,0.21,0.08,0.02,0.01,0.0,0.0,0.0,0.0,0.0,0.0,0.0,0.0,0.0,0.0,0.0,0.0,0.0,0.0,0.0,0.0,0.0,0.0,0.0,0.0,0.0,0.0,0.01,0.03,0.09,0.22,0.52,1.11,2.18,3.92,6.42,9.63,13.2,16.53,18.92,19.79,18.92,16.53,13.2,9.63,6.42,3.92,2.18,1.11,0.52,0.22,0.09,0.03,0.01,0.0,0.0,0.0,0.0,0.0,0.0,0.0,0.0,0.0,0.0,0.0,0.0,0.0,0.0,0.0,0.0,0.0,0.0,0.0,0.0,0.0,0.0,0.0,0.0,0.0,0.0,0.0,0.0,0.0,0.0,0.0,0.0,0.0,0.0,0.0,0.0,0.0,0.0,0.0,0.0,0.0,0.0,0.0,0.0,0.0,0.0,0.0,0.0,0.0,0.0,0.0,0.0,0.0,0.0,0.0,0.0,0.0,0.0,0.0,0.0,0.0,0.0,0.0,0.0,0.0,0.0,0.0,0.0,0.0,0.0,0.0,0.0,0.0,0.0,0.0,0.0,0.0,0.0,0.0,0.0,0.0,0.0,0.0,0.0,0.0,0.0
0.0,0.0,0.0,0.0,0.0,0.0,0.0,0.0,0.0,0.0,0.0,0.0,0.0,0.0,0.0,0.0,0.0,0.0,0.0,0.0,0.0,0.0,0.0,0.0,0.0,0.0,0.0,0.0,0.0,0.0,0.0,0.0,0.0,0.0,0.0,0.0,0.0,0.0,0.0,0.0,0.0,0.0,0.0,0.0,0.0,0.0,0.0,0.0,0.0,0.0,0.0,0.0,0.0,0.0,0.0,0.0,0.0,0.0,0.0,0.0,0.0,0.0,0.0,0.0,0.0,0.0,0.0,0.0,0.0,0.0,0.0,0.0,0.0,0.0,0.0,0.0,0.0,0.0,0.0,0.0,0.0,0.0,0.0,0.0,0.0,0.0,0.0,0.0,0.0,0.0,0.0,0.0,0.0,0.0,0.0,0.0,0.0,0.0,0.0,0.0,0.0,0.01,0.03,0.1,0.29,0.74,1.74,3.74,7.35,13.2,21.65,32.47,44.49,55.73,63.81,66.82,64.05,56.33,45.7,34.65,25.23,18.57,14.71,12.95,12.28,11.77,10.83,9.31,7.39,5.38,3.58,2.18,1.22,0.62,0.29,0.13,0.06,0.05,0.11,0.29,0.74,1.75,3.75,7.37,13.23,21.7,32.54,44.59,55.84,63.91,66.85,63.91,55.84,44.59,32.54,21.7,13.23,7.37,3.75,1.75,0.74,0.29,0.1,0.03,0.01,0.0,0.0,0.0,0.0,0.0,0.0,0.0,0.0,0.0,0.0,0.0,0.0,0.0,0.0,0.0,0.0,0.0,0.0,0.0,0.0,0.0,0.0,0.01,0.02,0.05,0.12,0.29,0.62,1.22,2.18,3.58,5.37,7.35,9.21,10.54,11.03,10.54,9.21,7.35,5.37,3.58,2.18,1.22,0.62,0.29,0.12,0.05,0.02,0.01,0.0,0.0,0.0,0.0,0.0,0.0,0.0,0.0,0.0,0.0,0.0,0.0,0.0,0.0,0.0,0.0,0.0,0.0,0.0,0.0,0.0,0.0,0.0,0.0,0.0,0.0,0.0,0.0,0.0,0.0,0.0,0.0,0.0,0.0,0.0,0.0,0.0,0.0,0.0,0.0,0.0,0.0,0.0,0.0,0.0,0.0,0.0,0.0,0.0,0.0,0.0,0.0,0.0,0.0,0.0,0.0,0.0,0.0,0.0,0.0,0.0,0.0,0.0,0.0,0.0,0.0,0.0,0.0,0.0,0.0,0.0,0.0,0.0,0.0,0.0,0.0,0.0,0.0,0.0,0.0,0.0,0.0,0.0,0.0,0.0,0.0
0.0,0.0,0.0,0.0,0.0,0.0,0.0,0.0,0.0,0.0,0.0,0.0,0.0,0.0,0.0,0.0,0.0,0.0,0.0,0.0,0.0,0.0,0.0,0.0,0.0,0.0,0.0,0.0,0.0,0.0,0.0,0.0,0.0,0.0,0.0,0.0,0.0,0.0,0.0,0.0,0.0,0.0,0.0,0.0,0.0,0.0,0.0,0.0,0.0,0.0,0.0,0.0,0.0,0.0,0.0,0.0,0.0,0.0,0.0,0.0,0.0,0.0,0.0,0.0,0.0,0.0,0.0,0.0,0.0,0.0,0.0,0.0,0.0,0.0,0.0,0.0,0.0,0.0,0.0,0.0,0.0,0.0,0.0,0.0,0.0,0.0,0.0,0.0,0.0,0.0,0.0,0.0,0.0,0.0,0.0,0.0,0.0,0.0,0.0,0.0,0.0,0.01,0.04,0.13,0.36,0.93,2.18,4.69,9.21,16.53,27.12,40.66,55.71,69.78,79.88,83.59,80.0,70.08,56.33,41.77,28.94,19.26,12.95,9.38,7.55,6.54,5.73,4.82,3.79,2.74,1.83,1.11,0.62,0.32,0.15,0.07,0.04,0.05,0.13,0.36,0.93,2.18,4.69,9.21,16.54,27.13,40.68,55.74,69.81,79.9,83.58,79.9,69.81,55.74,40.68,27.13,16.54,9.21,4.69,2.18,0.93,0.36,0.13,0.04,0.01,0.0,0.0,0.0,0.0,0.0,0.0,0.0,0.0,0.0,0.0,0.0,0.0,0.0,0.0,0.0,0.0,0.0,0.0,0.0,0.0,0.0,0.0,0.0,0.01,0.02,0.06,0.15,0.32,0.62,1.11,1.82,2.73,3.74,4.69,5.37,5.61,5.37,4.69,3.74,2.73,1.82,1.11,0.62,0.32,0.15,0.06,0.02,0.01,0.0,0.0,0.0,0.0,0.0,0.0,0.0,0.0,0.0,0.0,0.0,0.0,0.0,0.0,0.0,0.0,0.0,0.0,0.0,0.0,0.0,0.0,0.0,0.0,0.0,0.0,0.0,0.0,0.0,0.0,0.0,0.0,0.0,0.0,0.0,0.0,0.0,0.0,0.0,0.0,0.0,0.0,0.0,0.0,0.0,0.0,0.0,0.0,0.0,0.0,0.0,0.0,0.0,0.0,0.0,0.0,0.0,0.0,0.0,0.0,0.0,0.0,0.0,0.0,0.0,0.0,0.0,0.0,0.0,0.0,0.0,0.0,0.0,0.0,0.0,0.0,0.0,0.0,0.0,0.0,0.0,0.0,0.0,0.0,0.0,0.0,0.0
0.0,0.0,0.0,0.0,0.0,0.0,0.0,0.0,0.0,0.0,0.0,0.0,0.0,0.0,0.0,0.0,0.0,0.0,0.0,0.0,0.0,0.0,0.0,0.0,0.0,0.0,0.0,0.0,0.0,0.0,0.0,0.0,0.0,0.0,0.0,0.0,0.0,0.0,0.0,0.0,0.0,0.0,0.0,0.0,0.0,0.0,0.0,0.0,0.0,0.0,0.0,0.0,0.0,0.0,0.0,0.0,0.0,0.0,0.0,0.0,0.0,0.0,0.0,0.0,0.0,0.0,0.0,0.0,0.0,0.0,0.0,0.0,0.0,0.0,0.0,0.0,0.0,0.0,0.0,0.0,0.0,0.0,0.0,0.0,0.0,0.0,0.0,0.0,0.0,0.0,0.0,0.0,0.0,0.0,0.0,0.0,0.0,0.0,0.0,0.0,0.0,0.01,0.05,0.15,0.41,1.06,2.5,5.37,10.54,18.92,31.04,46.53,63.76,79.86,91.41,95.63,91.46,80.0,64.05,47.05,31.89,20.19,12.28,7.55,4.99,3.67,2.91,2.33,1.79,1.29,0.85,0.52,0.29,0.15,0.07,0.03,0.03,0.05,0.15,0.41,1.06,2.5,5.37,10.54,18.92,31.04,46.54,63.77,79.86,91.41,95.61,91.41,79.86,63.77,46.54,31.04,18.92,10.54,5.37,2.5,1.06,0.41,0.15,0.05,0.01,0.0,0.0,0.0,0.0,0.0,0.0,0.0,0.0,0.0,0.0,0.0,0.0,0.0,0.0,0.0,0.0,0.0,0.0,0.0,0.0,0.0,0.0,0.0,0.0,0.01,0.03,0.07,0.15,0.29,0.52,0.85,1.27,1.74,2.18,2.5,2.61,2.5,2.18,1.74,1.27,0.85,0.52,0.29,0.15,0.07,0.03,0.01,0.0,0.0,0.0,0.0,0.0,0.0,0.0,0.0,0.0,0.0,0.0,0.0,0.0,0.0,0.0,0.0,0.0,0.0,0.0,0.0,0.0,0.0,0.0,0.0,0.0,0.0,0.0,0.0,0.0,0.0,0.0,0.0,0.0,0.0,0.0,0.0,0.0,0.0,0.0,0.0,0.0,0.0,0.0,0.0,0.0,0.0,0.0,0.0,0.0,0.0,0.0,0.0,0.0,0.0,0.0,0.0,0.0,0.0,0.0,0.0,0.0,0.0,0.0,0.0,0.0,0.0,0.0,0.0,0.0,0.0,0.0,0.0,0.0,0.0,0.0,0.0,0.0,0.0,0.0,0.0,0.0,0.0,0.0,0.0,0.0,0.0,0.0,0.0
0.0,0.0,0.0,0.0,0.0,0.0,0.0,0.0,0.0,0.0,0.0,0.0,0.0,0.0,0.0,0.0,0.0,0.0,0.0,0.0,0.0,0.0,0.0,0.0,0.0,0.0,0.0,0.0,0.0,0.0,0.0,0.0,0.0,0.0,0.0,0.0,0.0,0.0,0.0,0.0,0.0,0.0,0.0,0.0,0.0,0.0,0.0,0.0,0.0,0.0,0.0,0.0,0.0,0.0,0.0,0.0,0.0,0.0,0.0,0.0,0.0,0.0,0.0,0.0,0.0,0.0,0.0,0.0,0.0,0.0,0.0,0.0,0.0,0.0,0.0,0.0,0.0,0.0,0.0,0.0,0.0,0.0,0.0,0.0,0.0,0.0,0.0,0.0,0.0,0.0,0.0,0.0,0.0,0.0,0.0,0.0,0.0,0.0,0.0,0.0,0.0,0.01,0.05,0.15,0.43,1.11,2.61,5.61,11.03,19.79,32.47,48.68,66.7,83.53,95.61,100.02,95.63,83.59,66.82,48.9,32.83,20.33,11.77,6.54,3.67,2.22,1.49,1.08,0.79,0.56,0.36,0.22,0.12,0.06,0.03,0.02,0.02,0.05,0.15,0.43,1.11,2.61,5.61,11.03,19.79,32.47,48.68,66.7,83.53,95.6,100.0,95.6,83.53,66.7,48.68,32.47,19.79,11.03,5.61,2.61,1.11,0.43,0.15,0.05,0.01,0.0,0.0,0.0,0.0,0.0,0.0,0.0,0.0,0.0,0.0,0.0,0.0,0.0,0.0,0.0,0.0,0.0,0.0,0.0,0.0,0.0,0.0,0.0,0.0,0.0,0.01,0.03,0.06,0.12,0.22,0.36,0.54,0.74,0.93,1.06,1.11,1.06,0.93,0.74,0.54,0.36,0.22,0.12,0.06,0.03,0.01,0.0,0.0,0.0,0.0,0.0,0.0,0.0,0.0,0.0,0.0,0.0,0.0,0.0,0.0,0.0,0.0,0.0,0.0,0.0,0.0,0.0,0.0,0.0,0.0,0.0,0.0,0.0,0.0,0.0,0.0,0.0,0.0,0.0,0.0,0.0,0.0,0.0,0.0,0.0,0.0,0.0,0.0,0.0,0.0,0.0,0.0,0.0,0.0,0.0,0.0,0.0,0.0,0.0,0.0,0.0,0.0,0.0,0.0,0.0,0.0,0.0,0.0,0.0,0.0,0.0,0.0,0.0,0.0,0.0,0.0,0.0,0.0,0.0,0.0,0.0,0.0,0.0,0.0,0.0,0.0,0.0,0.0,0.0,0.0,0.0,0.0,0.0,0.0,0.0
0.0,0.0,0.0,0.0,0.0,0.0,0.0,0.0,0.0,0.0,0.0,0.0,0.0,0.0,0.0,0.0,0.0,0.0,0.0,0.0,0.0,0.0,0.0,0.0,0.0,0.0,0.0,0.0,0.0,0.0,0.0,0.0,0.0,0.0,0.0,0.0,0.0,0.0,0.0,0.0,0.0,0.0,0.0,0.0,0.0,0.0,0.0,0.0,0.0,0.0,0.0,0.0,0.0,0.0,0.0,0.0,0.0,0.0,0.0,0.0,0.0,0.0,0.0,0.0,0.0,0.0,0.0,0.0,0.0,0.0,0.0,0.0,0.0,0.0,0.0,0.0,0.0,0.0,0.0,0.0,0.0,0.0,0.0,0.0,0.0,0.0,0.0,0.0,0.0,0.0,0.0,0.0,0.0,0.0,0.0,0.0,0.0,0.0,0.0,0.0,0.0,0.01,0.05,0.15,0.41,1.06,2.5,5.37,10.54,18.92,31.04,46.54,63.77,79.86,91.41,95.62,91.42,79.89,63.82,46.63,31.18,19.13,10.83,5.73,2.91,1.49,0.83,0.51,0.34,0.22,0.14,0.09,0.05,0.02,0.01,0.01,0.02,0.05,0.15,0.41,1.06,2.5,5.37,10.54,18.92,31.04,46.53,63.76,79.85,91.39,95.6,91.39,79.85,63.76,46.53,31.04,18.92,10.54,5.37,2.5,1.06,0.41,0.15,0.05,0.01,0.0,0.0,0.0,0.0,0.0,0.0,0.0,0.0,0.0,0.0,0.0,0.0,0.0,0.0,0.0,0.0,0.0,0.0,0.0,0.0,0.0,0.0,0.0,0.0,0.0,0.0,0.01,0.02,0.05,0.09,0.14,0.21,0.29,0.36,0.41,0.43,0.41,0.36,0.29,0.21,0.14,0.09,0.05,0.02,0.01,0.0,0.0,0.0,0.0,0.0,0.0,0.0,0.0,0.0,0.0,0.0,0.0,0.0,0.0,0.0,0.0,0.0,0.0,0.0,0.0,0.0,0.0,0.0,0.0,0.0,0.0,0.0,0.0,0.0,0.0,0.0,0.0,0.0,0.0,0.0,0.0,0.0,0.0,0.0,0.0,0.0,0.0,0.0,0.0,0.0,0.0,0.0,0.0,0.0,0.0,0.0,0.0,0.0,0.0,0.0,0.0,0.0,0.0,0.0,0.0,0.0,0.0,0.0,0.0,0.0,0.0,0.0,0.0,0.0,0.0,0.0,0.0,0.0,0.0,0.0,0.0,0.0,0.0,0.0,0.0,0.0,0.0,0.0,0.0,0.0,0.0,0.0,0.0,0.0,0.0
0.0,0.0,0.0,0.0,0.0,0.0,0.0,0.0,0.0,0.0,0.0,0.0,0.0,0.0,0.0,0.0,0.0,0.0,0.0,0.0,0.0,0.0,0.0,0.0,0.0,0.0,0.0,0.0,0.0,0.0,0.0,0.0,0.0,0.0,0.0,0.0,0.0,0.0,0.0,0.0,0.0,0.0,0.0,0.0,0.0,0.0,0.0,0.0,0.0,0.0,0.0,0.0,0.0,0.0,0.0,0.0,0.0,0.0,0.0,0.0,0.0,0.0,0.0,0.0,0.0,0.0,0.0,0.0,0.0,0.0,0.0,0.0,0.0,0.0,0.0,0.0,0.0,0.0,0.0,0.0,0.0,0.0,0.0,0.0,0.0,0.0,0.0,0.0,0.0,0.0,0.0,0.0,0.0,0.0,0.0,0.0,0.0,0.0,0.0,0.0,0.0,0.01,0.04,0.13,0.36,0.93,2.18,4.69,9.21,16.54,27.13,40.68,55.74,69.81,79.9,83.58,79.9,69.82,55.76,40.71,27.18,16.61,9.32,4.82,2.33,1.08,0.51,0.26,0.14,0.09,0.05,0.03,0.02,0.01,0.0,0.01,0.01,0.04,0.13,0.36,0.93,2.18,4.69,9.21,16.53,27.12,40.66,55.71,69.77,79.85,83.53,79.85,69.77,55.71,40.66,27.12,16.53,9.21,4.69,2.18,0.93,0.36,0.13,0.04,0.01,0.0,0.0,0.0,0.0,0.0,0.0,0.0,0.0,0.0,0.0,0.0,0.0,0.0,0.0,0.0,0.0,0.0,0.0,0.0,0.0,0.0,0.0,0.0,0.0,0.0,0.0,0.0,0.01,0.02,0.03,0.05,0.07,0.1,0.13,0.15,0.15,0.15,0.13,0.1,0.07,0.05,0.03,0.02,0.01,0.0,0.0,0.0,0.0,0.0,0.0,0.0,0.0,0.0,0.0,0.0,0.0,0.0,0.0,0.0,0.0,0.0,0.0,0.0,0.0,0.0,0.0,0.0,0.0,0.0,0.0,0.0,0.0,0.0,0.0,0.0,0.0,0.0,0.0,0.0,0.0,0.0,0.0,0.0,0.0,0.0,0.0,0.0,0.0,0.0,0.0,0.0,0.0,0.0,0.0,0.0,0.0,0.0,0.0,0.0,0.0,0.0,0.0,0.0,0.0,0.0,0.0,0.0,0.0,0.0,0.0,0.0,0.0,0.0,0.0,0.0,0.0,0.0,0.0,0.0,0.0,0.0,0.0,0.0,0.0,0.0,0.0,0.0,0.0,0.0,0.0,0.0,0.0,0.0,0.0,0.0
0.0,0.0,0.0,0.0,0.0,0.0,0.0,0.0,0.0,0.0,0.0,0.0,0.0,0.0,0.0,0.0,0.0,0.0,0.0,0.0,0.0,0.0,0.0,0.0,0.0,0.0,0.0,0.0,0.0,0.0,0.0,0.0,0.0,0.0,0.0,0.0,0.0,0.0,0.0,0.0,0.0,0.0,0.0,0.0,0.0,0.0,0.0,0.0,0.0,0.0,0.0,0.0,0.0,0.0,0.0,0.0,0.0,0.0,0.0,0.0,0.0,0.0,0.0,0.0,0.0,0.0,0.0,0.0,0.0,0.0,0.0,0.0,0.0,0.0,0.0,0.0,0.0,0.0,0.0,0.0,0.0,0.0,0.0,0.0,0.0,0.0,0.0,0.0,0.0,0.0,0.0,0.0,0.0,0.0,0.0,0.0,0.0,0.0,0.0,0.0,0.0,0.01,0.03,0.1,0.29,0.74,1.75,3.75,7.37,13.23,21.7,32.54,44.59,55.84,63.91,66.85,63.91,55.84,44.59,32.55,21.72,13.25,7.4,3.79,1.79,0.79,0.34,0.14,0.07,0.03,0.02,0.01,0.01,0.0,0.0,0.0,0.01,0.03,0.1,0.29,0.74,1.74,3.74,7.35,13.2,21.65,32.47,44.49,55.71,63.76,66.7,63.76,55.71,44.49,32.47,21.65,13.2,7.35,3.74,1.74,0.74,0.29,0.1,0.03,0.01,0.0,0.0,0.0,0.0,0.0,0.0,0.0,0.0,0.0,0.0,0.0,0.0,0.0,0.0,0.0,0.0,0.0,0.0,0.0,0.0,0.0,0.0,0.0,0.0,0.0,0.0,0.0,0.0,0.01,0.01,0.02,0.02,0.03,0.04,0.05,0.05,0.05,0.04,0.03,0.02,0.02,0.01,0.01,0.0,0.0,0.0,0.0,0.0,0.0,0.0,0.0,0.0,0.0,0.0,0.0,0.0,0.0,0.0,0.0,0.0,0.0,0.0,0.0,0.0,0.0,0.0,0.0,0.0,0.0,0.0,0.0,0.0,0.0,0.0,0.0,0.0,0.0,0.0,0.0,0.0,0.0,0.0,0.0,0.0,0.0,0.0,0.0,0.0,0.0,0.0,0.0,0.0,0.0,0.0,0.0,0.0,0.0,0.0,0.0,0.0,0.0,0.0,0.0,0.0,0.0,0.0,0.0,0.0,0.0,0.0,0.0,0.0,0.0,0.0,0.0,0.0,0.0,0.0,0.0,0.0,0.0,0.0,0.0,0.0,0.0,0.0,0.0,0.0,0.0,0.0,0.0,0.0,0.0,0.0,0.0
0.0,0.0,0.0,0.0,0.0,0.0,0.0,0.0,0.0,0.0,0.0,0.0,0.0,0.0,0.0,0.0,0.0,0.0,0.0,0.0,0.0,0.0,0.0,0.0,0.0,0.0,0.0,0.0,0.0,0.0,0.0,0.0,0.0,0.0,0.0,0.0,0.0,0.0,0.0,0.0,0.0,0.0,0.0,0.0,0.0,0.0,0.0,0.0,0.0,0.0,0.0,0.0,0.0,0.0,0.0,0.0,0.0,0.0,0.0,0.0,0.0,0.0,0.0,0.0,0.0,0.0,0.0,0.0,0.0,0.0,0.0,0.0,0.0,0.0,0.0,0.0,0.0,0.0,0.0,0.0,0.0,0.0,0.0,0.0,0.0,0.0,0.0,0.0,0.0,0.0,0.0,0.0,0.0,0.0,0.0,0.0,0.0,0.0,0.0,0.0,0.0,0.01,0.02,0.08,0.21,0.55,1.28,2.76,5.41,9.72,15.94,23.9,32.75,41.02,46.95,49.11,46.95,41.02,32.75,23.91,15.95,9.73,5.42,2.77,1.3,0.56,0.23,0.09,0.03,0.01,0.01,0.0,0.0,0.0,0.0,0.0,0.01,0.02,0.07,0.21,0.54,1.27,2.73,5.37,9.63,15.8,23.69,32.47,40.66,46.53,48.68,46.53,40.66,32.47,23.69,15.8,9.63,5.37,2.73,1.27,0.54,0.21,0.07,0.02,0.01,0.0,0.0,0.0,0.0,0.0,0.0,0.0,0.0,0.0,0.0,0.0,0.0,0.0,0.0,0.0,0.0,0.0,0.0,0.0,0.0,0.0,0.0,0.0,0.0,0.0,0.0,0.0,0.0,0.0,0.0,0.0,0.01,0.01,0.01,0.01,0.01,0.01,0.01,0.01,0.01,0.0,0.0,0.0,0.0,0.0,0.0,0.0,0.0,0.0,0.0,0.0,0.0,0.0,0.0,0.0,0.0,0.0,0.0,0.0,0.0,0.0,0.0,0.0,0.0,0.0,0.0,0.0,0.0,0.0,0.0,0.0,0.0,0.0,0.0,0.0,0.0,0.0,0.0,0.0,0.0,0.0,0.0,0.0,0.0,0.0,0.0,0.0,0.0,0.0,0.0,0.0,0.0,0.0,0.0,0.0,0.0,0.0,0.0,0.0,0.0,0.0,0.0,0.0,0.0,0.0,0.0,0.0,0.0,0.0,0.0,0.0,0.0,0.0,0.0,0.0,0.0,0.0,0.0,0.0,0.0,0.0,0.0,0.0,0.0,0.0,0.0,0.0,0.0,0.0,0.0,0.0,0.0,0.0,0.0,0.0
0.0,0.0,0.0,0.0,0.0,0.0,0.0,0.0,0.0,0.0,0.0,0.0,0.0,0.0,0.0,0.0,0.0,0.0,0.0,0.0,0.0,0.0,0.0,0.0,0.0,0.0,0.0,0.0,0.0,0.0,0.0,0.0,0.0,0.0,0.0,0.0,0.0,0.0,0.0,0.0,0.0,0.0,0.0,0.0,0.0,0.0,0.0,0.0,0.0,0.0,0.0,0.0,0.0,0.0,0.0,0.0,0.0,0.0,0.0,0.0,0.0,0.0,0.0,0.0,0.0,0.0,0.0,0.0,0.0,0.0,0.0,0.0,0.0,0.0,0.0,0.0,0.0,0.0,0.0,0.0,0.0,0.0,0.0,0.0,0.0,0.0,0.0,0.0,0.0,0.0,0.0,0.0,0.0,0.0,0.0,0.0,0.0,0.0,0.0,0.0,0.0,0.0,0.02,0.05,0.14,0.37,0.88,1.88,3.7,6.64,10.9,16.34,22.39,28.05,32.1,33.58,32.1,28.05,22.39,16.34,10.9,6.65,3.7,1.89,0.88,0.38,0.15,0.05,0.02,0.01,0.0,0.0,0.0,0.0,0.0,0.0,0.0,0.02,0.05,0.14,0.36,0.85,1.82,3.58,6.42,10.54,15.8,21.65,27.12,31.04,32.47,31.04,27.12,21.65,15.8,10.54,6.42,3.58,1.82,0.85,0.36,0.14,0.05,0.02,0.0,0.0,0.0,0.0,0.0,0.0,0.0,0.0,0.0,0.0,0.0,0.0,0.0,0.0,0.0,0.0,0.0,0.0,0.0,0.0,0.0,0.0,0.0,0.0,0.0,0.0,0.0,0.0,0.0,0.0,0.0,0.0,0.0,0.0,0.0,0.0,0.0,0.0,0.0,0.0,0.0,0.0,0.0,0.0,0.0,0.0,0.0,0.0,0.0,0.0,0.0,0.0,0.0,0.0,0.0,0.0,0.0,0.0,0.0,0.0,0.0,0.0,0.0,0.0,0.0,0.0,0.0,0.0,0.0,0.0,0.0,0.0,0.0,0.0,0.0,0.0,0.0,0.0,0.0,0.0,0.0,0.0,0.0,0.0,0.0,0.0,0.0,0.0,0.0,0.0,0.0,0.0,0.0,0.0,0.0,0.0,0.0,0.0,0.0,0.0,0.0,0.0,0.0,0.0,0.0,0.0,0.0,0.0,0.0,0.0,0.0,0.0,0.0,0.0,0.0,0.0,0.0,0.0,0.0,0.0,0.0,0.0,0.0,0.0,0.0,0.0,0.0,0.0,0.0,0.0,0.0,0.0,0.0,0.0,0.0,0.0
0.0,0.0,0.0,0.0,0.0,0.0,0.0,0.0,0.0,0.0,0.0,0.0,0.0,0.0,0.0,0.0,0.0,0.0,0.0,0.0,0.0,0.0,0.0,0.0,0.0,0.0,0.0,0.0,0.0,0.0,0.0,0.0,0.0,0.0,0.0,0.0,0.0,0.0,0.0,0.0,0.0,0.0,0.0,0.0,0.0,0.0,0.0,0.0,0.0,0.0,0.0,0.0,0.0,0.0,0.0,0.0,0.0,0.0,0.0,0.0,0.0,0.0,0.0,0.0,0.0,0.0,0.0,0.0,0.0,0.0,0.0,0.0,0.0,0.0,0.0,0.0,0.0,0.0,0.0,0.0,0.0,0.0,0.0,0.0,0.0,0.0,0.0,0.0,0.0,0.0,0.0,0.0,0.0,0.0,0.0,0.0,0.0,0.0,0.0,0.0,0.0,0.0,0.01,0.03,0.1,0.25,0.59,1.26,2.47,4.43,7.27,10.9,14.94,18.71,21.42,22.4,21.42,18.71,14.94,10.9,7.27,4.43,2.47,1.26,0.59,0.25,0.1,0.04,0.01,0.0,0.0,0.0,0.0,0.0,0.0,0.0,0.0,0.01,0.03,0.09,0.22,0.52,1.11,2.18,3.92,6.42,9.63,13.2,16.53,18.92,19.79,18.92,16.53,13.2,9.63,6.42,3.92,2.18,1.11,0.52,0.22,0.09,0.03,0.01,0.0,0.0,0.0,0.0,0.0,0.0,0.0,0.0,0.0,0.0,0.0,0.0,0.0,0.0,0.0,0.0,0.0,0.0,0.0,0.0,0.0,0.0,0.0,0.0,0.0,0.0,0.0,0.0,0.0,0.0,0.0,0.0,0.0,0.0,0.0,0.0,0.0,0.0,0.0,0.0,0.0,0.0,0.0,0.0,0.0,0.0,0.0,0.0,0.0,0.0,0.0,0.0,0.0,0.0,0.0,0.0,0.0,0.0,0.0,0.0,0.0,0.0,0.0,0.0,0.0,0.0,0.0,0.0,0.0,0.0,0.0,0.0,0.0,0.0,0.0,0.0,0.0,0.0,0.0,0.0,0.0,0.0,0.0,0.0,0.0,0.0,0.0,0.0,0.0,0.0,0.0,0.0,0.0,0.0,0.0,0.0,0.0,0.0,0.0,0.0,0.0,0.0,0.0,0.0,0.0,0.0,0.0,0.0,0.0,0.0,0.0,0.0,0.0,0.0,0.0,0.0,0.0,0.0,0.0,0.0,0.0,0.0,0.0,0.0,0.0,0.0,0.0,0.0,0.0,0.0,0.0,0.0,0.0,0.0,0.0,0.0
0.0,0.0,0.0,0.0,0.0,0.0,0.0,0.0,0.0,0.0,0.0,0.0,0.0,0.0,0.0,0.0,0.0,0.0,0.0,0.0,0.0,0.0,0.0,0.0,0.0,0.0,0.0,0.0,0.0,0.0,0.0,0.0,0.0,0.0,0.0,0.0,0.0,0.0,0.0,0.0,0.0,0.0,0.0,0.0,0.0,0.0,0.0,0.0,0.0,0.0,0.0,0.0,0.0,0.0,0.0,0.0,0.0,0.0,0.0,0.0,0.0,0.0,0.0,0.0,0.0,0.0,0.0,0.0,0.0,0.0,0.0,0.0,0.0,0.0,0.0,0.0,0.0,0.0,0.0,0.0,0.0,0.0,0.0,0.0,0.0,0.0,0.0,0.0,0.0,0.0,0.0,0.0,0.0,0.0,0.0,0.0,0.0,0.0,0.0,0.0,0.0,0.0,0.01,0.03,0.07,0.18,0.43,0.93,1.83,3.29,5.4,8.1,11.1,13.9,15.91,16.64,15.91,13.9,11.1,8.1,5.4,3.29,1.83,0.93,0.43,0.19,0.07,0.03,0.01,0.0,0.0,0.0,0.0,0.0,0.0,0.0,0.0,0.01,0.02,0.05,0.12,0.29,0.62,1.22,2.18,3.58,5.37,7.35,9.21,10.54,11.03,10.54,9.21,7.35,5.37,3.58,2.18,1.22,0.62,0.29,0.12,0.05,0.02,0.01,0.0,0.0,0.0,0.0,0.0,0.0,0.0,0.0,0.0,0.0,0.0,0.0,0.0,0.0,0.0,0.0,0.0,0.0,0.0,0.0,0.0,0.0,0.0,0.0,0.0,0.0,0.0,0.0,0.0,0.0,0.0,0.0,0.0,0.0,0.0,0.0,0.0,0.0,0.0,0.0,0.0,0.0,0.0,0.0,0.0,0.0,0.0,0.0,0.0,0.0,0.0,0.0,0.0,0.0,0.0,0.0,0.0,0.0,0.0,0.0,0.0,0.0,0.0,0.0,0.0,0.0,0.0,0.0,0.0,0.0,0.0,0.0,0.0,0.0,0.0,0.0,0.0,0.0,0.0,0.0,0.0,0.0,0.0,0.0,0.0,0.0,0.0,0.0,0.0,0.0,0.0,0.0,0.0,0.0,0.0,0.0,0.0,0.0,0.0,0.0,0.0,0.0,0.0,0.0,0.0,0.0,0.0,0.0,0.0,0.0,0.0,0.0,0.0,0.0,0.0,0.0,0.0,0.0,0.0,0.0,0.0,0.0,0.0,0.0,0.0,0.0,0.0,0.0,0.0,0.0,0.0,0.0,0.0,0.0,0.0,0.0
0.0,0.0,0.0,0.0,0.0,0.0,0.0,0.0,0.0,0.0,0.0,0.0,0.0,0.0,0.0,0.0,0.0,0.0,0.0,0.0,0.0,0.0,0.0,0.0,0.0,0.0,0.0,0.0,0.0,0.0,0.0,0.0,0.0,0.0,0.0,0.0,0.0,0.0,0.0,0.0,0.0,0.0,0.0,0.0,0.0,0.0,0.0,0.0,0.0,0.0,0.0,0.0,0.0,0.0,0.0,0.0,0.0,0.0,0.0,0.0,0.0,0.0,0.0,0.0,0.0,0.0,0.0,0.0,0.0,0.0,0.0,0.0,0.0,0.0,0.0,0.0,0.0,0.0,0.0,0.0,0.0,0.0,0.0,0.0,0.0,0.0,0.0,0.0,0.0,0.0,0.0,0.0,0.0,0.0,0.0,0.0,0.0,0.0,0.0,0.0,0.0,0.0,0.01,0.03,0.07,0.18,0.43,0.93,1.83,3.29,5.4,8.1,11.1,13.9,15.91,16.64,15.91,13.9,11.1,8.1,5.4,3.29,1.83,0.93,0.43,0.18,0.07,0.03,0.01,0.0,0.0,0.0,0.0,0.0,0.0,0.0,0.0,0.0,0.01,0.02,0.06,0.15,0.32,0.62,1.11,1.82,2.73,3.74,4.69,5.37,5.61,5.37,4.69,3.74,2.73,1.82,1.11,0.62,0.32,0.15,0.06,0.02,0.01,0.0,0.0,0.0,0.0,0.0,0.0,0.0,0.0,0.0,0.0,0.0,0.0,0.0,0.0,0.0,0.0,0.0,0.0,0.0,0.0,0.0,0.0,0.0,0.0,0.0,0.0,0.0,0.0,0.0,0.0,0.0,0.0,0.0,0.0,0.0,0.0,0.0,0.0,0.0,0.0,0.0,0.0,0.0,0.0,0.0,0.0,0.0,0.0,0.0,0.0,0.0,0.0,0.0,0.0,0.0,0.0,0.0,0.0,0.0,0.0,0.0,0.0,0.0,0.0,0.0,0.0,0.0,0.0,0.0,0.0,0.0,0.0,0.0,0.0,0.0,0.0,0.0,0.0,0.0,0.0,0.0,0.0,0.0,0.0,0.0,0.0,0.0,0.0,0.0,0.0,0.0,0.0,0.0,0.0,0.0,0.0,0.0,0.0,0.0,0.0,0.0,0.0,0.0,0.0,0.0,0.0,0.0,0.0,0.0,0.0,0.0,0.0,0.0,0.0,0.0,0.0,0.0,0.0,0.0,0.0,0.0,0.0,0.0,0.0,0.0,0.0,0.0,0.0,0.0,0.0,0.0,0.0,0.0,0.0,0.0,0.0,0.0
0.0,0.0,0.0,0.0,0.0,0.0,0.0,0.0,0.0,0.0,0.0,0.0,0.0,0.0,0.0,0.0,0.0,0.0,0.0,0.0,0.0,0.0,0.0,0.0,0.0,0.0,0.0,0.0,0.0,0.0,0.0,0.0,0.0,0.0,0.0,0.0,0.0,0.0,0.0,0.0,0.0,0.0,0.0,0.0,0.0,0.0,0.0,0.0,0.0,0.0,0.0,0.0,0.0,0.0,0.0,0.0,0.0,0.0,0.0,0.0,0.0,0.0,0.0,0.0,0.0,0.0,0.0,0.0,0.0,0.0,0.0,0.0,0.0,0.0,0.0,0.0,0.0,0.0,0.0,0.0,0.0,0.0,0.0,0.0,0.0,0.0,0.0,0.0,0.0,0.0,0.0,0.0,0.0,0.0,0.0,0.0,0.0,0.0,0.0,0.0,0.0,0.0,0.01,0.03,0.1,0.25,0.59,1.26,2.47,4.43,7.27,10.9,14.94,18.71,21.42,22.4,21.42,18.71,14.94,10.9,7.27,4.43,2.47,1.26,0.59,0.25,0.1,0.03,0.01,0.0,0.0,0.0,0.0,0.0,0.0,0.0,0.0,0.0,0.0,0.01,0.03,0.07,0.15,0.29,0.52,0.85,1.27,1.74,2.18,2.5,2.61,2.5,2.18,1.74,1.27,0.85,0.52,0.29,0.15,0.07,0.03,0.01,0.0,0.0,0.0,0.0,0.0,0.0,0.0,0.0,0.0,0.0,0.0,0.0,0.0,0.0,0.0,0.0,0.0,0.0,0.0,0.0,0.0,0.0,0.0,0.0,0.0,0.0,0.0,0.0,0.0,0.0,0.0,0.0,0.0,0.0,0.0,0.0,0.0,0.0,0.0,0.0,0.0,0.0,0.0,0.0,0.0,0.0,0.0,0.0,0.0,0.0,0.0,0.0,0.0,0.0,0.0,0.0,0.0,0.0,0.0,0.0,0.0,0.0,0.0,0.0,0.0,0.0,0.0,0.0,0.0,0.0,0.0,0.0,0.0,0.0,0.0,0.0,0.0,0.0,0.0,0.0,0.0,0.0,0.0,0.0,0.0,0.0,0.0,0.0,0.0,0.0,0.0,0.0,0.0,0.0,0.0,0.0,0.0,0.0,0.0,0.0,0.0,0.0,0.0,0.0,0.0,0.0,0.0,0.0,0.0,0.0,0.0,0.0,0.0,0.0,0.0,0.0,0.0,0.0,0.0,0.0,0.0,0.0,0.0,0.0,0.0,0.0,0.0,0.0,0.0,0.0,0.0,0.0,0.0,0.0,0.0,0.0,0.0,0.0
0.0,0.0,0.0,0.0,0.0,0.0,0.0,0.0,0.0,0.0,0.0,0.0,0.0,0.0,0.0,0.0,0.0,0.0,0.0,0.0,0.0,0.0,0.0,0.0,0.0,0.0,0.0,0.0,0.0,0.0,0.0,0.0,0.0,0.0,0.0,0.0,0.0,0.0,0.0,0.0,0.0,0.0,0.0,0.0,0.0,0.0,0.0,0.0,0.0,0.0,0.0,0.0,0.0,0.0,0.0,0.0,0.0,0.0,0.0,0.0,0.0,0.0,0.0,0.0,0.0,0.0,0.0,0.0,0.0,0.0,0.0,0.0,0.0,0.0,0.0,0.0,0.0,0.0,0.0,0.0,0.0,0.0,0.0,0.0,0.0,0.0,0.0,0.0,0.0,0.0,0.0,0.0,0.0,0.0,0.0,0.0,0.0,0.0,0.0,0.0,0.0,0.0,0.02,0.05,0.14,0.37,0.88,1.88,3.7,6.64,10.9,16.34,22.39,28.05,32.1,33.58,32.1,28.05,22.39,16.34,10.9,6.64,3.7,1.88,0.88,0.37,0.14,0.05,0.02,0.0,0.0,0.0,0.0,0.0,0.0,0.0,0.0,0.0,0.0,0.0,0.01,0.03,0.06,0.12,0.22,0.36,0.54,0.74,0.93,1.06,1.11,1.06,0.93,0.74,0.54,0.36,0.22,0.12,0.06,0.03,0.01,0.0,0.0,0.0,0.0,0.0,0.0,0.0,0.0,0.0,0.0,0.0,0.0,0.0,0.0,0.0,0.0,0.0,0.0,0.0,0.0,0.0,0.0,0.0,0.0,0.0,0.0,0.0,0.0,0.0,0.0,0.0,0.0,0.0,0.0,0.0,0.0,0.0,0.0,0.0,0.0,0.0,0.0,0.0,0.0,0.0,0.0,0.0,0.0,0.0,0.0,0.0,0.0,0.0,0.0,0.0,0.0,0.0,0.0,0.0,0.0,0.0,0.0,0.0,0.0,0.0,0.0,0.0,0.0,0.0,0.0,0.0,0.0,0.0,0.0,0.0,0.0,0.0,0.0,0.0,0.0,0.0,0.0,0.0,0.0,0.0,0.0,0.0,0.0,0.0,0.0,0.0,0.0,0.0,0.0,0.0,0.0,0.0,0.0,0.0,0.0,0.0,0.0,0.0,0.0,0.0,0.0,0.0,0.0,0.0,0.0,0.0,0.0,0.0,0.0,0.0,0.0,0.0,0.0,0.0,0.0,0.0,0.0,0.0,0.0,0.0,0.0,0.0,0.0,0.0,0.0,0.0,0.0,0.0,0.0,0.0,0.0,0.0,0.0,0.0
0.0,0.0,0.0,0.0,0.0,0.0,0.0,0.0,0.0,0.0,0.0,0.0,0.0,0.0,0.0,0.0,0.0,0.0,0.0,0.0,0.0,0.0,0.0,0.0,0.0,0.0,0.0,0.0,0.0,0.0,0.0,0.0,0.0,0.0,0.0,0.0,0.0,0.0,0.0,0.0,0.0,0.0,0.0,0.0,0.0,0.0,0.0,0.0,0.0,0.0,0.0,0.0,0.0,0.0,0.0,0.0,0.0,0.0,0.0,0.0,0.0,0.0,0.0,0.0,0.0,0.0,0.0,0.0,0.0,0.0,0.0,0.0,0.0,0.0,0.0,0.0,0.0,0.0,0.0,0.0,0.0,0.0,0.0,0.0,0.0,0.0,0.0,0.0,0.0,0.0,0.0,0.0,0.0,0.0,0.0,0.0,0.0,0.0,0.0,0.0,0.0,0.01,0.02,0.08,0.21,0.55,1.28,2.76,5.41,9.72,15.94,23.9,32.75,41.02,46.95,49.11,46.95,41.02,32.75,23.9,15.94,9.72,5.41,2.76,1.28,0.55,0.21,0.08,0.02,0.01,0.0,0.0,0.0,0.0,0.0,0.0,0.0,0.0,0.0,0.0,0.0,0.01,0.02,0.05,0.09,0.14,0.21,0.29,0.36,0.41,0.43,0.41,0.36,0.29,0.21,0.14,0.09,0.05,0.02,0.01,0.0,0.0,0.0,0.0,0.0,0.0,0.0,0.0,0.0,0.0,0.0,0.0,0.0,0.0,0.0,0.0,0.0,0.0,0.0,0.0,0.0,0.0,0.0,0.0,0.0,0.0,0.0,0.0,0.0,0.0,0.0,0.0,0.0,0.0,0.0,0.0,0.0,0.0,0.0,0.0,0.0,0.0,0.0,0.0,0.0,0.0,0.0,0.0,0.0,0.0,0.0,0.0,0.0,0.0,0.0,0.0,0.0,0.0,0.0,0.0,0.0,0.0,0.0,0.0,0.0,0.0,0.0,0.0,0.0,0.0,0.0,0.0,0.0,0.0,0.0,0.0,0.0,0.0,0.0,0.0,0.0,0.0,0.0,0.0,0.0,0.0,0.0,0.0,0.0,0.0,0.0,0.0,0.0,0.0,0.0,0.0,0.0,0.0,0.0,0.0,0.0,0.0,0.0,0.0,0.0,0.0,0.0,0.0,0.0,0.0,0.0,0.0,0.0,0.0,0.0,0.0,0.0,0.0,0.0,0.0,0.0,0.0,0.0,0.0,0.0,0.0,0.0,0.0,0.0,0.0,0.0,0.0,0.0,0.0,0.0,0.0,0.0,0.0,0.0,0.0
0.0,0.0,0.0,0.0,0.0,0.0,0.0,0.0,0.0,0.0,0.0,0.0,0.0,0.0,0.0,0.0,0.0,0.0,0.0,0.0,0.0,0.0,0.0,0.0,0.0,0.0,0.0,0.0,0.0,0.0,0.0,0.0,0.0,0.0,0.0,0.0,0.0,0.0,0.0,0.0,0.0,0.0,0.0,0.0,0.0,0.0,0.0,0.0,0.0,0.0,0.0,0.0,0.0,0.0,0.0,0.0,0.0,0.0,0.0,0.0,0.0,0.0,0.0,0.0,0.0,0.0,0.0,0.0,0.0,0.0,0.0,0.0,0.0,0.0,0.0,0.0,0.0,0.0,0.0,0.0,0.0,0.0,0.0,0.0,0.0,0.0,0.0,0.0,0.0,0.0,0.0,0.0,0.0,0.0,0.0,0.0,0.0,0.0,0.0,0.0,0.0,0.01,0.03,0.1,0.29,0.74,1.75,3.75,7.37,13.23,21.7,32.54,44.59,55.84,63.91,66.85,63.91,55.84,44.59,32.54,21.7,13.23,7.37,3.75,1.75,0.74,0.29,0.1,0.03,0.01,0.0,0.0,0.0,0.0,0.0,0.0,0.0,0.0,0.0,0.0,0.0,0.0,0.01,0.02,0.03,0.05,0.07,0.1,0.13,0.15,0.15,0.15,0.13,0.1,0.07,0.05,0.03,0.02,0.01,0.0,0.0,0.0,0.0,0.0,0.0,0.0,0.0,0.0,0.0,0.0,0.0,0.0,0.0,0.0,0.0,0.0,0.0,0.0,0.0,0.0,0.0,0.0,0.0,0.0,0.0,0.0,0.0,0.0,0.0,0.0,0.0,0.0,0.0,0.0,0.0,0.0,0.0,0.0,0.0,0.0,0.0,0.0,0.0,0.0,0.0,0.0,0.0,0.0,0.0,0.0,0.0,0.0,0.0,0.0,0.0,0.0,0.0,0.0,0.0,0.0,0.0,0.0,0.0,0.0,0.0,0.0,0.0,0.0,0.0,0.0,0.0,0.0,0.0,0.0,0.0,0.0,0.0,0.0,0.0,0.0,0.0,0.0,0.0,0.0,0.0,0.0,0.0,0.0,0.0,0.0,0.0,0.0,0.0,0.0,0.0,0.0,0.0,0.0,0.0,0.0,0.0,0.0,0.0,0.0,0.0,0.0,0.0,0.0,0.0,0.0,0.0,0.0,0.0,0.0,0.0,0.0,0.0,0.0,0.0,0.0,0.0,0.0,0.0,0.0,0.0,0.0,0.0,0.0,0.0,0.0,0.0,0.0,0.0,0.0,0.0,0.0,0.0,0.0,0.0,0.0
0.0,0.0,0.0,0.0,0.0,0.0,0.0,0.0,0.0,0.0,0.0,0.0,0.0,0.0,0.0,0.0,0.0,0.0,0.0,0.0,0.0,0.0,0.0,0.0,0.0,0.0,0.0,0.0,0.0,0.0,0.0,0.0,0.0,0.0,0.0,0.0,0.0,0.0,0.0,0.0,0.0,0.0,0.0,0.0,0.0,0.0,0.0,0.0,0.0,0.0,0.0,0.0,0.0,0.0,0.0,0.0,0.0,0.0,0.0,0.0,0.0,0.0,0.0,0.0,0.0,0.0,0.0,0.0,0.0,0.0,0.0,0.0,0.0,0.0,0.0,0.0,0.0,0.0,0.0,0.0,0.0,0.0,0.0,0.0,0.0,0.0,0.0,0.0,0.0,0.0,0.0,0.0,0.0,0.0,0.0,0.0,0.0,0.0,0.0,0.0,0.0,0.01,0.04,0.13,0.36,0.93,2.18,4.69,9.21,16.54,27.13,40.68,55.74,69.81,79.9,83.58,79.9,69.81,55.74,40.68,27.13,16.54,9.21,4.69,2.18,0.93,0.36,0.13,0.04,0.01,0.0,0.0,0.0,0.0,0.0,0.0,0.0,0.0,0.0,0.0,0.0,0.0,0.0,0.01,0.01,0.02,0.02,0.03,0.04,0.05,0.05,0.05,0.04,0.03,0.02,0.02,0.01,0.01,0.0,0.0,0.0,0.0,0.0,0.0,0.0,0.0,0.0,0.0,0.0,0.0,0.0,0.0,0.0,0.0,0.0,0.0,0.0,0.0,0.0,0.0,0.0,0.0,0.0,0.0,0.0,0.0,0.0,0.0,0.0,0.0,0.0,0.0,0.0,0.0,0.0,0.0,0.0,0.0,0.0,0.0,0.0,0.0,0.0,0.0,0.0,0.0,0.0,0.0,0.0,0.0,0.0,0.0,0.0,0.0,0.0,0.0,0.0,0.0,0.0,0.0,0.0,0.0,0.0,0.0,0.0,0.0,0.0,0.0,0.0,0.0,0.0,0.0,0.0,0.0,0.0,0.0,0.0,0.0,0.0,0.0,0.0,0.0,0.0,0.0,0.0,0.0,0.0,0.0,0.0,0.0,0.0,0.0,0.0,0.0,0.0,0.0,0.0,0.0,0.0,0.0,0.0,0.0,0.0,0.0,0.0,0.0,0.0,0.0,0.0,0.0,0.0,0.0,0.0,0.0,0.0,0.0,0.0,0.0,0.0,0.0,0.0,0.0,0.0,0.0,0.0,0.0,0.0,0.0,0.0,0.0,0.0,0.0,0.0,0.0,0.0,0.0,0.0,0.0,0.0,0.0
0.0,0.0,0.0,0.0,0.0,0.0,0.0,0.0,0.0,0.0,0.0,0.0,0.0,0.0,0.0,0.0,0.0,0.0,0.0,0.0,0.0,0.0,0.0,0.0,0.0,0.0,0.0,0.0,0.0,0.0,0.0,0.0,0.0,0.0,0.0,0.0,0.0,0.0,0.0,0.0,0.0,0.0,0.0,0.0,0.0,0.0,0.0,0.0,0.0,0.0,0.0,0.0,0.0,0.0,0.0,0.0,0.0,0.0,0.0,0.0,0.0,0.0,0.0,0.0,0.0,0.0,0.0,0.0,0.0,0.0,0.0,0.0,0.0,0.0,0.0,0.0,0.0,0.0,0.0,0.0,0.0,0.0,0.0,0.0,0.0,0.0,0.0,0.0,0.0,0.0,0.0,0.0,0.0,0.0,0.0,0.0,0.0,0.0,0.0,0.0,0.0,0.01,0.05,0.15,0.41,1.06,2.5,5.37,10.54,18.92,31.04,46.54,63.77,79.86,91.41,95.61,91.41,79.86,63.77,46.54,31.04,18.92,10.54,5.37,2.5,1.06,0.41,0.15,0.05,0.01,0.0,0.0,0.0,0.0,0.0,0.0,0.0,0.0,0.0,0.0,0.0,0.0,0.0,0.0,0.0,0.0,0.01,0.01,0.01,0.01,0.01,0.01,0.01,0.01,0.01,0.0,0.0,0.0,0.0,0.0,0.0,0.0,0.0,0.0,0.0,0.0,0.0,0.0,0.0,0.0,0.0,0.0,0.0,0.0,0.0,0.0,0.0,0.0,0.0,0.0,0.0,0.0,0.0,0.0,0.0,0.0,0.0,0.0,0.0,0.0,0.0,0.0,0.0,0.0,0.0,0.0,0.0,0.0,0.0,0.0,0.0,0.0,0.0,0.0,0.0,0.0,0.0,0.0,0.0,0.0,0.0,0.0,0.0,0.0,0.0,0.0,0.0,0.0,0.0,0.0,0.0,0.0,0.0,0.0,0.0,0.0,0.0,0.0,0.0,0.0,0.0,0.0,0.0,0.0,0.0,0.0,0.0,0.0,0.0,0.0,0.0,0.0,0.0,0.0,0.0,0.0,0.0,0.0,0.0,0.0,0.0,0.0,0.0,0.0,0.0,0.0,0.0,0.0,0.0,0.0,0.0,0.0,0.0,0.0,0.0,0.0,0.0,0.0,0.0,0.0,0.0,0.0,0.0,0.0,0.0,0.0,0.0,0.0,0.0,0.0,0.0,0.0,0.0,0.0,0.0,0.0,0.0,0.0,0.0,0.0,0.0,0.0,0.0,0.0,0.0,0.0,0.0,0.0,0.0,0.0
0.0,0.0,0.0,0.0,0.0,0.0,0.0,0.0,0.0,0.0,0.0,0.0,0.0,0.0,0.0,0.0,0.0,0.0,0.0,0.0,0.0,0.0,0.0,0.0,0.0,0.0,0.0,0.0,0.0,0.0,0.0,0.0,0.0,0.0,0.0,0.0,0.0,0.0,0.0,0.0,0.0,0.0,0.0,0.0,0.0,0.0,0.0,0.0,0.0,0.0,0.0,0.0,0.0,0.0,0.0,0.0,0.0,0.0,0.0,0.0,0.0,0.0,0.0,0.0,0.0,0.0,0.0,0.0,0.0,0.0,0.0,0.0,0.0,0.0,0.0,0.0,0.0,0.0,0.0,0.0,0.0,0.0,0.0,0.0,0.0,0.0,0.0,0.0,0.0,0.0,0.0,0.0,0.0,0.0,0.0,0.0,0.0,0.0,0.0,0.0,0.0,0.01,0.05,0.15,0.43,1.11,2.61,5.61,11.03,19.79,32.47,48.68,66.7,83.53,95.6,100.0,95.6,83.53,66.7,48.68,32.47,19.79,11.03,5.61,2.61,1.11,0.43,0.15,0.05,0.01,0.0,0.0,0.0,0.0,0.0,0.0,0.0,0.0,0.0,0.0,0.0,0.0,0.0,0.0,0.0,0.0,0.0,0.0,0.0,0.0,0.0,0.0,0.0,0.0,0.0,0.0,0.0,0.0,0.0,0.0,0.0,0.0,0.0,0.0,0.0,0.0,0.0,0.0,0.0,0.0,0.0,0.0,0.0,0.0,0.0,0.0,0.0,0.0,0.0,0.0,0.0,0.0,0.0,0.0,0.0,0.0,0.0,0.0,0.0,0.0,0.0,0.0,0.0,0.0,0.0,0.0,0.0,0.0,0.0,0.0,0.0,0.0,0.0,0.0,0.0,0.0,0.0,0.0,0.0,0.0,0.0,0.0,0.0,0.0,0.0,0.0,0.0,0.0,0.0,0.0,0.0,0.0,0.0,0.0,0.0,0.0,0.0,0.0,0.0,0.0,0.0,0.0,0.0,0.0,0.0,0.0,0.0,0.0,0.0,0.0,0.0,0.0,0.0,0.0,0.0,0.0,0.0,0.0,0.0,0.0,0.0,0.0,0.0,0.0,0.0,0.0,0.0,0.0,0.0,0.0,0.0,0.0,0.0,0.0,0.0,0.0,0.0,0.0,0.0,0.0,0.0,0.0,0.0,0.0,0.0,0.0,0.0,0.0,0.0,0.0,0.0,0.0,0.0,0.0,0.0,0.0,0.0,0.0,0.0,0.0,0.0,0.0,0.0,0.0,0.0,0.0,0.0,0.0,0.0,0.0
0.0,0.0,0.0,0.0,0.0,0.0,0.0,0.0,0.0,0.0,0.0,0.0,0.0,0.0,0.0,0.0,0.0,0.0,0.0,0.0,0.0,0.0,0.0,0.0,0.0,0.0,0.0,0.0,0.0,0.0,0.0,0.0,0.0,0.0,0.0,0.0,0.0,0.0,0.0,0.0,0.0,0.0,0.0,0.0,0.0,0.0,0.0,0.0,0.0,0.0,0.0,0.0,0.0,0.0,0.0,0.0,0.0,0.0,0.0,0.0,0.0,0.0,0.0,0.0,0.0,0.0,0.0,0.0,0.0,0.0,0.0,0.0,0.0,0.0,0.0,0.0,0.0,0.0,0.0,0.0,0.0,0.0,0.0,0.0,0.0,0.0,0.0,0.0,0.0,0.0,0.0,0.0,0.0,0.0,0.0,0.0,0.0,0.0,0.0,0.0,0.0,0.01,0.05,0.15,0.41,1.06,2.5,5.37,10.54,18.92,31.04,46.53,63.76,79.85,91.39,95.6,91.39,79.85,63.76,46.53,31.04,18.92,10.54,5.37,2.5,1.06,0.41,0.15,0.05,0.01,0.0,0.0,0.0,0.0,0.0,0.0,0.0,0.0,0.0,0.0,0.0,0.0,0.0,0.0,0.0,0.0,0.0,0.0,0.0,0.0,0.0,0.0,0.0,0.0,0.0,0.0,0.0,0.0,0.0,0.0,0.0,0.0,0.0,0.0,0.0,0.0,0.0,0.0,0.0,0.0,0.0,0.0,0.0,0.0,0.0,0.0,0.0,0.0,0.0,0.0,0.0,0.0,0.0,0.0,0.0,0.0,0.0,0.0,0.0,0.0,0.0,0.0,0.0,0.0,0.0,0.0,0.0,0.0,0.0,0.0,0.0,0.0,0.0,0.0,0.0,0.0,0.0,0.0,0.0,0.0,0.0,0.0,0.0,0.0,0.0,0.0,0.0,0.0,0.0,0.0,0.0,0.0,0.0,0.0,0.0,0.0,0.0,0.0,0.0,0.0,0.0,0.0,0.0,0.0,0.0,0.0,0.0,0.0,0.0,0.0,0.0,0.0,0.0,0.0,0.0,0.0,0.0,0.0,0.0,0.0,0.0,0.0,0.0,0.0,0.0,0.0,0.0,0.0,0.0,0.0,0.0,0.0,0.0,0.0,0.0,0.0,0.0,0.0,0.0,0.0,0.0,0.0,0.0,0.0,0.0,0.0,0.0,0.0,0.0,0.0,0.0,0.0,0.0,0.0,0.0,0.0,0.0,0.0,0.0,0.0,0.0,0.0,0.0,0.0,0.0,0.0,0.0,0.0,0.0,0.0
0.0,0.0,0.0,0.0,0.0,0.0,0.0,0.0,0.0,0.0,0.0,0.0,0.0,0.0,0.0,0.0,0.0,0.0,0.0,0.0,0.0,0.0,0.0,0.0,0.0,0.0,0.0,0.0,0.0,0.0,0.0,0.0,0.0,0.0,0.0,0.0,0.0,0.0,0.0,0.0,0.0,0.0,0.0,0.0,0.0,0.0,0.0,0.0,0.0,0.0,0.0,0.0,0.0,0.0,0.0,0.0,0.0,0.0,0.0,0.0,0.0,0.0,0.0,0.0,0.0,0.0,0.0,0.0,0.0,0.0,0.0,0.0,0.0,0.0,0.0,0.0,0.0,0.0,0.0,0.0,0.0,0.0,0.0,0.0,0.0,0.0,0.0,0.0,0.0,0.0,0.0,0.0,0.0,0.0,0.0,0.0,0.0,0.0,0.0,0.0,0.0,0.01,0.04,0.13,0.36,0.93,2.18,4.69,9.21,16.53,27.12,40.66,55.71,69.77,79.85,83.53,79.85,69.77,55.71,40.66,27.12,16.53,9.21,4.69,2.18,0.93,0.36,0.13,0.04,0.01,0.0,0.0,0.0,0.0,0.0,0.0,0.0,0.0,0.0,0.0,0.0,0.0,0.0,0.0,0.0,0.0,0.0,0.0,0.0,0.0,0.0,0.0,0.0,0.0,0.0,0.0,0.0,0.0,0.0,0.0,0.0,0.0,0.0,0.0,0.0,0.0,0.0,0.0,0.0,0.0,0.0,0.0,0.0,0.0,0.0,0.0,0.0,0.0,0.0,0.0,0.0,0.0,0.0,0.0,0.0,0.0,0.0,0.0,0.0,0.0,0.0,0.0,0.0,0.0,0.0,0.0,0.0,0.0,0.0,0.0,0.0,0.0,0.0,0.0,0.0,0.0,0.0,0.0,0.0,0.0,0.0,0.0,0.0,0.0,0.0,0.0,0.0,0.0,0.0,0.0,0.0,0.0,0.0,0.0,0.0,0.0,0.0,0.0,0.0,0.0,0.0,0.0,0.0,0.0,0.0,0.0,0.0,0.0,0.0,0.0,0.0,0.0,0.0,0.0,0.0,0.0,0.0,0.0,0.0,0.0,0.0,0.0,0.0,0.0,0.0,0.0,0.0,0.0,0.0,0.0,0.0,0.0,0.0,0.0,0.0,0.0,0.0,0.0,0.0,0.0,0.0,0.0,0.0,0.0,0.0,0.0,0.0,0.0,0.0,0.0,0.0,0.0,0.0,0.0,0.0,0.0,0.0,0.0,0.0,0.0,0.0,0.0,0.0,0.0,0.0,0.0,0.0,0.0,0.0,0.0
0.0,0.0,0.0,0.0,0.0,0.0,0.0,0.0,0.0,0.0,0.0,0.0,0.0,0.0,0.0,0.0,0.0,0.0,0.0,0.0,0.0,0.0,0.0,0.0,0.0,0.0,0.0,0.0,0.0,0.0,0.0,0.0,0.0,0.0,0.0,0.0,0.0,0.0,0.0,0.0,0.0,0.0,0.0,0.0,0.0,0.0,0.0,0.0,0.0,0.0,0.0,0.0,0.0,0.0,0.0,0.0,0.0,0.0,0.0,0.0,0.0,0.0,0.0,0.0,0.0,0.0,0.0,0.0,0.0,0.0,0.0,0.0,0.0,0.0,0.0,0.0,0.0,0.0,0.0,0.0,0.0,0.0,0.0,0.0,0.0,0.0,0.0,0.0,0.0,0.0,0.0,0.0,0.0,0.0,0.0,0.0,0.0,0.0,0.0,0.0,0.0,0.01,0.03,0.1,0.29,0.74,1.74,3.74,7.35,13.2,21.65,32.47,44.49,55.71,63.76,66.7,63.76,55.71,44.49,32.47,21.65,13.2,7.35,3.74,1.74,0.74,0.29,0.1,0.03,0.01,0.0,0.0,0.0,0.0,0.0,0.0,0.0,0.0,0.0,0.0,0.0,0.0,0.0,0.0,0.0,0.0,0.0,0.0,0.0,0.0,0.0,0.0,0.0,0.0,0.0,0.0,0.0,0.0,0.0,0.0,0.0,0.0,0.0,0.0,0.0,0.0,0.0,0.0,0.0,0.0,0.0,0.0,0.0,0.0,0.0,0.0,0.0,0.0,0.0,0.0,0.0,0.0,0.0,0.0,0.0,0.0,0.0,0.0,0.0,0.0,0.0,0.0,0.0,0.0,0.0,0.0,0.0,0.0,0.0,0.0,0.0,0.0,0.0,0.0,0.0,0.0,0.0,0.0,0.0,0.0,0.0,0.0,0.0,0.0,0.0,0.0,0.0,0.0,0.0,0.0,0.0,0.0,0.0,0.0,0.0,0.0,0.0,0.0,0.0,0.0,0.0,0.0,0.0,0.0,0.0,0.0,0.0,0.0,0.0,0.0,0.0,0.0,0.0,0.0,0.0,0.0,0.0,0.0,0.0,0.0,0.0,0.0,0.0,0.0,0.0,0.0,0.0,0.0,0.0,0.0,0.0,0.0,0.0,0.0,0.0,0.0,0.0,0.0,0.0,0.0,0.0,0.0,0.0,0.0,0.0,0.0,0.0,0.0,0.0,0.0,0.0,0.0,0.0,0.0,0.0,0.0,0.0,0.0,0.0,0.0,0.0,0.0,0.0,0.0,0.0,0.0,0.0,0.0,0.0,0.0
0.0,0.0,0.0,0.0,0.0,0.0,0.0,0.0,0.0,0.0,0.0,0.0,0.0,0.0,0.0,0.0,0.0,0.0,0.0,0.0,0.0,0.0,0.0,0.0,0.0,0.0,0.0,0.0,0.0,0.0,0.0,0.0,0.0,0.0,0.0,0.0,0.0,0.0,0.0,0.0,0.0,0.0,0.0,0.0,0.0,0.0,0.0,0.0,0.0,0.0,0.0,0.0,0.0,0.0,0.0,0.0,0.0,0.0,0.0,0.0,0.0,0.0,0.0,0.0,0.0,0.0,0.0,0.0,0.0,0.0,0.0,0.0,0.0,0.0,0.0,0.0,0.0,0.0,0.0,0.0,0.0,0.0,0.0,0.0,0.0,0.0,0.0,0.0,0.0,0.0,0.0,0.0,0.0,0.0,0.0,0.0,0.0,0.0,0.0,0.0,0.0,0.01,0.02,0.07,0.21,0.54,1.27,2.73,5.37,9.63,15.8,23.69,32.47,40.66,46.53,48.68,46.53,40.66,32.47,23.69,15.8,9.63,5.37,2.73,1.27,0.54,0.21,0.07,0.02,0.01,0.0,0.0,0.0,0.0,0.0,0.0,0.0,0.0,0.0,0.0,0.0,0.0,0.0,0.0,0.0,0.0,0.0,0.0,0.0,0.0,0.0,0.0,0.0,0.0,0.0,0.0,0.0,0.0,0.0,0.0,0.0,0.0,0.0,0.0,0.0,0.0,0.0,0.0,0.0,0.0,0.0,0.0,0.0,0.0,0.0,0.0,0.0,0.0,0.0,0.0,0.0,0.0,0.0,0.0,0.0,0.0,0.0,0.0,0.0,0.0,0.0,0.0,0.0,0.0,0.0,0.0,0.0,0.0,0.0,0.0,0.0,0.0,0.0,0.0,0.0,0.0,0.0,0.0,0.0,0.0,0.0,0.0,0.0,0.0,0.0,0.0,0.0,0.0,0.0,0.0,0.0,0.0,0.0,0.0,0.0,0.0,0.0,0.0,0.0,0.0,0.0,0.0,0.0,0.0,0.0,0.0,0.0,0.0,0.0,0.0,0.0,0.0,0.0,0.0,0.0,0.0,0.0,0.0,0.0,0.0,0.0,0.0,0.0,0.0,0.0,0.0,0.0,0.0,0.0,0.0,0.0,0.0,0.0,0.0,0.0,0.0,0.0,0.0,0.0,0.0,0.0,0.0,0.0,0.0,0.0,0.0,0.0,0.0,0.0,0.0,0.0,0.0,0.0,0.0,0.0,0.0,0.0,0.0,0.0,0.0,0.0,0.0,0.0,0.0,0.0,0.0,0.0,0.0,0.0,0.0
0.0,0.0,0.0,0.0,0.0,0.0,0.0,0.0,0.0,0.0,0.0,0.0,0.0,0.0,0.0,0.0,0.0,0.0,0.0,0.0,0.0,0.0,0.0,0.0,0.0,0.0,0.0,0.0,0.0,0.0,0.0,0.0,0.0,0.0,0.0,0.0,0.0,0.0,0.0,0.0,0.0,0.0,0.0,0.0,0.0,0.0,0.0,0.0,0.0,0.0,0.0,0.0,0.0,0.0,0.0,0.0,0.0,0.0,0.0,0.0,0.0,0.0,0.0,0.0,0.0,0.0,0.0,0.0,0.0,0.0,0.0,0.0,0.0,0.0,0.0,0.0,0.0,0.0,0.0,0.0,0.0,0.0,0.0,0.0,0.0,0.0,0.0,0.0,0.0,0.0,0.0,0.0,0.0,0.0,0.0,0.0,0.0,0.0,0.0,0.0,0.0,0.0,0.02,0.05,0.14,0.36,0.85,1.82,3.58,6.42,10.54,15.8,21.65,27.12,31.04,32.47,31.04,27.12,21.65,15.8,10.54,6.42,3.58,1.82,0.85,0.36,0.14,0.05,0.02,0.0,0.0,0.0,0.0,0.0,0.0,0.0,0.0,0.0,0.0,0.0,0.0,0.0,0.0,0.0,0.0,0.0,0.0,0.0,0.0,0.0,0.0,0.0,0.0,0.0,0.0,0.0,0.0,0.0,0.0,0.0,0.0,0.0,0.0,0.0,0.0,0.0,0.0,0.0,0.0,0.0,0.0,0.0,0.0,0.0,0.0,0.0,0.0,0.0,0.0,0.0,0.0,0.0,0.0,0.0,0.0,0.0,0.0,0.0,0.0,0.0,0.0,0.0,0.0,0.0,0.0,0.0,0.0,0.0,0.0,0.0,0.0,0.0,0.0,0.0,0.0,0.0,0.0,0.0,0.0,0.0,0.0,0.0,0.0,0.0,0.0,0.0,0.0,0.0,0.0,0.0,0.0,0.0,0.0,0.0,0.0,0.0,0.0,0.0,0.0,0.0,0.0,0.0,0.0,0.0,0.0,0.0,0.0,0.0,0.0,0.0,0.0,0.0,0.0,0.0,0.0,0.0,0.0,0.0,0.0,0.0,0.0,0.0,0.0,0.0,0.0,0.0,0.0,0.0,0.0,0.0,0.0,0.0,0.0,0.0,0.0,0.0,0.0,0.0,0.0,0.0,0.0,0.0,0.0,0.0,0.0,0.0,0.0,0.0,0.0,0.0,0.0,0.0,0.0,0.0,0.0,0.0,0.0,0.0,0.0,0.0,0.0,0.0,0.0,0.0,0.0,0.0,0.0,0.0,0.0,0.0
0.0,0.0,0.0,0.0,0.0,0.0,0.0,0.0,0.0,0.0,0.0,0.0,0.0,0.0,0.0,0.0,0.0,0.0,0.0,0.0,0.0,0.0,0.0,0.0,0.0,0.0,0.0,0.0,0.0,0.0,0.0,0.0,0.0,0.0,0.0,0.0,0.0,0.0,0.0,0.0,0.0,0.0,0.0,0.0,0.0,0.0,0.0,0.0,0.0,0.0,0.0,0.0,0.0,0.0,0.0,0.0,0.0,0.0,0.0,0.0,0.0,0.0,0.0,0.0,0.0,0.0,0.0,0.0,0.0,0.0,0.0,0.0,0.0,0.0,0.0,0.0,0.0,0.0,0.0,0.0,0.0,0.0,0.0,0.0,0.0,0.0,0.0,0.0,0.0,0.0,0.0,0.0,0.0,0.0,0.0,0.0,0.0,0.0,0.0,0.0,0.0,0.0,0.01,0.03,0.09,0.22,0.52,1.11,2.18,3.92,6.42,9.63,13.2,16.53,18.92,19.79,18.92,16.53,13.2,9.63,6.42,3.92,2.18,1.11,0.52,0.22,0.09,0.03,0.01,0.0,0.0,0.0,0.0,0.0,0.0,0.0,0.0,0.0,0.0,0.0,0.0,0.0,0.0,0.0,0.0,0.0,0.0,0.0,0.0,0.0,0.0,0.0,0.0,0.0,0.0,0.0,0.0,0.0,0.0,0.0,0.0,0.0,0.0,0.0,0.0,0.0,0.0,0.0,0.0,0.0,0.0,0.0,0.0,0.0,0.0,0.0,0.0,0.0,0.0,0.0,0.0,0.0,0.0,0.0,0.0,0.0,0.0,0.0,0.0,0.0,0.0,0.0,0.0,0.0,0.0,0.0,0.0,0.0,0.0,0.0,0.0,0.0,0.0,0.0,0.0,0.0,0.0,0.0,0.0,0.0,0.0,0.0,0.0,0.0,0.0,0.0,0.0,0.0,0.0,0.0,0.0,0.0,0.0,0.0,0.0,0.0,0.0,0.0,0.0,0.0,0.0,0.0,0.0,0.0,0.0,0.0,0.0,0.0,0.0,0.0,0.0,0.0,0.0,0.0,0.0,0.0,0.0,0.0,0.0,0.0,0.0,0.0,0.0,0.0,0.0,0.0,0.0,0.0,0.0,0.0,0.0,0.0,0.0,0.0,0.0,0.0,0.0,0.0,0.0,0.0,0.0,0.0,0.0,0.0,0.0,0.0,0.0,0.0,0.0,0.0,0.0,0.0,0.0,0.0,0.0,0.0,0.0,0.0,0.0,0.0,0.0,0.0,0.0,0.0,0.0,0.0,0.0,0.0,0.0,0.0
0.0,0.0,0.0,0.0,0.0,0.0,0.0,0.0,0.0,0.0,0.0,0.0,0.0,0.0,0.0,0.0,0.0,0.0,0.0,0.0,0.0,0.0,0.0,0.0,0.0,0.0,0.0,0.0,0.0,0.0,0.0,0.0,0.0,0.0,0.0,0.0,0.0,0.0,0.0,0.0,0.0,0.0,0.0,0.0,0.0,0.0,0.0,0.0,0.0,0.0,0.0,0.0,0.0,0.0,0.0,0.0,0.0,0.0,0.0,0.0,0.0,0.0,0.0,0.0,0.0,0.0,0.0,0.0,0.0,0.0,0.0,0.0,0.0,0.0,0.0,0.0,0.0,0.0,0.0,0.0,0.0,0.0,0.0,0.0,0.0,0.0,0.0,0.0,0.0,0.0,0.0,0.0,0.0,0.0,0.0,0.0,0.0,0.0,0.0,0.0,0.0,0.0,0.01,0.02,0.05,0.12,0.29,0.62,1.22,2.18,3.58,5.37,7.35,9.21,10.54,11.03,10.54,9.21,7.35,5.37,3.58,2.18,1.22,0.62,0.29,0.12,0.05,0.02,0.01,0.0,0.0,0.0,0.0,0.0,0.0,0.0,0.0,0.0,0.0,0.0,0.0,0.0,0.0,0.0,0.0,0.0,0.0,0.0,0.0,0.0,0.0,0.0,0.0,0.0,0.0,0.0,0.0,0.0,0.0,0.0,0.0,0.0,0.0,0.0,0.0,0.0,0.0,0.0,0.0,0.0,0.0,0.0,0.0,0.0,0.0,0.0,0.0,0.0,0.0,0.0,0.0,0.0,0.0,0.0,0.0,0.0,0.0,0.0,0.0,0.0,0.0,0.0,0.0,0.0,0.0,0.0,0.0,0.0,0.0,0.0,0.0,0.0,0.0,0.0,0.0,0.0,0.0,0.0,0.0,0.0,0.0,0.0,0.0,0.0,0.0,0.0,0.0,0.0,0.0,0.0,0.0,0.0,0.0,0.0,0.0,0.0,0.0,0.0,0.0,0.0,0.0,0.0,0.0,0.0,0.0,0.0,0.0,0.0,0.0,0.0,0.0,0.0,0.0,0.0,0.0,0.0,0.0,0.0,0.0,0.0,0.0,0.0,0.0,0.0,0.0,0.0,0.0,0.0,0.0,0.0,0.0,0.0,0.0,0.0,0.0,0.0,0.0,0.0,0.0,0.0,0.0,0.0,0.0,0.0,0.0,0.0,0.0,0.0,0.0,0.0,0.0,0.0,0.0,0.0,0.0,0.0,0.0,0.0,0.0,0.0,0.0,0.0,0.0,0.0,0.0,0.0,0.0,0.0,0.0,0.0
0.0,0.0,0.0,0.0,0.0,0.0,0.0,0.0,0.0,0.0,0.0,0.0,0.0,0.0,0.0,0.0,0.0,0.0,0.0,0.0,0.0,0.0,0.0,0.0,0.0,0.0,0.0,0.0,0.0,0.0,0.0,0.0,0.0,0.0,0.0,0.0,0.0,0.0,0.0,0.0,0.0,0.0,0.0,0.0,0.0,0.0,0.0,0.0,0.0,0.0,0.0,0.0,0.0,0.0,0.0,0.0,0.0,0.0,0.0,0.0,0.0,0.0,0.0,0.0,0.0,0.0,0.0,0.0,0.0,0.0,0.0,0.0,0.0,0.0,0.0,0.0,0.0,0.0,0.0,0.0,0.0,0.0,0.0,0.0,0.0,0.0,0.0,0.0,0.0,0.0,0.0,0.0,0.0,0.0,0.0,0.0,0.0,0.0,0.0,0.0,0.0,0.0,0.0,0.01,0.02,0.06,0.15,0.32,0.62,1.11,1.82,2.73,3.74,4.69,5.37,5.61,5.37,4.69,3.74,2.73,1.82,1.11,0.62,0.32,0.15,0.06,0.02,0.01,0.0,0.0,0.0,0.0,0.0,0.0,0.0,0.0,0.0,0.0,0.0,0.0,0.0,0.0,0.0,0.0,0.0,0.0,0.0,0.0,0.0,0.0,0.0,0.0,0.0,0.0,0.0,0.0,0.0,0.0,0.0,0.0,0.0,0.0,0.0,0.0,0.0,0.0,0.0,0.0,0.0,0.0,0.0,0.0,0.0,0.0,0.0,0.0,0.0,0.0,0.0,0.0,0.0,0.0,0.0,0.0,0.0,0.0,0.0,0.0,0.0,0.0,0.0,0.0,0.0,0.0,0.0,0.0,0.0,0.0,0.0,0.0,0.0,0.0,0.0,0.0,0.0,0.0,0.0,0.0,0.0,0.0,0.0,0.0,0.0,0.0,0.0,0.0,0.0,0.0,0.0,0.0,0.0,0.0,0.0,0.0,0.0,0.0,0.0,0.0,0.0,0.0,0.0,0.0,0.0,0.0,0.0,0.0,0.0,0.0,0.0,0.0,0.0,0.0,0.0,0.0,0.0,0.0,0.0,0.0,0.0,0.0,0.0,0.0,0.0,0.0,0.0,0.0,0.0,0.0,0.0,0.0,0.0,0.0,0.0,0.0,0.0,0.0,0.0,0.0,0.0,0.0,0.0,0.0,0.0,0.0,0.0,0.0,0.0,0.0,0.0,0.0,0.0,0.0,0.0,0.0,0.0,0.0,0.0,0.0,0.0,0.0,0.0,0.0,0.0,0.0,0.0,0.0,0.0,0.0,0.0,0.0
0.0,0.0,0.0,0.0,0.0,0.0,0.0,0.0,0.0,0.0,0.0,0.0,0.0,0.0,0.0,0.0,0.0,0.0,0.0,0.0,0.0,0.0,0.0,0.0,0.0,0.0,0.0,0.0,0.0,0.0,0.0,0.0,0.0,0.0,0.0,0.0,0.0,0.0,0.0,0.0,0.0,0.0,0.0,0.0,0.0,0.0,0.0,0.0,0.0,0.0,0.0,0.0,0.0,0.0,0.0,0.0,0.0,0.0,0.0,0.0,0.0,0.0,0.0,0.0,0.0,0.0,0.0,0.0,0.0,0.0,0.0,0.0,0.0,0.0,0.0,0.0,0.0,0.0,0.0,0.0,0.0,0.0,0.0,0.0,0.0,0.0,0.0,0.0,0.0,0.0,0.0,0.0,0.0,0.0,0.0,0.0,0.0,0.0,0.0,0.0,0.0,0.0,0.0,0.0,0.01,0.03,0.07,0.15,0.29,0.52,0.85,1.27,1.74,2.18,2.5,2.61,2.5,2.18,1.74,1.27,0.85,0.52,0.29,0.15,0.07,0.03,0.01,0.0,0.0,0.0,0.0,0.0,0.0,0.0,0.0,0.0,0.0,0.0,0.0,0.0,0.0,0.0,0.0,0.0,0.0,0.0,0.0,0.0,0.0,0.0,0.0,0.0,0.0,0.0,0.0,0.0,0.0,0.0,0.0,0.0,0.0,0.0,0.0,0.0,0.0,0.0,0.0,0.0,0.0,0.0,0.0,0.0,0.0,0.0,0.0,0.0,0.0,0.0,0.0,0.0,0.0,0.0,0.0,0.0,0.0,0.0,0.0,0.0,0.0,0.0,0.0,0.0,0.0,0.0,0.0,0.0,0.0,0.0,0.0,0.0,0.0,0.0,0.0,0.0,0.0,0.0,0.0,0.0,0.0,0.0,0.0,0.0,0.0,0.0,0.0,0.0,0.0,0.0,0.0,0.0,0.0,0.0,0.0,0.0,0.0,0.0,0.0,0.0,0.0,0.0,0.0,0.0,0.0,0.0,0.0,0.0,0.0,0.0,0.0,0.0,0.0,0.0,0.0,0.0,0.0,0.0,0.0,0.0,0.0,0.0,0.0,0.0,0.0,0.0,0.0,0.0,0.0,0.0,0.0,0.0,0.0,0.0,0.0,0.0,0.0,0.0,0.0,0.0,0.0,0.0,0.0,0.0,0.0,0.0,0.0,0.0,0.0,0.0,0.0,0.0,0.0,0.0,0.0,0.0,0.0,0.0,0.0,0.0,0.0,0.0,0.0,0.0,0.0,0.0,0.0,0.0,0.0,0.0,0.0,0.0
0.0,0.0,0.0,0.0,0.0,0.0,0.0,0.0,0.0,0.0,0.0,0.0,0.0,0.0,0.0,0.0,0.0,0.0,0.0,0.0,0.0,0.0,0.0,0.0,0.0,0.0,0.0,0.0,0.0,0.0,0.0,0.0,0.0,0.0,0.0,0.0,0.0,0.0,0.0,0.0,0.0,0.0,0.0,0.0,0.0,0.0,0.0,0.0,0.0,0.0,0.0,0.0,0.0,0.0,0.0,0.0,0.0,0.0,0.0,0.0,0.0,0.0,0.0,0.0,0.0,0.0,0.0,0.0,0.0,0.0,0.0,0.0,0.0,0.0,0.0,0.0,0.0,0.0,0.0,0.0,0.0,0.0,0.0,0.0,0.0,0.0,0.0,0.0,0.0,0.0,0.0,0.0,0.0,0.0,0.0,0.0,0.0,0.0,0.0,0.0,0.0,0.0,0.0,0.0,0.0,0.01,0.03,0.06,0.12,0.22,0.36,0.54,0.74,0.93,1.06,1.11,1.06,0.93,0.74,0.54,0.36,0.22,0.12,0.06,0.03,0.01,0.0,0.0,0.0,0.0,0.0,0.0,0.0,0.0,0.0,0.0,0.0,0.0,0.0,0.0,0.0,0.0,0.0,0.0,0.0,0.0,0.0,0.0,0.0,0.0,0.0,0.0,0.0,0.0,0.0,0.0,0.0,0.0,0.0,0.0,0.0,0.0,0.0,0.0,0.0,0.0,0.0,0.0,0.0,0.0,0.0,0.0,0.0,0.0,0.0,0.0,0.0,0.0,0.0,0.0,0.0,0.0,0.0,0.0,0.0,0.0,0.0,0.0,0.0,0.0,0.0,0.0,0.0,0.0,0.0,0.0,0.0,0.0,0.0,0.0,0.0,0.0,0.0,0.0,0.0,0.0,0.0,0.0,0.0,0.0,0.0,0.0,0.0,0.0,0.0,0.0,0.0,0.0,0.0,0.0,0.0,0.0,0.0,0.0,0.0,0.0,0.0,0.0,0.0,0.0,0.0,0.0,0.0,0.0,0.0,0.0,0.0,0.0,0.0,0.0,0.0,0.0,0.0,0.0,0.0,0.0,0.0,0.0,0.0,0.0,0.0,0.0,0.0,0.0,0.0,0.0,0.0,0.0,0.0,0.0,0.0,0.0,0.0,0.0,0.0,0.0,0.0,0.0,0.0,0.0,0.0,0.0,0.0,0.0,0.0,0.0,0.0,0.0,0.0,0.0,0.0,0.0,0.0,0.0,0.0,0.0,0.0,0.0,0.0,0.0,0.0,0.0,0.0,0.0,0.0,0.0,0.0,0.0,0.0,0.0
0.0,0.0,0.0,0.0,0.0,0.0,0.0,0.0,0.0,0.0,0.0,0.0,0.0,0.0,0.0,0.0,0.0,0.0,0.0,0.0,0.0,0.0,0.0,0.0,0.0,0.0,0.0,0.0,0.0,0.0,0.0,0.0,0.0,0.0,0.0,0.0,0.0,0.0,0.0,0.0,0.0,0.0,0.0,0.0,0.0,0.0,0.0,0.0,0.0,0.0,0.0,0.0,0.0,0.0,0.0,0.0,0.0,0.0,0.0,0.0,0.0,0.0,0.0,0.0,0.0,0.0,0.0,0.0,0.0,0.0,0.0,0.0,0.0,0.0,0.0,0.0,0.0,0.0,0.0,0.0,0.0,0.0,0.0,0.0,0.0,0.0,0.0,0.0,0.0,0.0,0.0,0.0,0.0,0.0,0.0,0.0,0.0,0.0,0.0,0.0,0.0,0.0,0.0,0.0,0.0,0.0,0.01,0.02,0.05,0.09,0.14,0.21,0.29,0.36,0.41,0.43,0.41,0.36,0.29,0.21,0.14,0.09,0.05,0.02,0.01,0.0,0.0,0.0,0.0,0.0,0.0,0.0,0.0,0.0,0.0,0.0,0.0,0.0,0.0,0.0,0.0,0.0,0.0,0.0,0.0,0.0,0.0,0.0,0.0,0.0,0.0,0.0,0.0,0.0,0.0,0.0,0.0,0.0,0.0,0.0,0.0,0.0,0.0,0.0,0.0,0.0,0.0,0.0,0.0,0.0,0.0,0.0,0.0,0.0,0.0,0.0,0.0,0.0,0.0,0.0,0.0,0.0,0.0,0.0,0.0,0.0,0.0,0.0,0.0,0.0,0.0,0.0,0.0,0.0,0.0,0.0,0.0,0.0,0.0,0.0,0.0,0.0,0.0,0.0,0.0,0.0,0.0,0.0,0.0,0.0,0.0,0.0,0.0,0.0,0.0,0.0,0.0,0.0,0.0,0.0,0.0,0.0,0.0,0.0,0.0,0.0,0.0,0.0,0.0,0.0,0.0,0.0,0.0,0.0,0.0,0.0,0.0,0.0,0.0,0.0,0.0,0.0,0.0,0.0,0.0,0.0,0.0,0.0,0.0,0.0,0.0,0.0,0.0,0.0,0.0,0.0,0.0,0.0,0.0,0.0,0.0,0.0,0.0,0.0,0.0,0.0,0.0,0.0,0.0,0.0,0.0,0.0,0.0,0.0,0.0,0.0,0.0,0.0,0.0,0.0,0.0,0.0,0.0,0.0,0.0,0.0,0.0,0.0,0.0,0.0,0.0,0.0,0.0,0.0,0.0,0.0,0.0,0.0,0.0,0.0
0.0,0.0,0.0,0.0,0.0,0.0,0.0,0.0,0.0,0.0,0.0,0.0,0.0,0.0,0.0,0.0,0.0,0.0,0.0,0.0,0.0,0.0,0.0,0.0,0.0,0.0,0.0,0.0,0.0,0.0,0.0,0.0,0.0,0.0,0.0,0.0,0.0,0.0,0.0,0.0,0.0,0.0,0.0,0.0,0.0,0.0,0.0,0.0,0.0,0.0,0.0,0.0,0.0,0.0,0.0,0.0,0.0,0.0,0.0,0.0,0.0,0.0,0.0,0.0,0.0,0.0,0.0,0.0,0.0,0.0,0.0,0.0,0.0,0.0,0.0,0.0,0.0,0.0,0.0,0.0,0.0,0.0,0.0,0.0,0.0,0.0,0.0,0.0,0.0,0.0,0.0,0.0,0.0,0.0,0.0,0.0,0.0,0.0,0.0,0.0,0.0,0.0,0.0,0.0,0.0,0.0,0.0,0.01,0.02,0.03,0.05,0.07,0.1,0.13,0.15,0.15,0.15,0.13,0.1,0.07,0.05,0.03,0.02,0.01,0.0,0.0,0.0,0.0,0.0,0.0,0.0,0.0,0.0,0.0,0.0,0.0,0.0,0.0,0.0,0.0,0.0,0.0,0.0,0.0,0.0,0.0,0.0,0.0,0.0,0.0,0.0,0.0,0.0,0.0,0.0,0.0,0.0,0.0,0.0,0.0,0.0,0.0,0.0,0.0,0.0,0.0,0.0,0.0,0.0,0.0,0.0,0.0,0.0,0.0,0.0,0.0,0.0,0.0,0.0,0.0,0.0,0.0,0.0,0.0,0.0,0.0,0.0,0.0,0.0,0.0,0.0,0.0,0.0,0.0,0.0,0.0,0.0,0.0,0.0,0.0,0.0,0.0,0.0,0.0,0.0,0.0,0.0,0.0,0.0,0.0,0.0,0.0,0.0,0.0,0.0,0.0,0.0,0.0,0.0,0.0,0.0,0.0,0.0,0.0,0.0,0.0,0.0,0.0,0.0,0.0,0.0,0.0,0.0,0.0,0.0,0.0,0.0,0.0,0.0,0.0,0.0,0.0,0.0,0.0,0.0,0.0,0.0,0.0,0.0,0.0,0.0,0.0,0.0,0.0,0.0,0.0,0.0,0.0,0.0,0.0,0.0,0.0,0.0,0.0,0.0,0.0,0.0,0.0,0.0,0.0,0.0,0.0,0.0,0.0,0.0,0.0,0.0,0.0,0.0,0.0,0.0,0.0,0.0,0.0,0.0,0.0,0.0,0.0,0.0,0.0,0.0,0.0,0.0,0.0,0.0,0.0,0.0,0.0,0.0,0.0
0.0,0.0,0.0,0.0,0.0,0.0,0.0,0.0,0.0,0.0,0.0,0.0,0.0,0.0,0.0,0.0,0.0,0.0,0.0,0.0,0.0,0.0,0.0,0.0,0.0,0.0,0.0,0.0,0.0,0.0,0.0,0.0,0.0,0.0,0.0,0.0,0.0,0.0,0.0,0.0,0.0,0.0,0.0,0.0,0.0,0.0,0.0,0.0,0.0,0.0,0.0,0.0,0.0,0.0,0.0,0.0,0.0,0.0,0.0,0.0,0.0,0.0,0.0,0.0,0.0,0.0,0.0,0.0,0.0,0.0,0.0,0.0,0.0,0.0,0.0,0.0,0.0,0.0,0.0,0.0,0.0,0.0,0.0,0.0,0.0,0.0,0.0,0.0,0.0,0.0,0.0,0.0,0.0,0.0,0.0,0.0,0.0,0.0,0.0,0.0,0.0,0.0,0.0,0.0,0.0,0.0,0.0,0.0,0.01,0.01,0.02,0.02,0.03,0.04,0.05,0.05,0.05,0.04,0.03,0.02,0.02,0.01,0.01,0.0,0.0,0.0,0.0,0.0,0.0,0.0,0.0,0.0,0.0,0.0,0.0,0.0,0.0,0.0,0.0,0.0,0.0,0.0,0.0,0.0,0.0,0.0,0.0,0.0,0.0,0.0,0.0,0.0,0.0,0.0,0.0,0.0,0.0,0.0,0.0,0.0,0.0,0.0,0.0,0.0,0.0,0.0,0.0,0.0,0.0,0.0,0.0,0.0,0.0,0.0,0.0,0.0,0.0,0.0,0.0,0.0,0.0,0.0,0.0,0.0,0.0,0.0,0.0,0.0,0.0,0.0,0.0,0.0,0.0,0.0,0.0,0.0,0.0,0.0,0.0,0.0,0.0,0.0,0.0,0.0,0.0,0.0,0.0,0.0,0.0,0.0,0.0,0.0,0.0,0.0,0.0,0.0,0.0,0.0,0.0,0.0,0.0,0.0,0.0,0.0,0.0,0.0,0.0,0.0,0.0,0.0,0.0,0.0,0.0,0.0,0.0,0.0,0.0,0.0,0.0,0.0,0.0,0.0,0.0,0.0,0.0,0.0,0.0,0.0,0.0,0.0,0.0,0.0,0.0,0.0,0.0,0.0,0.0,0.0,0.0,0.0,0.0,0.0,0.0,0.0,0.0,0.0,0.0,0.0,0.0,0.0,0.0,0.0,0.0,0.0,0.0,0.0,0.0,0.0,0.0,0.0,0.0,0.0,0.0,0.0,0.0,0.0,0.0,0.0,0.0,0.0,0.0,0.0,0.0,0.0,0.0,0.0,0.0,0.0,0.0,0.0
0.0,0.0,0.0,0.0,0.0,0.0,0.0,0.0,0.0,0.0,0.0,0.0,0.0,0.0,0.0,0.0,0.0,0.0,0.0,0.0,0.0,0.0,0.0,0.0,0.0,0.0,0.0,0.0,0.0,0.0,0.0,0.0,0.0,0.0,0.0,0.0,0.0,0.0,0.0,0.0,0.0,0.0,0.0,0.0,0.0,0.0,0.0,0.0,0.0,0.0,0.0,0.0,0.0,0.0,0.0,0.0,0.0,0.0,0.0,0.0,0.0,0.0,0.0,0.0,0.0,0.0,0.0,0.0,0.0,0.0,0.0,0.0,0.0,0.0,0.0,0.0,0.0,0.0,0.0,0.0,0.0,0.0,0.0,0.0,0.0,0.0,0.0,0.0,0.0,0.0,0.0,0.0,0.0,0.0,0.0,0.0,0.0,0.0,0.0,0.0,0.0,0.0,0.0,0.0,0.0,0.0,0.0,0.0,0.0,0.0,0.0,0.01,0.01,0.01,0.01,0.01,0.01,0.01,0.01,0.01,0.0,0.0,0.0,0.0,0.0,0.0,0.0,0.0,0.0,0.0,0.0,0.0,0.0,0.0,0.0,0.0,0.0,0.0,0.0,0.0,0.0,0.0,0.0,0.0,0.0,0.0,0.0,0.0,0.0,0.0,0.0,0.0,0.0,0.0,0.0,0.0,0.0,0.0,0.0,0.0,0.0,0.0,0.0,0.0,0.0,0.0,0.0,0.0,0.0,0.0,0.0,0.0,0.0,0.0,0.0,0.0,0.0,0.0,0.0,0.0,0.0,0.0,0.0,0.0,0.0,0.0,0.0,0.0,0.0,0.0,0.0,0.0,0.0,0.0,0.0,0.0,0.0,0.0,0.0,0.0,0.0,0.0,0.0,0.0,0.0,0.0,0.0,0.0,0.0,0.0,0.0,0.0,0.0,0.0,0.0,0.0,0.0,0.0,0.0,0.0,0.0,0.0,0.0,0.0,0.0,0.0,0.0,0.0,0.0,0.0,0.0,0.0,0.0,0.0,0.0,0.0,0.0,0.0,0.0,0.0,0.0,0.0,0.0,0.0,0.0,0.0,0.0,0.0,0.0,0.0,0.0,0.0,0.0,0.0,0.0,0.0,0.0,0.0,0.0,0.0,0.0,0.0,0.0,0.0,0.0,0.0,0.0,0.0,0.0,0.0,0.0,0.0,0.0,0.0,0.0,0.0,0.0,0.0,0.0,0.0,0.0,0.0,0.0,0.0,0.0,0.0,0.0,0.0,0.0,0.0,0.0,0.0,0.0,0.0,0.0,0.0,0.0,0.0,0.0,0.0
0.0,0.0,0.0,0.0,0.0,0.0,0.0,0.0,0.0,0.0,0.0,0.0,0.0,0.0,0.0,0.0,0.0,0.0,0.0,0.0,0.0,0.0,0.0,0.0,0.0,0.0,0.0,0.0,0.0,0.0,0.0,0.0,0.0,0.0,0.0,0.0,0.0,0.0,0.0,0.0,0.0,0.0,0.0,0.0,0.0,0.0,0.0,0.0,0.0,0.0,0.0,0.0,0.0,0.0,0.0,0.0,0.0,0.0,0.0,0.0,0.0,0.0,0.0,0.0,0.0,0.0,0.0,0.0,0.0,0.0,0.0,0.0,0.0,0.0,0.0,0.0,0.0,0.0,0.0,0.0,0.0,0.0,0.0,0.0,0.0,0.0,0.0,0.0,0.0,0.0,0.0,0.0,0.0,0.0,0.0,0.0,0.0,0.0,0.0,0.0,0.0,0.0,0.0,0.0,0.0,0.0,0.0,0.0,0.0,0.0,0.0,0.0,0.0,0.0,0.0,0.0,0.0,0.0,0.0,0.0,0.0,0.0,0.0,0.0,0.0,0.0,0.0,0.0,0.0,0.0,0.0,0.0,0.0,0.0,0.0,0.0,0.0,0.0,0.0,0.0,0.0,0.0,0.0,0.0,0.0,0.0,0.0,0.0,0.0,0.0,0.0,0.0,0.0,0.0,0.0,0.0,0.0,0.0,0.0,0.0,0.0,0.0,0.0,0.0,0.0,0.0,0.0,0.0,0.0,0.0,0.0,0.0,0.0,0.0,0.0,0.0,0.0,0.0,0.0,0.0,0.0,0.0,0.0,0.0,0.0,0.0,0.0,0.0,0.0,0.0,0.0,0.0,0.0,0.0,0.0,0.0,0.0,0.0,0.0,0.0,0.0,0.0,0.0,0.0,0.0,0.0,0.0,0.0,0.0,0.0,0.0,0.0,0.0,0.0,0.0,0.0,0.0,0.0,0.0,0.0,0.0,0.0,0.0,0.0,0.0,0.0,0.0,0.0,0.0,0.0,0.0,0.0,0.0,0.0,0.0,0.0,0.0,0.0,0.0,0.0,0.0,0.0,0.0,0.0,0.0,0.0,0.0,0.0,0.0,0.0,0.0,0.0,0.0,0.0,0.0,0.0,0.0,0.0,0.0,0.0,0.0,0.0,0.0,0.0,0.0,0.0,0.0,0.0,0.0,0.0,0.0,0.0,0.0,0.0,0.0,0.0,0.0,0.0,0.0,0.0,0.0,0.0,0.0,0.0,0.0,0.0,0.0,0.0,0.0,0.0,0.0,0.0,0.0,0.0,0.0,0.0,0.0,0.0,0.0,0.0
0.0,0.0,0.0,0.0,0.0,0.0,0.0,0.0,0.0,0.0,0.0,0.0,0.0,0.0,0.0,0.0,0.0,0.0,0.0,0.0,0.0,0.0,0.0,0.0,0.0,0.0,0.0,0.0,0.0,0.0,0.0,0.0,0.0,0.0,0.0,0.0,0.0,0.0,0.0,0.0,0.0,0.0,0.0,0.0,0.0,0.0,0.0,0.0,0.0,0.0,0.0,0.0,0.0,0.0,0.0,0.0,0.0,0.0,0.0,0.0,0.0,0.0,0.0,0.0,0.0,0.0,0.0,0.0,0.0,0.0,0.0,0.0,0.0,0.0,0.0,0.0,0.0,0.0,0.0,0.0,0.0,0.0,0.0,0.0,0.0,0.0,0.0,0.0,0.0,0.0,0.0,0.0,0.0,0.0,0.0,0.0,0.0,0.0,0.0,0.0,0.0,0.0,0.0,0.0,0.0,0.0,0.0,0.0,0.0,0.0,0.0,0.0,0.0,0.0,0.0,0.0,0.0,0.0,0.0,0.0,0.0,0.0,0.0,0.0,0.0,0.0,0.0,0.0,0.0,0.0,0.0,0.0,0.0,0.0,0.0,0.0,0.0,0.0,0.0,0.0,0.0,0.0,0.0,0.0,0.0,0.0,0.0,0.0,0.0,0.0,0.0,0.0,0.0,0.0,0.0,0.0,0.0,0.0,0.0,0.0,0.0,0.0,0.0,0.0,0.0,0.0,0.0,0.0,0.0,0.0,0.0,0.0,0.0,0.0,0.0,0.0,0.0,0.0,0.0,0.0,0.0,0.0,0.0,0.0,0.0,0.0,0.0,0.0,0.0,0.0,0.0,0.0,0.0,0.0,0.0,0.0,0.0,0.0,0.0,0.0,0.0,0.0,0.0,0.0,0.0,0.0,0.0,0.0,0.0,0.0,0.0,0.0,0.0,0.0,0.0,0.0,0.0,0.0,0.0,0.0,0.0,0.0,0.0,0.0,0.0,0.0,0.0,0.0,0.0,0.0,0.0,0.0,0.0,0.0,0.0,0.0,0.0,0.0,0.0,0.0,0.0,0.0,0.0,0.0,0.0,0.0,0.0,0.0,0.0,0.0,0.0,0.0,0.0,0.0,0.0,0.0,0.0,0.0,0.0,0.0,0.0,0.0,0.0,0.0,0.0,0.0,0.0,0.0,0.0,0.0,0.0,0.0,0.0,0.0,0.0,0.0,0.0,0.0,0.0,0.0,0.0,0.0,0.0,0.0,0.0,0.0,0.0,0.0,0.0,0.0,0.0,0.0,0.0,0.0,0.0,0.0,0.0,0.0,0.0,0.0
0.0,0.0,0.0,0.0,0.0,0.0,0.0,0.0,0.0,0.0,0.0,0.0,0.0,0.0,0.0,0.0,0.0,0.0,0.0,0.0,0.0,0.0,0.0,0.0,0.0,0.0,0.0,0.0,0.0,0.0,0.0,0.0,0.0,0.0,0.0,0.0,0.0,0.0,0.0,0.0,0.0,0.0,0.0,0.0,0.0,0.0,0.0,0.0,0.0,0.0,0.0,0.0,0.0,0.0,0.0,0.0,0.0,0.0,0.0,0.0,0.0,0.0,0.0,0.0,0.0,0.0,0.0,0.0,0.0,0.0,0.0,0.0,0.0,0.0,0.0,0.0,0.0,0.0,0.0,0.0,0.0,0.0,0.0,0.0,0.0,0.0,0.0,0.0,0.0,0.0,0.0,0.0,0.0,0.0,0.0,0.0,0.0,0.0,0.0,0.0,0.0,0.0,0.0,0.0,0.0,0.0,0.0,0.0,0.0,0.0,0.0,0.0,0.0,0.0,0.0,0.0,0.0,0.0,0.0,0.0,0.0,0.0,0.0,0.0,0.0,0.0,0.0,0.0,0.0,0.0,0.0,0.0,0.0,0.0,0.0,0.0,0.0,0.0,0.0,0.0,0.0,0.0,0.0,0.0,0.0,0.0,0.0,0.0,0.0,0.0,0.0,0.0,0.0,0.0,0.0,0.0,0.0,0.0,0.0,0.0,0.0,0.0,0.0,0.0,0.0,0.0,0.0,0.0,0.0,0.0,0.0,0.0,0.0,0.0,0.0,0.0,0.0,0.0,0.0,0.0,0.0,0.0,0.0,0.0,0.0,0.0,0.0,0.0,0.0,0.0,0.0,0.0,0.0,0.0,0.0,0.0,0.0,0.0,0.0,0.0,0.0,0.0,0.0,0.0,0.0,0.0,0.0,0.0,0.0,0.0,0.0,0.0,0.0,0.0,0.0,0.0,0.0,0.0,0.0,0.0,0.0,0.0,0.0,0.0,0.0,0.0,0.0,0.0,0.0,0.0,0.0,0.0,0.0,0.0,0.0,0.0,0.0,0.0,0.0,0.0,0.0,0.0,0.0,0.0,0.0,0.0,0.0,0.0,0.0,0.0,0.0,0.0,0.0,0.0,0.0,0.0,0.0,0.0,0.0,0.0,0.0,0.0,0.0,0.0,0.0,0.0,0.0,0.0,0.0,0.0,0.0,0.0,0.0,0.0,0.0,0.0,0.0,0.0,0.0,0.0,0.0,0.0,0.0,0.0,0.0,0.0,0.0,0.0,0.0,0.0,0.0,0.0,0.0,0.0,0.0,0.0,0.0,0.0,0.0,0.0
0.0,0.0,0.0,0.0,0.0,0.0,0.0,0.0,0.0,0.0,0.0,0.0,0.0,0.0,0.0,0.0,0.0,0.0,0.0,0.0,0.0,0.0,0.0,0.0,0.0,0.0,0.0,0.0,0.0,0.0,0.0,0.0,0.0,0.0,0.0,0.0,0.0,0.0,0.0,0.0,0.0,0.0,0.0,0.0,0.0,0.0,0.0,0.0,0.0,0.0,0.0,0.0,0.0,0.0,0.0,0.0,0.0,0.0,0.0,0.0,0.0,0.0,0.0,0.0,0.0,0.0,0.0,0.0,0.0,0.0,0.0,0.0,0.0,0.0,0.0,0.0,0.0,0.0,0.0,0.0,0.0,0.0,0.0,0.0,0.0,0.0,0.0,0.0,0.0,0.0,0.0,0.0,0.0,0.0,0.0,0.0,0.0,0.0,0.0,0.0,0.0,0.0,0.0,0.0,0.0,0.0,0.0,0.0,0.0,0.0,0.0,0.0,0.0,0.0,0.0,0.0,0.0,0.0,0.0,0.0,0.0,0.0,0.0,0.0,0.0,0.0,0.0,0.0,0.0,0.0,0.0,0.0,0.0,0.0,0.0,0.0,0.0,0.0,0.0,0.0,0.0,0.0,0.0,0.0,0.0,0.0,0.0,0.0,0.0,0.0,0.0,0.0,0.0,0.0,0.0,0.0,0.0,0.0,0.0,0.0,0.0,0.0,0.0,0.0,0.0,0.0,0.0,0.0,0.0,0.0,0.0,0.0,0.0,0.0,0.0,0.0,0.0,0.0,0.0,0.0,0.0,0.0,0.0,0.0,0.0,0.0,0.0,0.0,0.0,0.0,0.0,0.0,0.0,0.0,0.0,0.0,0.0,0.0,0.0,0.0,0.0,0.0,0.0,0.0,0.0,0.0,0.0,0.0,0.0,0.0,0.0,0.0,0.0,0.0,0.0,0.0,0.0,0.0,0.0,0.0,0.0,0.0,0.0,0.0,0.0,0.0,0.0,0.0,0.0,0.0,0.0,0.0,0.0,0.0,0.0,0.0,0.0,0.0,0.0,0.0,0.0,0.0,0.0,0.0,0.0,0.0,0.0,0.0,0.0,0.0,0.0,0.0,0.0,0.0,0.0,0.0,0.0,0.0,0.0,0.0,0.0,0.0,0.0,0.0,0.0,0.0,0.0,0.0,0.0,0.0,0.0,0.0,0.0,0.0,0.0,0.0,0.0,0.0,0.0,0.0,0.0,0.0,0.0,0.0,0.0,0.0,0.0,0.0,0.0,0.0,0.0,0.0,0.0,0.0,0.0,0.0,0.0,0.0,0.0,0.0
0.0,0.0,0.0,0.0,0.0,0.0,0.0,0.0,0.0,0.0,0.0,0.0,0.0,0.0,0.0,0.0,0.0,0.0,0.0,0.0,0.0,0.0,0.0,0.0,0.0,0.0,0.0,0.0,0.0,0.0,0.0,0.0,0.0,0.0,0.0,0.0,0.0,0.0,0.0,0.0,0.0,0.0,0.0,0.0,0.0,0.0,0.0,0.0,0.0,0.0,0.0,0.0,0.0,0.0,0.0,0.0,0.0,0.0,0.0,0.0,0.0,0.0,0.0,0.0,0.0,0.0,0.0,0.0,0.0,0.0,0.0,0.0,0.0,0.0,0.0,0.0,0.0,0.0,0.0,0.0,0.0,0.0,0.0,0.0,0.0,0.0,0.0,0.0,0.0,0.0,0.0,0.0,0.0,0.0,0.0,0.0,0.0,0.0,0.0,0.0,0.0,0.0,0.0,0.0,0.0,0.0,0.0,0.0,0.0,0.0,0.0,0.0,0.0,0.0,0.0,0.0,0.0,0.0,0.0,0.0,0.0,0.0,0.0,0.0,0.0,0.0,0.0,0.0,0.0,0.0,0.0,0.0,0.0,0.0,0.0,0.0,0.0,0.0,0.0,0.0,0.0,0.0,0.0,0.0,0.0,0.0,0.0,0.0,0.0,0.0,0.0,0.0,0.0,0.0,0.0,0.0,0.0,0.0,0.0,0.0,0.0,0.0,0.0,0.0,0.0,0.0,0.0,0.0,0.0,0.0,0.0,0.0,0.0,0.0,0.0,0.0,0.0,0.0,0.0,0.0,0.0,0.0,0.0,0.0,0.0,0.0,0.0,0.0,0.0,0.0,0.0,0.0,0.0,0.0,0.0,0.0,0.0,0.0,0.0,0.0,0.0,0.0,0.0,0.0,0.0,0.0,0.0,0.0,0.0,0.0,0.0,0.0,0.0,0.0,0.0,0.0,0.0,0.0,0.0,0.0,0.0,0.0,0.0,0.0,0.0,0.0,0.0,0.0,0.0,0.0,0.0,0.0,0.0,0.0,0.0,0.0,0.0,0.0,0.0,0.0,0.0,0.0,0.0,0.0,0.0,0.0,0.0,0.0,0.0,0.0,0.0,0.0,0.0,0.0,0.0,0.0,0.0,0.0,0.0,0.0,0.0,0.0,0.0,0.0,0.0,0.0,0.0,0.0,0.0,0.0,0.0,0.0,0.0,0.0,0.0,0.0,0.0,0.0,0.0,0.0,0.0,0.0,0.0,0.0,0.0,0.0,0.0,0.0,0.0,0.0,0.0,0.0,0.0,0.0,0.0,0.0,0.0,0.0,0.0,0.0
0.0,0.0,0.0,0.0,0.0,0.0,0.0,0.0,0.0,0.0,0.0,0.0,0.0,0.0,0.0,0.0,0.0,0.0,0.0,0.0,0.0,0.0,0.0,0.0,0.0,0.0,0.0,0.0,0.0,0.0,0.0,0.0,0.0,0.0,0.0,0.0,0.0,0.0,0.0,0.0,0.0,0.0,0.0,0.0,0.0,0.0,0.0,0.0,0.0,0.0,0.0,0.0,0.0,0.0,0.0,0.0,0.0,0.0,0.0,0.0,0.0,0.0,0.0,0.0,0.0,0.0,0.0,0.0,0.0,0.0,0.0,0.0,0.0,0.0,0.0,0.0,0.0,0.0,0.0,0.0,0.0,0.0,0.0,0.0,0.0,0.0,0.0,0.0,0.0,0.0,0.0,0.0,0.0,0.0,0.0,0.0,0.0,0.0,0.0,0.0,0.0,0.0,0.0,0.0,0.0,0.0,0.0,0.0,0.0,0.0,0.0,0.0,0.0,0.0,0.0,0.0,0.0,0.0,0.0,0.0,0.0,0.0,0.0,0.0,0.0,0.0,0.0,0.0,0.0,0.0,0.0,0.0,0.0,0.0,0.0,0.0,0.0,0.0,0.0,0.0,0.0,0.0,0.0,0.0,0.0,0.0,0.0,0.0,0.0,0.0,0.0,0.0,0.0,0.0,0.0,0.0,0.0,0.0,0.0,0.0,0.0,0.0,0.0,0.0,0.0,0.0,0.0,0.0,0.0,0.0,0.0,0.0,0.0,0.0,0.0,0.0,0.0,0.0,0.0,0.0,0.0,0.0,0.0,0.0,0.0,0.0,0.0,0.0,0.0,0.0,0.0,0.0,0.0,0.0,0.0,0.0,0.0,0.0,0.0,0.0,0.0,0.0,0.0,0.0,0.0,0.0,0.0,0.0,0.0,0.0,0.0,0.0,0.0,0.0,0.0,0.0,0.0,0.0,0.0,0.0,0.0,0.0,0.0,0.0,0.0,0.0,0.0,0.0,0.0,0.0,0.0,0.0,0.0,0.0,0.0,0.0,0.0,0.0,0.0,0.0,0.0,0.0,0.0,0.0,0.0,0.0,0.0,0.0,0.0,0.0,0.0,0.0,0.0,0.0,0.0,0.0,0.0,0.0,0.0,0.0,0.0,0.0,0.0,0.0,0.0,0.0,0.0,0.0,0.0,0.0,0.0,0.0,0.0,0.0,0.0,0.0,0.0,0.0,0.0,0.0,0.0,0.0,0.0,0.0,0.0,0.0,0.0,0.0,0.0,0.0,0.0,0.0,0.0,0.0,0.0,0.0,0.0,0.0,0.0,0.0
0.0,0.0,0.0,0.0,0.0,0.0,0.0,0.0,0.0,0.0,0.0,0.0,0.0,0.0,0.0,0.0,0.0,0.0,0.0,0.0,0.0,0.0,0.0,0.0,0.0,0.0,0.0,0.0,0.0,0.0,0.0,0.0,0.0,0.0,0.0,0.0,0.0,0.0,0.0,0.0,0.0,0.0,0.0,0.0,0.0,0.0,0.0,0.0,0.0,0.0,0.0,0.0,0.0,0.0,0.0,0.0,0.0,0.0,0.0,0.0,0.0,0.0,0.0,0.0,0.0,0.0,0.0,0.0,0.0,0.0,0.0,0.0,0.0,0.0,0.0,0.0,0.0,0.0,0.0,0.0,0.0,0.0,0.0,0.0,0.0,0.0,0.0,0.0,0.0,0.0,0.0,0.0,0.0,0.0,0.0,0.0,0.0,0.0,0.0,0.0,0.0,0.0,0.0,0.0,0.0,0.0,0.0,0.0,0.0,0.0,0.0,0.0,0.0,0.0,0.0,0.0,0.0,0.0,0.0,0.0,0.0,0.0,0.0,0.0,0.0,0.0,0.0,0.0,0.0,0.0,0.0,0.0,0.0,0.0,0.0,0.0,0.0,0.0,0.0,0.0,0.0,0.0,0.0,0.0,0.0,0.0,0.0,0.0,0.0,0.0,0.0,0.0,0.0,0.0,0.0,0.0,0.0,0.0,0.0,0.0,0.0,0.0,0.0,0.0,0.0,0.0,0.0,0.0,0.0,0.0,0.0,0.0,0.0,0.0,0.0,0.0,0.0,0.0,0.0,0.0,0.0,0.0,0.0,0.0,0.0,0.0,0.0,0.0,0.0,0.0,0.0,0.0,0.0,0.0,0.0,0.0,0.0,0.0,0.0,0.0,0.0,0.0,0.0,0.0,0.0,0.0,0.0,0.0,0.0,0.0,0.0,0.0,0.0,0.0,0.0,0.0,0.0,0.0,0.0,0.0,0.0,0.0,0.0,0.0,0.0,0.0,0.0,0.0,0.0,0.0,0.0,0.0,0.0,0.0,0.0,0.0,0.0,0.0,0.0,0.0,0.0,0.0,0.0,0.0,0.0,0.0,0.0,0.0,0.0,0.0,0.0,0.0,0.0,0.0,0.0,0.0,0.0,0.0,0.0,0.0,0.0,0.0,0.0,0.0,0.0,0.0,0.0,0.0,0.0,0.0,0.0,0.0,0.0,0.0,0.0,0.0,0.0,0.0,0.0,0.0,0.0,0.0,0.0,0.0,0.0,0.0,0.0,0.0,0.0,0.0,0.0,0.0,0.0,0.0,0.0,0.0,0.0,0.0,0.0,0.0
0.0,0.0,0.0,0.0,0.0,0.0,0.0,0.0,0.0,0.0,0.0,0.0,0.0,0.0,0.0,0.0,0.0,0.0,0.0,0.0,0.0,0.0,0.0,0.0,0.0,0.0,0.0,0.0,0.0,0.0,0.0,0.0,0.0,0.0,0.0,0.0,0.0,0.0,0.0,0.0,0.0,0.0,0.0,0.0,0.0,0.0,0.0,0.0,0.0,0.0,0.0,0.0,0.0,0.0,0.0,0.0,0.0,0.0,0.0,0.0,0.0,0.0,0.0,0.0,0.0,0.0,0.0,0.0,0.0,0.0,0.0,0.0,0.0,0.0,0.0,0.0,0.0,0.0,0.0,0.0,0.0,0.0,0.0,0.0,0.0,0.0,0.0,0.0,0.0,0.0,0.0,0.0,0.0,0.0,0.0,0.0,0.0,0.0,0.0,0.0,0.0,0.0,0.0,0.0,0.0,0.0,0.0,0.0,0.0,0.0,0.0,0.0,0.0,0.0,0.0,0.0,0.0,0.0,0.0,0.0,0.0,0.0,0.0,0.0,0.0,0.0,0.0,0.0,0.0,0.0,0.0,0.0,0.0,0.0,0.0,0.0,0.0,0.0,0.0,0.0,0.0,0.0,0.0,0.0,0.0,0.0,0.0,0.0,0.0,0.0,0.0,0.0,0.0,0.0,0.0,0.0,0.0,0.0,0.0,0.0,0.0,0.0,0.0,0.0,0.0,0.0,0.0,0.0,0.0,0.0,0.0,0.0,0.0,0.0,0.0,0.0,0.0,0.0,0.0,0.0,0.0,0.0,0.0,0.0,0.0,0.0,0.0,0.0,0.0,0.0,0.0,0.0,0.0,0.0,0.0,0.0,0.0,0.0,0.0,0.0,0.0,0.0,0.0,0.0,0.0,0.0,0.0,0.0,0.0,0.0,0.0,0.0,0.0,0.0,0.0,0.0,0.0,0.0,0.0,0.0,0.0,0.0,0.0,0.0,0.0,0.0,0.0,0.0,0.0,0.0,0.0,0.0,0.0,0.0,0.0,0.0,0.0,0.0,0.0,0.0,0.0,0.0,0.0,0.0,0.0,0.0,0.0,0.0,0.0,0.0,0.0,0.0,0.0,0.0,0.0,0.0,0.0,0.0,0.0,0.0,0.0,0.0,0.0,0.0,0.0,0.0,0.0,0.0,0.0,0.0,0.0,0.0,0.0,0.0,0.0,0.0,0.0,0.0,0.0,0.0,0.0,0.0,0.0,0.0,0.0,0.0,0.0,0.0,0.0,0.0,0.0,0.0,0.0,0.0,0.0,0.0,0.0,0.0,0.0,0.0
0.0,0.0,0.0,0.0,0.0,0.0,0.0,0.0,0.0,0.0,0.0,0.0,0.0,0.0,0.0,0.0,0.0,0.0,0.0,0.0,0.0,0.0,0.0,0.0,0.0,0.0,0.0,0.0,0.0,0.0,0.0,0.0,0.0,0.0,0.0,0.0,0.0,0.0,0.0,0.0,0.0,0.0,0.0,0.0,0.0,0.0,0.0,0.0,0.0,0.0,0.0,0.0,0.0,0.0,0.0,0.0,0.0,0.0,0.0,0.0,0.0,0.0,0.0,0.0,0.0,0.0,0.0,0.0,0.0,0.0,0.0,0.0,0.0,0.0,0.0,0.0,0.0,0.0,0.0,0.0,0.0,0.0,0.0,0.0,0.0,0.0,0.0,0.0,0.0,0.0,0.0,0.0,0.0,0.0,0.0,0.0,0.0,0.0,0.0,0.0,0.0,0.0,0.0,0.0,0.0,0.0,0.0,0.0,0.0,0.0,0.0,0.0,0.0,0.0,0.0,0.0,0.0,0.0,0.0,0.0,0.0,0.0,0.0,0.0,0.0,0.0,0.0,0.0,0.0,0.0,0.0,0.0,0.0,0.0,0.0,0.0,0.0,0.0,0.0,0.0,0.0,0.0,0.0,0.0,0.0,0.0,0.0,0.0,0.0,0.0,0.0,0.0,0.0,0.0,0.0,0.0,0.0,0.0,0.0,0.0,0.0,0.0,0.0,0.0,0.0,0.0,0.0,0.0,0.0,0.0,0.0,0.0,0.0,0.0,0.0,0.0,0.0,0.0,0.0,0.0,0.0,0.0,0.0,0.0,0.0,0.0,0.0,0.0,0.0,0.0,0.0,0.0,0.0,0.0,0.0,0.0,0.0,0.0,0.0,0.0,0.0,0.0,0.0,0.0,0.0,0.0,0.0,0.0,0.0,0.0,0.0,0.0,0.0,0.0,0.0,0.0,0.0,0.0,0.0,0.0,0.0,0.0,0.0,0.0,0.0,0.0,0.0,0.0,0.0,0.0,0.0,0.0,0.0,0.0,0.0,0.0,0.0,0.0,0.0,0.0,0.0,0.0,0.0,0.0,0.0,0.0,0.0,0.0,0.0,0.0,0.0,0.0,0.0,0.0,0.0,0.0,0.0,0.0,0.0,0.0,0.0,0.0,0.0,0.0,0.0,0.0,0.0,0.0,0.0,0.0,0.0,0.0,0.0,0.0,0.0,0.0,0.0,0.0,0.0,0.0,0.0,0.0,0.0,0.0,0.0,0.0,0.0,0.0,0.0,0.0,0.0,0.0,0.0,0.0,0.0,0.0,0.0,0.0,0.0,0.0
0.0,0.0,0.0,0.0,0.0,0.0,0.0,0.0,0.0,0.0,0.0,0.0,0.0,0.0,0.0,0.0,0.0,0.0,0.0,0.0,0.0,0.0,0.0,0.0,0.0,0.0,0.0,0.0,0.0,0.0,0.0,0.0,0.0,0.0,0.0,0.0,0.0,0.0,0.0,0.0,0.0,0.0,0.0,0.0,0.0,0.0,0.0,0.0,0.0,0.0,0.0,0.0,0.0,0.0,0.0,0.0,0.0,0.0,0.0,0.0,0.0,0.0,0.0,0.0,0.0,0.0,0.0,0.0,0.0,0.0,0.0,0.0,0.0,0.0,0.0,0.0,0.0,0.0,0.0,0.0,0.0,0.0,0.0,0.0,0.0,0.0,0.0,0.0,0.0,0.0,0.0,0.0,0.0,0.0,0.0,0.0,0.0,0.0,0.0,0.0,0.0,0.0,0.0,0.0,0.0,0.0,0.0,0.0,0.0,0.0,0.0,0.0,0.0,0.0,0.0,0.0,0.0,0.0,0.0,0.0,0.0,0.0,0.0,0.0,0.0,0.0,0.0,0.0,0.0,0.0,0.0,0.0,0.0,0.0,0.0,0.0,0.0,0.0,0.0,0.0,0.0,0.0,0.0,0.0,0.0,0.0,0.0,0.0,0.0,0.0,0.0,0.0,0.0,0.0,0.0,0.0,0.0,0.0,0.0,0.0,0.0,0.0,0.0,0.0,0.0,0.0,0.0,0.0,0.0,0.0,0.0,0.0,0.0,0.0,0.0,0.0,0.0,0.0,0.0,0.0,0.0,0.0,0.0,0.0,0.0,0.0,0.0,0.0,0.0,0.0,0.0,0.0,0.0,0.0,0.0,0.0,0.0,0.0,0.0,0.0,0.0,0.0,0.0,0.0,0.0,0.0,0.0,0.0,0.0,0.0,0.0,0.0,0.0,0.0,0.0,0.0,0.0,0.0,0.0,0.0,0.0,0.0,0.0,0.0,0.0,0.0,0.0,0.0,0.0,0.0,0.0,0.0,0.0,0.0,0.0,0.0,0.0,0.0,0.0,0.0,0.0,0.0,0.0,0.0,0.0,0.0,0.0,0.0,0.0,0.0,0.0,0.0,0.0,0.0,0.0,0.0,0.0,0.0,0.0,0.0,0.0,0.0,0.0,0.0,0.0,0.0,0.0,0.0,0.0,0.0,0.0,0.0,0.0,0.0,0.0,0.0,0.0,0.0,0.0,0.0,0.0,0.0,0.0,0.0,0.0,0.0,0.0,0.0,0.0,0.0,0.0,0.0,0.0,0.0,0.0,0.0,0.0,0.0,0.0,0.0
0.0,0.0,0.0,0.0,0.0,0.0,0.0,0.0,0.0,0.0,0.0,0.0,0.0,0.0,0.0,0.0,0.0,0.0,0.0,0.0,0.0,0.0,0.0,0.0,0.0,0.0,0.0,0.0,0.0,0.0,0.0,0.0,0.0,0.0,0.0,0.0,0.0,0.0,0.0,0.0,0.0,0.0,0.0,0.0,0.0,0.0,0.0,0.0,0.0,0.0,0.0,0.0,0.0,0.0,0.0,0.0,0.0,0.0,0.0,0.0,0.0,0.0,0.0,0.0,0.0,0.0,0.0,0.0,0.0,0.0,0.0,0.0,0.0,0.0,0.0,0.0,0.0,0.0,0.0,0.0,0.0,0.0,0.0,0.0,0.0,0.0,0.0,0.0,0.0,0.0,0.0,0.0,0.0,0.0,0.0,0.0,0.0,0.0,0.0,0.0,0.0,0.0,0.0,0.0,0.0,0.0,0.0,0.0,0.0,0.0,0.0,0.0,0.0,0.0,0.0,0.0,0.0,0.0,0.0,0.0,0.0,0.0,0.0,0.0,0.0,0.0,0.0,0.0,0.0,0.0,0.0,0.0,0.0,0.0,0.0,0.0,0.0,0.0,0.0,0.0,0.0,0.0,0.0,0.0,0.0,0.0,0.0,0.0,0.0,0.0,0.0,0.0,0.0,0.0,0.0,0.0,0.0,0.0,0.0,0.0,0.0,0.0,0.0,0.0,0.0,0.0,0.0,0.0,0.0,0.0,0.0,0.0,0.0,0.0,0.0,0.0,0.0,0.0,0.0,0.0,0.0,0.0,0.0,0.0,0.0,0.0,0.0,0.0,0.0,0.0,0.0,0.0,0.0,0.0,0.0,0.0,0.0,0.0,0.0,0.0,0.0,0.0,0.0,0.0,0.0,0.0,0.0,0.0,0.0,0.0,0.0,0.0,0.0,0.0,0.0,0.0,0.0,0.0,0.0,0.0,0.0,0.0,0.0,0.0,0.0,0.0,0.0,0.0,0.0,0.0,0.0,0.0,0.0,0.0,0.0,0.0,0.0,0.0,0.0,0.0,0.0,0.0,0.0,0.0,0.0,0.0,0.0,0.0,0.0,0.0,0.0,0.0,0.0,0.0,0.0,0.0,0.0,0.0,0.0,0.0,0.0,0.0,0.0,0.0,0.0,0.0,0.0,0.0,0.0,0.0,0.0,0.0,0.0,0.0,0.0,0.0,0.0,0.0,0.0,0.0,0.0,0.0,0.0,0.0,0.0,0.0,0.0,0.0,0.0,0.0,0.0,0.0,0.0,0.0,0.0,0.0,0.0,0.0,0.0,0.0
,,,,,,,,,,,,,,,,,,,,,,,,,,,,,,,,,,,,,,,,,,,,,,,,,,,,,,,,,,,,,,,,,,,,,,,,,,,0.0,0.0,0.0,0.0,0.0,0.0,0.0,0.0,0.0,0.0,0.0,0.0,0.0,0.0,0.0,0.0,0.0,0.0,0.0,0.0,0.0,0.0,0.0,0.0,0.0,0.0,0.0,0.0,0.0,0.0,0.0,0.0,0.0,0.0,0.0,0.0,0.0,0.0,0.0,0.0,0.0,0.0,0.0,0.0,0.0,0.0,0.0,0.0,0.0,0.0,0.0,0.0,0.0,0.0,0.0,0.0,0.0,0.0,0.0,0.0,0.0,0.0,0.0,0.0,0.0,0.0,0.0,0.0,0.0,0.0,0.0,0.0,0.0,0.0,0.0,0.0,0.0,0.0,0.0,0.0,0.0,0.0,0.0,0.0,0.0,0.0,0.0,0.0,0.0,0.0,0.0,0.0,0.0,0.0,0.0,0.0,0.0,0.0,0.0,0.0,0.0,0.0,0.0,0.0,0.0,0.0,0.0,0.0,0.0,0.0,0.0,0.0,0.0,0.0,0.0,0.0,0.0,0.0,0.0,0.0,0.0,0.0,0.0,0.0,0.0,0.0,0.0,0.0,0.0,0.0,0.0,0.0,0.0,0.0,0.0,0.0,0.0,0.0,0.0,0.0,0.0,0.0,0.0,0.0,0.0,0.0,0.0,0.0,0.0,0.0,0.0,0.0,0.0,0.0,0.0,0.0,0.0,0.0,0.0,0.0,0.0,0.0,0.0,0.0,0.0,0.0,0.0,0.0,0.0,0.0,0.0,0.0,0.0,0.0,0.0,0.0,0.0,0.0,0.0,0.0,0.0,0.0,0.0,0.0,0.0,0.0,0.0,0.0,0.0,0.0,0.0,0.0,0.0,0.0,0.0,0.0,0.0,0.0,0.0,0.0,0.0,0.0,0.0,0.0,0.0,0.0,0.0,0.0,0.0,0.0,0.0,0.0,0.0,0.0,0.0,0.0,0.0,0.0,0.0,0.0,0.0,0.0,0.0,0.0,0.0
,,,,,,,,,,,,,,,,,,,,,,,,,,,,,,,,,,,,,,,,,,,,,,,,,,,,,,,,,,,,,,,,,,,,,,,,,,,0.0,0.0,0.0,0.0,0.0,0.0,0.0,0.0,0.0,0.0,0.0,0.0,0.0,0.0,0.0,0.0,0.0,0.0,0.0,0.0,0.0,0.0,0.0,0.0,0.0,0.0,0.0,0.0,0.0,0.0,0.0,0.0,0.0,0.0,0.0,0.0,0.0,0.0,0.0,0.0,0.0,0.0,0.0,0.0,0.0,0.0,0.0,0.0,0.0,0.0,0.0,0.0,0.0,0.0,0.0,0.0,0.0,0.0,0.0,0.0,0.0,0.0,0.0,0.0,0.0,0.0,0.0,0.0,0.0,0.0,0.0,0.0,0.0,0.0,0.0,0.0,0.0,0.0,0.0,0.0,0.0,0.0,0.0,0.0,0.0,0.0,0.0,0.0,0.0,0.0,0.0,0.0,0.0,0.0,0.0,0.0,0.0,0.0,0.0,0.0,0.0,0.0,0.0,0.0,0.0,0.0,0.0,0.0,0.0,0.0,0.0,0.0,0.0,0.0,0.0,0.0,0.0,0.0,0.0,0.0,0.0,0.0,0.0,0.0,0.0,0.0,0.0,0.0,0.0,0.0,0.0,0.0,0.0,0.0,0.0,0.0,0.0,0.0,0.0,0.0,0.0,0.0,0.0,0.0,0.0,0.0,0.0,0.0,0.0,0.0,0.0,0.0,0.0,0.0,0.0,0.0,0.0,0.0,0.0,0.0,0.0,0.0,0.0,0.0,0.0,0.0,0.0,0.0,0.0,0.0,0.0,0.0,0.0,0.0,0.0,0.0,0.0,0.0,0.0,0.0,0.0,0.0,0.0,0.0,0.0,0.0,0.0,0.0,0.0,0.0,0.0,0.0,0.0,0.0,0.0,0.0,0.0,0.0,0.0,0.0,0.0,0.0,0.0,0.0,0.0,0.0,0.0,0.0,0.0,0.0,0.0,0.0,0.0,0.0,0.0,0.0,0.0,0.0,0.0,0.0,0.0,0.0,0.0,0.0,0.0
,,,,,,,,,,,,,,,,,,,,,,,,,,,,,,,,,,,,,,,,,,,,,,,,,,,,,,,,,,,,,,,,,,,,,,,,,,,0.0,0.0,0.0,0.0,0.0,0.0,0.0,0.0,0.0,0.0,0.0,0.0,0.0,0.0,0.0,0.0,0.0,0.0,0.0,0.0,0.0,0.0,0.0,0.0,0.0,0.0,0.0,0.0,0.0,0.0,0.0,0.0,0.0,0.0,0.0,0.0,0.0,0.0,0.0,0.0,0.0,0.0,0.0,0.0,0.0,0.0,0.0,0.0,0.0,0.0,0.0,0.0,0.0,0.0,0.0,0.0,0.0,0.0,0.0,0.0,0.0,0.0,0.0,0.0,0.0,0.0,0.0,0.0,0.0,0.0,0.0,0.0,0.0,0.0,0.0,0.0,0.0,0.0,0.0,0.0,0.0,0.0,0.0,0.0,0.0,0.0,0.0,0.0,0.0,0.0,0.0,0.0,0.0,0.0,0.0,0.0,0.0,0.0,0.0,0.0,0.0,0.0,0.0,0.0,0.0,0.0,0.0,0.0,0.0,0.0,0.0,0.0,0.0,0.0,0.0,0.0,0.0,0.0,0.0,0.0,0.0,0.0,0.0,0.0,0.0,0.0,0.0,0.0,0.0,0.0,0.0,0.0,0.0,0.0,0.0,0.0,0.0,0.0,0.0,0.0,0.0,0.0,0.0,0.0,0.0,0.0,0.0,0.0,0.0,0.0,0.0,0.0,0.0,0.0,0.0,0.0,0.0,0.0,0.0,0.0,0.0,0.0,0.0,0.0,0.0,0.0,0.0,0.0,0.0,0.0,0.0,0.0,0.0,0.0,0.0,0.0,0.0,0.0,0.0,0.0,0.0,0.0,0.0,0.0,0.0,0.0,0.0,0.0,0.0,0.0,0.0,0.0,0.0,0.0,0.0,0.0,0.0,0.0,0.0,0.0,0.0,0.0,0.0,0.0,0.0,0.0,0.0,0.0,0.0,0.0,0.0,0.0,0.0,0.0,0.0,0.0,0.0,0.0,0.0,0.0,0.0,0.0,0.0,0.0,0.0
,,,,,,,,,,,,,,,,,,,,,,,,,,,,,,,,,,,,,,,,,,,,,,,,,,,,,,,,,,,,,,,,,,,,,,,,,,,0.0,0.0,0.0,0.0,0.0,0.0,0.0,0.0,0.0,0.0,0.0,0.0,0.0,0.0,0.0,0.0,0.0,0.0,0.0,0.0,0.0,0.0,0.0,0.0,0.0,0.0,0.0,0.0,0.0,0.0,0.0,0.0,0.0,0.0,0.0,0.0,0.0,0.0,0.0,0.0,0.0,0.0,0.0,0.0,0.0,0.0,0.0,0.0,0.0,0.0,0.0,0.0,0.0,0.0,0.0,0.0,0.0,0.0,0.0,0.0,0.0,0.0,0.0,0.0,0.0,0.0,0.0,0.0,0.0,0.0,0.0,0.0,0.0,0.0,0.0,0.0,0.0,0.0,0.0,0.0,0.0,0.0,0.0,0.0,0.0,0.0,0.0,0.0,0.0,0.0,0.0,0.0,0.0,0.0,0.0,0.0,0.0,0.0,0.0,0.0,0.0,0.0,0.0,0.0,0.0,0.0,0.0,0.0,0.0,0.0,0.0,0.0,0.0,0.0,0.0,0.0,0.0,0.0,0.0,0.0,0.0,0.0,0.0,0.0,0.0,0.0,0.0,0.0,0.0,0.0,0.0,0.0,0.0,0.0,0.0,0.0,0.0,0.0,0.0,0.0,0.0,0.0,0.0,0.0,0.0,0.0,0.0,0.0,0.0,0.0,0.0,0.0,0.0,0.0,0.0,0.0,0.0,0.0,0.0,0.0,0.0,0.0,0.0,0.0,0.0,0.0,0.0,0.0,0.0,0.0,0.0,0.0,0.0,0.0,0.0,0.0,0.0,0.0,0.0,0.0,0.0,0.0,0.0,0.0,0.0,0.0,0.0,0.0,0.0,0.0,0.0,0.0,0.0,0.0,0.0,0.0,0.0,0.0,0.0,0.0,0.0,0.0,0.0,0.0,0.0,0.0,0.0,0.0,0.0,0.0,0.0,0.0,0.0,0.0,0.0,0.0,0.0,0.0,0.0,0.0,0.0,0.0,0.0,0.0,0.0
,,,,,,,,,,,,,,,,,,,,,,,,,,,,,,,,,,,,,,,,,,,,,,,,,,,,,,,,,,,,,,,,,,,,,,,,,,,0.0,0.0,0.0,0.0,0.0,0.0,0.0,0.0,0.0,0.0,0.0,0.0,0.0,0.0,0.0,0.0,0.0,0.0,0.0,0.0,0.0,0.0,0.0,0.0,0.0,0.0,0.0,0.0,0.0,0.0,0.0,0.0,0.0,0.0,0.0,0.0,0.0,0.0,0.0,0.0,0.0,0.0,0.0,0.0,0.0,0.0,0.0,0.0,0.0,0.0,0.0,0.0,0.0,0.0,0.0,0.0,0.0,0.0,0.0,0.0,0.0,0.0,0.0,0.0,0.0,0.0,0.0,0.0,0.0,0.0,0.0,0.0,0.0,0.0,0.0,0.0,0.0,0.0,0.0,0.0,0.0,0.0,0.0,0.0,0.0,0.0,0.0,0.0,0.0,0.0,0.0,0.0,0.0,0.0,0.0,0.0,0.0,0.0,0.0,0.0,0.0,0.0,0.0,0.0,0.0,0.0,0.0,0.0,0.0,0.0,0.0,0.0,0.0,0.0,0.0,0.0,0.0,0.0,0.0,0.0,0.0,0.0,0.0,0.0,0.0,0.0,0.0,0.0,0.0,0.0,0.0,0.0,0.0,0.0,0.0,0.0,0.0,0.0,0.0,0.0,0.0,0.0,0.0,0.0,0.0,0.0,0.0,0.0,0.0,0.0,0.0,0.0,0.0,0.0,0.0,0.0,0.0,0.0,0.0,0.0,0.0,0.0,0.0,0.0,0.0,0.0,0.0,0.0,0.0,0.0,0.0,0.0,0.0,0.0,0.0,0.0,0.0,0.0,0.0,0.0,0.0,0.0,0.0,0.0,0.0,0.0,0.0,0.0,0.0,0.0,0.0,0.0,0.0,0.0,0.0,0.0,0.0,0.0,0.0,0.0,0.0,0.0,0.0,0.0,0.0,0.0,0.0,0.0,0.0,0.0,0.0,0.0,0.0,0.0,0.0,0.0,0.0,0.0,0.0,0.0,0.0,0.0,0.0,0.0,0.0
,,,,,,,,,,,,,,,,,,,,,,,,,,,,,,,,,,,,,,,,,,,,,,,,,,,,,,,,,,,,,,,,,,,,,,,,,,,0.0,0.0,0.0,0.0,0.0,0.0,0.0,0.0,0.0,0.0,0.0,0.0,0.0,0.0,0.0,0.0,0.0,0.0,0.0,0.0,0.0,0.0,0.0,0.0,0.0,0.0,0.0,0.0,0.0,0.0,0.0,0.0,0.0,0.0,0.0,0.0,0.0,0.0,0.0,0.0,0.0,0.0,0.0,0.0,0.0,0.0,0.0,0.0,0.0,0.0,0.0,0.0,0.0,0.0,0.0,0.0,0.0,0.0,0.0,0.0,0.0,0.0,0.0,0.0,0.0,0.0,0.0,0.0,0.0,0.0,0.0,0.0,0.0,0.0,0.0,0.0,0.0,0.0,0.0,0.0,0.0,0.0,0.0,0.0,0.0,0.0,0.0,0.0,0.0,0.0,0.0,0.0,0.0,0.0,0.0,0.0,0.0,0.0,0.0,0.0,0.0,0.0,0.0,0.0,0.0,0.0,0.0,0.0,0.0,0.0,0.0,0.0,0.0,0.0,0.0,0.0,0.0,0.0,0.0,0.0,0.0,0.0,0.0,0.0,0.0,0.0,0.0,0.0,0.0,0.0,0.0,0.0,0.0,0.0,0.0,0.0,0.0,0.0,0.0,0.0,0.0,0.0,0.0,0.0,0.0,0.0,0.0,0.0,0.0,0.0,0.0,0.0,0.0,0.0,0.0,0.0,0.0,0.0,0.0,0.0,0.0,0.0,0.0,0.0,0.0,0.0,0.0,0.0,0.0,0.0,0.0,0.0,0.0,0.0,0.0,0.0,0.0,0.0,0.0,0.0,0.0,0.0,0.0,0.0,0.0,0.0,0.0,0.0,0.0,0.0,0.0,0.0,0.0,0.0,0.0,0.0,0.0,0.0,0.0,0.0,0.0,0.0,0.0,0.0,0.0,0.0,0.0,0.0,0.0,0.0,0.0,0.0,0.0,0.0,0.0,0.0,0.0,0.0,0.0,0.0,0.0,0.0,0.0,0.0,0.0
,,,,,,,,,,,,,,,,,,,,,,,,,,,,,,,,,,,,,,,,,,,,,,,,,,,,,,,,,,,,,,,,,,,,,,,,,,,0.0,0.0,0.0,0.0,0.0,0.0,0.0,0.0,0.0,0.0,0.0,0.0,0.0,0.0,0.0,0.0,0.0,0.0,0.0,0.0,0.0,0.0,0.0,0.0,0.0,0.0,0.0,0.0,0.0,0.0,0.0,0.0,0.0,0.0,0.0,0.0,0.0,0.0,0.0,0.0,0.0,0.0,0.0,0.0,0.0,0.0,0.0,0.0,0.0,0.0,0.0,0.0,0.0,0.0,0.0,0.0,0.0,0.0,0.0,0.0,0.0,0.0,0.0,0.0,0.0,0.0,0.0,0.0,0.0,0.0,0.0,0.0,0.0,0.0,0.0,0.0,0.0,0.0,0.0,0.0,0.0,0.0,0.0,0.0,0.0,0.0,0.0,0.0,0.0,0.0,0.0,0.0,0.0,0.0,0.0,0.0,0.0,0.0,0.0,0.0,0.0,0.0,0.0,0.0,0.0,0.0,0.0,0.0,0.0,0.0,0.0,0.0,0.0,0.0,0.0,0.0,0.0,0.0,0.0,0.0,0.0,0.0,0.0,0.0,0.0,0.0,0.0,0.0,0.0,0.0,0.0,0.0,0.0,0.0,0.0,0.0,0.0,0.0,0.0,0.0,0.0,0.0,0.0,0.0,0.0,0.0,0.0,0.0,0.0,0.0,0.0,0.0,0.0,0.0,0.0,0.0,0.0,0.0,0.0,0.0,0.0,0.0,0.0,0.0,0.0,0.0,0.0,0.0,0.0,0.0,0.0,0.0,0.0,0.0,0.0,0.0,0.0,0.0,0.0,0.0,0.0,0.0,0.0,0.0,0.0,0.0,0.0,0.0,0.0,0.0,0.0,0.0,0.0,0.0,0.0,0.0,0.0,0.0,0.0,0.0,0.0,0.0,0.0,0.0,0.0,0.0,0.0,0.0,0.0,0.0,0.0,0.0,0.0,0.0,0.0,0.0,0.0,0.0,0.0,0.0,0.0,0.0,0.0,0.0,0.0
,,,,,,,,,,,,,,,,,,,,,,,,,,,,,,,,,,,,,,,,,,,,,,,,,,,,,,,,,,,,,,,,,,,,,,,,,,,0.0,0.0,0.0,0.0,0.0,0.0,0.0,0.0,0.0,0.0,0.0,0.0,0.0,0.0,0.0,0.0,0.0,0.0,0.0,0.0,0.0,0.0,0.0,0.0,0.0,0.0,0.0,0.0,0.0,0.0,0.0,0.0,0.0,0.0,0.0,0.0,0.0,0.0,0.0,0.0,0.0,0.0,0.0,0.0,0.0,0.0,0.0,0.0,0.0,0.0,0.0,0.0,0.0,0.0,0.0,0.0,0.0,0.0,0.0,0.0,0.0,0.0,0.0,0.0,0.0,0.0,0.0,0.0,0.0,0.0,0.0,0.0,0.0,0.0,0.0,0.0,0.0,0.0,0.0,0.0,0.0,0.0,0.0,0.0,0.0,0.0,0.0,0.0,0.0,0.0,0.0,0.0,0.0,0.0,0.0,0.0,0.0,0.0,0.0,0.0,0.0,0.0,0.0,0.0,0.0,0.0,0.0,0.0,0.0,0.0,0.0,0.0,0.0,0.0,0.0,0.0,0.0,0.0,0.0,0.0,0.0,0.0,0.0,0.0,0.0,0.0,0.0,0.0,0.0,0.0,0.0,0.0,0.0,0.0,0.0,0.0,0.0,0.0,0.0,0.0,0.0,0.0,0.0,0.0,0.0,0.0,0.0,0.0,0.0,0.0,0.0,0.0,0.0,0.0,0.0,0.0,0.0,0.0,0.0,0.0,0.0,0.0,0.0,0.0,0.0,0.0,0.0,0.0,0.0,0.0,0.0,0.0,0.0,0.0,0.0,0.0,0.0,0.0,0.0,0.0,0.0,0.0,0.0,0.0,0.0,0.0,0.0,0.0,0.0,0.0,0.0,0.0,0.0,0.0,0.0,0.0,0.0,0.0,0.0,0.0,0.0,0.0,0.0,0.0,0.0,0.0,0.0,0.0,0.0,0.0,0.0,0.0,0.0,0.0,0.0,0.0,0.0,0.0,0.0,0.0,0.0,0.0,0.0,0.0,0.0
,,,,,,,,,,,,,,,,,,,,,,,,,,,,,,,,,,,,,,,,,,,,,,,,,,,,,,,,,,,,,,,,,,,,,,,,,,,0.0,0.0,0.0,0.0,0.0,0.0,0.0,0.0,0.0,0.0,0.0,0.0,0.0,0.0,0.0,0.0,0.0,0.0,0.0,0.0,0.0,0.0,0.0,0.0,0.0,0.0,0.0,0.0,0.0,0.0,0.0,0.0,0.0,0.0,0.0,0.0,0.0,0.0,0.0,0.0,0.0,0.0,0.0,0.0,0.0,0.0,0.0,0.0,0.0,0.0,0.0,0.0,0.0,0.0,0.0,0.0,0.0,0.0,0.0,0.0,0.0,0.0,0.0,0.0,0.0,0.0,0.0,0.0,0.0,0.0,0.0,0.0,0.0,0.0,0.0,0.0,0.0,0.0,0.0,0.0,0.0,0.0,0.0,0.0,0.0,0.0,0.0,0.0,0.0,0.0,0.0,0.0,0.0,0.0,0.0,0.0,0.0,0.0,0.0,0.0,0.0,0.0,0.0,0.0,0.0,0.0,0.0,0.0,0.0,0.0,0.0,0.0,0.0,0.0,0.0,0.0,0.0,0.0,0.0,0.0,0.0,0.0,0.0,0.0,0.0,0.0,0.0,0.0,0.0,0.0,0.0,0.0,0.0,0.0,0.0,0.0,0.0,0.0,0.0,0.0,0.0,0.0,0.0,0.0,0.0,0.0,0.0,0.0,0.0,0.0,0.0,0.0,0.0,0.0,0.0,0.0,0.0,0.0,0.0,0.0,0.0,0.0,0.0,0.0,0.0,0.0,0.0,0.0,0.0,0.0,0.0,0.0,0.0,0.0,0.0,0.0,0.0,0.0,0.0,0.0,0.0,0.0,0.0,0.0,0.0,0.0,0.0,0.0,0.0,0.0,0.0,0.0,0.0,0.0,0.0,0.0,0.0,0.0,0.0,0.0,0.0,0.0,0.0,0.0,0.0,0.0,0.0,0.0,0.0,0.0,0.0,0.0,0.0,0.0,0.0,0.0,0.0,0.0,0.0,0.0,0.0,0.0,0.0,0.0,0.0
,,,,,,,,,,,,,,,,,,,,,,,,,,,,,,,,,,,,,,,,,,,,,,,,,,,,,,,,,,,,,,,,,,,,,,,,,,,0.0,0.0,0.0,0.0,0.0,0.0,0.0,0.0,0.0,0.0,0.0,0.0,0.0,0.0,0.0,0.0,0.0,0.0,0.0,0.0,0.0,0.0,0.0,0.0,0.0,0.0,0.0,0.0,0.0,0.0,0.0,0.0,0.0,0.0,0.0,0.0,0.0,0.0,0.0,0.0,0.0,0.0,0.0,0.0,0.0,0.0,0.0,0.0,0.0,0.0,0.0,0.0,0.0,0.0,0.0,0.0,0.0,0.0,0.0,0.0,0.0,0.0,0.0,0.0,0.0,0.0,0.0,0.0,0.0,0.0,0.0,0.0,0.0,0.0,0.0,0.0,0.0,0.0,0.0,0.0,0.0,0.0,0.0,0.0,0.0,0.0,0.0,0.0,0.0,0.0,0.0,0.0,0.0,0.0,0.0,0.0,0.0,0.0,0.0,0.0,0.0,0.0,0.0,0.0,0.0,0.0,0.0,0.0,0.0,0.0,0.0,0.0,0.0,0.0,0.0,0.0,0.0,0.0,0.0,0.0,0.0,0.0,0.0,0.0,0.0,0.0,0.0,0.0,0.0,0.0,0.0,0.0,0.0,0.0,0.0,0.0,0.0,0.0,0.0,0.0,0.0,0.0,0.0,0.0,0.0,0.0,0.0,0.0,0.0,0.0,0.0,0.0,0.0,0.0,0.0,0.0,0.0,0.0,0.0,0.0,0.0,0.0,0.0,0.0,0.0,0.0,0.0,0.0,0.0,0.0,0.0,0.0,0.0,0.0,0.0,0.0,0.0,0.0,0.0,0.0,0.0,0.0,0.0,0.0,0.0,0.0,0.0,0.0,0.0,0.0,0.0,0.0,0.0,0.0,0.0,0.0,0.0,0.0,0.0,0.0,0.0,0.0,0.0,0.0,0.0,0.0,0.0,0.0,0.0,0.0,0.0,0.0,0.0,0.0,0.0,0.0,0.0,0.0,0.0,0.0,0.0,0.0,0.0,0.0,0.0
,,,,,,,,,,,,,,,,,,,,,,,,,,,,,,,,,,,,,,,,,,,,,,,,,,,,,,,,,,,,,,,,,,,,,,,,,,,0.0,0.0,0.0,0.0,0.0,0.0,0.0,0.0,0.0,0.0,0.0,0.0,0.0,0.0,0.0,0.0,0.0,0.0,0.0,0.0,0.0,0.0,0.0,0.0,0.0,0.0,0.0,0.0,0.0,0.0,0.0,0.0,0.0,0.0,0.0,0.0,0.0,0.0,0.0,0.0,0.0,0.0,0.0,0.0,0.0,0.0,0.0,0.0,0.0,0.0,0.0,0.0,0.0,0.0,0.0,0.0,0.0,0.0,0.0,0.0,0.0,0.0,0.0,0.0,0.0,0.0,0.0,0.0,0.0,0.0,0.0,0.0,0.0,0.0,0.0,0.0,0.0,0.0,0.0,0.0,0.0,0.0,0.0,0.0,0.0,0.0,0.0,0.0,0.0,0.0,0.0,0.0,0.0,0.0,0.0,0.0,0.0,0.0,0.0,0.0,0.0,0.0,0.0,0.0,0.0,0.0,0.0,0.0,0.0,0.0,0.0,0.0,0.0,0.0,0.0,0.0,0.0,0.0,0.0,0.0,0.0,0.0,0.0,0.0,0.0,0.0,0.0,0.0,0.0,0.0,0.0,0.0,0.0,0.0,0.0,0.0,0.0,0.0,0.0,0.0,0.0,0.0,0.0,0.0,0.0,0.0,0.0,0.0,0.0,0.0,0.0,0.0,0.0,0.0,0.0,0.0,0.0,0.0,0.0,0.0,0.0,0.0,0.0,0.0,0.0,0.0,0.0,0.0,0.0,0.0,0.0,0.0,0.0,0.0,0.0,0.0,0.0,0.0,0.0,0.0,0.0,0.0,0.0,0.0,0.0,0.0,0.0,0.0,0.0,0.0,0.0,0.0,0.0,0.0,0.0,0.0,0.0,0.0,0.0,0.0,0.0,0.0,0.0,0.0,0.0,0.0,0.0,0.0,0.0,0.0,0.0,0.0,0.0,0.0,0.0,0.0,0.0,0.0,0.0,0.0,0.0,0.0,0.0,0.0,0.0
,,,,,,,,,,,,,,,,,,,,,,,,,,,,,,,,,,,,,,,,,,,,,,,,,,,,,,,,,,,,,,,,,,,,,,,,,,,0.0,0.0,0.0,0.0,0.0,0.0,0.0,0.0,0.0,0.0,0.0,0.0,0.0,0.0,0.0,0.0,0.0,0.0,0.0,0.0,0.0,0.0,0.0,0.0,0.0,0.0,0.0,0.0,0.0,0.0,0.0,0.0,0.0,0.0,0.0,0.0,0.0,0.0,0.0,0.0,0.0,0.0,0.0,0.0,0.0,0.0,0.0,0.0,0.0,0.0,0.0,0.0,0.0,0.0,0.0,0.0,0.0,0.0,0.0,0.0,0.0,0.0,0.0,0.0,0.0,0.0,0.0,0.0,0.0,0.0,0.0,0.0,0.0,0.0,0.0,0.0,0.0,0.0,0.0,0.0,0.0,0.0,0.0,0.0,0.0,0.0,0.0,0.0,0.0,0.0,0.0,0.0,0.0,0.0,0.0,0.0,0.0,0.0,0.0,0.0,0.0,0.0,0.0,0.0,0.0,0.0,0.0,0.0,0.0,0.0,0.0,0.0,0.0,0.0,0.0,0.0,0.0,0.0,0.0,0.0,0.0,0.0,0.0,0.0,0.0,0.0,0.0,0.0,0.0,0.0,0.0,0.0,0.0,0.0,0.0,0.0,0.0,0.0,0.0,0.0,0.0,0.0,0.0,0.0,0.0,0.0,0.0,0.0,0.0,0.0,0.0,0.0,0.0,0.0,0.0,0.0,0.0,0.0,0.0,0.0,0.0,0.0,0.0,0.0,0.0,0.0,0.0,0.0,0.0,0.0,0.0,0.0,0.0,0.0,0.0,0.0,0.0,0.0,0.0,0.0,0.0,0.0,0.0,0.0,0.0,0.0,0.0,0.0,0.0,0.0,0.0,0.0,0.0,0.0,0.0,0.0,0.0,0.0,0.0,0.0,0.0,0.0,0.0,0.0,0.0,0.0,0.0,0.0,0.0,0.0,0.0,0.0,0.0,0.0,0.0,0.0,0.0,0.0,0.0,0.0,0.0,0.0,0.0,0.0,0.0
,,,,,,,,,,,,,,,,,,,,,,,,,,,,,,,,,,,,,,,,,,,,,,,,,,,,,,,,,,,,,,,,,,,,,,,,,,,0.0,0.0,0.0,0.0,0.0,0.0,0.0,0.0,0.0,0.0,0.0,0.0,0.0,0.0,0.0,0.0,0.0,0.0,0.0,0.0,0.0,0.0,0.0,0.0,0.0,0.0,0.0,0.0,0.0,0.0,0.0,0.0,0.0,0.0,0.0,0.0,0.0,0.0,0.0,0.0,0.0,0.0,0.0,0.0,0.0,0.0,0.0,0.0,0.0,0.0,0.0,0.0,0.0,0.0,0.0,0.0,0.0,0.0,0.0,0.0,0.0,0.0,0.0,0.0,0.0,0.0,0.0,0.0,0.0,0.0,0.0,0.0,0.0,0.0,0.0,0.0,0.0,0.0,0.0,0.0,0.0,0.0,0.0,0.0,0.0,0.0,0.0,0.0,0.0,0.0,0.0,0.0,0.0,0.0,0.0,0.0,0.0,0.0,0.0,0.0,0.0,0.0,0.0,0.0,0.0,0.0,0.0,0.0,0.0,0.0,0.0,0.0,0.0,0.0,0.0,0.0,0.0,0.0,0.0,0.0,0.0,0.0,0.0,0.0,0.0,0.0,0.0,0.0,0.0,0.0,0.0,0.0,0.0,0.0,0.0,0.0,0.0,0.0,0.0,0.0,0.0,0.0,0.0,0.0,0.0,0.0,0.0,0.0,0.0,0.0,0.0,0.0,0.0,0.0,0.0,0.0,0.0,0.0,0.0,0.0,0.0,0.0,0.0,0.0,0.0,0.0,0.0,0.0,0.0,0.0,0.0,0.0,0.0,0.0,0.0,0.0,0.0,0.0,0.0,0.0,0.0,0.0,0.0,0.0,0.0,0.0,0.0,0.0,0.0,0.0,0.0,0.0,0.0,0.0,0.0,0.0,0.0,0.0,0.0,0.0,0.0,0.0,0.0,0.0,0.0,0.0,0.0,0.0,0.0,0.0,0.0,0.0,0.0,0.0,0.0,0.0,0.0,0.0,0.0,0.0,0.0,0.0,0.0,0.0,0.0
,,,,,,,,,,,,,,,,,,,,,,,,,,,,,,,,,,,,,,,,,,,,,,,,,,,,,,,,,,,,,,,,,,,,,,,,,,,0.0,0.0,0.0,0.0,0.0,0.0,0.0,0.0,0.0,0.0,0.0,0.0,0.0,0.0,0.0,0.0,0.0,0.0,0.0,0.0,0.0,0.0,0.0,0.0,0.0,0.0,0.0,0.0,0.0,0.0,0.0,0.0,0.0,0.0,0.0,0.0,0.0,0.0,0.0,0.0,0.0,0.0,0.0,0.0,0.0,0.0,0.0,0.0,0.0,0.0,0.0,0.0,0.0,0.0,0.0,0.0,0.0,0.0,0.0,0.0,0.0,0.0,0.0,0.0,0.0,0.0,0.0,0.0,0.0,0.0,0.0,0.0,0.0,0.0,0.0,0.0,0.0,0.0,0.0,0.0,0.0,0.0,0.0,0.0,0.0,0.0,0.0,0.0,0.0,0.0,0.0,0.0,0.0,0.0,0.0,0.0,0.0,0.0,0.0,0.0,0.0,0.0,0.0,0.0,0.0,0.0,0.0,0.0,0.0,0.0,0.0,0.0,0.0,0.0,0.0,0.0,0.0,0.0,0.0,0.0,0.0,0.0,0.0,0.0,0.0,0.0,0.0,0.0,0.0,0.0,0.0,0.0,0.0,0.0,0.0,0.0,0.0,0.0,0.0,0.0,0.0,0.0,0.0,0.0,0.0,0.0,0.0,0.0,0.0,0.0,0.0,0.0,0.0,0.0,0.0,0.0,0.0,0.0,0.0,0.0,0.0,0.0,0.0,0.0,0.0,0.0,0.0,0.0,0.0,0.0,0.0,0.0,0.0,0.0,0.0,0.0,0.0,0.0,0.0,0.0,0.0,0.0,0.0,0.0,0.0,0.0,0.0,0.0,0.0,0.0,0.0,0.0,0.0,0.0,0.0,0.0,0.0,0.0,0.0,0.0,0.0,0.0,0.0,0.0,0.0,0.0,0.0,0.0,0.0,0.0,0.0,0.0,0.0,0.0,0.0,0.0,0.0,0.0,0.0,0.0,0.0,0.0,0.0,0.0,0.0
,,,,,,,,,,,,,,,,,,,,,,,,,,,,,,,,,,,,,,,,,,,,,,,,,,,,,,,,,,,,,,,,,,,,,,,,,,,0.0,0.0,0.0,0.0,0.0,0.0,0.0,0.0,0.0,0.0,0.0,0.0,0.0,0.0,0.0,0.0,0.0,0.0,0.0,0.0,0.0,0.0,0.0,0.0,0.0,0.0,0.0,0.0,0.0,0.0,0.0,0.0,0.0,0.0,0.0,0.0,0.0,0.0,0.0,0.0,0.0,0.0,0.0,0.0,0.0,0.0,0.0,0.0,0.0,0.0,0.0,0.0,0.0,0.0,0.0,0.0,0.0,0.0,0.0,0.0,0.0,0.0,0.0,0.0,0.0,0.0,0.0,0.0,0.0,0.0,0.0,0.0,0.0,0.0,0.0,0.0,0.0,0.0,0.0,0.0,0.0,0.0,0.0,0.0,0.0,0.0,0.0,0.0,0.0,0.0,0.0,0.0,0.0,0.0,0.0,0.0,0.0,0.0,0.0,0.0,0.0,0.0,0.0,0.0,0.0,0.0,0.0,0.0,0.0,0.0,0.0,0.0,0.0,0.0,0.0,0.0,0.0,0.0,0.0,0.0,0.0,0.0,0.0,0.0,0.0,0.0,0.0,0.0,0.0,0.0,0.0,0.0,0.0,0.0,0.0,0.0,0.0,0.0,0.0,0.0,0.0,0.0,0.0,0.0,0.0,0.0,0.0,0.0,0.0,0.0,0.0,0.0,0.0,0.0,0.0,0.0,0.0,0.0,0.0,0.0,0.0,0.0,0.0,0.0,0.0,0.0,0.0,0.0,0.0,0.0,0.0,0.0,0.0,0.0,0.0,0.0,0.0,0.0,0.0,0.0,0.0,0.0,0.0,0.0,0.0,0.0,0.0,0.0,0.0,0.0,0.0,0.0,0.0,0.0,0.0,0.0,0.0,0.0,0.0,0.0,0.0,0.0,0.0,0.0,0.0,0.0,0.0,0.0,0.0,0.0,0.0,0.0,0.0,0.0,0.0,0.0,0.0,0.0,0.0,0.0,0.0,0.0,0.0,0.0,0.0
,,,,,,,,,,,,,,,,,,,,,,,,,,,,,,,,,,,,,,,,,,,,,,,,,,,,,,,,,,,,,,,,,,,,,,,,,,,0.0,0.0,0.0,0.0,0.0,0.0,0.0,0.0,0.0,0.0,0.0,0.0,0.0,0.0,0.0,0.0,0.0,0.0,0.0,0.0,0.0,0.0,0.0,0.0,0.0,0.0,0.0,0.0,0.0,0.0,0.0,0.0,0.0,0.0,0.0,0.0,0.0,0.0,0.0,0.0,0.0,0.0,0.0,0.0,0.0,0.0,0.0,0.0,0.0,0.0,0.0,0.0,0.0,0.0,0.0,0.0,0.0,0.0,0.0,0.0,0.0,0.0,0.0,0.0,0.0,0.0,0.0,0.0,0.0,0.0,0.0,0.0,0.0,0.0,0.0,0.0,0.0,0.0,0.0,0.0,0.0,0.0,0.0,0.0,0.0,0.0,0.0,0.0,0.0,0.0,0.0,0.0,0.0,0.0,0.0,0.0,0.0,0.0,0.0,0.0,0.0,0.0,0.0,0.0,0.0,0.0,0.0,0.0,0.0,0.0,0.0,0.0,0.0,0.0,0.0,0.0,0.0,0.0,0.0,0.0,0.0,0.0,0.0,0.0,0.0,0.0,0.0,0.0,0.0,0.0,0.0,0.0,0.0,0.0,0.0,0.0,0.0,0.0,0.0,0.0,0.0,0.0,0.0,0.0,0.0,0.0,0.0,0.0,0.0,0.0,0.0,0.0,0.0,0.0,0.0,0.0,0.0,0.0,0.0,0.0,0.0,0.0,0.0,0.0,0.0,0.0,0.0,0.0,0.0,0.0,0.0,0.0,0.0,0.0,0.0,0.0,0.0,0.0,0.0,0.0,0.0,0.0,0.0,0.0,0.0,0.0,0.0,0.0,0.0,0.0,0.0,0.0,0.0,0.0,0.0,0.0,0.0,0.0,0.0,0.0,0.0,0.0,0.0,0.0,0.0,0.0,0.0,0.0,0.0,0.0,0.0,0.0,0.0,0.0,0.0,0.0,0.0,0.0,0.0,0.0,0.0,0.0,0.0,0.0,0.0
,,,,,,,,,,,,,,,,,,,,,,,,,,,,,,,,,,,,,,,,,,,,,,,,,,,,,,,,,,,,,,,,,,,,,,,,,,,0.0,0.0,0.0,0.0,0.0,0.0,0.0,0.0,0.0,0.0,0.0,0.0,0.0,0.0,0.0,0.0,0.0,0.0,0.0,0.0,0.0,0.0,0.0,0.0,0.0,0.0,0.0,0.0,0.0,0.0,0.0,0.0,0.0,0.0,0.0,0.0,0.0,0.0,0.0,0.0,0.0,0.0,0.0,0.0,0.0,0.0,0.0,0.0,0.0,0.0,0.0,0.0,0.0,0.0,0.0,0.0,0.0,0.0,0.0,0.0,0.0,0.0,0.0,0.0,0.0,0.0,0.0,0.0,0.0,0.0,0.0,0.0,0.0,0.0,0.0,0.0,0.0,0.0,0.0,0.0,0.0,0.0,0.0,0.0,0.0,0.0,0.0,0.0,0.0,0.0,0.0,0.0,0.0,0.0,0.0,0.0,0.0,0.0,0.0,0.0,0.0,0.0,0.0,0.0,0.0,0.0,0.0,0.0,0.0,0.0,0.0,0.0,0.0,0.0,0.0,0.0,0.0,0.0,0.0,0.0,0.0,0.0,0.0,0.0,0.0,0.0,0.0,0.0,0.0,0.0,0.0,0.0,0.0,0.0,0.0,0.0,0.0,0.0,0.0,0.0,0.0,0.0,0.0,0.0,0.0,0.0,0.0,0.0,0.0,0.0,0.0,0.0,0.0,0.0,0.0,0.0,0.0,0.0,0.0,0.0,0.0,0.0,0.0,0.0,0.0,0.0,0.0,0.0,0.0,0.0,0.0,0.0,0.0,0.0,0.0,0.0,0.0,0.0,0.0,0.0,0.0,0.0,0.0,0.0,0.0,0.0,0.0,0.0,0.0,0.0,0.0,0.0,0.0,0.0,0.0,0.0,0.0,0.0,0.0,0.0,0.0,0.0,0.0,0.0,0.0,0.0,0.0,0.0,0.0,0.0,0.0,0.0,0.0,0.0,0.0,0.0,0.0,0.0,0.0,0.0,0.0,0.0,0.0,0.0,0.0
,,,,,,,,,,,,,,,,,,,,,,,,,,,,,,,,,,,,,,,,,,,,,,,,,,,,,,,,,,,,,,,,,,,,,,,,,,,0.0,0.0,0.0,0.0,0.0,0.0,0.0,0.0,0.0,0.0,0.0,0.0,0.0,0.0,0.0,0.0,0.0,0.0,0.0,0.0,0.0,0.0,0.0,0.0,0.0,0.0,0.0,0.0,0.0,0.0,0.0,0.0,0.0,0.0,0.0,0.0,0.0,0.0,0.0,0.0,0.0,0.0,0.0,0.0,0.0,0.0,0.0,0.0,0.0,0.0,0.0,0.0,0.0,0.0,0.0,0.0,0.0,0.0,0.0,0.0,0.0,0.0,0.0,0.0,0.0,0.0,0.0,0.0,0.0,0.0,0.0,0.0,0.0,0.0,0.0,0.0,0.0,0.0,0.0,0.0,0.0,0.0,0.0,0.0,0.0,0.0,0.0,0.0,0.0,0.0,0.0,0.0,0.0,0.0,0.0,0.0,0.0,0.0,0.0,0.0,0.0,0.0,0.0,0.0,0.0,0.0,0.0,0.0,0.0,0.0,0.0,0.0,0.0,0.0,0.0,0.0,0.0,0.0,0.0,0.0,0.0,0.0,0.0,0.0,0.0,0.0,0.0,0.0,0.0,0.0,0.0,0.0,0.0,0.0,0.0,0.0,0.0,0.0,0.0,0.0,0.0,0.0,0.0,0.0,0.0,0.0,0.0,0.0,0.0,0.0,0.0,0.0,0.0,0.0,0.0,0.0,0.0,0.0,0.0,0.0,0.0,0.0,0.0,0.0,0.0,0.0,0.0,0.0,0.0,0.0,0.0,0.0,0.0,0.0,0.0,0.0,0.0,0.0,0.0,0.0,0.0,0.0,0.0,0.0,0.0,0.0,0.0,0.0,0.0,0.0,0.0,0.0,0.0,0.0,0.0,0.0,0.0,0.0,0.0,0.0,0.0,0.0,0.0,0.0,0.0,0.0,0.0,0.0,0.0,0.0,0.0,0.0,0.0,0.0,0.0,0.0,0.0,0.0,0.0,0.0,0.0,0.0,0.0,0.0,0.0
,,,,,,,,,,,,,,,,,,,,,,,,,,,,,,,,,,,,,,,,,,,,,,,,,,,,,,,,,,,,,,,,,,,,,,,,,,,0.0,0.0,0.0,0.0,0.0,0.0,0.0,0.0,0.0,0.0,0.0,0.0,0.0,0.0,0.0,0.0,0.0,0.0,0.0,0.0,0.0,0.0,0.0,0.0,0.0,0.0,0.0,0.0,0.0,0.0,0.0,0.0,0.0,0.0,0.0,0.0,0.0,0.0,0.0,0.0,0.0,0.0,0.0,0.0,0.0,0.0,0.0,0.0,0.0,0.0,0.0,0.0,0.0,0.0,0.0,0.0,0.0,0.0,0.0,0.0,0.0,0.0,0.0,0.0,0.0,0.0,0.0,0.0,0.0,0.0,0.0,0.0,0.0,0.0,0.0,0.0,0.0,0.0,0.0,0.0,0.0,0.0,0.0,0.0,0.0,0.0,0.0,0.0,0.0,0.0,0.0,0.0,0.0,0.0,0.0,0.0,0.0,0.0,0.0,0.0,0.0,0.0,0.0,0.0,0.0,0.0,0.0,0.0,0.0,0.0,0.0,0.0,0.0,0.0,0.0,0.0,0.0,0.0,0.0,0.0,0.0,0.0,0.0,0.0,0.0,0.0,0.0,0.0,0.0,0.0,0.0,0.0,0.0,0.0,0.0,0.0,0.0,0.0,0.0,0.0,0.0,0.0,0.0,0.0,0.0,0.0,0.0,0.0,0.0,0.0,0.0,0.0,0.0,0.0,0.0,0.0,0.0,0.0,0.0,0.0,0.0,0.0,0.0,0.0,0.0,0.0,0.0,0.0,0.0,0.0,0.0,0.0,0.0,0.0,0.0,0.0,0.0,0.0,0.0,0.0,0.0,0.0,0.0,0.0,0.0,0.0,0.0,0.0,0.0,0.0,0.0,0.0,0.0,0.0,0.0,0.0,0.0,0.0,0.0,0.0,0.0,0.0,0.0,0.0,0.0,0.0,0.0,0.0,0.0,0.0,0.0,0.0,0.0,0.0,0.0,0.0,0.0,0.0,0.0,0.0,0.0,0.0,0.0,0.0,0.0
,,,,,,,,,,,,,,,,,,,,,,,,,,,,,,,,,,,,,,,,,,,,,,,,,,,,,,,,,,,,,,,,,,,,,,,,,,,0.0,0.0,0.0,0.0,0.0,0.0,0.0,0.0,0.0,0.0,0.0,0.0,0.0,0.0,0.0,0.0,0.0,0.0,0.0,0.0,0.0,0.0,0.0,0.0,0.0,0.0,0.0,0.0,0.0,0.0,0.0,0.0,0.0,0.0,0.0,0.0,0.0,0.0,0.0,0.0,0.0,0.0,0.0,0.0,0.0,0.0,0.0,0.0,0.0,0.0,0.0,0.0,0.0,0.0,0.0,0.0,0.0,0.0,0.0,0.0,0.0,0.0,0.0,0.0,0.0,0.0,0.0,0.0,0.0,0.0,0.0,0.0,0.0,0.0,0.0,0.0,0.0,0.0,0.0,0.0,0.0,0.0,0.0,0.0,0.0,0.0,0.0,0.0,0.0,0.0,0.0,0.0,0.0,0.0,0.0,0.0,0.0,0.0,0.0,0.0,0.0,0.0,0.0,0.0,0.0,0.0,0.0,0.0,0.0,0.0,0.0,0.0,0.0,0.0,0.0,0.0,0.0,0.0,0.0,0.0,0.0,0.0,0.0,0.0,0.0,0.0,0.0,0.0,0.0,0.0,0.0,0.0,0.0,0.0,0.0,0.0,0.0,0.0,0.0,0.0,0.0,0.0,0.0,0.0,0.0,0.0,0.0,0.0,0.0,0.0,0.0,0.0,0.0,0.0,0.0,0.0,0.0,0.0,0.0,0.0,0.0,0.0,0.0,0.0,0.0,0.0,0.0,0.0,0.0,0.0,0.0,0.0,0.0,0.0,0.0,0.0,0.0,0.0,0.0,0.0,0.0,0.0,0.0,0.0,0.0,0.0,0.0,0.0,0.0,0.0,0.0,0.0,0.0,0.0,0.0,0.0,0.0,0.0,0.0,0.0,0.0,0.0,0.0,0.0,0.0,0.0,0.0,0.0,0.0,0.0,0.0,0.0,0.0,0.0,0.0,0.0,0.0,0.0,0.0,0.0,0.0,0.0,0.0,0.0,0.0
,,,,,,,,,,,,,,,,,,,,,,,,,,,,,,,,,,,,,,,,,,,,,,,,,,,,,,,,,,,,,,,,,,,,,,,,,,,0.0,0.0,0.0,0.0,0.0,0.0,0.0,0.0,0.0,0.0,0.0,0.0,0.0,0.0,0.0,0.0,0.0,0.0,0.0,0.0,0.0,0.0,0.0,0.0,0.0,0.0,0.0,0.0,0.0,0.0,0.0,0.0,0.0,0.0,0.0,0.0,0.0,0.0,0.0,0.0,0.0,0.0,0.0,0.0,0.0,0.0,0.0,0.0,0.0,0.0,0.0,0.0,0.0,0.0,0.0,0.0,0.0,0.0,0.0,0.0,0.0,0.0,0.0,0.0,0.0,0.0,0.0,0.0,0.0,0.0,0.0,0.0,0.0,0.0,0.0,0.0,0.0,0.0,0.0,0.0,0.0,0.0,0.0,0.0,0.0,0.0,0.0,0.0,0.0,0.0,0.0,0.0,0.0,0.0,0.0,0.0,0.0,0.0,0.0,0.0,0.0,0.0,0.0,0.0,0.0,0.0,0.0,0.0,0.0,0.0,0.0,0.0,0.0,0.0,0.0,0.0,0.0,0.0,0.0,0.0,0.0,0.0,0.0,0.0,0.0,0.0,0.0,0.0,0.0,0.0,0.0,0.0,0.0,0.0,0.0,0.0,0.0,0.0,0.0,0.0,0.0,0.0,0.0,0.0,0.0,0.0,0.0,0.0,0.0,0.0,0.0,0.0,0.0,0.0,0.0,0.0,0.0,0.0,0.0,0.0,0.0,0.0,0.0,0.0,0.0,0.0,0.0,0.0,0.0,0.0,0.0,0.0,0.0,0.0,0.0,0.0,0.0,0.0,0.0,0.0,0.0,0.0,0.0,0.0,0.0,0.0,0.0,0.0,0.0,0.0,0.0,0.0,0.0,0.0,0.0,0.0,0.0,0.0,0.0,0.0,0.0,0.0,0.0,0.0,0.0,0.0,0.0,0.0,0.0,0.0,0.0,0.0,0.0,0.0,0.0,0.0,0.0,0.0,0.0,0.0,0.0,0.0,0.0,0.0,0.0
,,,,,,,,,,,,,,,,,,,,,,,,,,,,,,,,,,,,,,,,,,,,,,,,,,,,,,,,,,,,,,,,,,,,,,,,,,,0.0,0.0,0.0,0.0,0.0,0.0,0.0,0.0,0.0,0.0,0.0,0.0,0.0,0.0,0.0,0.0,0.0,0.0,0.0,0.0,0.0,0.0,0.0,0.0,0.0,0.0,0.0,0.0,0.0,0.0,0.0,0.0,0.0,0.0,0.0,0.0,0.0,0.0,0.0,0.0,0.0,0.0,0.0,0.0,0.0,0.0,0.0,0.0,0.0,0.0,0.0,0.0,0.0,0.0,0.0,0.0,0.0,0.0,0.0,0.0,0.0,0.0,0.0,0.0,0.0,0.0,0.0,0.0,0.0,0.0,0.0,0.0,0.0,0.0,0.0,0.0,0.0,0.0,0.0,0.0,0.0,0.0,0.0,0.0,0.0,0.0,0.0,0.0,0.0,0.0,0.0,0.0,0.0,0.0,0.0,0.0,0.0,0.0,0.0,0.0,0.0,0.0,0.0,0.0,0.0,0.0,0.0,0.0,0.0,0.0,0.0,0.0,0.0,0.0,0.0,0.0,0.0,0.0,0.0,0.0,0.0,0.0,0.0,0.0,0.0,0.0,0.0,0.0,0.0,0.0,0.0,0.0,0.0,0.0,0.0,0.0,0.0,0.0,0.0,0.0,0.0,0.0,0.0,0.0,0.0,0.0,0.0,0.0,0.0,0.0,0.0,0.0,0.0,0.0,0.0,0.0,0.0,0.0,0.0,0.0,0.0,0.0,0.0,0.0,0.0,0.0,0.0,0.0,0.0,0.0,0.0,0.0,0.0,0.0,0.0,0.0,0.0,0.0,0.0,0.0,0.0,0.0,0.0,0.0,0.0,0.0,0.0,0.0,0.0,0.0,0.0,0.0,0.0,0.0,0.0,0.0,0.0,0.0,0.0,0.0,0.0,0.0,0.0,0.0,0.0,0.0,0.0,0.0,0.0,0.0,0.0,0.0,0.0,0.0,0.0,0.0,0.0,0.0,0.0,0.0,0.0,0.0,0.0,0.0,0.0
,,,,,,,,,,,,,,,,,,,,,,,,,,,,,,,,,,,,,,,,,,,,,,,,,,,,,,,,,,,,,,,,,,,,,,,,,,,0.0,0.0,0.0,0.0,0.0,0.0,0.0,0.0,0.0,0.0,0.0,0.0,0.0,0.0,0.0,0.0,0.0,0.0,0.0,0.0,0.0,0.0,0.0,0.0,0.0,0.0,0.0,0.0,0.0,0.0,0.0,0.0,0.0,0.0,0.0,0.0,0.0,0.0,0.0,0.0,0.0,0.0,0.0,0.0,0.0,0.0,0.0,0.0,0.0,0.0,0.0,0.0,0.0,0.0,0.0,0.0,0.0,0.0,0.0,0.0,0.0,0.0,0.0,0.0,0.0,0.0,0.0,0.0,0.0,0.0,0.0,0.0,0.0,0.0,0.0,0.0,0.0,0.0,0.0,0.0,0.0,0.0,0.0,0.0,0.0,0.0,0.0,0.0,0.0,0.0,0.0,0.0,0.0,0.0,0.0,0.0,0.0,0.0,0.0,0.0,0.0,0.0,0.0,0.0,0.0,0.0,0.0,0.0,0.0,0.0,0.0,0.0,0.0,0.0,0.0,0.0,0.0,0.0,0.0,0.0,0.0,0.0,0.0,0.0,0.0,0.0,0.0,0.0,0.0,0.0,0.0,0.0,0.0,0.0,0.0,0.0,0.0,0.0,0.0,0.0,0.0,0.0,0.0,0.0,0.0,0.0,0.0,0.0,0.0,0.0,0.0,0.0,0.0,0.0,0.0,0.0,0.0,0.0,0.0,0.0,0.0,0.0,0.0,0.0,0.0,0.0,0.0,0.0,0.0,0.0,0.0,0.0,0.0,0.0,0.0,0.0,0.0,0.0,0.0,0.0,0.0,0.0,0.0,0.0,0.0,0.0,0.0,0.0,0.0,0.0,0.0,0.0,0.0,0.0,0.0,0.0,0.0,0.0,0.0,0.0,0.0,0.0,0.0,0.0,0.0,0.0,0.0,0.0,0.0,0.0,0.0,0.0,0.0,0.0,0.0,0.0,0.0,0.0,0.0,0.0,0.0,0.0,0.0,0.0,0.0
,,,,,,,,,,,,,,,,,,,,,,,,,,,,,,,,,,,,,,,,,,,,,,,,,,,,,,,,,,,,,,,,,,,,,,,,,,,0.0,0.0,0.0,0.0,0.0,0.0,0.0,0.0,0.0,0.0,0.0,0.0,0.0,0.0,0.0,0.0,0.0,0.0,0.0,0.0,0.0,0.0,0.0,0.0,0.0,0.0,0.0,0.0,0.0,0.0,0.0,0.0,0.0,0.0,0.0,0.0,0.0,0.0,0.0,0.0,0.0,0.0,0.0,0.0,0.0,0.0,0.0,0.0,0.0,0.0,0.0,0.0,0.0,0.0,0.0,0.0,0.0,0.0,0.0,0.0,0.0,0.0,0.0,0.0,0.0,0.0,0.0,0.0,0.0,0.0,0.0,0.0,0.0,0.0,0.0,0.0,0.0,0.0,0.0,0.0,0.0,0.0,0.0,0.0,0.0,0.0,0.0,0.0,0.0,0.0,0.0,0.0,0.0,0.0,0.0,0.0,0.0,0.0,0.0,0.0,0.0,0.0,0.0,0.0,0.0,0.0,0.0,0.0,0.0,0.0,0.0,0.0,0.0,0.0,0.0,0.0,0.0,0.0,0.0,0.0,0.0,0.0,0.0,0.0,0.0,0.0,0.0,0.0,0.0,0.0,0.0,0.0,0.0,0.0,0.0,0.0,0.0,0.0,0.0,0.0,0.0,0.0,0.0,0.0,0.0,0.0,0.0,0.0,0.0,0.0,0.0,0.0,0.0,0.0,0.0,0.0,0.0,0.0,0.0,0.0,0.0,0.0,0.0,0.0,0.0,0.0,0.0,0.0,0.0,0.0,0.0,0.0,0.0,0.0,0.0,0.0,0.0,0.0,0.0,0.0,0.0,0.0,0.0,0.0,0.0,0.0,0.0,0.0,0.0,0.0,0.0,0.0,0.0,0.0,0.0,0.0,0.0,0.0,0.0,0.0,0.0,0.0,0.0,0.0,0.0,0.0,0.0,0.0,0.0,0.0,0.0,0.0,0.0,0.0,0.0,0.0,0.0,0.0,0.0,0.0,0.0,0.0,0.0,0.0,0.0
,,,,,,,,,,,,,,,,,,,,,,,,,,,,,,,,,,,,,,,,,,,,,,,,,,,,,,,,,,,,,,,,,,,,,,,,,,,0.0,0.0,0.0,0.0,0.0,0.0,0.0,0.0,0.0,0.0,0.0,0.0,0.0,0.0,0.0,0.0,0.0,0.0,0.0,0.0,0.0,0.0,0.0,0.0,0.0,0.0,0.0,0.0,0.0,0.0,0.0,0.0,0.0,0.0,0.0,0.0,0.0,0.0,0.0,0.0,0.0,0.0,0.0,0.0,0.0,0.0,0.0,0.0,0.0,0.0,0.0,0.0,0.0,0.0,0.0,0.0,0.0,0.0,0.0,0.0,0.0,0.0,0.0,0.0,0.0,0.0,0.0,0.0,0.0,0.0,0.0,0.0,0.0,0.0,0.0,0.0,0.0,0.0,0.0,0.0,0.0,0.0,0.0,0.0,0.0,0.0,0.0,0.0,0.0,0.0,0.0,0.0,0.0,0.0,0.0,0.0,0.0,0.0,0.0,0.0,0.0,0.0,0.0,0.0,0.0,0.0,0.0,0.0,0.0,0.0,0.0,0.0,0.0,0.0,0.0,0.0,0.0,0.0,0.0,0.0,0.0,0.0,0.0,0.0,0.0,0.0,0.0,0.0,0.0,0.0,0.0,0.0,0.0,0.0,0.0,0.0,0.0,0.0,0.0,0.0,0.0,0.0,0.0,0.0,0.0,0.0,0.0,0.0,0.0,0.0,0.0,0.0,0.0,0.0,0.0,0.0,0.0,0.0,0.0,0.0,0.0,0.0,0.0,0.0,0.0,0.0,0.0,0.0,0.0,0.0,0.0,0.0,0.0,0.0,0.0,0.0,0.0,0.0,0.0,0.0,0.0,0.0,0.0,0.0,0.0,0.0,0.0,0.0,0.0,0.0,0.0,0.0,0.0,0.0,0.0,0.0,0.0,0.0,0.0,0.0,0.0,0.0,0.0,0.0,0.0,0.0,0.0,0.0,0.0,0.0,0.0,0.0,0.0,0.0,0.0,0.0,0.0,0.0,0.0,0.0,0.0,0.0,0.0,0.0,0.0
,,,,,,,,,,,,,,,,,,,,,,,,,,,,,,,,,,,,,,,,,,,,,,,,,,,,,,,,,,,,,,,,,,,,,,,,,,,0.0,0.0,0.0,0.0,0.0,0.0,0.0,0.0,0.0,0.0,0.0,0.0,0.0,0.0,0.0,0.0,0.0,0.0,0.0,0.0,0.0,0.0,0.0,0.0,0.0,0.0,0.0,0.0,0.0,0.0,0.0,0.0,0.0,0.0,0.0,0.0,0.0,0.0,0.0,0.0,0.0,0.0,0.0,0.0,0.0,0.0,0.0,0.0,0.0,0.0,0.0,0.0,0.0,0.0,0.0,0.0,0.0,0.0,0.0,0.0,0.0,0.0,0.0,0.0,0.0,0.0,0.0,0.0,0.0,0.0,0.0,0.0,0.0,0.0,0.0,0.0,0.0,0.0,0.0,0.0,0.0,0.0,0.0,0.0,0.0,0.0,0.0,0.0,0.0,0.0,0.0,0.0,0.0,0.0,0.0,0.0,0.0,0.0,0.0,0.0,0.0,0.0,0.0,0.0,0.0,0.0,0.0,0.0,0.0,0.0,0.0,0.0,0.0,0.0,0.0,0.0,0.0,0.0,0.0,0.0,0.0,0.0,0.0,0.0,0.0,0.0,0.0,0.0,0.0,0.0,0.0,0.0,0.0,0.0,0.0,0.0,0.0,0.0,0.0,0.0,0.0,0.0,0.0,0.0,0.0,0.0,0.0,0.0,0.0,0.0,0.0,0.0,0.0,0.0,0.0,0.0,0.0,0.0,0.0,0.0,0.0,0.0,0.0,0.0,0.0,0.0,0.0,0.0,0.0,0.0,0.0,0.0,0.0,0.0,0.0,0.0,0.0,0.0,0.0,0.0,0.0,0.0,0.0,0.0,0.0,0.0,0.0,0.0,0.0,0.0,0.0,0.0,0.0,0.0,0.0,0.0,0.0,0.0,0.0,0.0,0.0,0.0,0.0,0.0,0.0,0.0,0.0,0.0,0.0,0.0,0.0,0.0,0.0,0.0,0.0,0.0,0.0,0.0,0.0,0.0,0.0,0.0,0.0,0.0,0.0
,,,,,,,,,,,,,,,,,,,,,,,,,,,,,,,,,,,,,,,,,,,,,,,,,,,,,,,,,,,,,,,,,,,,,,,,,,,0.0,0.0,0.0,0.0,0.0,0.0,0.0,0.0,0.0,0.0,0.0,0.0,0.0,0.0,0.0,0.0,0.0,0.0,0.0,0.0,0.0,0.0,0.0,0.0,0.0,0.0,0.0,0.0,0.0,0.0,0.0,0.0,0.0,0.0,0.0,0.0,0.0,0.0,0.0,0.0,0.0,0.0,0.0,0.0,0.0,0.0,0.0,0.0,0.0,0.0,0.0,0.0,0.0,0.0,0.0,0.0,0.0,0.0,0.0,0.0,0.0,0.0,0.0,0.0,0.0,0.0,0.0,0.0,0.0,0.0,0.0,0.0,0.0,0.0,0.0,0.0,0.0,0.0,0.0,0.0,0.0,0.0,0.0,0.0,0.0,0.0,0.0,0.0,0.0,0.0,0.0,0.0,0.0,0.0,0.0,0.0,0.0,0.0,0.0,0.0,0.0,0.0,0.0,0.0,0.0,0.0,0.0,0.0,0.0,0.0,0.0,0.0,0.0,0.0,0.0,0.0,0.0,0.0,0.0,0.0,0.0,0.0,0.0,0.0,0.0,0.0,0.0,0.0,0.0,0.0,0.0,0.0,0.0,0.0,0.0,0.0,0.0,0.0,0.0,0.0,0.0,0.0,0.0,0.0,0.0,0.0,0.0,0.0,0.0,0.0,0.0,0.0,0.0,0.0,0.0,0.0,0.0,0.0,0.0,0.0,0.0,0.0,0.0,0.0,0.0,0.0,0.0,0.0,0.0,0.0,0.0,0.0,0.0,0.0,0.0,0.0,0.0,0.0,0.0,0.0,0.0,0.0,0.0,0.0,0.0,0.0,0.0,0.0,0.0,0.0,0.0,0.0,0.0,0.0,0.0,0.0,0.0,0.0,0.0,0.0,0.0,0.0,0.0,0.0,0.0,0.0,0.0,0.0,0.0,0.0,0.0,0.0,0.0,0.0,0.0,0.0,0.0,0.0,0.0,0.0,0.0,0.0,0.0,0.0,0.0
,,,,,,,,,,,,,,,,,,,,,,,,,,,,,,,,,,,,,,,,,,,,,,,,,,,,,,,,,,,,,,,,,,,,,,,,,,,0.0,0.0,0.0,0.0,0.0,0.0,0.0,0.0,0.0,0.0,0.0,0.0,0.0,0.0,0.0,0.0,0.0,0.0,0.0,0.0,0.0,0.0,0.0,0.0,0.0,0.0,0.0,0.0,0.0,0.0,0.0,0.0,0.0,0.0,0.0,0.0,0.0,0.0,0.0,0.0,0.0,0.0,0.0,0.0,0.0,0.0,0.0,0.0,0.0,0.0,0.0,0.0,0.0,0.0,0.0,0.0,0.0,0.0,0.0,0.0,0.0,0.0,0.0,0.0,0.0,0.0,0.0,0.0,0.0,0.0,0.0,0.0,0.0,0.0,0.0,0.0,0.0,0.0,0.0,0.0,0.0,0.0,0.0,0.0,0.0,0.0,0.0,0.0,0.0,0.0,0.0,0.0,0.0,0.0,0.0,0.0,0.0,0.0,0.0,0.0,0.0,0.0,0.0,0.0,0.0,0.0,0.0,0.0,0.0,0.0,0.0,0.0,0.0,0.0,0.0,0.0,0.0,0.0,0.0,0.0,0.0,0.0,0.0,0.0,0.0,0.0,0.0,0.0,0.0,0.0,0.0,0.0,0.0,0.0,0.0,0.0,0.0,0.0,0.0,0.0,0.0,0.0,0.0,0.0,0.0,0.0,0.0,0.0,0.0,0.0,0.0,0.0,0.0,0.0,0.0,0.0,0.0,0.0,0.0,0.0,0.0,0.0,0.0,0.0,0.0,0.0,0.0,0.0,0.0,0.0,0.0,0.0,0.0,0.0,0.0,0.0,0.0,0.0,0.0,0.0,0.0,0.0,0.0,0.0,0.0,0.0,0.0,0.0,0.0,0.0,0.0,0.0,0.0,0.0,0.0,0.0,0.0,0.0,0.0,0.0,0.0,0.0,0.0,0.0,0.0,0.0,0.0,0.0,0.0,0.0,0.0,0.0,0.0,0.0,0.0,0.0,0.0,0.0,0.0,0.0,0.0,0.0,0.0,0.0,0.0
,,,,,,,,,,,,,,,,,,,,,,,,,,,,,,,,,,,,,,,,,,,,,,,,,,,,,,,,,,,,,,,,,,,,,,,,,,,0.0,0.0,0.0,0.0,0.0,0.0,0.0,0.0,0.0,0.0,0.0,0.0,0.0,0.0,0.0,0.0,0.0,0.0,0.0,0.0,0.0,0.0,0.0,0.0,0.0,0.0,0.0,0.0,0.0,0.0,0.0,0.0,0.0,0.0,0.0,0.0,0.0,0.0,0.0,0.0,0.0,0.0,0.0,0.0,0.0,0.0,0.0,0.0,0.0,0.0,0.0,0.0,0.0,0.0,0.0,0.0,0.0,0.0,0.0,0.0,0.0,0.0,0.0,0.0,0.0,0.0,0.0,0.0,0.0,0.0,0.0,0.0,0.0,0.0,0.0,0.0,0.0,0.0,0.0,0.0,0.0,0.0,0.0,0.0,0.0,0.0,0.0,0.0,0.0,0.0,0.0,0.0,0.0,0.0,0.0,0.0,0.0,0.0,0.0,0.0,0.0,0.0,0.0,0.0,0.0,0.0,0.0,0.0,0.0,0.0,0.0,0.0,0.0,0.0,0.0,0.0,0.0,0.0,0.0,0.0,0.0,0.0,0.0,0.0,0.0,0.0,0.0,0.0,0.0,0.0,0.0,0.0,0.0,0.0,0.0,0.0,0.0,0.0,0.0,0.0,0.0,0.0,0.0,0.0,0.0,0.0,0.0,0.0,0.0,0.0,0.0,0.0,0.0,0.0,0.0,0.0,0.0,0.0,0.0,0.0,0.0,0.0,0.0,0.0,0.0,0.0,0.0,0.0,0.0,0.0,0.0,0.0,0.0,0.0,0.0,0.0,0.0,0.0,0.0,0.0,0.0,0.0,0.0,0.0,0.0,0.0,0.0,0.0,0.0,0.0,0.0,0.0,0.0,0.0,0.0,0.0,0.0,0.0,0.0,0.0,0.0,0.0,0.0,0.0,0.0,0.0,0.0,0.0,0.0,0.0,0.0,0.0,0.0,0.0,0.0,0.0,0.0,0.0,0.0,0.0,0.0,0.0,0.0,0.0,0.0
,,,,,,,,,,,,,,,,,,,,,,,,,,,,,,,,,,,,,,,,,,,,,,,,,,,,,,,,,,,,,,,,,,,,,,,,,,,0.0,0.0,0.0,0.0,0.0,0.0,0.0,0.0,0.0,0.0,0.0,0.0,0.0,0.0,0.0,0.0,0.0,0.0,0.0,0.0,0.0,0.0,0.0,0.0,0.0,0.0,0.0,0.0,0.0,0.0,0.0,0.0,0.0,0.0,0.0,0.0,0.0,0.0,0.0,0.0,0.0,0.0,0.0,0.0,0.0,0.0,0.0,0.0,0.0,0.0,0.0,0.0,0.0,0.0,0.0,0.0,0.0,0.0,0.0,0.0,0.0,0.0,0.0,0.0,0.0,0.0,0.0,0.0,0.0,0.0,0.0,0.0,0.0,0.0,0.0,0.0,0.0,0.0,0.0,0.0,0.0,0.0,0.0,0.0,0.0,0.0,0.0,0.0,0.0,0.0,0.0,0.0,0.0,0.0,0.0,0.0,0.0,0.0,0.0,0.0,0.0,0.0,0.0,0.0,0.0,0.0,0.0,0.0,0.0,0.0,0.0,0.0,0.0,0.0,0.0,0.0,0.0,0.0,0.0,0.0,0.0,0.0,0.0,0.0,0.0,0.0,0.0,0.0,0.0,0.0,0.0,0.0,0.0,0.0,0.0,0.0,0.0,0.0,0.0,0.0,0.0,0.0,0.0,0.0,0.0,0.0,0.0,0.0,0.0,0.0,0.0,0.0,0.0,0.0,0.0,0.0,0.0,0.0,0.0,0.0,0.0,0.0,0.0,0.0,0.0,0.0,0.0,0.0,0.0,0.0,0.0,0.0,0.0,0.0,0.0,0.0,0.0,0.0,0.0,0.0,0.0,0.0,0.0,0.0,0.0,0.0,0.0,0.0,0.0,0.0,0.0,0.0,0.0,0.0,0.0,0.0,0.0,0.0,0.0,0.0,0.0,0.0,0.0,0.0,0.0,0.0,0.0,0.0,0.0,0.0,0.0,0.0,0.0,0.0,0.0,0.0,0.0,0.0,0.0,0.0,0.0,0.0,0.0,0.0,0.0
,,,,,,,,,,,,,,,,,,,,,,,,,,,,,,,,,,,,,,,,,,,,,,,,,,,,,,,,,,,,,,,,,,,,,,,,,,,0.0,0.0,0.0,0.0,0.0,0.0,0.0,0.0,0.0,0.0,0.0,0.0,0.0,0.0,0.0,0.0,0.0,0.0,0.0,0.0,0.0,0.0,0.0,0.0,0.0,0.0,0.0,0.0,0.0,0.0,0.0,0.0,0.0,0.0,0.0,0.0,0.0,0.0,0.0,0.0,0.0,0.0,0.0,0.0,0.0,0.0,0.0,0.0,0.0,0.0,0.0,0.0,0.0,0.0,0.0,0.0,0.0,0.0,0.0,0.0,0.0,0.0,0.0,0.0,0.0,0.0,0.0,0.0,0.0,0.0,0.0,0.0,0.0,0.0,0.0,0.0,0.0,0.0,0.0,0.0,0.0,0.0,0.0,0.0,0.0,0.0,0.0,0.0,0.0,0.0,0.0,0.0,0.0,0.0,0.0,0.0,0.0,0.0,0.0,0.0,0.0,0.0,0.0,0.0,0.0,0.0,0.0,0.0,0.0,0.0,0.0,0.0,0.0,0.0,0.0,0.0,0.0,0.0,0.0,0.0,0.0,0.0,0.0,0.0,0.0,0.0,0.0,0.0,0.0,0.0,0.0,0.0,0.0,0.0,0.0,0.0,0.0,0.0,0.0,0.0,0.0,0.0,0.0,0.0,0.0,0.0,0.0,0.0,0.0,0.0,0.0,0.0,0.0,0.0,0.0,0.0,0.0,0.0,0.0,0.0,0.0,0.0,0.0,0.0,0.0,0.0,0.0,0.0,0.0,0.0,0.0,0.0,0.0,0.0,0.0,0.0,0.0,0.0,0.0,0.0,0.0,0.0,0.0,0.0,0.0,0.0,0.0,0.0,0.0,0.0,0.0,0.0,0.0,0.0,0.0,0.0,0.0,0.0,0.0,0.0,0.0,0.0,0.0,0.0,0.0,0.0,0.0,0.0,0.0,0.0,0.0,0.0,0.0,0.0,0.0,0.0,0.0,0.0,0.0,0.0,0.0,0.0,0.0,0.0,0.0
,,,,,,,,,,,,,,,,,,,,,,,,,,,,,,,,,,,,,,,,,,,,,,,,,,,,,,,,,,,,,,,,,,,,,,,,,,,0.0,0.0,0.0,0.0,0.0,0.0,0.0,0.0,0.0,0.0,0.0,0.0,0.0,0.0,0.0,0.0,0.0,0.0,0.0,0.0,0.0,0.0,0.0,0.0,0.0,0.0,0.0,0.0,0.0,0.0,0.0,0.0,0.0,0.0,0.0,0.0,0.0,0.0,0.0,0.0,0.0,0.0,0.0,0.0,0.0,0.0,0.0,0.0,0.0,0.0,0.0,0.0,0.0,0.0,0.0,0.0,0.0,0.0,0.0,0.0,0.0,0.0,0.0,0.0,0.0,0.0,0.0,0.0,0.0,0.0,0.0,0.0,0.0,0.0,0.0,0.0,0.0,0.0,0.0,0.0,0.0,0.0,0.0,0.0,0.0,0.0,0.0,0.0,0.0,0.0,0.0,0.0,0.0,0.0,0.0,0.0,0.0,0.0,0.0,0.0,0.0,0.0,0.0,0.0,0.0,0.0,0.0,0.0,0.0,0.0,0.0,0.0,0.0,0.01,0.07,0.15,0.07,0.01,0.0,0.0,0.0,0.0,0.0,0.0,0.0,0.0,0.0,0.0,0.0,0.0,0.0,0.0,0.0,0.01,0.07,0.15,0.07,0.01,0.0,0.0,0.0,0.0,0.0,0.0,0.0,0.0,0.0,0.0,0.0,0.0,0.0,0.0,0.0,0.0,0.0,0.0,0.0,0.0,0.0,0.0,0.0,0.0,0.0,0.0,0.0,0.0,0.0,0.0,0.0,0.0,0.0,0.0,0.0,0.0,0.0,0.0,0.0,0.0,0.0,0.0,0.0,0.0,0.0,0.0,0.0,0.0,0.0,0.0,0.0,0.0,0.0,0.0,0.0,0.0,0.0,0.0,0.0,0.0,0.0,0.0,0.0,0.0,0.0,0.0,0.0,0.0,0.0,0.0,0.01,0.07,0.15,0.07,0.01,0.0,0.0,0.0,0.0,0.0,0.01,0.07,0.15,0.07,0.01,0.0,0.0
,,,,,,,,,,,,,,,,,,,,,,,,,,,,,,,,,,,,,,,,,,,,,,,,,,,,,,,,,,,,,,,,,,,,,,,,,,,0.0,0.0,0.0,0.0,0.0,0.0,0.0,0.0,0.0,0.0,0.0,0.0,0.0,0.0,0.0,0.0,0.0,0.0,0.0,0.0,0.0,0.0,0.0,0.0,0.0,0.0,0.0,0.0,0.0,0.0,0.0,0.0,0.0,0.0,0.0,0.0,0.0,0.0,0.0,0.0,0.0,0.0,0.0,0.0,0.0,0.0,0.0,0.0,0.0,0.0,0.0,0.0,0.0,0.0,0.0,0.0,0.0,0.0,0.0,0.0,0.0,0.0,0.0,0.0,0.0,0.0,0.0,0.0,0.0,0.0,0.0,0.0,0.0,0.0,0.0,0.0,0.0,0.0,0.0,0.0,0.0,0.0,0.0,0.0,0.0,0.0,0.0,0.0,0.0,0.0,0.0,0.0,0.0,0.0,0.0,0.0,0.0,0.0,0.0,0.0,0.0,0.0,0.0,0.0,0.0,0.0,0.0,0.0,0.0,0.0,0.0,0.0,0.01,0.32,2.73,5.61,2.73,0.32,0.01,0.0,0.0,0.0,0.0,0.0,0.0,0.0,0.0,0.0,0.0,0.0,0.0,0.0,0.01,0.32,2.73,5.61,2.73,0.32,0.01,0.0,0.0,0.0,0.0,0.0,0.0,0.0,0.0,0.0,0.0,0.0,0.0,0.0,0.0,0.0,0.0,0.0,0.0,0.0,0.0,0.0,0.0,0.0,0.0,0.0,0.0,0.0,0.0,0.0,0.0,0.0,0.0,0.0,0.0,0.0,0.0,0.0,0.0,0.0,0.0,0.0,0.0,0.0,0.0,0.0,0.0,0.0,0.0,0.0,0.0,0.0,0.0,0.0,0.0,0.0,0.0,0.0,0.0,0.0,0.0,0.0,0.0,0.0,0.0,0.0,0.0,0.0,0.0,0.01,0.32,2.73,5.61,2.73,0.32,0.01,0.0,0.0,0.0,0.01,0.32,2.73,5.61,2.73,0.32,0.01,0.0
,,,,,,,,,,,,,,,,,,,,,,,,,,,,,,,,,,,,,,,,,,,,,,,,,,,,,,,,,,,,,,,,,,,,,,,,,,,0.0,0.0,0.0,0.0,0.0,0.0,0.0,0.0,0.0,0.0,0.0,0.0,0.0,0.0,0.0,0.0,0.0,0.0,0.0,0.0,0.0,0.0,0.0,0.0,0.0,0.0,0.0,0.0,0.0,0.0,0.0,0.0,0.0,0.0,0.0,0.0,0.0,0.0,0.0,0.0,0.0,0.0,0.0,0.0,0.0,0.0,0.0,0.0,0.0,0.0,0.0,0.0,0.0,0.0,0.0,0.0,0.0,0.0,0.0,0.0,0.0,0.0,0.0,0.0,0.0,0.0,0.0,0.0,0.0,0.0,0.0,0.0,0.0,0.0,0.0,0.0,0.0,0.0,0.0,0.0,0.0,0.0,0.0,0.0,0.0,0.0,0.0,0.0,0.0,0.0,0.0,0.0,0.0,0.0,0.0,0.0,0.0,0.0,0.0,0.0,0.0,0.0,0.0,0.0,0.0,0.0,0.0,0.0,0.0,0.0,0.0,0.0,0.07,2.73,23.69,48.68,23.69,2.73,0.07,0.0,0.0,0.0,0.0,0.0,0.0,0.0,0.0,0.0,0.0,0.0,0.0,0.0,0.07,2.73,23.69,48.68,23.69,2.73,0.07,0.0,0.0,0.0,0.0,0.0,0.0,0.0,0.0,0.0,0.0,0.0,0.0,0.0,0.0,0.0,0.0,0.0,0.0,0.0,0.0,0.0,0.0,0.0,0.0,0.0,0.0,0.0,0.0,0.0,0.0,0.0,0.0,0.0,0.0,0.0,0.0,0.0,0.0,0.0,0.0,0.0,0.0,0.0,0.0,0.0,0.0,0.0,0.0,0.0,0.0,0.0,0.0,0.0,0.0,0.0,0.0,0.0,0.0,0.0,0.0,0.0,0.0,0.0,0.0,0.0,0.0,0.0,0.0,0.07,2.73,23.69,48.68,23.69,2.73,0.07,0.0,0.0,0.0,0.07,2.73,23.69,48.68,23.69,2.73,0.07,0.0
,,,,,,,,,,,,,,,,,,,,,,,,,,,,,,,,,,,,,,,,,,,,,,,,,,,,,,,,,,,,,,,,,,,,,,,,,,,0.0,0.0,0.0,0.0,0.0,0.0,0.0,0.0,0.0,0.0,0.0,0.0,0.0,0.0,0.0,0.0,0.0,0.0,0.0,0.0,0.0,0.0,0.0,0.0,0.0,0.0,0.0,0.0,0.0,0.0,0.0,0.0,0.0,0.0,0.0,0.0,0.0,0.0,0.0,0.0,0.0,0.0,0.0,0.0,0.0,0.0,0.0,0.0,0.0,0.0,0.0,0.0,0.0,0.0,0.0,0.0,0.0,0.0,0.0,0.0,0.0,0.0,0.0,0.0,0.0,0.0,0.0,0.0,0.0,0.0,0.0,0.0,0.0,0.0,0.0,0.0,0.0,0.0,0.0,0.0,0.0,0.0,0.0,0.0,0.0,0.0,0.0,0.0,0.0,0.0,0.0,0.0,0.0,0.0,0.0,0.0,0.0,0.0,0.0,0.0,0.0,0.0,0.0,0.0,0.0,0.0,0.0,0.0,0.0,0.0,0.0,0.0,0.15,5.61,48.68,100.0,48.68,5.61,0.15,0.0,0.0,0.0,0.0,0.0,0.0,0.0,0.0,0.0,0.0,0.0,0.0,0.0,0.15,5.61,48.68,100.0,48.68,5.61,0.15,0.0,0.0,0.0,0.0,0.0,0.0,0.0,0.0,0.0,0.0,0.0,0.0,0.0,0.0,0.0,0.0,0.0,0.0,0.0,0.0,0.0,0.0,0.0,0.0,0.0,0.0,0.0,0.0,0.0,0.0,0.0,0.0,0.0,0.0,0.0,0.0,0.0,0.0,0.0,0.0,0.0,0.0,0.0,0.0,0.0,0.0,0.0,0.0,0.0,0.0,0.0,0.0,0.0,0.0,0.0,0.0,0.0,0.0,0.0,0.0,0.0,0.0,0.0,0.0,0.0,0.0,0.0,0.0,0.15,5.61,48.68,100.0,48.68,5.61,0.15,0.0,0.0,0.0,0.15,5.61,48.68,100.0,48.68,5.61,0.15,0.0
,,,,,,,,,,,,,,,,,,,,,,,,,,,,,,,,,,,,,,,,,,,,,,,,,,,,,,,,,,,,,,,,,,,,,,,,,,,0.0,0.0,0.0,0.0,0.0,0.0,0.0,0.0,0.0,0.0,0.0,0.0,0.0,0.0,0.0,0.0,0.0,0.0,0.0,0.0,0.0,0.0,0.0,0.0,0.0,0.0,0.0,0.0,0.0,0.0,0.0,0.0,0.0,0.0,0.0,0.0,0.0,0.0,0.0,0.0,0.0,0.0,0.0,0.0,0.0,0.0,0.0,0.0,0.0,0.0,0.0,0.0,0.0,0.0,0.0,0.0,0.0,0.0,0.0,0.0,0.0,0.0,0.0,0.0,0.0,0.0,0.0,0.0,0.0,0.0,0.0,0.0,0.0,0.0,0.0,0.0,0.0,0.0,0.0,0.0,0.0,0.0,0.0,0.0,0.0,0.0,0.0,0.0,0.0,0.0,0.0,0.0,0.0,0.0,0.0,0.0,0.0,0.0,0.0,0.0,0.0,0.0,0.0,0.0,0.0,0.0,0.0,0.0,0.0,0.0,0.0,0.0,0.07,2.73,23.69,48.68,23.69,2.73,0.07,0.0,0.0,0.0,0.0,0.0,0.0,0.0,0.0,0.0,0.0,0.0,0.0,0.0,0.07,2.73,23.69,48.68,23.69,2.73,0.07,0.0,0.0,0.0,0.0,0.0,0.0,0.0,0.0,0.0,0.0,0.0,0.0,0.0,0.0,0.0,0.0,0.0,0.0,0.0,0.0,0.0,0.0,0.0,0.0,0.0,0.0,0.0,0.0,0.0,0.0,0.0,0.0,0.0,0.0,0.0,0.0,0.0,0.0,0.0,0.0,0.0,0.0,0.0,0.0,0.0,0.0,0.0,0.0,0.0,0.0,0.0,0.0,0.0,0.0,0.0,0.0,0.0,0.0,0.0,0.0,0.0,0.0,0.0,0.0,0.0,0.0,0.0,0.0,0.07,2.73,23.69,48.68,23.69,2.73,0.07,0.0,0.0,0.0,0.07,2.73,23.69,48.68,23.69,2.73,0.07,0.0
,,,,,,,,,,,,,,,,,,,,,,,,,,,,,,,,,,,,,,,,,,,,,,,,,,,,,,,,,,,,,,,,,,,,,,,,,,,0.0,0.0,0.0,0.0,0.0,0.0,0.0,0.0,0.0,0.0,0.0,0.0,0.0,0.0,0.0,0.0,0.0,0.0,0.0,0.0,0.0,0.0,0.0,0.0,0.0,0.0,0.0,0.0,0.0,0.0,0.0,0.0,0.0,0.0,0.0,0.0,0.0,0.0,0.0,0.0,0.0,0.0,0.0,0.0,0.0,0.0,0.0,0.0,0.0,0.0,0.0,0.0,0.0,0.0,0.0,0.0,0.0,0.0,0.0,0.0,0.0,0.0,0.0,0.0,0.0,0.0,0.0,0.0,0.0,0.0,0.0,0.0,0.0,0.0,0.0,0.0,0.0,0.0,0.0,0.0,0.0,0.0,0.0,0.0,0.0,0.0,0.0,0.0,0.0,0.0,0.0,0.0,0.0,0.0,0.0,0.0,0.0,0.0,0.0,0.0,0.0,0.0,0.0,0.0,0.0,0.0,0.0,0.0,0.0,0.0,0.0,0.0,0.01,0.32,2.73,5.61,2.73,0.32,0.01,0.0,0.0,0.0,0.0,0.0,0.0,0.0,0.0,0.0,0.0,0.0,0.0,0.0,0.01,0.32,2.73,5.61,2.73,0.32,0.01,0.0,0.0,0.0,0.0,0.0,0.0,0.0,0.0,0.0,0.0,0.0,0.0,0.0,0.0,0.0,0.0,0.0,0.0,0.0,0.0,0.0,0.0,0.0,0.0,0.0,0.0,0.0,0.0,0.0,0.0,0.0,0.0,0.0,0.0,0.0,0.0,0.0,0.0,0.0,0.0,0.0,0.0,0.0,0.0,0.0,0.0,0.0,0.0,0.0,0.0,0.0,0.0,0.0,0.0,0.0,0.0,0.0,0.0,0.0,0.0,0.0,0.0,0.0,0.0,0.0,0.0,0.0,0.0,0.01,0.32,2.73,5.61,2.73,0.32,0.01,0.0,0.0,0.0,0.01,0.32,2.73,5.61,2.73,0.32,0.01,0.0
,,,,,,,,,,,,,,,,,,,,,,,,,,,,,,,,,,,,,,,,,,,,,,,,,,,,,,,,,,,,,,,,,,,,,,,,,,,0.0,0.0,0.0,0.0,0.0,0.0,0.0,0.0,0.0,0.0,0.0,0.0,0.0,0.0,0.0,0.0,0.0,0.0,0.0,0.0,0.0,0.0,0.0,0.0,0.0,0.0,0.0,0.0,0.0,0.0,0.0,0.0,0.0,0.0,0.0,0.0,0.0,0.0,0.0,0.0,0.0,0.0,0.0,0.0,0.0,0.0,0.0,0.0,0.0,0.0,0.0,0.0,0.0,0.0,0.0,0.0,0.0,0.0,0.0,0.0,0.0,0.0,0.0,0.0,0.0,0.0,0.0,0.0,0.0,0.0,0.0,0.0,0.0,0.0,0.0,0.0,0.0,0.0,0.0,0.0,0.0,0.0,0.0,0.0,0.0,0.0,0.0,0.0,0.0,0.0,0.0,0.0,0.0,0.0,0.0,0.0,0.0,0.0,0.0,0.0,0.0,0.0,0.0,0.0,0.0,0.0,0.0,0.0,0.0,0.0,0.0,0.0,0.0,0.01,0.07,0.15,0.07,0.01,0.0,0.0,0.0,0.0,0.0,0.0,0.0,0.0,0.0,0.0,0.0,0.0,0.0,0.0,0.0,0.01,0.07,0.15,0.07,0.01,0.0,0.0,0.0,0.0,0.0,0.0,0.0,0.0,0.0,0.0,0.0,0.0,0.0,0.0,0.0,0.0,0.0,0.0,0.0,0.0,0.0,0.0,0.0,0.0,0.0,0.0,0.0,0.0,0.0,0.0,0.0,0.0,0.0,0.0,0.0,0.0,0.0,0.0,0.0,0.0,0.0,0.0,0.0,0.0,0.0,0.0,0.0,0.0,0.0,0.0,0.0,0.0,0.0,0.0,0.0,0.0,0.0,0.0,0.0,0.0,0.0,0.0,0.0,0.0,0.0,0.0,0.0,0.0,0.0,0.0,0.01,0.07,0.15,0.07,0.01,0.0,0.0,0.0,0.0,0.0,0.01,0.07,0.15,0.07,0.01,0.0,0.0
,,,,,,,,,,,,,,,,,,,,,,,,,,,,,,,,,,,,,,,,,,,,,,,,,,,,,,,,,,,,,,,,,,,,,,,,,,,0.0,0.0,0.0,0.0,0.0,0.0,0.0,0.0,0.0,0.0,0.0,0.0,0.0,0.0,0.0,0.0,0.0,0.0,0.0,0.0,0.0,0.0,0.0,0.0,0.0,0.0,0.0,0.0,0.0,0.0,0.0,0.0,0.0,0.0,0.0,0.0,0.0,0.0,0.0,0.0,0.0,0.0,0.0,0.0,0.0,0.0,0.0,0.0,0.0,0.0,0.0,0.0,0.0,0.0,0.0,0.0,0.0,0.0,0.0,0.0,0.0,0.0,0.0,0.0,0.0,0.0,0.0,0.0,0.0,0.0,0.0,0.0,0.0,0.0,0.0,0.0,0.0,0.0,0.0,0.0,0.0,0.0,0.0,0.0,0.0,0.0,0.0,0.0,0.0,0.0,0.0,0.0,0.0,0.0,0.0,0.0,0.0,0.0,0.0,0.0,0.0,0.0,0.0,0.0,0.0,0.0,0.0,0.0,0.0,0.0,0.0,0.0,0.0,0.0,0.0,0.0,0.0,0.0,0.0,0.0,0.0,0.0,0.0,0.0,0.0,0.0,0.0,0.0,0.0,0.0,0.0,0.0,0.0,0.0,0.0,0.0,0.0,0.0,0.0,0.0,0.0,0.0,0.0,0.0,0.0,0.0,0.0,0.0,0.0,0.0,0.0,0.0,0.0,0.0,0.0,0.0,0.0,0.0,0.0,0.0,0.0,0.0,0.0,0.0,0.0,0.0,0.0,0.0,0.0,0.0,0.0,0.0,0.0,0.0,0.0,0.0,0.0,0.0,0.0,0.0,0.0,0.0,0.0,0.0,0.0,0.0,0.0,0.0,0.0,0.0,0.0,0.0,0.0,0.0,0.0,0.0,0.0,0.0,0.0,0.0,0.0,0.0,0.0,0.0,0.0,0.0,0.0,0.0,0.0,0.0,0.0,0.0,0.0,0.0,0.0,0.0,0.0,0.0,0.0,0.0,0.0,0.0,0.0,0.0,0.0
,,,,,,,,,,,,,,,,,,,,,,,,,,,,,,,,,,,,,,,,,,,,,,,,,,,,,,,,,,,,,,,,,,,,,,,,,,,0.0,0.0,0.0,0.0,0.0,0.0,0.0,0.0,0.0,0.0,0.0,0.0,0.0,0.0,0.0,0.0,0.0,0.0,0.0,0.0,0.0,0.0,0.0,0.0,0.0,0.0,0.0,0.0,0.0,0.0,0.0,0.0,0.0,0.0,0.0,0.0,0.0,0.0,0.0,0.0,0.0,0.0,0.0,0.0,0.0,0.0,0.0,0.0,0.0,0.0,0.0,0.0,0.0,0.0,0.0,0.0,0.0,0.0,0.0,0.0,0.0,0.0,0.0,0.0,0.0,0.0,0.0,0.0,0.0,0.0,0.0,0.0,0.0,0.0,0.0,0.0,0.0,0.0,0.0,0.0,0.0,0.0,0.0,0.0,0.0,0.0,0.0,0.0,0.0,0.0,0.0,0.0,0.0,0.0,0.0,0.0,0.0,0.0,0.0,0.0,0.0,0.0,0.0,0.0,0.0,0.0,0.0,0.0,0.0,0.0,0.0,0.0,0.0,0.0,0.0,0.0,0.0,0.0,0.0,0.0,0.0,0.0,0.0,0.0,0.0,0.0,0.0,0.0,0.0,0.0,0.0,0.0,0.0,0.0,0.0,0.0,0.0,0.0,0.0,0.0,0.0,0.0,0.0,0.0,0.0,0.0,0.0,0.0,0.0,0.0,0.0,0.0,0.0,0.0,0.0,0.0,0.0,0.0,0.0,0.0,0.0,0.0,0.0,0.0,0.0,0.0,0.0,0.0,0.0,0.0,0.0,0.0,0.0,0.0,0.0,0.0,0.0,0.0,0.0,0.0,0.0,0.0,0.0,0.0,0.0,0.0,0.0,0.0,0.0,0.0,0.0,0.0,0.0,0.0,0.0,0.0,0.0,0.0,0.0,0.0,0.0,0.0,0.0,0.0,0.0,0.0,0.0,0.0,0.0,0.0,0.0,0.0,0.0,0.0,0.0,0.0,0.0,0.0,0.0,0.0,0.0,0.0,0.0,0.0,0.0
,,,,,,,,,,,,,,,,,,,,,,,,,,,,,,,,,,,,,,,,,,,,,,,,,,,,,,,,,,,,,,,,,,,,,,,,,,,0.0,0.0,0.0,0.0,0.0,0.0,0.0,0.0,0.0,0.0,0.0,0.0,0.0,0.0,0.0,0.0,0.0,0.0,0.0,0.0,0.0,0.0,0.0,0.0,0.0,0.0,0.0,0.0,0.0,0.0,0.0,0.0,0.0,0.0,0.0,0.0,0.0,0.0,0.0,0.0,0.0,0.0,0.0,0.0,0.0,0.0,0.0,0.0,0.0,0.0,0.0,0.0,0.0,0.0,0.0,0.0,0.0,0.0,0.0,0.0,0.0,0.0,0.0,0.0,0.0,0.0,0.0,0.0,0.0,0.0,0.0,0.0,0.0,0.0,0.0,0.0,0.0,0.0,0.0,0.0,0.0,0.0,0.0,0.0,0.0,0.0,0.0,0.0,0.0,0.0,0.0,0.0,0.0,0.0,0.0,0.0,0.0,0.0,0.0,0.0,0.0,0.0,0.0,0.0,0.0,0.0,0.0,0.0,0.0,0.0,0.0,0.0,0.0,0.0,0.0,0.0,0.0,0.0,0.0,0.0,0.0,0.0,0.0,0.0,0.0,0.0,0.0,0.0,0.0,0.0,0.0,0.0,0.0,0.0,0.0,0.0,0.0,0.0,0.0,0.0,0.0,0.0,0.0,0.0,0.0,0.0,0.0,0.0,0.0,0.0,0.0,0.0,0.0,0.0,0.0,0.0,0.0,0.0,0.0,0.0,0.0,0.0,0.0,0.0,0.0,0.0,0.0,0.0,0.0,0.0,0.0,0.0,0.0,0.0,0.0,0.0,0.0,0.0,0.0,0.0,0.0,0.0,0.0,0.0,0.0,0.0,0.0,0.0,0.0,0.0,0.0,0.0,0.0,0.0,0.0,0.0,0.0,0.0,0.0,0.0,0.0,0.0,0.0,0.0,0.0,0.0,0.0,0.0,0.0,0.0,0.0,0.0,0.0,0.0,0.0,0.0,0.0,0.0,0.0,0.0,0.0,0.0,0.0,0.0,0.0
,,,,,,,,,,,,,,,,,,,,,,,,,,,,,,,,,,,,,,,,,,,,,,,,,,,,,,,,,,,,,,,,,,,,,,,,,,,0.0,0.0,0.0,0.0,0.0,0.0,0.0,0.0,0.0,0.0,0.0,0.0,0.0,0.0,0.0,0.0,0.0,0.0,0.0,0.0,0.0,0.0,0.0,0.0,0.0,0.0,0.0,0.0,0.0,0.0,0.0,0.0,0.0,0.0,0.0,0.0,0.0,0.0,0.0,0.0,0.0,0.0,0.0,0.0,0.0,0.0,0.0,0.0,0.0,0.0,0.0,0.0,0.0,0.0,0.0,0.0,0.0,0.0,0.0,0.0,0.0,0.0,0.0,0.0,0.0,0.0,0.0,0.0,0.0,0.0,0.0,0.0,0.0,0.0,0.0,0.0,0.0,0.0,0.0,0.0,0.0,0.0,0.0,0.0,0.0,0.0,0.0,0.0,0.0,0.0,0.0,0.0,0.0,0.0,0.0,0.0,0.0,0.0,0.0,0.0,0.0,0.0,0.0,0.0,0.0,0.0,0.0,0.0,0.0,0.0,0.0,0.0,0.0,0.0,0.0,0.0,0.0,0.0,0.0,0.0,0.0,0.0,0.0,0.0,0.0,0.0,0.0,0.0,0.0,0.0,0.0,0.0,0.0,0.0,0.0,0.0,0.0,0.0,0.0,0.0,0.0,0.0,0.0,0.0,0.0,0.0,0.0,0.0,0.0,0.0,0.0,0.0,0.0,0.0,0.0,0.0,0.0,0.0,0.0,0.0,0.0,0.0,0.0,0.0,0.0,0.0,0.0,0.0,0.0,0.0,0.0,0.0,0.0,0.0,0.0,0.0,0.0,0.0,0.0,0.0,0.0,0.0,0.0,0.0,0.0,0.0,0.0,0.0,0.0,0.0,0.0,0.0,0.0,0.0,0.0,0.0,0.0,0.0,0.0,0.0,0.0,0.0,0.0,0.0,0.0,0.0,0.0,0.0,0.0,0.0,0.0,0.0,0.0,0.0,0.0,0.0,0.0,0.0,0.0,0.0,0.0,0.0,0.0,0.0,0.0
,,,,,,,,,,,,,,,,,,,,,,,,,,,,,,,,,,,,,,,,,,,,,,,,,,,,,,,,,,,,,,,,,,,,,,,,,,,0.0,0.0,0.0,0.0,0.0,0.0,0.0,0.0,0.0,0.0,0.0,0.0,0.0,0.0,0.0,0.0,0.0,0.0,0.0,0.0,0.0,0.0,0.0,0.0,0.0,0.0,0.0,0.0,0.0,0.0,0.0,0.0,0.0,0.0,0.0,0.0,0.0,0.0,0.0,0.0,0.0,0.0,0.0,0.0,0.0,0.0,0.0,0.0,0.0,0.0,0.0,0.0,0.0,0.0,0.0,0.0,0.0,0.0,0.0,0.0,0.0,0.0,0.0,0.0,0.0,0.0,0.0,0.0,0.0,0.0,0.0,0.0,0.0,0.0,0.0,0.0,0.0,0.0,0.0,0.0,0.0,0.0,0.0,0.0,0.0,0.0,0.0,0.0,0.0,0.0,0.0,0.0,0.0,0.0,0.0,0.0,0.0,0.0,0.0,0.0,0.0,0.0,0.0,0.0,0.0,0.0,0.0,0.0,0.0,0.0,0.0,0.0,0.0,0.0,0.0,0.0,0.0,0.0,0.0,0.0,0.0,0.0,0.0,0.0,0.0,0.0,0.0,0.0,0.0,0.0,0.0,0.0,0.0,0.0,0.0,0.0,0.0,0.0,0.0,0.0,0.0,0.0,0.0,0.0,0.0,0.0,0.0,0.0,0.0,0.0,0.0,0.0,0.0,0.0,0.0,0.0,0.0,0.0,0.0,0.0,0.0,0.0,0.0,0.0,0.0,0.0,0.0,0.0,0.0,0.0,0.0,0.0,0.0,0.0,0.0,0.0,0.0,0.0,0.0,0.0,0.0,0.0,0.0,0.0,0.0,0.0,0.0,0.0,0.0,0.0,0.0,0.0,0.0,0.0,0.0,0.0,0.0,0.0,0.0,0.0,0.0,0.0,0.0,0.0,0.0,0.0,0.0,0.0,0.0,0.0,0.0,0.0,0.0,0.0,0.0,0.0,0.0,0.0,0.0,0.0,0.0,0.0,0.0,0.0,0.0
,,,,,,,,,,,,,,,,,,,,,,,,,,,,,,,,,,,,,,,,,,,,,,,,,,,,,,,,,,,,,,,,,,,,,,,,,,,0.0,0.0,0.0,0.0,0.0,0.0,0.0,0.0,0.0,0.0,0.0,0.0,0.0,0.0,0.0,0.0,0.0,0.0,0.0,0.0,0.0,0.0,0.0,0.0,0.0,0.0,0.0,0.0,0.0,0.0,0.0,0.0,0.0,0.0,0.0,0.0,0.0,0.0,0.0,0.0,0.0,0.0,0.0,0.0,0.0,0.0,0.0,0.0,0.0,0.0,0.0,0.0,0.0,0.0,0.0,0.0,0.0,0.0,0.0,0.0,0.0,0.0,0.0,0.0,0.0,0.0,0.0,0.0,0.0,0.0,0.0,0.0,0.0,0.0,0.0,0.0,0.0,0.0,0.0,0.0,0.0,0.0,0.0,0.0,0.0,0.0,0.0,0.0,0.0,0.0,0.0,0.0,0.0,0.0,0.0,0.0,0.0,0.0,0.0,0.0,0.0,0.0,0.0,0.0,0.0,0.0,0.0,0.0,0.0,0.0,0.0,0.0,0.0,0.0,0.0,0.0,0.0,0.0,0.0,0.0,0.0,0.0,0.0,0.0,0.0,0.0,0.0,0.0,0.0,0.0,0.0,0.0,0.0,0.0,0.0,0.0,0.0,0.0,0.0,0.0,0.0,0.0,0.0,0.0,0.0,0.0,0.0,0.0,0.0,0.0,0.0,0.0,0.0,0.0,0.0,0.0,0.0,0.0,0.0,0.0,0.0,0.0,0.0,0.0,0.0,0.0,0.0,0.0,0.0,0.0,0.0,0.0,0.0,0.0,0.0,0.0,0.0,0.0,0.0,0.0,0.0,0.0,0.0,0.0,0.0,0.0,0.0,0.0,0.0,0.0,0.0,0.0,0.0,0.0,0.0,0.0,0.0,0.0,0.0,0.0,0.0,0.0,0.0,0.0,0.0,0.0,0.0,0.0,0.0,0.0,0.0,0.0,0.0,0.0,0.0,0.0,0.0,0.0,0.0,0.0,0.0,0.0,0.0,0.0,0.0
,,,,,,,,,,,,,,,,,,,,,,,,,,,,,,,,,,,,,,,,,,,,,,,,,,,,,,,,,,,,,,,,,,,,,,,,,,,0.0,0.0,0.0,0.0,0.0,0.0,0.0,0.0,0.0,0.0,0.0,0.0,0.0,0.0,0.0,0.0,0.0,0.0,0.0,0.0,0.0,0.0,0.0,0.0,0.0,0.0,0.0,0.0,0.0,0.0,0.0,0.0,0.0,0.0,0.0,0.0,0.0,0.0,0.0,0.0,0.0,0.0,0.0,0.0,0.0,0.0,0.0,0.0,0.0,0.0,0.0,0.0,0.0,0.0,0.0,0.0,0.0,0.0,0.0,0.0,0.0,0.0,0.0,0.0,0.0,0.0,0.0,0.0,0.0,0.0,0.0,0.0,0.0,0.0,0.0,0.0,0.0,0.0,0.0,0.0,0.0,0.0,0.0,0.0,0.0,0.0,0.0,0.0,0.0,0.0,0.0,0.0,0.0,0.0,0.0,0.0,0.0,0.0,0.0,0.0,0.0,0.0,0.0,0.0,0.0,0.0,0.0,0.0,0.0,0.0,0.0,0.0,0.0,0.0,0.0,0.0,0.0,0.0,0.0,0.0,0.0,0.0,0.0,0.0,0.0,0.0,0.0,0.0,0.0,0.0,0.0,0.0,0.0,0.0,0.0,0.0,0.0,0.0,0.0,0.0,0.0,0.0,0.0,0.0,0.0,0.0,0.0,0.0,0.0,0.0,0.0,0.0,0.0,0.0,0.0,0.0,0.0,0.0,0.0,0.0,0.0,0.0,0.0,0.0,0.0,0.0,0.0,0.0,0.0,0.0,0.0,0.0,0.0,0.0,0.0,0.0,0.0,0.0,0.0,0.0,0.0,0.0,0.0,0.0,0.0,0.0,0.0,0.0,0.0,0.0,0.0,0.0,0.0,0.0,0.0,0.0,0.0,0.0,0.0,0.0,0.0,0.0,0.0,0.0,0.0,0.0,0.0,0.0,0.0,0.0,0.0,0.0,0.0,0.0,0.0,0.0,0.0,0.0,0.0,0.0,0.0,0.0,0.0,0.0,0.0
,,,,,,,,,,,,,,,,,,,,,,,,,,,,,,,,,,,,,,,,,,,,,,,,,,,,,,,,,,,,,,,,,,,,,,,,,,,0.0,0.0,0.0,0.0,0.0,0.0,0.0,0.0,0.0,0.0,0.0,0.0,0.0,0.0,0.0,0.0,0.0,0.0,0.0,0.0,0.0,0.0,0.0,0.0,0.0,0.0,0.0,0.0,0.0,0.0,0.0,0.0,0.0,0.0,0.0,0.0,0.0,0.0,0.0,0.0,0.0,0.0,0.0,0.0,0.0,0.0,0.0,0.0,0.0,0.0,0.0,0.0,0.0,0.0,0.0,0.0,0.0,0.0,0.0,0.0,0.0,0.0,0.0,0.0,0.0,0.0,0.0,0.0,0.0,0.0,0.0,0.0,0.0,0.0,0.0,0.0,0.0,0.0,0.0,0.0,0.0,0.0,0.0,0.0,0.0,0.0,0.0,0.0,0.0,0.0,0.0,0.0,0.0,0.0,0.0,0.0,0.0,0.0,0.0,0.0,0.0,0.0,0.0,0.0,0.0,0.0,0.0,0.0,0.0,0.0,0.0,0.0,0.0,0.0,0.0,0.0,0.0,0.0,0.0,0.0,0.0,0.0,0.0,0.0,0.0,0.0,0.0,0.0,0.0,0.0,0.0,0.0,0.0,0.0,0.0,0.0,0.0,0.0,0.0,0.0,0.0,0.0,0.0,0.0,0.0,0.0,0.0,0.0,0.0,0.0,0.0,0.0,0.0,0.0,0.0,0.0,0.0,0.0,0.0,0.0,0.0,0.0,0.0,0.0,0.0,0.0,0.0,0.0,0.0,0.0,0.0,0.0,0.0,0.0,0.0,0.0,0.0,0.0,0.0,0.0,0.0,0.0,0.0,0.0,0.0,0.0,0.0,0.0,0.0,0.0,0.0,0.0,0.0,0.0,0.0,0.0,0.0,0.0,0.0,0.0,0.0,0.0,0.0,0.0,0.0,0.0,0.0,0.0,0.0,0.0,0.0,0.0,0.0,0.0,0.0,0.0,0.0,0.0,0.0,0.0,0.0,0.0,0.0,0.0,0.0
,,,,,,,,,,,,,,,,,,,,,,,,,,,,,,,,,,,,,,,,,,,,,,,,,,,,,,,,,,,,,,,,,,,,,,,,,,,0.0,0.0,0.0,0.0,0.0,0.0,0.0,0.0,0.0,0.0,0.0,0.0,0.0,0.0,0.0,0.0,0.0,0.0,0.0,0.0,0.0,0.0,0.0,0.0,0.0,0.0,0.0,0.0,0.0,0.0,0.0,0.0,0.0,0.0,0.0,0.0,0.0,0.0,0.0,0.0,0.0,0.0,0.0,0.0,0.0,0.0,0.0,0.0,0.0,0.0,0.0,0.0,0.0,0.0,0.0,0.0,0.0,0.0,0.0,0.0,0.0,0.0,0.0,0.0,0.0,0.0,0.0,0.0,0.0,0.0,0.0,0.0,0.0,0.0,0.0,0.0,0.0,0.0,0.0,0.0,0.0,0.0,0.0,0.0,0.0,0.0,0.0,0.0,0.0,0.0,0.0,0.0,0.0,0.0,0.0,0.0,0.0,0.0,0.0,0.0,0.0,0.0,0.0,0.0,0.0,0.0,0.0,0.0,0.0,0.0,0.0,0.0,0.0,0.0,0.0,0.0,0.0,0.0,0.0,0.0,0.0,0.0,0.0,0.0,0.0,0.0,0.0,0.0,0.0,0.0,0.0,0.0,0.0,0.0,0.0,0.0,0.0,0.0,0.0,0.0,0.0,0.0,0.0,0.0,0.0,0.0,0.0,0.0,0.0,0.0,0.0,0.0,0.0,0.0,0.0,0.0,0.0,0.0,0.0,0.0,0.0,0.0,0.0,0.0,0.0,0.0,0.0,0.0,0.0,0.0,0.0,0.0,0.0,0.0,0.0,0.0,0.0,0.0,0.0,0.0,0.0,0.0,0.0,0.0,0.0,0.0,0.0,0.0,0.0,0.0,0.0,0.0,0.0,0.0,0.0,0.0,0.0,0.0,0.0,0.0,0.0,0.0,0.0,0.0,0.0,0.0,0.0,0.0,0.0,0.0,0.0,0.0,0.0,0.0,0.0,0.0,0.0,0.0,0.0,0.0,0.0,0.0,0.0,0.0,0.0
,,,,,,,,,,,,,,,,,,,,,,,,,,,,,,,,,,,,,,,,,,,,,,,,,,,,,,,,,,,,,,,,,,,,,,,,,,,0.0,0.0,0.0,0.0,0.0,0.0,0.0,0.0,0.0,0.0,0.0,0.0,0.0,0.0,0.0,0.0,0.0,0.0,0.0,0.0,0.0,0.0,0.0,0.0,0.0,0.0,0.0,0.0,0.0,0.0,0.0,0.0,0.0,0.0,0.0,0.0,0.0,0.0,0.0,0.0,0.0,0.0,0.0,0.0,0.0,0.0,0.0,0.0,0.0,0.0,0.0,0.0,0.0,0.0,0.0,0.0,0.0,0.0,0.0,0.0,0.0,0.0,0.0,0.0,0.0,0.0,0.0,0.0,0.0,0.0,0.0,0.0,0.0,0.0,0.0,0.0,0.0,0.0,0.0,0.0,0.0,0.0,0.0,0.0,0.0,0.0,0.0,0.0,0.0,0.0,0.0,0.0,0.0,0.0,0.0,0.0,0.0,0.0,0.0,0.0,0.0,0.0,0.0,0.0,0.0,0.0,0.0,0.0,0.0,0.0,0.0,0.0,0.0,0.0,0.0,0.0,0.0,0.0,0.0,0.0,0.0,0.0,0.0,0.0,0.0,0.0,0.0,0.0,0.0,0.0,0.0,0.0,0.0,0.0,0.0,0.0,0.0,0.0,0.0,0.0,0.0,0.0,0.0,0.0,0.0,0.0,0.0,0.0,0.0,0.0,0.0,0.0,0.0,0.0,0.0,0.0,0.0,0.0,0.0,0.0,0.0,0.0,0.0,0.0,0.0,0.0,0.0,0.0,0.0,0.0,0.0,0.0,0.0,0.0,0.0,0.0,0.0,0.0,0.0,0.0,0.0,0.0,0.0,0.0,0.0,0.0,0.0,0.0,0.0,0.0,0.0,0.0,0.0,0.0,0.0,0.0,0.0,0.0,0.0,0.0,0.0,0.0,0.0,0.0,0.0,0.0,0.0,0.0,0.0,0.0,0.0,0.0,0.0,0.0,0.0,0.0,0.0,0.0,0.0,0.0,0.0,0.0,0.0,0.0,0.0
,,,,,,,,,,,,,,,,,,,,,,,,,,,,,,,,,,,,,,,,,,,,,,,,,,,,,,,,,,,,,,,,,,,,,,,,,,,0.0,0.0,0.0,0.0,0.0,0.0,0.0,0.0,0.0,0.0,0.0,0.0,0.0,0.0,0.0,0.0,0.0,0.0,0.0,0.0,0.0,0.0,0.0,0.0,0.0,0.0,0.0,0.0,0.0,0.0,0.0,0.0,0.0,0.0,0.0,0.0,0.0,0.0,0.0,0.0,0.0,0.0,0.0,0.0,0.0,0.0,0.0,0.0,0.0,0.0,0.0,0.0,0.0,0.0,0.0,0.0,0.0,0.0,0.0,0.0,0.0,0.0,0.0,0.0,0.0,0.0,0.0,0.0,0.0,0.0,0.0,0.0,0.0,0.0,0.0,0.0,0.0,0.0,0.0,0.0,0.0,0.0,0.0,0.0,0.0,0.0,0.0,0.0,0.0,0.0,0.0,0.0,0.0,0.0,0.0,0.0,0.0,0.0,0.0,0.0,0.0,0.0,0.0,0.0,0.0,0.0,0.0,0.0,0.0,0.0,0.0,0.0,0.0,0.0,0.0,0.0,0.0,0.0,0.0,0.0,0.0,0.0,0.0,0.0,0.0,0.0,0.0,0.0,0.0,0.0,0.0,0.0,0.0,0.0,0.0,0.0,0.0,0.0,0.0,0.0,0.0,0.0,0.0,0.0,0.0,0.0,0.0,0.0,0.0,0.0,0.0,0.0,0.0,0.0,0.0,0.0,0.0,0.0,0.0,0.0,0.0,0.0,0.0,0.0,0.0,0.0,0.0,0.0,0.0,0.0,0.0,0.0,0.0,0.0,0.0,0.0,0.0,0.0,0.0,0.0,0.0,0.0,0.0,0.0,0.0,0.0,0.0,0.0,0.0,0.0,0.0,0.0,0.0,0.0,0.0,0.0,0.0,0.0,0.0,0.0,0.0,0.0,0.0,0.0,0.0,0.0,0.0,0.0,0.0,0.0,0.0,0.0,0.0,0.0,0.0,0.0,0.0,0.0,0.0,0.0,0.0,0.0,0.0,0.0,0.0
,,,,,,,,,,,,,,,,,,,,,,,,,,,,,,,,,,,,,,,,,,,,,,,,,,,,,,,,,,,,,,,,,,,,,,,,,,,0.0,0.0,0.0,0.0,0.0,0.0,0.0,0.0,0.0,0.0,0.0,0.0,0.0,0.0,0.0,0.0,0.0,0.0,0.0,0.0,0.0,0.0,0.0,0.0,0.0,0.0,0.0,0.0,0.0,0.0,0.0,0.0,0.0,0.0,0.0,0.0,0.0,0.0,0.01,0.02,0.03,0.02,0.01,0.0,0.0,0.0,0.0,0.0,0.0,0.0,0.0,0.0,0.0,0.0,0.0,0.0,0.0,0.0,0.0,0.0,0.0,0.0,0.0,0.0,0.0,0.0,0.0,0.0,0.0,0.0,0.0,0.0,0.0,0.0,0.0,0.0,0.0,0.0,0.0,0.0,0.0,0.0,0.0,0.0,0.0,0.0,0.0,0.0,0.0,0.0,0.0,0.0,0.0,0.0,0.0,0.0,0.0,0.0,0.0,0.0,0.0,0.0,0.0,0.0,0.0,0.0,0.0,0.0,0.0,0.0,0.0,0.0,0.0,0.0,0.0,0.0,0.0,0.0,0.0,0.0,0.0,0.0,0.0,0.0,0.0,0.0,0.0,0.0,0.0,0.0,0.0,0.0,0.0,0.0,0.0,0.0,0.0,0.0,0.0,0.0,0.0,0.0,0.0,0.0,0.0,0.0,0.0,0.0,0.0,0.0,0.0,0.0,0.0,0.0,0.0,0.0,0.0,0.0,0.0,0.0,0.0,0.0,0.0,0.0,0.0,0.0,0.0,0.0,0.0,0.0,0.0,0.0,0.0,0.0,0.0,0.0,0.0,0.0,0.0,0.0,0.0,0.0,0.0,0.0,0.0,0.0,0.0,0.0,0.0,0.0,0.0,0.0,0.0,0.0,0.0,0.0,0.0,0.0,0.0,0.0,0.0,0.0,0.0,0.0,0.0,0.0,0.0,0.0,0.0,0.0,0.0,0.0,0.0,0.0,0.0,0.0,0.0,0.0,0.0,0.0,0.0,0.0,0.0,0.0,0.0
,,,,,,,,,,,,,,,,,,,,,,,,,,,,,,,,,,,,,,,,,,,,,,,,,,,,,,,,,,,,,,,,,,,,,,,,,,,,,,,,,,,,,,,,,,,,,,,,,,,,,,,,,,,,,,,,,,,,,,,,,,,,,,,,,,,,,,,,,,,,,,,,,,,,,,,,,,,,,,,,,,,,,,,,,,,,,,,,,,,,,,,,,,,,,,,,,,,,,,,,,,,,,,,,,,,,,,,,,,,,,,,,,,,,,,,,,,,,,,,,,,,,,,,,,,,,,,,,,,,,,,,,,,,,,,,,,,,,,,,,,,,,,,,,,,,,,,,,,,,
,,,,,,,,,,,,,,,,,,,,,,,,,,,,,,,,,,,,,,,,,,,,,,,,,,,,,,,,,,,,,,,,,,,,,,,,,,,,,,,,,,,,,,,,,,,,,,,,,,,,,,,,,,,,,,,,,,,,,,,,,,,,,,,,,,,,,,,,,,,,,,,,,,,,,,,,,,,,,,,,,,,,,,,,,,,,,,,,,,,,,,,,,,,,,,,,,,,,,,,,,,,,,,,,,,,,,,,,,,,,,,,,,,,,,,,,,,,,,,,,,,,,,,,,,,,,,,,,,,,,,,,,,,,,,,,,,,,,,,,,,,,,,,,,,,,,,,,,,,,
,,,,,,,,,,,,,,,,,,,,,,,,,,,,,,,,,,,,,,,,,,,,,,,,,,,,,,,,,,,,,,,,,,,,,,,,,,,,,,,,,,,,,,,,,,,,,,,,,,,,,,,,,,,,,,,,,,,,,,,,,,,,,,,,,,,,,,,,,,,,,,,,,,,,,,,,,,,,,,,,,,,,,,,,,,,,,,,,,,,,,,,,,,,,,,,,,,,,,,,,,,,,,,,,,,,,,,,,,,,,,,,,,,,,,,,,,,,,,,,,,,,,,,,,,,,,,,,,,,,,,,,,,,,,,,,,,,,,,,,,,,,,,,,,,,,,,,,,,,,
,,,,,,,,,,,,,,,,,,,,,,,,,,,,,,,,,,,,,,,,,,,,,,,,,,,,,,,,,,,,,,,,,,,,,,,,,,,,,,,,,,,,,,,,,,,,,,,,,,,,,,,,,,,,,,,,,,,,,,,,,,,,,,,,,,,,,,,,,,,,,,,,,,,,,,,,,,,,,,,,,,,,,,,,,,,,,,,,,,,,,,,,,,,,,,,,,,,,,,,,,,,,,,,,,,,,,,,,,,,,,,,,,,,,,,,,,,,,,,,,,,,,,,,,,,,,,,,,,,,,,,,,,,,,,,,,,,,,,,,,,,,,,,,,,,,,,,,,,,,
,,,,,,,,,,,,,,,,,,,,,,,,,,,,,,,,,,,,,,,,,,,,,,,,,,,,,,,,,,,,,,,,,,,,,,,,,,,,,,,,,,,,,,,,,,,,,,,,,,,,,,,,,,,,,,,,,,,,,,,,,,,,,,,,,,,,,,,,,,,,,,,,,,,,,,,,,,,,,,,,,,,,,,,,,,,,,,,,,,,,,,,,,,,,,,,,,,,,,,,,,,,,,,,,,,,,,,,,,,,,,,,,,,,,,,,,,,,,,,,,,,,,,,,,,,,,,,,,,,,,,,,,,,,,,,,,,,,,,,,,,,,,,,,,,,,,,,,,,,,
,,,,,,,,,,,,,,,,,,,,,,,,,,,,,,,,,,,,,,,,,,,,,,,,,,,,,,,,,,,,,,,,,,,,,,,,,,,,,,,,,,,,,,,,,,,,,,,,,,,,,,,,,,,,,,,,,,,,,,,,,,,,,,,,,,,,,,,,,,,,,,,,,,,,,,,,,,,,,,,,,,,,,,,,,,,,,,,,,,,,,,,,,,,,,,,,,,,,,,,,,,,,,,,,,,,,,,,,,,,,,,,,,,,,,,,,,,,,,,,,,,,,,,,,,,,,,,,,,,,,,,,,,,,,,,,,,,,,,,,,,,,,,,,,,,,,,,,,,,,
,,,,,,,,,,,,,,,,,,,,,,,,,,,,,,,,,,,,,,,,,,,,,,,,,,,,,,,,,,,,,,,,,,,,,,,,,,,,,,,,,,,,,,,,,,,,,,,,,,,,,,,,,,,,,,,,,,,,,,,,,,,,,,,,,,,,,,,,,,,,,,,,,,,,,,,,,,,,,,,,,,,,,,,,,,,,,,,,,,,,,,,,,,,,,,,,,,,,,,,,,,,,,,,,,,,,,,,,,,,,,,,,,,,,,,,,,,,,,,,,,,,,,,,,,,,,,,,,,,,,,,,,,,,,,,,,,,,,,,,,,,,,,,,,,,,,,,,,,,,
,,,,,,,,,,,,,,,,,,,,,,,,,,,,,,,,,,,,,,,,,,,,,,,,,,,,,,,,,,,,,,,,,,,,,,,,,,,,,,,,,,,,,,,,,,,,,,,,,,,,,,,,,,,,,,,,,,,,,,,,,,,,,,,,,,,,,,,,,,,,,,,,,,,,,,,,,,,,,,,,,,,,,,,,,,,,,,,,,,,,,,,,,,,,,,,,,,,,,,,,,,,,,,,,,,,,,,,,,,,,,,,,,,,,,,,,,,,,,,,,,,,,,,,,,,,,,,,,,,,,,,,,,,,,,,,,,,,,,,,,,,,,,,,,,,,,,,,,,,,
,,,,,,,,,,,,,,,,,,,,,,,,,,,,,,,,,,,,,,,,,,,,,,,,,,,,,,,,,,,,,,,,,,,,,,,,,,,,,,,,,,,,,,,,,,,,,,,,,,,,,,,,,,,,,,,,,,,,,,,,,,,,,,,,,,,,,,,,,,,,,,,,,,,,,,,,,,,,,,,,,,,,,,,,,,,,,,,,,,,,,,,,,,,,,,,,,,,,,,,,,,,,,,,,,,,,,,,,,,,,,,,,,,,,,,,,,,,,,,,,,,,,,,,,,,,,,,,,,,,,,,,,,,,,,,,,,,,,,,,,,,,,,,,,,,,,,,,,,,,
,,,,,,,,,,,,,,,,,,,,,,,,,,,,,,,,,,,,,,,,,,,,,,,,,,,,,,,,,,,,,,,,,,,,,,,,,,,,,,,,,,,,,,,,,,,,,,,,,,,,,,,,,,,,,,,,,,,,,,,,,,,,,,,,,,,,,,,,,,,,,,,,,,,,,,,,,,,,,,,,,,,,,,,,,,,,,,,,,,,,,,,,,,,,,,,,,,,,,,,,,,,,,,,,,,,,,,,,,,,,,,,,,,,,,,,,,,,,,,,,,,,,,,,,,,,,,,,,,,,,,,,,,,,,,,,,,,,,,,,,,,,,,,,,,,,,,,,,,,,
,,,,,,,,,,,,,,,,,,,,,,,,,,,,,,,,,,,,,,,,,,,,,,,,,,,,,,,,,,,,,,,,,,,,,,,,,,,,,,,,,,,,,,,,,,,,,,,,,,,,,,,,,,,,,,,,,,,,,,,,,,,,,,,,,,,,,,,,,,,,,,,,,,,,,,,,,,,,,,,,,,,,,,,,,,,,,,,,,,,,,,,,,,,,,,,,,,,,,,,,,,,,,,,,,,,,,,,,,,,,,,,,,,,,,,,,,,,,,,,,,,,,,,,,,,,,,,,,,,,,,,,,,,,,,,,,,,,,,,,,,,,,,,,,,,,,,,,,,,,
,,,,,,,,,,,,,,,,,,,,,,,,,,,,,,,,,,,,,,,,,,,,,,,,,,,,,,,,,,,,,,,,,,,,,,,,,,,,,,,,,,,,,,,,,,,,,,,,,,,,,,,,,,,,,,,,,,,,,,,,,,,,,,,,,,,,,,,,,,,,,,,,,,,,,,,,,,,,,,,,,,,,,,,,,,,,,,,,,,,,,,,,,,,,,,,,,,,,,,,,,,,,,,,,,,,,,,,,,,,,,,,,,,,,,,,,,,,,,,,,,,,,,,,,,,,,,,,,,,,,,,,,,,,,,,,,,,,,,,,,,,,,,,,,,,,,,,,,,,,
,,,,,,,,,,,,,,,,,,,,,,,,,,,,,,,,,,,,,,,,,,,,,,,,,,,,,,,,,,,,,,,,,,,,,,,,,,,,,,,,,,,,,,,,,,,,,,,,,,,,,,,,,,,,,,,,,,,,,,,,,,,,,,,,,,,,,,,,,,,,,,,,,,,,,,,,,,,,,,,,,,,,,,,,,,,,,,,,,,,,,,,,,,,,,,,,,,,,,,,,,,,,,,,,,,,,,,,,,,,,,,,,,,,,,,,,,,,,,,,,,,,,,,,,,,,,,,,,,,,,,,,,,,,,,,,,,,,,,,,,,,,,,,,,,,,,,,,,,,,
,,,,,,,,,,,,,,,,,,,,,,,,,,,,,,,,,,,,,,,,,,,,,,,,,,,,,,,,,,,,,,,,,,,,,,,,,,,,,,,,,,,,,,,,,,,,,,,,,,,,,,,,,,,,,,,,,,,,,,,,,,,,,,,,,,,,,,,,,,,,,,,,,,,,,,,,,,,,,,,,,,,,,,,,,,,,,,,,,,,,,,,,,,,,,,,,,,,,,,,,,,,,,,,,,,,,,,,,,,,,,,,,,,,,,,,,,,,,,,,,,,,,,,,,,,,,,,,,,,,,,,,,,,,,,,,,,,,,,,,,,,,,,,,,,,,,,,,,,,,
,,,,,,,,,,,,,,,,,,,,,,,,,,,,,,,,,,,,,,,,,,,,,,,,,,,,,,,,,,,,,,,,,,,,,,,,,,,,,,,,,,,,,,,,,,,,,,,,,,,,,,,,,,,,,,,,,,,,,,,,,,,,,,,,,,,,,,,,,,,,,,,,,,,,,,,,,,,,,,,,,,,,,,,,,,,,,,,,,,,,,,,,,,,,,,,,,,,,,,,,,,,,,,,,,,,,,,,,,,,,,,,,,,,,,,,,,,,,,,,,,,,,,,,,,,,,,,,,,,,,,,,,,,,,,,,,,,,,,,,,,,,,,,,,,,,,,,,,,,,
,,,,,,,,,,,,,,,,,,,,,,,,,,,,,,,,,,,,,,,,,,,,,,,,,,,,,,,,,,,,,,,,,,,,,,,,,,,,,,,,,,,,,,,,,,,,,,,,,,,,,,,,,,,,,,,,,,,,,,,,,,,,,,,,,,,,,,,,,,,,,,,,,,,,,,,,,,,,,,,,,,,,,,,,,,,,,,,,,,,,,,,,,,,,,,,,,,,,,,,,,,,,,,,,,,,,,,,,,,,,,,,,,,,,,,,,,,,,,,,,,,,,,,,,,,,,,,,,,,,,,,,,,,,,,,,,,,,,,,,,,,,,,,,,,,,,,,,,,,,
,,,,,,,,,,,,,,,,,,,,,,,,,,,,,,,,,,,,,,,,,,,,,,,,,,,,,,,,,,,,,,,,,,,,,,,,,,,,,,,,,,,,,,,,,,,,,,,,,,,,,,,,,,,,,,,,,,,,,,,,,,,,,,,,,,,,,,,,,,,,,,,,,,,,,,,,,,,,,,,,,,,,,,,,,,,,,,,,,,,,,,,,,,,,,,,,,,,,,,,,,,,,,,,,,,,,,,,,,,,,,,,,,,,,,,,,,,,,,,,,,,,,,,,,,,,,,,,,,,,,,,,,,,,,,,,,,,,,,,,,,,,,,,,,,,,,,,,,,,,
,,,,,,,,,,,,,,,,,,,,,,,,,,,,,,,,,,,,,,,,,,,,,,,,,,,,,,,,,,,,,,,,,,,,,,,,,,,,,,,,,,,,,,,,,,,,,,,,,,,,,,,,,,,,,,,,,,,,,,,,,,,,,,,,,,,,,,,,,,,,,,,,,,,,,,,,,,,,,,,,,,,,,,,,,,,,,,,,,,,,,,,,,,,,,,,,,,,,,,,,,,,,,,,,,,,,,,,,,,,,,,,,,,,,,,,,,,,,,,,,,,,,,,,,,,,,,,,,,,,,,,,,,,,,,,,,,,,,,,,,,,,,,,,,,,,,,,,,,,,
,,,,,,,,,,,,,,,,,,,,,,,,,,,,,,,,,,,,,,,,,,,,,,,,,,,,,,,,,,,,,,,,,,,,,,,,,,,,,,,,,,,,,,,,,,,,,,,,,,,,,,,,,,,,,,,,,,,,,,,,,,,,,,,,,,,,,,,,,,,,,,,,,,,,,,,,,,,,,,,,,,,,,,,,,,,,,,,,,,,,,,,,,,,,,,,,,,,,,,,,,,,,,,,,,,,,,,,,,,,,,,,,,,,,,,,,,,,,,,,,,,,,,,,,,,,,,,,,,,,,,,,,,,,,,,,,,,,,,,,,,,,,,,,,,,,,,,,,,,,
,,,,,,,,,,,,,,,,,,,,,,,,,,,,,,,,,,,,,,,,,,,,,,,,,,,,,,,,,,,,,,,,,,,,,,,,,,,,,,,,,,,,,,,,,,,,,,,,,,,,,,,,,,,,,,,,,,,,,,,,,,,,,,,,,,,,,,,,,,,,,,,,,,,,,,,,,,,,,,,,,,,,,,,,,,,,,,,,,,,,,,,,,,,,,,,,,,,,,,,,,,,,,,,,,,,,,,,,,,,,,,,,,,,,,,,,,,,,,,,,,,,,,,,,,,,,,,,,,,,,,,,,,,,,,,,,,,,,,,,,,,,,,,,,,,,,,,,,,,,
,,,,,,,,,,,,,,,,,,,,,,,,,,,,,,,,,,,,,,,,,,,,,,,,,,,,,,,,,,,,,,,,,,,,,,,,,,,,,,,,,,,,,,,,,,,,,,,,,,,,,,,,,,,,,,,,,,,,,,,,,,,,,,,,,,,,,,,,,,,,,,,,,,,,,,,,,,,,,,,,,,,,,,,,,,,,,,,,,,,,,,,,,,,,,,,,,,,,,,,,,,,,,,,,,,,,,,,,,,,,,,,,,,,,,,,,,,,,,,,,,,,,,,,,,,,,,,,,,,,,,,,,,,,,,,,,,,,,,,,,,,,,,,,,,,,,,,,,,,,
,,,,,,,,,,,,,,,,,,,,,,,,,,,,,,,,,,,,,,,,,,,,,,,,,,,,,,,,,,,,,,,,,,,,,,,,,,,,,,,,,,,,,,,,,,,,,,,,,,,,,,,,,,,,,,,,,,,,,,,,,,,,,,,,,,,,,,,,,,,,,,,,,,,,,,,,,,,,,,,,,,,,,,,,,,,,,,,,,,,,,,,,,,,,,,,,,,,,,,,,,,,,,,,,,,,,,,,,,,,,,,,,,,,,,,,,,,,,,,,,,,,,,,,,,,,,,,,,,,,,,,,,,,,,,,,,,,,,,,,,,,,,,,,,,,,,,,,,,,,
,,,,,,,,,,,,,,,,,,,,,,,,,,,,,,,,,,,,,,,,,,,,,,,,,,,,,,,,,,,,,,,,,,,,,,,,,,,,,,,,,,,,,,,,,,,,,,,,,,,,,,,,,,,,,,,,,,,,,,,,,,,,,,,,,,,,,,,,,,,,,,,,,,,,,,,,,,,,,,,,,,,,,,,,,,,,,,,,,,,,,,,,,,,,,,,,,,,,,,,,,,,,,,,,,,,,,,,,,,,,,,,,,,,,,,,,,,,,,,,,,,,,,,,,,,,,,,,,,,,,,,,,,,,,,,,,,,,,,,,,,,,,,,,,,,,,,,,,,,,
,,,,,,,,,,,,,,,,,,,,,,,,,,,,,,,,,,,,,,,,,,,,,,,,,,,,,,,,,,,,,,,,,,,,,,,,,,,,,,,,,,,,,,,,,,,,,,,,,,,,,,,,,,,,,,,,,,,,,,,,,,,,,,,,,,,,,,,,,,,,,,,,,,,,,,,,,,,,,,,,,,,,,,,,,,,,,,,,,,,,,,,,,,,,,,,,,,,,,,,,,,,,,,,,,,,,,,,,,,,,,,,,,,,,,,,,,,,,,,,,,,,,,,,,,,,,,,,,,,,,,,,,,,,,,,,,,,,,,,,,,,,,,,,,,,,,,,,,,,,
,,,,,,,,,,,,,,,,,,,,,,,,,,,,,,,,,,,,,,,,,,,,,,,,,,,,,,,,,,,,,,,,,,,,,,,,,,,,,,,,,,,,,,,,,,,,,,,,,,,,,,,,,,,,,,,,,,,,,,,,,,,,,,,,,,,,,,,,,,,,,,,,,,,,,,,,,,,,,,,,,,,,,,,,,,,,,,,,,,,,,,,,,,,,,,,,,,,,,,,,,,,,,,,,,,,,,,,,,,,,,,,,,,,,,,,,,,,,,,,,,,,,,,,,,,,,,,,,,,,,,,,,,,,,,,,,,,,,,,,,,,,,,,,,,,,,,,,,,,,
,,,,,,,,,,,,,,,,,,,,,,,,,,,,,,,,,,,,,,,,,,,,,,,,,,,,,,,,,,,,,,,,,,,,,,,,,,,,,,,,,,,,,,,,,,,,,,,,,,,,,,,,,,,,,,,,,,,,,,,,,,,,,,,,,,,,,,,,,,,,,,,,,,,,,,,,,,,,,,,,,,,,,,,,,,,,,,,,,,,,,,,,,,,,,,,,,,,,,,,,,,,,,,,,,,,,,,,,,,,,,,,,,,,,,,,,,,,,,,,,,,,,,,,,,,,,,,,,,,,,,,,,,,,,,,,,,,,,,,,,,,,,,,,,,,,,,,,,,,,
,,,,,,,,,,,,,,,,,,,,,,,,,,,,,,,,,,,,,,,,,,,,,,,,,,,,,,,,,,,,,,,,,,,,,,,,,,,,,,,,,,,,,,,,,,,,,,,,,,,,,,,,,,,,,,,,,,,,,,,,,,,,,,,,,,,,,,,,,,,,,,,,,,,,,,,,,,,,,,,,,,,,,,,,,,,,,,,,,,,,,,,,,,,,,,,,,,,,,,,,,,,,,,,,,,,,,,,,,,,,,,,,,,,,,,,,,,,,,,,,,,,,,,,,,,,,,,,,,,,,,,,,,,,,,,,,,,,,,,,,,,,,,,,,,,,,,,,,,,,
,,,,,,,,,,,,,,,,,,,,,,,,,,,,,,,,,,,,,,,,,,,,,,,,,,,,,,,,,,,,,,,,,,,,,,,,,,,,,,,,,,,,,,,,,,,,,,,,,,,,,,,,,,,,,,,,,,,,,,,,,,,,,,,,,,,,,,,,,,,,,,,,,,,,,,,,,,,,,,,,,,,,,,,,,,,,,,,,,,,,,,,,,,,,,,,,,,,,,,,,,,,,,,,,,,,,,,,,,,,,,,,,,,,,,,,,,,,,,,,,,,,,,,,,,,,,,,,,,,,,,,,,,,,,,,,,,,,,,,,,,,,,,,,,,,,,,,,,,,,
,,,,,,,,,,,,,,,,,,,,,,,,,,,,,,,,,,,,,,,,,,,,,,,,,,,,,,,,,,,,,,,,,,,,,,,,,,,,,,,,,,,,,,,,,,,,,,,,,,,,,,,,,,,,,,,,,,,,,,,,,,,,,,,,,,,,,,,,,,,,,,,,,,,,,,,,,,,,,,,,,,,,,,,,,,,,,,,,,,,,,,,,,,,,,,,,,,,,,,,,,,,,,,,,,,,,,,,,,,,,,,,,,,,,,,,,,,,,,,,,,,,,,,,,,,,,,,,,,,,,,,,,,,,,,,,,,,,,,,,,,,,,,,,,,,,,,,,,,,,
,,,,,,,,,,,,,,,,,,,,,,,,,,,,,,,,,,,,,,,,,,,,,,,,,,,,,,,,,,,,,,,,,,,,,,,,,,,,,,,,,,,,,,,,,,,,,,,,,,,,,,,,,,,,,,,,,,,,,,,,,,,,,,,,,,,,,,,,,,,,,,,,,,,,,,,,,,,,,,,,,,,,,,,,,,,,,,,,,,,,,,,,,,,,,,,,,,,,,,,,,,,,,,,,,,,,,,,,,,,,,,,,,,,,,,,,,,,,,,,,,,,,,,,,,,,,,,,,,,,,,,,,,,,,,,,,,,,,,,,,,,,,,,,,,,,,,,,,,,,
,,,,,,,,,,,,,,,,,,,,,,,,,,,,,,,,,,,,,,,,,,,,,,,,,,,,,,,,,,,,,,,,,,,,,,,,,,,,,,,,,,,,,,,,,,,,,,,,,,,,,,,,,,,,,,,,,,,,,,,,,,,,,,,,,,,,,,,,,,,,,,,,,,,,,,,,,,,,,,,,,,,,,,,,,,,,,,,,,,,,,,,,,,,,,,,,,,,,,,,,,,,,,,,,,,,,,,,,,,,,,,,,,,,,,,,,,,,,,,,,,,,,,,,,,,,,,,,,,,,,,,,,,,,,,,,,,,,,,,,,,,,,,,,,,,,,,,,,,,,
,,,,,,,,,,,,,,,,,,,,,,,,,,,,,,,,,,,,,,,,,,,,,,,,,,,,,,,,,,,,,,,,,,,,,,,,,,,,,,,,,,,,,,,,,,,,,,,,,,,,,,,,,,,,,,,,,,,,,,,,,,,,,,,,,,,,,,,,,,,,,,,,,,,,,,,,,,,,,,,,,,,,,,,,,,,,,,,,,,,,,,,,,,,,,,,,,,,,,,,,,,,,,,,,,,,,,,,,,,,,,,,,,,,,,,,,,,,,,,,,,,,,,,,,,,,,,,,,,,,,,,,,,,,,,,,,,,,,,,,,,,,,,,,,,,,,,,,,,,,
,,,,,,,,,,,,,,,,,,,,,,,,,,,,,,,,,,,,,,,,,,,,,,,,,,,,,,,,,,,,,,,,,,,,,,,,,,,,,,,,,,,,,,,,,,,,,,,,,,,,,,,,,,,,,,,,,,,,,,,,,,,,,,,,,,,,,,,,,,,,,,,,,,,,,,,,,,,,,,,,,,,,,,,,,,,,,,,,,,,,,,,,,,,,,,,,,,,,,,,,,,,,,,,,,,,,,,,,,,,,,,,,,,,,,,,,,,,,,,,,,,,,,,,,,,,,,,,,,,,,,,,,,,,,,,,,,,,,,,,,,,,,,,,,,,,,,,,,,,,
,,,,,,,,,,,,,,,,,,,,,,,,,,,,,,,,,,,,,,,,,,,,,,,,,,,,,,,,,,,,,,,,,,,,,,,,,,,,,,,,,,,,,,,,,,,,,,,,,,,,,,,,,,,,,,,,,,,,,,,,,,,,,,,,,,,,,,,,,,,,,,,,,,,,,,,,,,,,,,,,,,,,,,,,,,,,,,,,,,,,,,,,,,,,,,,,,,,,,,,,,,,,,,,,,,,,,,,,,,,,,,,,,,,,,,,,,,,,,,,,,,,,,,,,,,,,,,,,,,,,,,,,,,,,,,,,,,,,,,,,,,,,,,,,,,,,,,,,,,,
,,,,,,,,,,,,,,,,,,,,,,,,,,,,,,,,,,,,,,,,,,,,,,,,,,,,,,,,,,,,,,,,,,,,,,,,,,,,,,,,,,,,,,,,,,,,,,,,,,,,,,,,,,,,,,,,,,,,,,,,,,,,,,,,,,,,,,,,,,,,,,,,,,,,,,,,,,,,,,,,,,,,,,,,,,,,,,,,,,,,,,,,,,,,,,,,,,,,,,,,,,,,,,,,,,,,,,,,,,,,,,,,,,,,,,,,,,,,,,,,,,,,,,,,,,,,,,,,,,,,,,,,,,,,,,,,,,,,,,,,,,,,,,,,,,,,,,,,,,,
,,,,,,,,,,,,,,,,,,,,,,,,,,,,,,,,,,,,,,,,,,,,,,,,,,,,,,,,,,,,,,,,,,,,,,,,,,,,,,,,,,,,,,,,,,,,,,,,,,,,,,,,,,,,,,,,,,,,,,,,,,,,,,,,,,,,,,,,,,,,,,,,,,,,,,,,,,,,,,,,,,,,,,,,,,,,,,,,,,,,,,,,,,,,,,,,,,,,,,,,,,,,,,,,,,,,,,,,,,,,,,,,,,,,,,,,,,,,,,,,,,,,,,,,,,,,,,,,,,,,,,,,,,,,,,,,,,,,,,,,,,,,,,,,,,,,,,,,,,,
,,,,,,,,,,,,,,,,,,,,,,,,,,,,,,,,,,,,,,,,,,,,,,,,,,,,,,,,,,,,,,,,,,,,,,,,,,,,,,,,,,,,,,,,,,,,,,,,,,,,,,,,,,,,,,,,,,,,,,,,,,,,,,,,,,,,,,,,,,,,,,,,,,,,,,,,,,,,,,,,,,,,,,,,,,,,,,,,,,,,,,,,,,,,,,,,,,,,,,,,,,,,,,,,,,,,,,,,,,,,,,,,,,,,,,,,,,,,,,,,,,,,,,,,,,,,,,,,,,,,,,,,,,,,,,,,,,,,,,,,,,,,,,,,,,,,,,,,,,,
,,,,,,,,,,,,,,,,,,,,,,,,,,,,,,,,,,,,,,,,,,,,,,,,,,,,,,,,,,,,,,,,,,,,,,,,,,,,,,,,,,,,,,,,,,,,,,,,,,,,,,,,,,,,,,,,,,,,,,,,,,,,,,,,,,,,,,,,,,,,,,,,,,,,,,,,,,,,,,,,,,,,,,,,,,,,,,,,,,,,,,,,,,,,,,,,,,,,,,,,,,,,,,,,,,,,,,,,,,,,,,,,,,,,,,,,,,,,,,,,,,,,,,,,,,,,,,,,,,,,,,,,,,,,,,,,,,,,,,,,,,,,,,,,,,,,,,,,,,,
,,,,,,,,,,,,,,,,,,,,,,,,,,,,,,,,,,,,,,,,,,,,,,,,,,,,,,,,,,,,,,,,,,,,,,,,,,,,,,,,,,,,,,,,,,,,,,,,,,,,,,,,,,,,,,,,,,,,,,,,,,,,,,,,,,,,,,,,,,,,,,,,,,,,,,,,,,,,,,,,,,,,,,,,,,,,,,,,,,,,,,,,,,,,,,,,,,,,,,,,,,,,,,,,,,,,,,,,,,,,,,,,,,,,,,,,,,,,,,,,,,,,,,,,,,,,,,,,,,,,,,,,,,,,,,,,,,,,,,,,,,,,,,,,,,,,,,,,,,,
,,,,,,,,,,,,,,,,,,,,,,,,,,,,,,,,,,,,,,,,,,,,,,,,,,,,,,,,,,,,,,,,,,,,,,,,,,,,,,,,,,,,,,,,,,,,,,,,,,,,,,,,,,,,,,,,,,,,,,,,,,,,,,,,,,,,,,,,,,,,,,,,,,,,,,,,,,,,,,,,,,,,,,,,,,,,,,,,,,,,,,,,,,,,,,,,,,,,,,,,,,,,,,,,,,,,,,,,,,,,,,,,,,,,,,,,,,,,,,,,,,,,,,,,,,,,,,,,,,,,,,,,,,,,,,,,,,,,,,,,,,,,,,,,,,,,,,,,,,,
0.0,0.0,0.0,0.0,0.0,0.0,0.0,0.0,0.0,0.0,0.0,0.0,0.0,0.0,0.0,0.0,0.0,0.0,0.0,0.0,0.0,0.0,0.0,0.0,0.0,0.0,0.0,0.0,0.0,0.0,0.0,0.0,0.0,0.0,0.0,0.0,0.0,0.0,0.0,0.0,0.0,0.0,0.0,0.0,0.0,0.0,0.0,0.0,0.0,0.0,0.0,0.0,0.0,0.0,0.0,0.0,0.0,0.0,0.0,0.0,0.0,0.0,0.0,0.0,0.0,0.0,0.0,0.0,0.0,0.0,0.0,0.0,0.0,0.0,0.0,0.0,0.0,0.0,0.0,0.0,0.0,0.0,0.0,0.0,0.0,0.0,0.0,0.0,0.0,0.0,0.0,0.0,0.0,0.0,0.0,0.0,0.0,0.0,0.0,0.0,0.0,0.0,0.0,0.0,0.0,0.0,0.0,0.0,0.0,0.0,0.0,0.0,0.0,0.0,0.0,0.0,0.0,0.0,0.0,0.0,0.0,0.0,0.0,0.0,0.0,0.0,0.0,0.0,0.0,0.0,0.0,0.0,0.0,0.0,0.0,0.0,0.0,0.0,0.0,0.0,0.0,0.0,0.0,0.0,0.0,0.01,0.01,0.01,0.01,0.02,0.02,0.03,0.03,0.04,0.05,0.06,0.07,0.08,0.09,0.11,0.12,0.13,0.15,0.16,0.17,0.18,0.19,0.19,0.2,0.2,0.2,0.2,0.2,0.19,0.19,0.18,0.18,0.17,0.16,0.15,0.15,0.14,0.14,0.13,0.13,0.14,0.14,0.15,0.16,0.17,0.18,0.2,0.22,0.24,0.27,0.31,0.36,0.44,0.56,0.73,0.97,1.31,1.8,2.48,3.4,4.64,6.25,8.34,10.97,14.22,18.18,22.87,28.35,34.58,41.53,49.09,57.11,65.4,73.71,81.76,89.26,95.9,101.41,105.54,108.1,108.97,108.11,105.57,101.47,95.99,89.4,81.97,74.01,65.83,57.72,49.93,42.67,36.12,30.38,25.53,21.58,18.52,16.3,14.85,14.09,13.91,14.2,14.86,15.76,16.81,17.9,18.92,19.81,20.49,20.9,21.02,20.82,20.31,19.5,18.44,17.16,15.71,14.16,12.57,10.97,9.43,7.97,6.64,5.44,4.38,3.48,2.72,2.09,1.58,1.18,0.86,0.62,0.44,0.31,0.21,0.14,0.1,0.06,0.04,0.03,0.02,0.01,0.01,0.0,0.0,0.0,0.0,0.0,0.0,0.0,0.0,0.0,0.0,0.0,0.0
0.0,0.0,0.0,0.0,0.0,0.0,0.0,0.0,0.0,0.0,0.0,0.0,0.0,0.0,0.0,0.0,0.0,0.0,0.0,0.0,0.0,0.0,0.0,0.0,0.0,0.0,0.0,0.0,0.0,0.0,0.0,0.0,0.0,0.0,0.0,0.0,0.0,0.0,0.0,0.0,0.0,0.0,0.0,0.0,0.0,0.0,0.0,0.0,0.0,0.0,0.0,0.0,0.0,0.0,0.0,0.0,0.0,0.0,0.0,0.0,0.0,0.0,0.0,0.0,0.0,0.0,0.0,0.0,0.0,0.0,0.0,0.0,0.0,0.0,0.0,0.0,0.0,0.0,0.0,0.0,0.0,0.0,0.0,0.0,0.0,0.0,0.0,0.0,0.0,0.0,0.0,0.0,0.0,0.0,0.0,0.0,0.0,0.0,0.0,0.0,0.0,0.0,0.0,0.0,0.0,0.0,0.0,0.0,0.0,0.0,0.0,0.0,0.0,0.0,0.0,0.0,0.0,0.0,0.0,0.0,0.0,0.0,0.0,0.0,0.0,0.0,0.0,0.0,0.0,0.0,0.0,0.0,0.0,0.0,0.0,0.0,0.0,0.0,0.0,0.0,0.0,0.0,0.0,0.0,0.01,0.01,0.01,0.01,0.02,0.03,0.03,0.04,0.05,0.06,0.08,0.09,0.11,0.13,0.15,0.17,0.19,0.21,0.23,0.25,0.26,0.28,0.29,0.3,0.31,0.31,0.32,0.32,0.31,0.31,0.3,0.29,0.28,0.26,0.25,0.24,0.23,0.22,0.21,0.21,0.21,0.21,0.22,0.23,0.25,0.26,0.28,0.31,0.33,0.36,0.4,0.45,0.51,0.6,0.72,0.9,1.16,1.54,2.07,2.8,3.8,5.14,6.9,9.17,12.03,15.58,19.89,25.02,30.99,37.8,45.39,53.65,62.41,71.47,80.54,89.34,97.53,104.78,110.8,115.31,118.11,119.06,118.13,115.35,110.87,104.89,97.69,89.59,80.91,71.99,63.15,54.68,46.8,39.7,33.5,28.29,24.09,20.88,18.61,17.21,16.57,16.59,17.14,18.09,19.32,20.69,22.09,23.4,24.52,25.38,25.91,26.06,25.82,25.19,24.19,22.87,21.28,19.49,17.57,15.59,13.61,11.69,9.89,8.23,6.74,5.44,4.31,3.37,2.59,1.96,1.46,1.07,0.77,0.55,0.38,0.26,0.18,0.12,0.08,0.05,0.03,0.02,0.01,0.01,0.0,0.0,0.0,0.0,0.0,0.0,0.0,0.0,0.0,0.0,0.0,0.0
0.0,0.0,0.0,0.0,0.0,0.0,0.0,0.0,0.0,0.0,0.0,0.0,0.0,0.0,0.0,0.0,0.0,0.0,0.0,0.0,0.0,0.0,0.0,0.0,0.0,0.0,0.0,0.0,0.0,0.0,0.0,0.0,0.0,0.0,0.0,0.0,0.0,0.0,0.0,0.0,0.0,0.0,0.0,0.0,0.0,0.0,0.0,0.0,0.0,0.0,0.0,0.0,0.0,0.0,0.0,0.0,0.0,0.0,0.0,0.0,0.0,0.0,0.0,0.0,0.0,0.0,0.0,0.0,0.0,0.0,0.0,0.0,0.0,0.0,0.0,0.0,0.0,0.0,0.0,0.0,0.0,0.0,0.0,0.0,0.0,0.0,0.0,0.0,0.0,0.0,0.0,0.0,0.0,0.0,0.0,0.0,0.0,0.0,0.0,0.0,0.0,0.0,0.0,0.0,0.0,0.0,0.0,0.0,0.0,0.0,0.0,0.0,0.0,0.0,0.0,0.0,0.0,0.0,0.0,0.0,0.0,0.0,0.0,0.0,0.0,0.0,0.0,0.0,0.0,0.0,0.0,0.0,0.0,0.0,0.0,0.0,0.0,0.0,0.0,0.0,0.0,0.0,0.0,0.01,0.01,0.01,0.02,0.02,0.03,0.04,0.05,0.07,0.08,0.1,0.12,0.15,0.17,0.2,0.23,0.26,0.29,0.32,0.35,0.38,0.41,0.43,0.45,0.47,0.48,0.49,0.49,0.49,0.48,0.47,0.46,0.45,0.43,0.41,0.39,0.37,0.36,0.34,0.33,0.33,0.33,0.33,0.34,0.36,0.38,0.41,0.44,0.47,0.51,0.55,0.6,0.65,0.72,0.82,0.95,1.15,1.42,1.82,2.38,3.16,4.23,5.67,7.55,9.99,13.07,16.9,21.54,27.07,33.51,40.86,49.04,57.96,67.42,77.19,86.99,96.49,105.33,113.17,119.67,124.54,127.56,128.59,127.58,124.58,119.75,113.3,105.53,96.79,87.43,77.82,68.31,59.2,50.74,43.15,36.55,31.03,26.62,23.32,21.05,19.74,19.29,19.56,20.42,21.73,23.33,25.09,26.85,28.49,29.89,30.95,31.61,31.8,31.51,30.74,29.53,27.92,25.98,23.79,21.45,19.03,16.61,14.28,12.07,10.05,8.23,6.64,5.27,4.11,3.16,2.39,1.78,1.3,0.94,0.67,0.47,0.32,0.22,0.14,0.09,0.06,0.04,0.02,0.01,0.01,0.01,0.0,0.0,0.0,0.0,0.0,0.0,0.0,0.0,0.0,0.0,0.0
0.0,0.0,0.0,0.0,0.0,0.0,0.0,0.0,0.0,0.0,0.0,0.0,0.0,0.0,0.0,0.0,0.0,0.0,0.0,0.0,0.0,0.0,0.0,0.0,0.0,0.0,0.0,0.0,0.0,0.0,0.0,0.0,0.0,0.0,0.0,0.0,0.0,0.0,0.0,0.0,0.0,0.0,0.0,0.0,0.0,0.0,0.0,0.0,0.0,0.0,0.0,0.0,0.0,0.0,0.0,0.0,0.0,0.0,0.0,0.0,0.0,0.0,0.0,0.0,0.0,0.0,0.0,0.0,0.0,0.0,0.0,0.0,0.0,0.0,0.0,0.0,0.0,0.0,0.0,0.0,0.0,0.0,0.0,0.0,0.0,0.0,0.0,0.0,0.0,0.0,0.0,0.0,0.0,0.0,0.0,0.0,0.0,0.0,0.0,0.0,0.0,0.0,0.0,0.0,0.0,0.0,0.0,0.0,0.0,0.0,0.0,0.0,0.0,0.0,0.0,0.0,0.0,0.0,0.0,0.0,0.0,0.0,0.0,0.0,0.0,0.0,0.0,0.0,0.0,0.0,0.0,0.0,0.0,0.0,0.0,0.0,0.0,0.0,0.0,0.0,0.0,0.0,0.01,0.01,0.01,0.02,0.03,0.04,0.05,0.06,0.08,0.1,0.12,0.15,0.19,0.22,0.26,0.31,0.35,0.4,0.45,0.5,0.54,0.58,0.62,0.66,0.69,0.71,0.73,0.74,0.75,0.75,0.74,0.72,0.71,0.68,0.65,0.63,0.6,0.57,0.54,0.52,0.51,0.5,0.5,0.5,0.52,0.55,0.58,0.62,0.66,0.71,0.77,0.82,0.88,0.95,1.03,1.14,1.28,1.48,1.77,2.18,2.77,3.59,4.71,6.22,8.22,10.81,14.08,18.14,23.09,28.98,35.84,43.68,52.41,61.92,72.02,82.45,92.91,103.05,112.49,120.86,127.8,133.0,136.22,137.32,136.25,133.05,127.89,121.01,112.73,103.4,93.43,83.2,73.07,63.39,54.43,46.4,39.45,33.69,29.13,25.78,23.58,22.43,22.21,22.8,24.03,25.75,27.78,29.96,32.14,34.15,35.86,37.15,37.95,38.19,37.85,36.93,35.47,33.54,31.21,28.58,25.77,22.86,19.96,17.15,14.51,12.07,9.89,7.97,6.33,4.94,3.8,2.87,2.14,1.57,1.13,0.8,0.56,0.38,0.26,0.17,0.11,0.07,0.05,0.03,0.02,0.01,0.01,0.0,0.0,0.0,0.0,0.0,0.0,0.0,0.0,0.0,0.0,0.0
0.0,0.0,0.0,0.0,0.0,0.0,0.0,0.0,0.0,0.0,0.0,0.0,0.0,0.0,0.0,0.0,0.0,0.0,0.0,0.0,0.0,0.0,0.0,0.0,0.0,0.0,0.0,0.0,0.0,0.0,0.0,0.0,0.0,0.0,0.0,0.0,0.0,0.0,0.0,0.0,0.0,0.0,0.0,0.0,0.0,0.0,0.0,0.0,0.0,0.0,0.0,0.0,0.0,0.0,0.0,0.0,0.0,0.0,0.0,0.0,0.0,0.0,0.0,0.0,0.0,0.0,0.0,0.0,0.0,0.0,0.0,0.0,0.0,0.0,0.0,0.0,0.0,0.0,0.0,0.0,0.0,0.0,0.0,0.0,0.0,0.0,0.0,0.0,0.0,0.0,0.0,0.0,0.0,0.0,0.0,0.0,0.0,0.0,0.0,0.0,0.0,0.0,0.0,0.0,0.0,0.0,0.0,0.0,0.0,0.0,0.0,0.0,0.0,0.0,0.0,0.0,0.0,0.0,0.0,0.0,0.0,0.0,0.0,0.0,0.0,0.0,0.0,0.0,0.0,0.0,0.0,0.0,0.0,0.0,0.0,0.0,0.0,0.0,0.0,0.0,0.0,0.01,0.01,0.01,0.02,0.03,0.04,0.05,0.07,0.09,0.12,0.15,0.19,0.23,0.28,0.34,0.4,0.46,0.53,0.6,0.67,0.74,0.81,0.88,0.94,0.99,1.04,1.07,1.1,1.12,1.12,1.12,1.11,1.09,1.06,1.02,0.98,0.94,0.9,0.85,0.81,0.78,0.76,0.75,0.75,0.76,0.78,0.82,0.87,0.93,0.99,1.07,1.14,1.22,1.3,1.38,1.48,1.59,1.74,1.95,2.24,2.66,3.26,4.1,5.26,6.83,8.91,11.62,15.05,19.32,24.51,30.71,37.95,46.21,55.42,65.45,76.11,87.12,98.17,108.87,118.84,127.68,135.01,140.5,143.91,145.07,143.94,140.57,135.12,127.86,119.12,109.28,98.77,87.99,77.34,67.16,57.77,49.37,42.15,36.21,31.57,28.24,26.15,25.21,25.29,26.24,27.9,30.08,32.59,35.26,37.88,40.3,42.34,43.9,44.85,45.14,44.74,43.66,41.94,39.65,36.9,33.8,30.46,27.03,23.6,20.28,17.15,14.28,11.69,9.43,7.48,5.84,4.49,3.4,2.53,1.85,1.34,0.95,0.66,0.45,0.31,0.2,0.13,0.09,0.05,0.03,0.02,0.01,0.01,0.0,0.0,0.0,0.0,0.0,0.0,0.0,0.0,0.0,0.0,0.0
0.0,0.0,0.0,0.0,0.0,0.0,0.0,0.0,0.0,0.0,0.0,0.0,0.0,0.0,0.0,0.0,0.0,0.0,0.0,0.0,0.0,0.0,0.0,0.0,0.0,0.0,0.0,0.0,0.0,0.0,0.0,0.0,0.0,0.0,0.0,0.0,0.0,0.0,0.0,0.0,0.0,0.0,0.0,0.0,0.0,0.0,0.0,0.0,0.0,0.0,0.0,0.0,0.0,0.0,0.0,0.0,0.0,0.0,0.0,0.0,0.0,0.0,0.0,0.0,0.0,0.0,0.0,0.0,0.0,0.0,0.0,0.0,0.0,0.0,0.0,0.0,0.0,0.0,0.0,0.0,0.0,0.0,0.0,0.0,0.0,0.0,0.0,0.0,0.0,0.0,0.0,0.0,0.0,0.0,0.0,0.0,0.0,0.0,0.0,0.0,0.0,0.0,0.0,0.0,0.0,0.0,0.0,0.0,0.0,0.0,0.0,0.0,0.0,0.0,0.0,0.0,0.0,0.0,0.0,0.0,0.0,0.0,0.0,0.0,0.0,0.0,0.0,0.0,0.0,0.0,0.0,0.0,0.0,0.0,0.0,0.0,0.0,0.0,0.0,0.0,0.01,0.01,0.02,0.02,0.03,0.04,0.06,0.08,0.1,0.14,0.17,0.22,0.28,0.34,0.41,0.5,0.59,0.68,0.78,0.89,1.0,1.1,1.2,1.3,1.39,1.47,1.53,1.59,1.63,1.65,1.66,1.66,1.64,1.61,1.57,1.51,1.45,1.39,1.32,1.26,1.2,1.16,1.12,1.1,1.1,1.12,1.16,1.21,1.28,1.37,1.47,1.57,1.68,1.78,1.89,2.0,2.11,2.23,2.39,2.59,2.88,3.3,3.89,4.74,5.91,7.52,9.65,12.44,15.98,20.41,25.81,32.26,39.79,48.4,58.01,68.48,79.61,91.11,102.65,113.83,124.25,133.48,141.14,146.88,150.44,151.66,150.47,146.95,141.26,133.68,124.55,114.29,103.32,92.09,81.0,70.43,60.68,52.01,44.6,38.54,33.89,30.64,28.72,28.05,28.47,29.83,31.96,34.64,37.68,40.85,43.96,46.81,49.22,51.05,52.17,52.52,52.06,50.8,48.8,46.14,42.94,39.33,35.45,31.45,27.46,23.6,19.96,16.61,13.61,10.97,8.71,6.8,5.22,3.95,2.94,2.16,1.55,1.1,0.77,0.53,0.36,0.24,0.16,0.1,0.06,0.04,0.02,0.01,0.01,0.01,0.0,0.0,0.0,0.0,0.0,0.0,0.0,0.0,0.0,0.0
0.0,0.0,0.0,0.0,0.0,0.0,0.0,0.0,0.0,0.0,0.0,0.0,0.0,0.0,0.0,0.0,0.0,0.0,0.0,0.0,0.0,0.0,0.0,0.0,0.0,0.0,0.0,0.0,0.0,0.0,0.0,0.0,0.0,0.0,0.0,0.0,0.0,0.0,0.0,0.0,0.0,0.0,0.0,0.0,0.0,0.0,0.0,0.0,0.0,0.0,0.0,0.0,0.0,0.0,0.0,0.0,0.0,0.0,0.0,0.0,0.0,0.0,0.0,0.0,0.0,0.0,0.0,0.0,0.0,0.0,0.0,0.0,0.0,0.0,0.0,0.0,0.0,0.0,0.0,0.0,0.0,0.0,0.0,0.0,0.0,0.0,0.0,0.0,0.0,0.0,0.0,0.0,0.0,0.0,0.0,0.0,0.0,0.0,0.0,0.0,0.0,0.0,0.0,0.0,0.0,0.0,0.0,0.0,0.0,0.0,0.0,0.0,0.0,0.0,0.0,0.0,0.0,0.0,0.0,0.0,0.0,0.0,0.0,0.0,0.0,0.0,0.0,0.0,0.0,0.0,0.0,0.0,0.0,0.0,0.0,0.0,0.0,0.0,0.0,0.01,0.01,0.01,0.02,0.03,0.04,0.06,0.08,0.11,0.15,0.2,0.25,0.32,0.4,0.5,0.6,0.72,0.85,0.99,1.14,1.29,1.45,1.6,1.75,1.89,2.02,2.13,2.23,2.31,2.37,2.4,2.42,2.41,2.39,2.34,2.28,2.2,2.11,2.02,1.93,1.84,1.75,1.68,1.63,1.61,1.6,1.63,1.68,1.76,1.87,1.99,2.13,2.28,2.43,2.58,2.72,2.85,2.99,3.12,3.28,3.48,3.76,4.15,4.73,5.55,6.72,8.32,10.47,13.29,16.9,21.43,26.97,33.59,41.35,50.22,60.14,70.95,82.44,94.33,106.25,117.81,128.58,138.13,146.05,151.99,155.67,156.93,155.71,152.07,146.19,138.35,128.92,118.32,107.0,95.41,83.99,73.11,63.12,54.26,46.72,40.63,36.03,32.92,31.23,30.86,31.66,33.48,36.1,39.32,42.9,46.62,50.23,53.54,56.32,58.43,59.73,60.13,59.61,58.17,55.88,52.84,49.17,45.04,40.6,36.02,31.45,27.03,22.86,19.03,15.59,12.57,9.97,7.79,5.98,4.53,3.37,2.47,1.78,1.26,0.88,0.61,0.41,0.27,0.18,0.12,0.07,0.05,0.03,0.02,0.01,0.01,0.0,0.0,0.0,0.0,0.0,0.0,0.0,0.0,0.0,0.0
0.0,0.0,0.0,0.0,0.0,0.0,0.0,0.0,0.0,0.0,0.0,0.0,0.0,0.0,0.0,0.0,0.0,0.0,0.0,0.0,0.0,0.0,0.0,0.0,0.0,0.0,0.0,0.0,0.0,0.0,0.0,0.0,0.0,0.0,0.0,0.0,0.0,0.0,0.0,0.0,0.0,0.0,0.0,0.0,0.0,0.0,0.0,0.0,0.0,0.0,0.0,0.0,0.0,0.0,0.0,0.0,0.0,0.0,0.0,0.0,0.0,0.0,0.0,0.0,0.0,0.0,0.0,0.0,0.0,0.0,0.0,0.0,0.0,0.0,0.0,0.0,0.0,0.0,0.0,0.0,0.0,0.0,0.0,0.0,0.0,0.0,0.0,0.0,0.0,0.0,0.0,0.0,0.0,0.0,0.0,0.0,0.0,0.0,0.0,0.0,0.0,0.0,0.0,0.0,0.0,0.0,0.0,0.0,0.0,0.0,0.0,0.0,0.0,0.0,0.0,0.0,0.0,0.0,0.0,0.0,0.0,0.0,0.0,0.0,0.0,0.0,0.0,0.0,0.0,0.0,0.0,0.0,0.0,0.0,0.0,0.0,0.0,0.0,0.01,0.01,0.01,0.02,0.03,0.04,0.06,0.09,0.12,0.16,0.22,0.28,0.36,0.46,0.58,0.71,0.86,1.03,1.22,1.42,1.63,1.85,2.07,2.29,2.51,2.71,2.89,3.05,3.19,3.31,3.39,3.44,3.46,3.45,3.42,3.35,3.26,3.15,3.03,2.89,2.76,2.63,2.51,2.41,2.34,2.3,2.3,2.33,2.41,2.52,2.67,2.85,3.04,3.25,3.46,3.67,3.86,4.04,4.2,4.35,4.51,4.69,4.94,5.3,5.83,6.61,7.72,9.28,11.4,14.21,17.83,22.39,28.0,34.72,42.61,51.65,61.77,72.81,84.56,96.71,108.91,120.74,131.76,141.54,149.64,155.72,159.49,160.78,159.53,155.81,149.79,141.77,132.12,121.28,109.71,97.88,86.23,75.16,65.01,56.05,48.48,42.43,37.94,35.01,33.59,33.56,34.79,37.07,40.21,43.98,48.12,52.38,56.51,60.27,63.44,65.83,67.3,67.77,67.18,65.56,62.98,59.55,55.42,50.76,45.76,40.6,35.45,30.46,25.76,21.44,17.57,14.16,11.24,8.78,6.74,5.1,3.8,2.78,2.01,1.42,0.99,0.68,0.46,0.31,0.2,0.13,0.08,0.05,0.03,0.02,0.01,0.01,0.0,0.0,0.0,0.0,0.0,0.0,0.0,0.0,0.0,0.0
0.0,0.0,0.0,0.0,0.0,0.0,0.0,0.0,0.0,0.0,0.0,0.0,0.0,0.0,0.0,0.0,0.0,0.0,0.0,0.0,0.0,0.0,0.0,0.0,0.0,0.0,0.0,0.0,0.0,0.0,0.0,0.0,0.0,0.0,0.0,0.0,0.0,0.0,0.0,0.0,0.0,0.0,0.0,0.0,0.0,0.0,0.0,0.0,0.0,0.0,0.0,0.0,0.0,0.0,0.0,0.0,0.0,0.0,0.0,0.0,0.0,0.0,0.0,0.0,0.0,0.0,0.0,0.0,0.0,0.0,0.0,0.0,0.0,0.0,0.0,0.0,0.0,0.0,0.0,0.0,0.0,0.0,0.0,0.0,0.0,0.0,0.0,0.0,0.0,0.0,0.0,0.0,0.0,0.0,0.0,0.0,0.0,0.0,0.0,0.0,0.0,0.0,0.0,0.0,0.0,0.0,0.0,0.0,0.0,0.0,0.0,0.0,0.0,0.0,0.0,0.0,0.0,0.0,0.0,0.0,0.0,0.0,0.0,0.0,0.0,0.0,0.0,0.0,0.0,0.0,0.0,0.0,0.0,0.0,0.0,0.0,0.0,0.01,0.01,0.01,0.02,0.03,0.04,0.06,0.09,0.12,0.17,0.23,0.3,0.4,0.51,0.65,0.81,1.0,1.22,1.46,1.72,2.0,2.3,2.61,2.92,3.23,3.53,3.81,4.07,4.3,4.5,4.66,4.78,4.85,4.88,4.87,4.81,4.72,4.6,4.44,4.27,4.08,3.89,3.7,3.54,3.4,3.3,3.24,3.23,3.29,3.39,3.55,3.76,4.01,4.29,4.58,4.87,5.15,5.41,5.64,5.84,6.01,6.16,6.32,6.53,6.83,7.28,7.98,9.0,10.47,12.51,15.24,18.81,23.33,28.92,35.65,43.58,52.68,62.89,74.04,85.92,98.21,110.56,122.55,133.72,143.62,151.84,158.0,161.83,163.13,161.87,158.09,151.99,143.86,134.09,123.11,111.4,99.44,87.67,76.52,66.32,57.35,49.83,43.87,39.55,36.86,35.74,36.08,37.73,40.5,44.16,48.46,53.15,57.95,62.58,66.79,70.32,72.99,74.64,75.16,74.52,72.73,69.86,66.06,61.48,56.31,50.76,45.03,39.32,33.79,28.58,23.79,19.49,15.71,12.47,9.73,7.48,5.66,4.21,3.09,2.22,1.58,1.1,0.76,0.51,0.34,0.22,0.14,0.09,0.06,0.04,0.02,0.01,0.01,0.0,0.0,0.0,0.0,0.0,0.0,0.0,0.0,0.0,0.0
0.0,0.0,0.0,0.0,0.0,0.0,0.0,0.0,0.0,0.0,0.0,0.0,0.0,0.0,0.0,0.0,0.0,0.0,0.0,0.0,0.0,0.0,0.0,0.0,0.0,0.0,0.0,0.0,0.0,0.0,0.0,0.0,0.0,0.0,0.0,0.0,0.0,0.0,0.0,0.0,0.0,0.0,0.0,0.0,0.0,0.0,0.0,0.0,0.0,0.0,0.0,0.0,0.0,0.0,0.0,0.0,0.0,0.0,0.0,0.0,0.0,0.0,0.0,0.0,0.0,0.0,0.0,0.0,0.0,0.0,0.0,0.0,0.0,0.0,0.0,0.0,0.0,0.0,0.0,0.0,0.0,0.0,0.0,0.0,0.0,0.0,0.0,0.0,0.0,0.0,0.0,0.0,0.0,0.0,0.0,0.0,0.0,0.0,0.0,0.0,0.0,0.0,0.0,0.0,0.0,0.0,0.0,0.0,0.0,0.0,0.0,0.0,0.0,0.0,0.0,0.0,0.0,0.0,0.0,0.0,0.0,0.0,0.0,0.0,0.0,0.0,0.0,0.0,0.0,0.0,0.0,0.0,0.0,0.0,0.0,0.0,0.01,0.01,0.01,0.02,0.03,0.04,0.06,0.09,0.12,0.17,0.24,0.32,0.42,0.55,0.71,0.9,1.13,1.39,1.69,2.02,2.39,2.78,3.19,3.62,4.05,4.48,4.9,5.29,5.65,5.97,6.24,6.46,6.62,6.73,6.77,6.75,6.68,6.55,6.38,6.16,5.92,5.66,5.39,5.14,4.9,4.71,4.57,4.49,4.49,4.56,4.71,4.93,5.22,5.56,5.94,6.34,6.75,7.13,7.48,7.78,8.02,8.21,8.36,8.49,8.63,8.84,9.19,9.75,10.64,11.96,13.85,16.44,19.87,24.27,29.75,36.4,44.26,53.32,63.49,74.63,86.51,98.82,111.2,123.21,134.42,144.35,152.6,158.79,162.62,163.93,162.66,158.87,152.74,144.59,134.78,123.77,112.04,100.06,88.29,77.15,67.0,58.12,50.72,44.93,40.83,38.41,37.61,38.33,40.4,43.63,47.79,52.61,57.82,63.12,68.23,72.85,76.73,79.66,81.47,82.04,81.34,79.39,76.27,72.12,67.12,61.47,55.42,49.16,42.93,36.89,31.2,25.97,21.27,17.15,13.61,10.63,8.17,6.18,4.6,3.37,2.43,1.72,1.2,0.83,0.56,0.37,0.24,0.16,0.1,0.06,0.04,0.02,0.01,0.01,0.0,0.0,0.0,0.0,0.0,0.0,0.0,0.0,0.0,0.0
0.0,0.0,0.0,0.0,0.0,0.0,0.0,0.0,0.0,0.0,0.0,0.0,0.0,0.0,0.0,0.0,0.0,0.0,0.0,0.0,0.0,0.0,0.0,0.0,0.0,0.0,0.0,0.0,0.0,0.0,0.0,0.0,0.0,0.0,0.0,0.0,0.0,0.0,0.0,0.0,0.0,0.0,0.0,0.0,0.0,0.0,0.0,0.0,0.0,0.0,0.0,0.0,0.0,0.0,0.0,0.0,0.0,0.0,0.0,0.0,0.0,0.0,0.0,0.0,0.0,0.0,0.0,0.0,0.0,0.0,0.0,0.0,0.0,0.0,0.0,0.0,0.0,0.0,0.0,0.0,0.0,0.0,0.0,0.0,0.0,0.0,0.0,0.0,0.0,0.0,0.0,0.0,0.0,0.0,0.0,0.0,0.0,0.0,0.0,0.0,0.0,0.0,0.0,0.0,0.0,0.0,0.0,0.0,0.0,0.0,0.0,0.0,0.0,0.0,0.0,0.0,0.0,0.0,0.0,0.0,0.0,0.0,0.0,0.0,0.0,0.0,0.0,0.0,0.0,0.0,0.0,0.0,0.0,0.0,0.0,0.0,0.01,0.01,0.02,0.03,0.04,0.06,0.08,0.12,0.17,0.24,0.32,0.43,0.58,0.75,0.97,1.23,1.54,1.9,2.3,2.76,3.26,3.79,4.36,4.94,5.53,6.12,6.68,7.22,7.71,8.15,8.52,8.82,9.04,9.18,9.24,9.22,9.11,8.94,8.7,8.41,8.08,7.72,7.36,7.01,6.69,6.43,6.24,6.13,6.12,6.22,6.42,6.73,7.12,7.59,8.11,8.65,9.2,9.71,10.18,10.57,10.88,11.09,11.23,11.31,11.36,11.45,11.65,12.04,12.72,13.84,15.51,17.87,21.08,25.27,30.55,37.0,44.68,53.57,63.59,74.59,86.34,98.54,110.8,122.73,133.85,143.72,151.91,158.05,161.87,163.17,161.9,158.13,152.04,143.93,134.19,123.25,111.6,99.72,88.06,77.06,67.05,58.34,51.13,45.56,41.71,39.59,39.12,40.2,42.68,46.34,50.96,56.26,61.94,67.69,73.22,78.21,82.4,85.57,87.52,88.14,87.39,85.3,81.95,77.49,72.11,66.05,59.54,52.82,46.12,39.64,33.52,27.9,22.86,18.43,14.62,11.42,8.78,6.64,4.94,3.62,2.61,1.85,1.29,0.89,0.6,0.4,0.26,0.17,0.11,0.07,0.04,0.02,0.01,0.01,0.01,0.0,0.0,0.0,0.0,0.0,0.0,0.0,0.0,0.0
0.0,0.0,0.0,0.0,0.0,0.0,0.0,0.0,0.0,0.0,0.0,0.0,0.0,0.0,0.0,0.0,0.0,0.0,0.0,0.0,0.0,0.0,0.0,0.0,0.0,0.0,0.0,0.0,0.0,0.0,0.0,0.0,0.0,0.0,0.0,0.0,0.0,0.0,0.0,0.0,0.0,0.0,0.0,0.0,0.0,0.0,0.0,0.0,0.0,0.0,0.0,0.0,0.0,0.0,0.0,0.0,0.0,0.0,0.0,0.0,0.0,0.0,0.0,0.0,0.0,0.0,0.0,0.0,0.0,0.0,0.0,0.0,0.0,0.0,0.0,0.0,0.0,0.0,0.0,0.0,0.0,0.0,0.0,0.0,0.0,0.0,0.0,0.0,0.0,0.0,0.0,0.0,0.0,0.0,0.0,0.0,0.0,0.0,0.0,0.0,0.0,0.0,0.0,0.0,0.0,0.0,0.0,0.0,0.0,0.0,0.0,0.0,0.0,0.0,0.0,0.0,0.0,0.0,0.0,0.0,0.0,0.0,0.0,0.0,0.0,0.0,0.0,0.0,0.0,0.0,0.0,0.0,0.0,0.0,0.0,0.01,0.01,0.01,0.02,0.03,0.05,0.08,0.11,0.16,0.23,0.32,0.43,0.58,0.77,1.01,1.3,1.66,2.07,2.55,3.1,3.71,4.38,5.09,5.85,6.64,7.43,8.22,8.98,9.7,10.36,10.94,11.44,11.85,12.14,12.33,12.41,12.38,12.24,12.01,11.69,11.3,10.85,10.37,9.89,9.42,8.99,8.64,8.38,8.24,8.23,8.36,8.63,9.03,9.56,10.19,10.89,11.62,12.35,13.03,13.65,14.16,14.54,14.79,14.91,14.93,14.87,14.8,14.79,14.94,15.36,16.19,17.56,19.61,22.51,26.38,31.35,37.5,44.88,53.48,63.21,73.94,85.42,97.37,109.4,121.1,132.03,141.73,149.79,155.83,159.58,160.86,159.6,155.89,149.89,141.91,132.31,121.56,110.1,98.43,87.0,76.22,66.45,57.98,51.03,45.73,42.17,40.34,40.2,41.63,44.47,48.53,53.54,59.24,65.32,71.46,77.34,82.65,87.1,90.46,92.53,93.19,92.41,90.19,86.65,81.93,76.25,69.84,62.96,55.86,48.77,41.91,35.45,29.51,24.17,19.49,15.46,12.07,9.28,7.02,5.22,3.83,2.76,1.96,1.37,0.94,0.64,0.42,0.28,0.18,0.11,0.07,0.04,0.03,0.02,0.01,0.01,0.0,0.0,0.0,0.0,0.0,0.0,0.0,0.0,0.0
0.0,0.0,0.0,0.0,0.0,0.0,0.0,0.0,0.0,0.0,0.0,0.0,0.0,0.0,0.0,0.0,0.01,0.01,0.02,0.02,0.02,0.02,0.02,0.01,0.01,0.0,0.0,0.0,0.0,0.0,0.0,0.0,0.0,0.0,0.0,0.0,0.0,0.0,0.0,0.0,0.0,0.0,0.0,0.0,0.0,0.0,0.0,0.0,0.0,0.0,0.0,0.0,0.0,0.0,0.0,0.0,0.0,0.0,0.0,0.0,0.0,0.0,0.0,0.0,0.0,0.0,0.0,0.0,0.0,0.0,0.0,0.0,0.0,0.0,0.0,0.0,0.0,0.0,0.0,0.0,0.0,0.0,0.0,0.0,0.0,0.0,0.0,0.0,0.0,0.0,0.0,0.0,0.0,0.0,0.0,0.0,0.0,0.0,0.0,0.0,0.0,0.0,0.0,0.0,0.0,0.0,0.0,0.0,0.0,0.0,0.0,0.0,0.0,0.0,0.0,0.0,0.0,0.0,0.0,0.0,0.0,0.0,0.0,0.0,0.0,0.0,0.0,0.0,0.0,0.0,0.0,0.0,0.0,0.0,0.0,0.01,0.01,0.02,0.03,0.05,0.07,0.1,0.15,0.21,0.3,0.42,0.57,0.77,1.02,1.34,1.72,2.19,2.74,3.37,4.09,4.9,5.78,6.74,7.74,8.77,9.82,10.86,11.87,12.82,13.69,14.47,15.13,15.66,16.06,16.31,16.41,16.37,16.19,15.88,15.46,14.94,14.35,13.72,13.07,12.45,11.89,11.42,11.08,10.89,10.87,11.05,11.41,11.94,12.64,13.47,14.39,15.35,16.31,17.22,18.02,18.67,19.16,19.45,19.55,19.48,19.28,19.0,18.74,18.58,18.66,19.12,20.09,21.74,24.21,27.66,32.21,37.94,44.9,53.07,62.4,72.71,83.8,95.36,107.02,118.38,129.0,138.44,146.27,152.15,155.8,157.04,155.82,152.19,146.34,138.56,129.21,118.72,107.57,96.22,85.11,74.65,65.21,57.06,50.42,45.43,42.17,40.64,40.81,42.55,45.71,50.08,55.41,61.44,67.83,74.27,80.42,85.97,90.62,94.12,96.28,96.98,96.16,93.86,90.18,85.27,79.35,72.68,65.52,58.13,50.76,43.62,36.89,30.71,25.15,20.28,16.09,12.57,9.66,7.3,5.44,3.98,2.87,2.04,1.42,0.98,0.66,0.44,0.29,0.19,0.12,0.07,0.05,0.03,0.02,0.01,0.01,0.0,0.0,0.0,0.0,0.0,0.0,0.0,0.0,0.0
0.0,0.0,0.0,0.0,0.0,0.0,0.0,0.0,0.0,0.0,0.0,0.0,0.0,0.0,0.01,0.02,0.03,0.05,0.06,0.08,0.08,0.08,0.06,0.05,0.03,0.02,0.01,0.0,0.0,0.0,0.0,0.0,0.0,0.0,0.0,0.0,0.0,0.0,0.0,0.0,0.0,0.0,0.0,0.0,0.0,0.0,0.0,0.0,0.0,0.0,0.0,0.0,0.0,0.0,0.0,0.0,0.0,0.0,0.0,0.0,0.0,0.0,0.0,0.0,0.0,0.0,0.0,0.0,0.0,0.0,0.0,0.0,0.0,0.0,0.0,0.0,0.0,0.0,0.0,0.0,0.0,0.0,0.0,0.0,0.0,0.0,0.0,0.0,0.0,0.0,0.0,0.0,0.0,0.0,0.0,0.0,0.0,0.0,0.0,0.0,0.0,0.0,0.0,0.0,0.0,0.0,0.0,0.0,0.0,0.0,0.0,0.0,0.0,0.0,0.0,0.0,0.0,0.0,0.0,0.0,0.0,0.0,0.0,0.0,0.0,0.0,0.0,0.0,0.0,0.0,0.0,0.0,0.0,0.0,0.01,0.01,0.02,0.03,0.04,0.06,0.09,0.13,0.19,0.28,0.39,0.54,0.74,1.0,1.33,1.74,2.24,2.85,3.56,4.39,5.33,6.38,7.53,8.76,10.07,11.42,12.78,14.14,15.45,16.68,17.82,18.83,19.68,20.38,20.89,21.22,21.35,21.3,21.06,20.66,20.11,19.44,18.67,17.85,17.01,16.2,15.47,14.86,14.42,14.17,14.15,14.37,14.84,15.54,16.45,17.53,18.72,19.97,21.22,22.39,23.42,24.26,24.86,25.21,25.28,25.11,24.72,24.19,23.61,23.07,22.73,22.71,23.19,24.32,26.27,29.18,33.18,38.37,44.78,52.41,61.19,70.97,81.52,92.56,103.73,114.64,124.84,133.91,141.45,147.12,150.63,151.81,150.63,147.12,141.47,133.95,124.93,114.82,104.06,93.12,82.44,72.4,63.35,55.58,49.3,44.64,41.69,40.46,40.9,42.9,46.31,50.92,56.49,62.74,69.34,75.98,82.31,88.01,92.79,96.38,98.6,99.32,98.49,96.13,92.36,87.33,81.28,74.44,67.11,59.54,51.99,44.68,37.78,31.45,25.76,20.77,16.48,12.87,9.89,7.48,5.57,4.08,2.94,2.09,1.46,1.0,0.68,0.45,0.3,0.19,0.12,0.08,0.05,0.03,0.02,0.01,0.01,0.0,0.0,0.0,0.0,0.0,0.0,0.0,0.0,0.0
0.0,0.0,0.0,0.0,0.0,0.0,0.0,0.0,0.0,0.0,0.0,0.0,0.01,0.02,0.03,0.06,0.11,0.17,0.22,0.26,0.28,0.26,0.22,0.17,0.11,0.06,0.03,0.02,0.01,0.0,0.0,0.0,0.0,0.0,0.0,0.0,0.0,0.0,0.0,0.0,0.0,0.0,0.0,0.0,0.0,0.0,0.0,0.0,0.0,0.0,0.0,0.0,0.0,0.0,0.0,0.0,0.0,0.0,0.0,0.0,0.0,0.0,0.0,0.0,0.0,0.0,0.0,0.0,0.0,0.0,0.0,0.0,0.0,0.0,0.0,0.0,0.0,0.0,0.0,0.0,0.0,0.0,0.0,0.0,0.0,0.0,0.0,0.0,0.0,0.0,0.0,0.0,0.0,0.0,0.0,0.0,0.0,0.0,0.0,0.0,0.0,0.0,0.0,0.0,0.0,0.0,0.0,0.0,0.0,0.0,0.0,0.0,0.0,0.0,0.0,0.0,0.0,0.0,0.0,0.0,0.0,0.0,0.0,0.0,0.0,0.0,0.0,0.0,0.0,0.0,0.0,0.0,0.0,0.0,0.01,0.01,0.02,0.03,0.05,0.08,0.11,0.17,0.25,0.35,0.5,0.7,0.95,1.28,1.71,2.23,2.87,3.65,4.56,5.62,6.82,8.16,9.64,11.22,12.89,14.62,16.37,18.1,19.78,21.36,22.82,24.11,25.21,26.1,26.75,27.17,27.34,27.28,26.97,26.46,25.75,24.89,23.91,22.85,21.78,20.75,19.81,19.03,18.46,18.15,18.12,18.41,19.0,19.9,21.06,22.44,23.97,25.57,27.16,28.65,29.97,31.03,31.78,32.19,32.23,31.93,31.33,30.49,29.51,28.52,27.65,27.07,26.94,27.45,28.75,31.0,34.34,38.85,44.59,51.55,59.65,68.76,78.66,89.06,99.62,109.95,119.64,128.26,135.43,140.82,144.16,145.29,144.14,140.79,135.38,128.2,119.58,109.92,99.66,89.22,79.04,69.5,60.92,53.58,47.69,43.39,40.75,39.79,40.46,42.67,46.25,51.02,56.72,63.08,69.78,76.51,82.92,88.68,93.51,97.14,99.38,100.11,99.27,96.9,93.1,88.03,81.93,75.04,67.65,60.02,52.4,45.03,38.09,31.7,25.97,20.94,16.61,12.97,9.97,7.54,5.61,4.11,2.97,2.1,1.47,1.01,0.68,0.45,0.3,0.19,0.12,0.08,0.05,0.03,0.02,0.01,0.01,0.0,0.0,0.0,0.0,0.0,0.0,0.0,0.0,0.0
0.0,0.0,0.0,0.0,0.0,0.0,0.0,0.0,0.0,0.0,0.0,0.01,0.02,0.05,0.1,0.2,0.33,0.5,0.68,0.81,0.86,0.81,0.68,0.5,0.33,0.2,0.1,0.05,0.02,0.01,0.0,0.0,0.0,0.0,0.0,0.0,0.0,0.0,0.0,0.0,0.0,0.0,0.0,0.0,0.0,0.0,0.0,0.0,0.0,0.0,0.0,0.0,0.0,0.0,0.0,0.0,0.0,0.0,0.0,0.0,0.0,0.0,0.0,0.0,0.0,0.0,0.0,0.0,0.0,0.0,0.0,0.0,0.0,0.0,0.0,0.0,0.0,0.0,0.0,0.0,0.0,0.0,0.0,0.0,0.0,0.0,0.0,0.0,0.0,0.0,0.0,0.0,0.0,0.0,0.0,0.0,0.0,0.0,0.0,0.0,0.0,0.0,0.0,0.0,0.0,0.0,0.0,0.0,0.0,0.0,0.0,0.0,0.0,0.0,0.0,0.0,0.0,0.0,0.0,0.0,0.0,0.0,0.0,0.0,0.0,0.0,0.0,0.0,0.0,0.0,0.0,0.0,0.0,0.01,0.01,0.02,0.03,0.04,0.06,0.1,0.14,0.21,0.31,0.45,0.63,0.88,1.2,1.62,2.15,2.81,3.62,4.6,5.74,7.08,8.59,10.29,12.15,14.14,16.25,18.43,20.63,22.81,24.93,26.92,28.76,30.38,31.77,32.89,33.72,34.24,34.46,34.38,34.0,33.35,32.46,31.37,30.13,28.8,27.45,26.15,24.97,23.99,23.27,22.87,22.84,23.2,23.95,25.08,26.55,28.28,30.21,32.22,34.22,36.1,37.75,39.07,40.0,40.48,40.49,40.04,39.17,37.96,36.52,34.98,33.5,32.24,31.4,31.16,31.7,33.17,35.72,39.44,44.38,50.55,57.86,66.18,75.3,84.94,94.78,104.44,113.52,121.61,128.35,133.42,136.56,137.61,136.52,133.34,128.23,121.43,113.28,104.15,94.46,84.61,75.01,66.02,57.97,51.1,45.64,41.7,39.36,38.64,39.51,41.85,45.53,50.35,56.08,62.45,69.14,75.84,82.21,87.95,92.75,96.36,98.59,99.31,98.48,96.13,92.36,87.33,81.28,74.44,67.11,59.54,51.99,44.68,37.78,31.45,25.76,20.77,16.48,12.87,9.89,7.48,5.57,4.08,2.94,2.09,1.46,1.0,0.68,0.45,0.3,0.19,0.12,0.08,0.05,0.03,0.02,0.01,0.01,0.0,0.0,0.0,0.0,0.0,0.0,0.0,0.0,0.0
0.0,0.0,0.0,0.0,0.0,0.0,0.0,0.0,0.0,0.0,0.01,0.02,0.05,0.13,0.28,0.53,0.91,1.37,1.84,2.19,2.32,2.19,1.84,1.37,0.91,0.53,0.28,0.13,0.05,0.02,0.01,0.0,0.0,0.0,0.0,0.0,0.0,0.0,0.0,0.0,0.0,0.0,0.0,0.0,0.0,0.0,0.0,0.0,0.0,0.0,0.0,0.0,0.0,0.0,0.0,0.0,0.0,0.0,0.0,0.0,0.0,0.0,0.0,0.0,0.0,0.0,0.0,0.0,0.0,0.0,0.0,0.0,0.0,0.0,0.0,0.0,0.0,0.0,0.0,0.0,0.0,0.0,0.0,0.0,0.0,0.0,0.0,0.0,0.0,0.0,0.0,0.0,0.0,0.0,0.0,0.0,0.0,0.0,0.0,0.0,0.0,0.0,0.0,0.0,0.0,0.0,0.0,0.0,0.0,0.0,0.0,0.0,0.0,0.0,0.0,0.0,0.0,0.0,0.0,0.0,0.0,0.0,0.0,0.0,0.0,0.0,0.0,0.0,0.0,0.0,0.0,0.0,0.0,0.01,0.01,0.02,0.03,0.05,0.08,0.12,0.18,0.26,0.39,0.55,0.78,1.09,1.49,2.01,2.67,3.49,4.49,5.7,7.13,8.78,10.66,12.76,15.07,17.54,20.16,22.86,25.59,28.3,30.92,33.39,35.67,37.69,39.41,40.79,41.82,42.47,42.74,42.64,42.17,41.36,40.26,38.91,37.37,35.73,34.05,32.43,30.97,29.75,28.86,28.37,28.33,28.77,29.71,31.11,32.93,35.08,37.47,39.97,42.44,44.76,46.8,48.43,49.56,50.12,50.09,49.47,48.3,46.67,44.69,42.51,40.31,38.28,36.61,35.5,35.15,35.73,37.37,40.18,44.22,49.47,55.87,63.3,71.53,80.32,89.35,98.24,106.63,114.13,120.38,125.08,127.99,128.96,127.93,124.95,120.17,113.81,106.18,97.65,88.59,79.39,70.43,62.06,54.57,48.22,43.19,39.61,37.56,37.06,38.06,40.47,44.17,48.96,54.61,60.87,67.43,74.0,80.24,85.85,90.54,94.07,96.25,96.96,96.15,93.86,90.17,85.27,79.35,72.68,65.52,58.13,50.76,43.62,36.89,30.71,25.15,20.28,16.09,12.57,9.66,7.3,5.44,3.98,2.87,2.04,1.42,0.98,0.66,0.44,0.29,0.19,0.12,0.07,0.05,0.03,0.02,0.01,0.01,0.0,0.0,0.0,0.0,0.0,0.0,0.0,0.0,0.0
0.0,0.0,0.0,0.0,0.0,0.0,0.0,0.0,0.0,0.0,0.02,0.05,0.13,0.32,0.68,1.29,2.19,3.31,4.44,5.29,5.61,5.29,4.44,3.31,2.19,1.29,0.68,0.32,0.13,0.05,0.02,0.0,0.0,0.0,0.0,0.0,0.0,0.0,0.0,0.0,0.0,0.0,0.0,0.0,0.0,0.0,0.0,0.0,0.0,0.0,0.0,0.0,0.0,0.0,0.0,0.0,0.0,0.0,0.0,0.0,0.0,0.0,0.0,0.0,0.0,0.0,0.0,0.0,0.0,0.0,0.0,0.0,0.0,0.0,0.0,0.0,0.0,0.0,0.0,0.0,0.0,0.0,0.0,0.0,0.0,0.0,0.0,0.0,0.0,0.0,0.0,0.0,0.0,0.0,0.0,0.0,0.0,0.0,0.0,0.0,0.0,0.0,0.0,0.0,0.0,0.0,0.0,0.0,0.0,0.0,0.0,0.0,0.0,0.0,0.0,0.0,0.0,0.0,0.0,0.0,0.0,0.0,0.0,0.0,0.0,0.0,0.0,0.0,0.0,0.0,0.0,0.0,0.01,0.01,0.01,0.02,0.04,0.06,0.1,0.15,0.22,0.32,0.47,0.68,0.95,1.33,1.82,2.45,3.26,4.26,5.48,6.96,8.7,10.72,13.01,15.58,18.39,21.42,24.61,27.9,31.24,34.54,37.74,40.77,43.54,46.0,48.1,49.8,51.05,51.85,52.18,52.05,51.48,50.49,49.15,47.5,45.62,43.61,41.57,39.59,37.81,36.32,35.23,34.63,34.58,35.12,36.26,37.98,40.19,42.82,45.74,48.78,51.81,54.64,57.11,59.09,60.45,61.12,61.04,60.22,58.7,56.58,53.99,51.1,48.08,45.17,42.56,40.48,39.13,38.7,39.33,41.12,44.14,48.38,53.78,60.21,67.47,75.32,83.45,91.51,99.14,105.98,111.71,116.01,118.68,119.56,118.59,115.83,111.4,105.52,98.47,90.58,82.2,73.7,65.43,57.71,50.83,45.0,40.42,37.2,35.42,35.09,36.17,38.6,42.22,46.89,52.36,58.41,64.75,71.07,77.08,82.48,86.99,90.39,92.48,93.17,92.39,90.19,86.65,81.93,76.25,69.84,62.96,55.86,48.77,41.91,35.45,29.51,24.17,19.49,15.46,12.08,9.28,7.02,5.23,3.83,2.76,1.96,1.37,0.94,0.64,0.42,0.28,0.18,0.11,0.07,0.04,0.03,0.02,0.01,0.01,0.0,0.0,0.0,0.0,0.0,0.0,0.0,0.0,0.0
0.0,0.0,0.0,0.0,0.0,0.0,0.0,0.0,0.0,0.01,0.03,0.1,0.28,0.68,1.45,2.77,4.71,7.1,9.53,11.36,12.05,11.36,9.53,7.1,4.71,2.77,1.45,0.68,0.28,0.1,0.03,0.01,0.0,0.0,0.0,0.0,0.0,0.0,0.0,0.0,0.0,0.0,0.0,0.0,0.0,0.0,0.0,0.0,0.0,0.0,0.0,0.0,0.0,0.0,0.0,0.0,0.0,0.0,0.0,0.0,0.0,0.0,0.0,0.0,0.0,0.0,0.0,0.0,0.0,0.0,0.0,0.0,0.0,0.0,0.0,0.0,0.0,0.0,0.0,0.0,0.0,0.0,0.0,0.0,0.0,0.0,0.0,0.0,0.0,0.0,0.0,0.0,0.0,0.0,0.0,0.0,0.0,0.0,0.0,0.0,0.0,0.0,0.0,0.0,0.0,0.0,0.0,0.0,0.0,0.0,0.0,0.0,0.0,0.0,0.0,0.0,0.0,0.0,0.0,0.0,0.0,0.0,0.0,0.0,0.0,0.0,0.0,0.0,0.0,0.0,0.0,0.0,0.01,0.01,0.02,0.03,0.05,0.07,0.11,0.17,0.26,0.39,0.57,0.81,1.15,1.6,2.18,2.95,3.91,5.11,6.59,8.36,10.45,12.88,15.64,18.72,22.1,25.73,29.56,33.52,37.53,41.5,45.35,48.98,52.31,55.27,57.79,59.83,61.33,62.29,62.69,62.53,61.84,60.66,59.04,57.06,54.81,52.4,49.94,47.57,45.42,43.63,42.32,41.6,41.54,42.2,43.57,45.62,48.29,51.45,54.94,58.61,62.23,65.63,68.6,70.96,72.59,73.36,73.23,72.19,70.29,67.64,64.37,60.67,56.76,52.86,49.22,46.07,43.62,42.08,41.59,42.27,44.19,47.33,51.64,57.01,63.23,70.06,77.23,84.4,91.23,97.38,102.54,106.43,108.84,109.62,108.73,106.2,102.15,96.77,90.33,83.12,75.46,67.7,60.15,53.11,46.84,41.55,37.41,34.54,33.0,32.8,33.93,36.29,39.78,44.24,49.45,55.19,61.2,67.19,72.88,77.99,82.26,85.48,87.46,88.11,87.37,85.29,81.94,77.48,72.11,66.05,59.54,52.83,46.13,39.64,33.53,27.91,22.86,18.43,14.62,11.42,8.78,6.64,4.94,3.62,2.61,1.85,1.29,0.89,0.6,0.4,0.26,0.17,0.11,0.07,0.04,0.02,0.01,0.01,0.01,0.0,0.0,0.0,0.0,0.0,0.0,0.0,0.0,0.0
0.0,0.0,0.0,0.0,0.0,0.0,0.0,0.0,0.0,0.02,0.06,0.2,0.53,1.29,2.77,5.29,8.98,13.56,18.19,21.69,23.01,21.69,18.19,13.56,8.98,5.29,2.77,1.29,0.53,0.2,0.06,0.02,0.0,0.0,0.0,0.0,0.0,0.0,0.0,0.0,0.0,0.0,0.0,0.0,0.0,0.0,0.0,0.0,0.0,0.0,0.0,0.0,0.0,0.0,0.0,0.0,0.0,0.0,0.0,0.0,0.0,0.0,0.0,0.0,0.0,0.0,0.0,0.0,0.0,0.0,0.0,0.0,0.0,0.0,0.0,0.0,0.0,0.0,0.0,0.0,0.0,0.0,0.0,0.0,0.0,0.0,0.0,0.0,0.0,0.0,0.0,0.0,0.0,0.0,0.0,0.0,0.0,0.0,0.0,0.0,0.0,0.0,0.0,0.0,0.0,0.0,0.0,0.0,0.0,0.0,0.0,0.0,0.0,0.0,0.0,0.0,0.0,0.0,0.0,0.0,0.0,0.0,0.0,0.0,0.0,0.0,0.0,0.0,0.0,0.0,0.0,0.0,0.01,0.01,0.02,0.03,0.06,0.09,0.14,0.21,0.31,0.46,0.67,0.96,1.36,1.89,2.58,3.48,4.62,6.05,7.79,9.88,12.36,15.22,18.49,22.13,26.13,30.42,34.95,39.63,44.37,49.07,53.62,57.91,61.85,65.35,68.33,70.74,72.52,73.65,74.12,73.94,73.12,71.73,69.81,67.47,64.81,61.95,59.04,56.24,53.7,51.59,50.04,49.19,49.12,49.89,51.51,53.95,57.1,60.83,64.96,69.29,73.58,77.59,81.09,83.88,85.79,86.68,86.49,85.22,82.91,79.67,75.66,71.1,66.21,61.26,56.5,52.19,48.56,45.82,44.15,43.65,44.38,46.37,49.54,53.78,58.9,64.69,70.86,77.1,83.1,88.54,93.11,96.57,98.71,99.4,98.59,96.31,92.65,87.8,81.98,75.47,68.55,61.55,54.73,48.38,42.73,37.98,34.27,31.72,30.39,30.29,31.41,33.66,36.95,41.12,45.99,51.35,56.95,62.53,67.83,72.59,76.57,79.56,81.4,82.01,81.32,79.38,76.27,72.12,67.12,61.48,55.42,49.17,42.93,36.9,31.21,25.97,21.28,17.16,13.61,10.63,8.17,6.18,4.6,3.37,2.43,1.73,1.21,0.83,0.56,0.37,0.24,0.16,0.1,0.06,0.04,0.02,0.01,0.01,0.0,0.0,0.0,0.0,0.0,0.0,0.0,0.0,0.0,0.0
0.0,0.0,0.0,0.0,0.0,0.0,0.0,0.0,0.01,0.03,0.11,0.33,0.91,2.19,4.71,8.98,15.25,23.01,30.87,36.82,39.05,36.82,30.87,23.01,15.25,8.98,4.71,2.19,0.91,0.33,0.11,0.03,0.01,0.0,0.0,0.0,0.0,0.0,0.0,0.0,0.0,0.0,0.0,0.0,0.0,0.0,0.0,0.0,0.0,0.0,0.0,0.0,0.0,0.0,0.0,0.0,0.0,0.0,0.0,0.0,0.0,0.0,0.0,0.0,0.0,0.0,0.0,0.0,0.0,0.0,0.0,0.0,0.0,0.0,0.0,0.0,0.0,0.0,0.0,0.0,0.0,0.0,0.0,0.0,0.0,0.0,0.0,0.0,0.0,0.0,0.0,0.0,0.0,0.0,0.0,0.0,0.0,0.0,0.0,0.0,0.0,0.0,0.0,0.0,0.0,0.0,0.0,0.0,0.0,0.0,0.0,0.0,0.0,0.0,0.0,0.0,0.0,0.0,0.0,0.0,0.0,0.0,0.0,0.0,0.0,0.0,0.0,0.0,0.0,0.0,0.0,0.01,0.01,0.01,0.02,0.04,0.06,0.1,0.16,0.24,0.36,0.53,0.78,1.12,1.58,2.2,3.01,4.05,5.38,7.04,9.06,11.5,14.38,17.72,21.51,25.75,30.4,35.4,40.67,46.12,51.64,57.1,62.39,67.39,71.97,76.04,79.52,82.32,84.39,85.71,86.25,86.04,85.09,83.47,81.24,78.51,75.42,72.09,68.71,65.45,62.49,60.03,58.23,57.24,57.16,58.06,59.95,62.77,66.44,70.78,75.59,80.63,85.62,90.28,94.35,97.59,99.8,100.82,100.57,99.04,96.29,92.44,87.66,82.18,76.26,70.19,64.25,58.72,53.85,49.87,46.95,45.22,44.74,45.52,47.51,50.6,54.61,59.32,64.47,69.78,74.94,79.66,83.65,86.68,88.55,89.16,88.43,86.4,83.14,78.82,73.64,67.83,61.67,55.41,49.33,43.67,38.63,34.39,31.1,28.85,27.69,27.66,28.72,30.81,33.84,37.67,42.14,47.05,52.18,57.29,62.15,66.5,70.14,72.88,74.57,75.12,74.5,72.72,69.86,66.06,61.48,56.32,50.77,45.04,39.33,33.8,28.59,23.8,19.5,15.72,12.47,9.74,7.49,5.66,4.22,3.09,2.23,1.58,1.11,0.76,0.51,0.34,0.22,0.14,0.09,0.06,0.04,0.02,0.01,0.01,0.0,0.0,0.0,0.0,0.0,0.0,0.0,0.0,0.0,0.0
0.0,0.0,0.0,0.0,0.0,0.0,0.0,0.0,0.01,0.05,0.17,0.5,1.37,3.31,7.1,13.56,23.01,34.72,46.58,55.56,58.92,55.56,46.58,34.72,23.01,13.56,7.1,3.31,1.37,0.5,0.17,0.05,0.01,0.0,0.0,0.0,0.0,0.0,0.0,0.0,0.0,0.0,0.0,0.0,0.0,0.0,0.0,0.0,0.0,0.0,0.0,0.0,0.0,0.0,0.0,0.0,0.0,0.0,0.0,0.0,0.0,0.0,0.0,0.0,0.0,0.0,0.0,0.0,0.0,0.0,0.0,0.0,0.0,0.0,0.0,0.0,0.0,0.0,0.0,0.0,0.0,0.0,0.0,0.0,0.0,0.0,0.0,0.0,0.0,0.0,0.0,0.0,0.0,0.0,0.0,0.0,0.0,0.0,0.0,0.0,0.0,0.0,0.0,0.0,0.0,0.0,0.0,0.0,0.0,0.0,0.0,0.0,0.0,0.0,0.0,0.0,0.0,0.0,0.0,0.0,0.0,0.0,0.0,0.0,0.0,0.0,0.0,0.0,0.0,0.0,0.0,0.01,0.01,0.02,0.03,0.05,0.07,0.12,0.18,0.28,0.41,0.61,0.89,1.28,1.81,2.51,3.44,4.64,6.16,8.06,10.38,13.17,16.47,20.29,24.64,29.5,34.82,40.54,46.58,52.82,59.14,65.39,71.45,77.17,82.43,87.09,91.07,94.27,96.65,98.16,98.78,98.53,97.45,95.59,93.04,89.92,86.37,82.56,78.69,74.95,71.57,68.75,66.69,65.55,65.46,66.49,68.65,71.89,76.09,81.06,86.57,92.34,98.05,103.39,108.05,111.75,114.26,115.42,115.11,113.33,110.12,105.63,100.05,93.63,86.65,79.43,72.28,65.5,59.37,54.11,49.93,46.94,45.23,44.8,45.61,47.54,50.44,54.08,58.23,62.61,66.94,70.95,74.37,76.98,78.61,79.13,78.5,76.72,73.87,70.08,65.53,60.42,54.99,49.48,44.12,39.11,34.66,30.92,28.01,26.02,25.02,25.0,25.97,27.86,30.59,34.04,38.06,42.48,47.09,51.69,56.06,59.98,63.25,65.72,67.24,67.73,67.17,65.56,62.99,59.56,55.43,50.78,45.78,40.61,35.47,30.48,25.78,21.46,17.58,14.18,11.25,8.79,6.76,5.11,3.81,2.79,2.01,1.43,1.0,0.69,0.46,0.31,0.2,0.13,0.08,0.05,0.03,0.02,0.01,0.01,0.0,0.0,0.0,0.0,0.0,0.0,0.0,0.0,0.0,0.0
0.0,0.0,0.0,0.0,0.0,0.0,0.0,0.0,0.02,0.06,0.22,0.68,1.84,4.44,9.53,18.19,30.87,46.58,62.49,74.54,79.05,74.54,62.49,46.58,30.87,18.19,9.53,4.44,1.84,0.68,0.22,0.06,0.02,0.0,0.0,0.0,0.0,0.0,0.0,0.0,0.0,0.0,0.0,0.0,0.0,0.0,0.0,0.0,0.0,0.0,0.0,0.0,0.0,0.0,0.0,0.0,0.0,0.0,0.0,0.0,0.0,0.0,0.0,0.0,0.0,0.0,0.0,0.0,0.0,0.0,0.0,0.0,0.0,0.0,0.0,0.0,0.0,0.0,0.0,0.0,0.0,0.0,0.0,0.0,0.0,0.0,0.0,0.0,0.0,0.0,0.0,0.0,0.0,0.0,0.0,0.0,0.0,0.0,0.0,0.0,0.0,0.0,0.0,0.0,0.0,0.0,0.0,0.0,0.0,0.0,0.0,0.0,0.0,0.0,0.0,0.0,0.0,0.0,0.0,0.0,0.0,0.0,0.0,0.0,0.0,0.0,0.0,0.0,0.0,0.0,0.0,0.01,0.01,0.02,0.03,0.05,0.08,0.13,0.2,0.31,0.47,0.69,1.01,1.44,2.04,2.83,3.88,5.23,6.95,9.08,11.7,14.85,18.56,22.87,27.77,33.25,39.25,45.7,52.5,59.54,66.65,73.71,80.54,86.98,92.9,98.16,102.64,106.26,108.93,110.63,111.34,111.06,109.84,107.74,104.87,101.35,97.35,93.06,88.69,84.48,80.67,77.49,75.17,73.89,73.78,74.94,77.38,81.03,85.76,91.37,97.58,104.07,110.51,116.53,121.77,125.94,128.76,130.05,129.68,127.64,123.98,118.86,112.47,105.11,97.08,88.71,80.36,72.33,64.93,58.42,52.97,48.75,45.83,44.21,43.86,44.66,46.47,49.08,52.25,55.74,59.28,62.61,65.48,67.71,69.1,69.57,69.04,67.52,65.07,61.81,57.87,53.44,48.72,43.92,39.24,34.87,30.96,27.68,25.11,23.36,22.46,22.44,23.27,24.92,27.32,30.35,33.9,37.79,41.87,45.93,49.79,53.25,56.15,58.33,59.68,60.11,59.61,58.18,55.9,52.86,49.19,45.06,40.63,36.05,31.48,27.06,22.89,19.05,15.61,12.59,9.99,7.81,6.0,4.54,3.38,2.48,1.79,1.27,0.89,0.61,0.41,0.28,0.18,0.12,0.07,0.05,0.03,0.02,0.01,0.01,0.0,0.0,0.0,0.0,0.0,0.0,0.0,0.0,0.0,0.0
0.0,0.0,0.0,0.0,0.0,0.0,0.0,0.0,0.02,0.08,0.26,0.81,2.19,5.29,11.36,21.69,36.82,55.56,74.54,88.91,94.29,88.91,74.54,55.56,36.82,21.69,11.36,5.29,2.19,0.81,0.26,0.08,0.02,0.0,0.0,0.0,0.0,0.0,0.0,0.0,0.0,0.0,0.0,0.0,0.0,0.0,0.0,0.0,0.0,0.0,0.0,0.0,0.0,0.0,0.0,0.0,0.0,0.0,0.0,0.0,0.0,0.0,0.0,0.0,0.0,0.0,0.0,0.0,0.0,0.0,0.0,0.0,0.0,0.0,0.0,0.0,0.0,0.0,0.0,0.0,0.0,0.0,0.0,0.0,0.0,0.0,0.0,0.0,0.0,0.0,0.0,0.0,0.0,0.0,0.0,0.0,0.0,0.0,0.0,0.0,0.0,0.0,0.0,0.0,0.0,0.0,0.0,0.0,0.0,0.0,0.0,0.0,0.0,0.0,0.0,0.0,0.0,0.0,0.0,0.0,0.0,0.0,0.0,0.0,0.0,0.0,0.0,0.0,0.0,0.0,0.0,0.01,0.01,0.02,0.04,0.06,0.09,0.15,0.23,0.34,0.52,0.77,1.12,1.6,2.26,3.15,4.31,5.81,7.71,10.08,12.98,16.47,20.59,25.37,30.81,36.88,43.54,50.69,58.24,66.04,73.94,81.76,89.34,96.49,103.06,108.89,113.86,117.87,120.84,122.72,123.51,123.2,121.84,119.51,116.33,112.43,107.99,103.23,98.38,93.71,89.48,85.96,83.38,81.96,81.85,83.13,85.84,89.89,95.13,101.35,108.24,115.45,122.58,129.26,135.07,139.69,142.81,144.23,143.81,141.51,137.42,131.68,124.52,116.24,107.18,97.71,88.19,78.96,70.35,62.61,55.97,50.56,46.47,43.72,42.26,41.99,42.77,44.4,46.66,49.31,52.11,54.81,57.19,59.06,60.26,60.68,60.27,59.01,56.96,54.2,50.86,47.08,43.03,38.9,34.86,31.07,27.67,24.79,22.53,20.96,20.13,20.06,20.73,22.12,24.16,26.76,29.81,33.17,36.69,40.21,43.56,46.56,49.08,50.97,52.14,52.51,52.07,50.82,48.83,46.17,42.98,39.37,35.49,31.5,27.51,23.65,20.01,16.66,13.65,11.01,8.74,6.83,5.26,3.98,2.97,2.18,1.57,1.12,0.78,0.54,0.37,0.24,0.16,0.1,0.07,0.04,0.03,0.02,0.01,0.01,0.0,0.0,0.0,0.0,0.0,0.0,0.0,0.0,0.0,0.0
0.0,0.0,0.0,0.0,0.0,0.0,0.0,0.0,0.02,0.08,0.28,0.86,2.32,5.61,12.05,23.01,39.05,58.92,79.05,94.29,100.0,94.29,79.05,58.92,39.05,23.01,12.05,5.61,2.32,0.86,0.28,0.08,0.02,0.0,0.0,0.0,0.0,0.0,0.0,0.0,0.0,0.0,0.0,0.0,0.0,0.0,0.0,0.0,0.0,0.0,0.0,0.0,0.0,0.0,0.0,0.0,0.0,0.0,0.0,0.0,0.0,0.0,0.0,0.0,0.0,0.0,0.0,0.0,0.0,0.0,0.0,0.0,0.0,0.0,0.0,0.0,0.0,0.0,0.0,0.0,0.0,0.0,0.0,0.0,0.0,0.0,0.0,0.0,0.0,0.0,0.0,0.0,0.0,0.0,0.0,0.0,0.0,0.0,0.0,0.0,0.0,0.0,0.0,0.0,0.0,0.0,0.0,0.0,0.0,0.0,0.0,0.0,0.0,0.0,0.0,0.0,0.0,0.0,0.0,0.0,0.0,0.0,0.0,0.0,0.0,0.0,0.0,0.0,0.0,0.0,0.0,0.01,0.01,0.02,0.04,0.06,0.1,0.16,0.25,0.38,0.57,0.84,1.22,1.75,2.47,3.44,4.7,6.34,8.42,11.01,14.17,17.98,22.48,27.7,33.63,40.26,47.53,55.35,63.58,72.1,80.72,89.26,97.53,105.34,112.51,118.88,124.3,128.68,131.92,133.98,134.83,134.5,133.02,130.48,127.0,122.74,117.89,112.7,107.41,102.31,97.69,93.84,91.03,89.48,89.35,90.76,93.71,98.13,103.86,110.65,118.17,126.03,133.83,141.11,147.46,152.49,155.9,157.43,156.95,154.43,149.93,143.61,135.73,126.6,116.6,106.1,95.49,85.15,75.4,66.53,58.77,52.26,47.09,43.29,40.81,39.55,39.38,40.11,41.54,43.43,45.56,47.7,49.64,51.2,52.25,52.66,52.38,51.4,49.74,47.46,44.68,41.51,38.09,34.58,31.12,27.85,24.9,22.37,20.36,18.93,18.13,17.97,18.46,19.56,21.22,23.37,25.92,28.75,31.73,34.71,37.55,40.11,42.25,43.86,44.85,45.16,44.78,43.71,41.99,39.71,36.96,33.86,30.54,27.1,23.68,20.36,17.23,14.35,11.77,9.5,7.54,5.9,4.54,3.44,2.57,1.89,1.36,0.97,0.68,0.47,0.32,0.21,0.14,0.09,0.06,0.04,0.02,0.01,0.01,0.01,0.0,0.0,0.0,0.0,0.0,0.0,0.0,0.0,0.0,0.0
0.0,0.0,0.0,0.0,0.0,0.0,0.0,0.0,0.02,0.08,0.26,0.81,2.19,5.29,11.36,21.69,36.82,55.56,74.54,88.91,94.29,88.91,74.54,55.56,36.82,21.69,11.36,5.29,2.19,0.81,0.26,0.08,0.02,0.0,0.0,0.0,0.0,0.0,0.0,0.0,0.0,0.0,0.0,0.0,0.0,0.0,0.0,0.0,0.0,0.0,0.0,0.0,0.0,0.0,0.0,0.0,0.0,0.0,0.0,0.0,0.0,0.0,0.0,0.0,0.0,0.0,0.0,0.0,0.0,0.0,0.0,0.0,0.0,0.0,0.0,0.0,0.0,0.0,0.0,0.0,0.0,0.0,0.0,0.0,0.0,0.0,0.0,0.0,0.0,0.0,0.0,0.0,0.0,0.0,0.0,0.0,0.0,0.0,0.0,0.0,0.0,0.0,0.0,0.0,0.0,0.0,0.0,0.0,0.0,0.0,0.0,0.0,0.0,0.0,0.0,0.0,0.0,0.0,0.0,0.0,0.0,0.0,0.0,0.0,0.0,0.0,0.0,0.0,0.0,0.0,0.01,0.01,0.02,0.03,0.04,0.07,0.11,0.17,0.27,0.41,0.61,0.9,1.31,1.88,2.66,3.69,5.06,6.82,9.05,11.83,15.23,19.33,24.16,29.76,36.14,43.26,51.07,59.47,68.32,77.47,86.73,95.91,104.79,113.18,120.89,127.73,133.56,138.26,141.74,143.96,144.87,144.51,142.92,140.19,136.45,131.87,126.67,121.09,115.4,109.93,104.97,100.83,97.81,96.14,96.0,97.51,100.68,105.43,111.59,118.88,126.96,135.41,143.79,151.61,158.43,163.84,167.49,169.13,168.6,165.87,161.01,154.18,145.66,135.78,124.93,113.52,101.94,90.61,79.86,69.98,61.22,53.73,47.6,42.86,39.47,37.34,36.33,36.27,36.96,38.18,39.73,41.39,42.97,44.3,45.23,45.67,45.55,44.84,43.56,41.75,39.5,36.89,34.05,31.1,28.15,25.34,22.76,20.53,18.7,17.36,16.54,16.26,16.53,17.32,18.6,20.31,22.36,24.67,27.11,29.57,31.92,34.05,35.83,37.17,38.0,38.26,37.92,37.01,35.56,33.63,31.31,28.69,25.88,22.98,20.08,17.27,14.63,12.19,10.0,8.08,6.43,5.03,3.88,2.95,2.2,1.62,1.18,0.84,0.59,0.41,0.28,0.19,0.13,0.08,0.05,0.03,0.02,0.01,0.01,0.01,0.0,0.0,0.0,0.0,0.0,0.0,0.0,0.0,0.0,0.0
0.0,0.0,0.0,0.0,0.0,0.0,0.0,0.0,0.02,0.06,0.22,0.68,1.84,4.44,9.53,18.19,30.87,46.58,62.49,74.54,79.05,74.54,62.49,46.58,30.87,18.19,9.53,4.44,1.84,0.68,0.22,0.06,0.02,0.0,0.0,0.0,0.0,0.0,0.0,0.0,0.0,0.0,0.0,0.0,0.0,0.0,0.0,0.0,0.0,0.0,0.0,0.0,0.0,0.0,0.0,0.0,0.0,0.0,0.0,0.0,0.0,0.0,0.0,0.0,0.0,0.0,0.0,0.0,0.0,0.0,0.0,0.0,0.0,0.0,0.0,0.0,0.0,0.0,0.0,0.0,0.0,0.0,0.0,0.0,0.0,0.0,0.0,0.0,0.0,0.0,0.0,0.0,0.0,0.0,0.0,0.0,0.0,0.0,0.0,0.0,0.0,0.0,0.0,0.0,0.0,0.0,0.0,0.0,0.0,0.0,0.0,0.0,0.0,0.0,0.0,0.0,0.0,0.0,0.0,0.0,0.0,0.0,0.0,0.0,0.0,0.0,0.0,0.0,0.0,0.0,0.01,0.01,0.02,0.03,0.05,0.07,0.12,0.18,0.28,0.43,0.65,0.96,1.39,2.0,2.82,3.91,5.35,7.21,9.57,12.51,16.11,20.44,25.55,31.48,38.22,45.75,54.01,62.89,72.25,81.92,91.72,101.42,110.82,119.69,127.83,135.06,141.23,146.2,149.89,152.22,153.19,152.81,151.13,148.24,144.29,139.45,133.94,128.04,122.03,116.24,110.99,106.62,103.42,101.66,101.52,103.11,106.47,111.49,118.0,125.71,134.25,143.19,152.04,160.31,167.52,173.24,177.1,178.82,178.26,175.36,170.19,162.94,153.89,143.38,131.83,119.65,107.27,95.1,83.51,72.79,63.19,54.87,47.93,42.39,38.23,35.35,33.63,32.9,32.96,33.64,34.71,35.98,37.28,38.44,39.32,39.83,39.89,39.47,38.57,37.21,35.45,33.36,31.03,28.57,26.07,23.64,21.37,19.35,17.65,16.33,15.44,15.0,15.02,15.49,16.38,17.64,19.21,21.01,22.94,24.91,26.8,28.52,29.97,31.06,31.72,31.93,31.64,30.88,29.68,28.07,26.14,23.97,21.63,19.22,16.81,14.47,12.27,10.24,8.41,6.81,5.42,4.26,3.29,2.51,1.88,1.39,1.01,0.73,0.52,0.36,0.25,0.17,0.11,0.08,0.05,0.03,0.02,0.01,0.01,0.01,0.0,0.0,0.0,0.0,0.0,0.0,0.0,0.0,0.0,0.0
0.0,0.0,0.0,0.0,0.0,0.0,0.0,0.0,0.01,0.05,0.17,0.5,1.37,3.31,7.1,13.56,23.01,34.72,46.58,55.56,58.92,55.56,46.58,34.72,23.01,13.56,7.1,3.31,1.37,0.5,0.17,0.05,0.01,0.0,0.0,0.0,0.0,0.0,0.0,0.0,0.0,0.0,0.0,0.0,0.0,0.0,0.0,0.0,0.0,0.0,0.0,0.0,0.0,0.0,0.0,0.0,0.0,0.0,0.0,0.0,0.0,0.0,0.0,0.0,0.0,0.0,0.0,0.0,0.0,0.0,0.0,0.0,0.0,0.0,0.0,0.0,0.0,0.0,0.0,0.0,0.0,0.0,0.0,0.0,0.0,0.0,0.0,0.0,0.0,0.0,0.0,0.0,0.0,0.0,0.0,0.0,0.0,0.0,0.0,0.0,0.0,0.0,0.0,0.0,0.0,0.0,0.0,0.0,0.0,0.0,0.0,0.0,0.0,0.0,0.0,0.0,0.0,0.0,0.0,0.0,0.0,0.0,0.0,0.0,0.0,0.0,0.0,0.0,0.0,0.0,0.01,0.01,0.02,0.03,0.05,0.08,0.12,0.19,0.3,0.45,0.68,1.0,1.46,2.08,2.94,4.08,5.58,7.52,9.97,13.03,16.78,21.29,26.6,32.77,39.79,47.63,56.22,65.45,75.19,85.26,95.45,105.55,115.33,124.56,133.03,140.56,146.98,152.15,155.99,158.42,159.43,159.03,157.28,154.27,150.16,145.12,139.4,133.25,127.0,120.97,115.51,110.96,107.63,105.8,105.65,107.31,110.8,116.03,122.8,130.83,139.72,149.02,158.23,166.83,174.34,180.28,184.29,186.08,185.49,182.46,177.06,169.5,160.04,149.06,136.97,124.21,111.22,98.41,86.17,74.79,64.53,55.56,47.98,41.81,37.03,33.56,31.27,30.0,29.58,29.82,30.53,31.53,32.64,33.71,34.61,35.24,35.52,35.4,34.87,33.94,32.64,31.02,29.15,27.11,24.98,22.85,20.8,18.92,17.28,15.92,14.91,14.27,14.01,14.13,14.62,15.44,16.54,17.85,19.3,20.8,22.27,23.61,24.74,25.6,26.12,26.27,26.03,25.41,24.42,23.11,21.54,19.76,17.85,15.88,13.91,12.0,10.19,8.52,7.02,5.7,4.56,3.59,2.79,2.14,1.61,1.2,0.88,0.64,0.46,0.33,0.23,0.16,0.11,0.07,0.05,0.03,0.02,0.01,0.01,0.01,0.0,0.0,0.0,0.0,0.0,0.0,0.0,0.0,0.0,0.0
0.0,0.0,0.0,0.0,0.0,0.0,0.0,0.0,0.01,0.03,0.11,0.33,0.91,2.19,4.71,8.98,15.25,23.01,30.87,36.82,39.05,36.82,30.87,23.01,15.25,8.98,4.71,2.19,0.91,0.33,0.11,0.03,0.01,0.0,0.0,0.0,0.0,0.0,0.0,0.0,0.0,0.0,0.0,0.0,0.0,0.0,0.0,0.0,0.0,0.0,0.0,0.0,0.0,0.0,0.0,0.0,0.0,0.0,0.0,0.0,0.0,0.0,0.0,0.0,0.0,0.0,0.0,0.0,0.0,0.0,0.0,0.0,0.0,0.0,0.0,0.0,0.0,0.0,0.0,0.0,0.0,0.0,0.0,0.0,0.0,0.0,0.0,0.0,0.0,0.0,0.0,0.0,0.0,0.0,0.0,0.0,0.0,0.0,0.0,0.0,0.0,0.0,0.0,0.0,0.0,0.0,0.0,0.0,0.0,0.0,0.0,0.0,0.0,0.0,0.0,0.0,0.0,0.0,0.0,0.0,0.0,0.0,0.0,0.0,0.0,0.0,0.0,0.0,0.0,0.0,0.01,0.01,0.02,0.03,0.05,0.08,0.13,0.2,0.31,0.47,0.7,1.04,1.5,2.15,3.02,4.19,5.73,7.72,10.23,13.37,17.21,21.82,27.27,33.58,40.77,48.79,57.59,67.05,77.03,87.34,97.78,108.12,118.13,127.58,136.26,143.97,150.54,155.84,159.77,162.26,163.29,162.88,161.09,158.01,153.8,148.64,142.77,136.48,130.07,123.9,118.31,113.65,110.24,108.36,108.21,109.91,113.48,118.84,125.78,134.0,143.1,152.63,162.06,170.87,178.56,184.65,188.75,190.58,189.96,186.85,181.31,173.54,163.83,152.55,140.11,126.98,113.59,100.36,87.68,75.86,65.16,55.73,47.69,41.08,35.85,31.94,29.24,27.58,26.81,26.75,27.23,28.06,29.08,30.16,31.15,31.95,32.49,32.7,32.55,32.03,31.15,29.95,28.47,26.78,24.94,23.04,21.14,19.32,17.65,16.19,14.99,14.1,13.52,13.28,13.36,13.74,14.38,15.23,16.22,17.29,18.36,19.35,20.21,20.85,21.25,21.35,21.15,20.65,19.86,18.81,17.55,16.13,14.6,13.02,11.43,9.89,8.43,7.08,5.86,4.79,3.85,3.06,2.4,1.85,1.42,1.07,0.8,0.59,0.43,0.31,0.22,0.15,0.11,0.07,0.05,0.03,0.02,0.02,0.01,0.01,0.0,0.0,0.0,0.0,0.0,0.0,0.0,0.0,0.0,0.0
0.0,0.0,0.0,0.0,0.0,0.0,0.0,0.0,0.0,0.02,0.06,0.2,0.53,1.29,2.77,5.29,8.98,13.56,18.19,21.69,23.01,21.69,18.19,13.56,8.98,5.29,2.77,1.29,0.53,0.2,0.06,0.02,0.0,0.0,0.0,0.0,0.0,0.0,0.0,0.0,0.0,0.0,0.0,0.0,0.0,0.0,0.0,0.0,0.0,0.0,0.0,0.0,0.0,0.0,0.0,0.0,0.0,0.0,0.0,0.0,0.0,0.0,0.0,0.0,0.0,0.0,0.0,0.0,0.0,0.0,0.0,0.0,0.0,0.0,0.0,0.0,0.0,0.0,0.0,0.0,0.0,0.0,0.0,0.0,0.0,0.0,0.0,0.0,0.0,0.0,0.0,0.0,0.0,0.0,0.0,0.0,0.0,0.0,0.0,0.0,0.0,0.0,0.0,0.0,0.0,0.0,0.0,0.0,0.0,0.0,0.0,0.0,0.0,0.0,0.0,0.0,0.0,0.0,0.0,0.0,0.0,0.0,0.0,0.0,0.0,0.0,0.0,0.0,0.0,0.01,0.01,0.01,0.02,0.04,0.06,0.09,0.14,0.21,0.32,0.49,0.72,1.06,1.53,2.18,3.07,4.25,5.8,7.8,10.34,13.5,17.37,22.02,27.51,33.88,41.12,49.21,58.07,67.61,77.66,88.05,98.57,108.99,119.08,128.61,137.36,145.13,151.75,157.09,161.05,163.56,164.6,164.19,162.38,159.28,155.03,149.83,143.92,137.57,131.12,124.89,119.26,114.56,111.12,109.23,109.08,110.79,114.39,119.79,126.78,135.07,144.25,153.85,163.36,172.24,179.99,186.12,190.26,192.1,191.47,188.33,182.73,174.89,165.08,153.68,141.11,127.82,114.25,100.84,87.96,75.93,64.99,55.32,47.03,40.15,34.65,30.48,27.52,25.63,24.66,24.44,24.8,25.58,26.63,27.8,28.96,30.0,30.84,31.4,31.63,31.51,31.03,30.2,29.06,27.65,26.03,24.26,22.42,20.58,18.8,17.17,15.73,14.53,13.6,12.97,12.63,12.57,12.76,13.16,13.73,14.39,15.1,15.78,16.38,16.84,17.11,17.18,17.02,16.62,16.01,15.19,14.21,13.09,11.89,10.65,9.39,8.17,7.01,5.93,4.96,4.08,3.32,2.67,2.12,1.67,1.29,0.99,0.75,0.57,0.42,0.31,0.23,0.16,0.12,0.08,0.06,0.04,0.03,0.02,0.01,0.01,0.01,0.0,0.0,0.0,0.0,0.0,0.0,0.0,0.0,0.0
0.0,0.0,0.0,0.0,0.0,0.0,0.0,0.0,0.0,0.01,0.03,0.1,0.28,0.68,1.45,2.77,4.71,7.1,9.53,11.36,12.05,11.36,9.53,7.1,4.71,2.77,1.45,0.68,0.28,0.1,0.03,0.01,0.0,0.0,0.0,0.0,0.0,0.0,0.0,0.0,0.0,0.0,0.0,0.0,0.0,0.0,0.0,0.0,0.0,0.0,0.0,0.0,0.0,0.0,0.0,0.0,0.0,0.0,0.0,0.0,0.0,0.0,0.0,0.0,0.0,0.0,0.0,0.0,0.0,0.0,0.0,0.0,0.0,0.0,0.0,0.0,0.0,0.0,0.0,0.0,0.0,0.0,0.0,0.0,0.0,0.0,0.0,0.0,0.0,0.0,0.0,0.0,0.0,0.0,0.0,0.0,0.0,0.0,0.0,0.0,0.0,0.0,0.0,0.0,0.0,0.0,0.0,0.0,0.0,0.0,0.0,0.0,0.0,0.0,0.0,0.0,0.0,0.0,0.0,0.0,0.0,0.0,0.0,0.0,0.0,0.0,0.0,0.0,0.0,0.01,0.01,0.02,0.03,0.04,0.06,0.1,0.15,0.22,0.34,0.5,0.74,1.08,1.55,2.2,3.08,4.26,5.8,7.79,10.3,13.44,17.28,21.89,27.34,33.65,40.83,48.85,57.65,67.1,77.07,87.38,97.81,108.14,118.15,127.6,136.28,143.98,150.55,155.85,159.77,162.26,163.29,162.88,161.09,158.01,153.8,148.64,142.77,136.48,130.07,123.9,118.31,113.65,110.24,108.36,108.21,109.91,113.48,118.84,125.78,134.0,143.1,152.63,162.06,170.87,178.55,184.64,188.74,190.57,189.94,186.82,181.26,173.47,163.72,152.39,139.89,126.67,113.18,99.82,86.97,74.95,64.0,54.3,45.96,39.0,33.42,29.16,26.1,24.13,23.1,22.85,23.24,24.09,25.27,26.63,28.04,29.39,30.57,31.51,32.14,32.41,32.3,31.81,30.95,29.75,28.26,26.55,24.68,22.73,20.77,18.89,17.14,15.58,14.26,13.21,12.43,11.92,11.67,11.65,11.81,12.1,12.48,12.87,13.24,13.54,13.72,13.75,13.62,13.32,12.86,12.25,11.5,10.66,9.74,8.78,7.82,6.87,5.95,5.1,4.32,3.61,2.99,2.45,1.98,1.59,1.26,0.99,0.77,0.6,0.46,0.34,0.26,0.19,0.14,0.1,0.07,0.05,0.04,0.03,0.02,0.01,0.01,0.01,0.0,0.0,0.0,0.0,0.0,0.0,0.0,0.0
0.02,0.02,0.02,0.01,0.01,0.0,0.0,0.0,0.0,0.0,0.02,0.05,0.13,0.32,0.68,1.29,2.19,3.31,4.44,5.29,5.61,5.29,4.44,3.31,2.19,1.29,0.68,0.32,0.13,0.05,0.02,0.0,0.0,0.0,0.0,0.0,0.0,0.0,0.0,0.0,0.0,0.0,0.0,0.0,0.0,0.0,0.0,0.0,0.0,0.0,0.0,0.0,0.0,0.0,0.0,0.0,0.0,0.0,0.0,0.0,0.0,0.0,0.0,0.0,0.0,0.0,0.0,0.0,0.0,0.0,0.0,0.0,0.0,0.0,0.0,0.0,0.0,0.0,0.0,0.0,0.0,0.0,0.0,0.0,0.0,0.0,0.0,0.0,0.0,0.0,0.0,0.0,0.0,0.0,0.0,0.0,0.0,0.0,0.0,0.0,0.0,0.0,0.0,0.0,0.0,0.0,0.0,0.0,0.0,0.0,0.0,0.0,0.0,0.0,0.0,0.0,0.0,0.0,0.0,0.0,0.0,0.0,0.0,0.0,0.0,0.0,0.0,0.0,0.01,0.01,0.01,0.02,0.03,0.05,0.07,0.11,0.16,0.24,0.35,0.52,0.75,1.09,1.55,2.2,3.06,4.21,5.72,7.67,10.13,13.2,16.94,21.45,26.76,32.92,39.93,47.76,56.34,65.56,75.29,85.35,95.53,105.61,115.38,124.6,133.07,140.59,147.0,152.17,156.0,158.43,159.43,159.03,157.28,154.28,150.16,145.12,139.4,133.25,127.0,120.97,115.51,110.96,107.63,105.8,105.65,107.31,110.8,116.03,122.8,130.83,139.72,149.02,158.23,166.83,174.33,180.27,184.27,186.06,185.44,182.39,176.96,169.34,159.82,148.74,136.53,123.6,110.39,97.32,84.73,72.95,62.21,52.69,44.49,37.64,32.15,27.96,24.97,23.07,22.12,21.99,22.52,23.56,24.98,26.62,28.37,30.09,31.67,33.02,34.06,34.72,34.96,34.76,34.13,33.08,31.65,29.91,27.93,25.78,23.56,21.35,19.23,17.26,15.49,13.98,12.75,11.79,11.1,10.66,10.44,10.39,10.46,10.6,10.77,10.92,11.02,11.03,10.94,10.73,10.4,9.97,9.44,8.82,8.15,7.44,6.71,5.98,5.27,4.6,3.97,3.4,2.87,2.41,2.0,1.64,1.34,1.08,0.86,0.68,0.53,0.41,0.32,0.24,0.18,0.13,0.1,0.07,0.05,0.03,0.02,0.02,0.01,0.01,0.0,0.0,0.0,0.0,0.0,0.0,0.0,0.0
0.08,0.08,0.06,0.05,0.03,0.02,0.01,0.0,0.0,0.0,0.01,0.02,0.05,0.13,0.28,0.53,0.91,1.37,1.84,2.19,2.32,2.19,1.84,1.37,0.91,0.53,0.28,0.13,0.05,0.02,0.01,0.0,0.0,0.0,0.0,0.0,0.0,0.0,0.0,0.0,0.0,0.0,0.0,0.0,0.0,0.0,0.0,0.0,0.0,0.0,0.0,0.0,0.0,0.0,0.0,0.0,0.0,0.0,0.0,0.0,0.0,0.0,0.0,0.0,0.0,0.0,0.0,0.0,0.0,0.0,0.0,0.0,0.0,0.0,0.0,0.0,0.0,0.0,0.0,0.0,0.0,0.0,0.0,0.0,0.0,0.0,0.0,0.0,0.0,0.0,0.0,0.0,0.0,0.0,0.0,0.0,0.0,0.0,0.0,0.0,0.0,0.0,0.0,0.0,0.0,0.0,0.0,0.0,0.0,0.0,0.0,0.0,0.0,0.0,0.0,0.0,0.0,0.0,0.0,0.0,0.0,0.0,0.0,0.0,0.0,0.0,0.0,0.01,0.01,0.01,0.02,0.03,0.04,0.06,0.08,0.12,0.18,0.26,0.37,0.54,0.78,1.11,1.56,2.19,3.03,4.14,5.6,7.47,9.85,12.79,16.4,20.72,25.83,31.74,38.47,45.98,54.22,63.08,72.42,82.07,91.84,101.53,110.9,119.76,127.89,135.11,141.27,146.23,149.91,152.24,153.2,152.82,151.13,148.25,144.29,139.45,133.95,128.04,122.03,116.24,110.99,106.62,103.43,101.66,101.52,103.11,106.47,111.49,118.0,125.71,134.25,143.19,152.04,160.31,167.51,173.22,177.07,178.78,178.19,175.25,170.03,162.71,153.55,142.91,131.16,118.73,106.03,93.45,81.35,70.01,59.69,50.53,42.65,36.1,30.86,26.9,24.12,22.43,21.71,21.81,22.61,23.96,25.72,27.74,29.9,32.06,34.09,35.89,37.35,38.39,38.97,39.03,38.57,37.6,36.16,34.32,32.14,29.72,27.15,24.54,21.97,19.52,17.28,15.28,13.56,12.14,11.02,10.17,9.58,9.2,9.0,8.91,8.91,8.94,8.97,8.98,8.92,8.8,8.61,8.33,7.99,7.57,7.11,6.61,6.08,5.53,4.99,4.46,3.94,3.46,3.0,2.58,2.19,1.85,1.54,1.27,1.04,0.83,0.66,0.52,0.41,0.31,0.24,0.18,0.13,0.09,0.07,0.05,0.03,0.02,0.01,0.01,0.01,0.0,0.0,0.0,0.0,0.0,0.0,0.0
0.28,0.26,0.22,0.17,0.11,0.06,0.03,0.02,0.01,0.0,0.0,0.01,0.02,0.05,0.1,0.2,0.33,0.5,0.68,0.81,0.86,0.81,0.68,0.5,0.33,0.2,0.1,0.05,0.02,0.01,0.0,0.0,0.0,0.0,0.0,0.0,0.0,0.0,0.0,0.0,0.0,0.0,0.0,0.0,0.0,0.0,0.0,0.0,0.0,0.0,0.0,0.0,0.0,0.0,0.0,0.0,0.0,0.0,0.0,0.0,0.0,0.0,0.0,0.0,0.0,0.0,0.0,0.0,0.0,0.0,0.0,0.0,0.0,0.0,0.0,0.0,0.0,0.0,0.0,0.0,0.0,0.0,0.0,0.0,0.0,0.0,0.0,0.0,0.0,0.0,0.0,0.0,0.0,0.0,0.0,0.0,0.0,0.0,0.0,0.0,0.0,0.0,0.0,0.0,0.0,0.0,0.0,0.0,0.0,0.0,0.0,0.0,0.0,0.0,0.0,0.0,0.0,0.0,0.0,0.0,0.0,0.0,0.0,0.0,0.0,0.0,0.01,0.01,0.01,0.02,0.02,0.03,0.05,0.07,0.1,0.14,0.2,0.29,0.41,0.58,0.81,1.14,1.58,2.18,2.99,4.06,5.45,7.23,9.48,12.27,15.68,19.77,24.59,30.18,36.53,43.63,51.41,59.77,68.59,77.7,86.93,96.08,104.94,113.3,120.98,127.8,133.62,138.3,141.78,143.98,144.89,144.52,142.93,140.2,136.46,131.88,126.67,121.09,115.4,109.93,104.97,100.83,97.81,96.14,96.0,97.51,100.68,105.43,111.59,118.88,126.96,135.41,143.78,151.6,158.41,163.81,167.45,169.07,168.51,165.73,160.8,153.87,145.21,135.14,124.03,112.28,100.27,88.39,76.95,66.26,56.52,47.91,40.52,34.41,29.58,25.99,23.57,22.22,21.84,22.31,23.49,25.25,27.45,29.94,32.59,35.24,37.77,40.04,41.94,43.37,44.25,44.54,44.2,43.26,41.74,39.71,37.26,34.48,31.49,28.4,25.32,22.35,19.57,17.05,14.83,12.93,11.37,10.13,9.18,8.5,8.04,7.76,7.6,7.54,7.53,7.54,7.54,7.51,7.44,7.32,7.14,6.91,6.63,6.3,5.94,5.55,5.13,4.7,4.26,3.83,3.4,2.99,2.6,2.23,1.89,1.59,1.31,1.07,0.86,0.69,0.54,0.42,0.32,0.24,0.18,0.13,0.09,0.06,0.05,0.03,0.02,0.01,0.01,0.01,0.0,0.0,0.0,0.0,0.0,0.0
0.86,0.81,0.68,0.5,0.33,0.2,0.1,0.05,0.02,0.01,0.0,0.0,0.01,0.02,0.03,0.06,0.11,0.17,0.22,0.26,0.28,0.26,0.22,0.17,0.11,0.06,0.03,0.02,0.01,0.0,0.0,0.0,0.0,0.0,0.0,0.0,0.0,0.0,0.0,0.0,0.0,0.0,0.0,0.0,0.0,0.0,0.0,0.0,0.0,0.0,0.0,0.0,0.0,0.0,0.0,0.0,0.0,0.0,0.0,0.0,0.0,0.0,0.0,0.0,0.0,0.0,0.0,0.0,0.0,0.0,0.0,0.0,0.0,0.0,0.0,0.0,0.0,0.0,0.0,0.0,0.0,0.0,0.0,0.0,0.0,0.0,0.0,0.0,0.0,0.0,0.0,0.0,0.0,0.0,0.0,0.0,0.0,0.0,0.0,0.0,0.0,0.0,0.0,0.0,0.0,0.0,0.0,0.0,0.0,0.0,0.0,0.0,0.0,0.0,0.0,0.0,0.0,0.0,0.0,0.0,0.0,0.0,0.0,0.0,0.0,0.0,0.01,0.01,0.02,0.02,0.03,0.05,0.07,0.09,0.13,0.18,0.24,0.34,0.46,0.64,0.87,1.19,1.63,2.21,2.98,3.99,5.3,6.97,9.07,11.68,14.85,18.66,23.14,28.33,34.23,40.82,48.04,55.8,63.99,72.46,81.03,89.52,97.75,105.52,112.65,118.99,124.39,128.75,131.97,134.02,134.86,134.52,133.03,130.49,127.0,122.74,117.9,112.7,107.41,102.31,97.69,93.85,91.03,89.48,89.35,90.76,93.71,98.13,103.86,110.65,118.17,126.03,133.82,141.1,147.44,152.46,155.85,157.35,156.84,154.25,149.66,143.22,135.16,125.8,115.47,104.54,93.38,82.35,71.74,61.84,52.85,44.92,38.17,32.64,28.35,25.26,23.31,22.43,22.51,23.45,25.11,27.38,30.11,33.15,36.35,39.56,42.62,45.4,47.74,49.55,50.71,51.19,50.93,49.95,48.28,46.0,43.2,39.99,36.51,32.88,29.23,25.67,22.32,19.24,16.49,14.11,12.11,10.47,9.19,8.22,7.53,7.07,6.8,6.67,6.64,6.67,6.74,6.81,6.87,6.9,6.89,6.83,6.72,6.55,6.32,6.05,5.73,5.36,4.97,4.55,4.11,3.68,3.24,2.82,2.43,2.06,1.72,1.41,1.15,0.92,0.72,0.56,0.43,0.32,0.24,0.18,0.13,0.09,0.06,0.04,0.03,0.02,0.01,0.01,0.01,0.0,0.0,0.0,0.0,0.0
2.32,2.19,1.84,1.37,0.91,0.53,0.28,0.13,0.05,0.02,0.01,0.0,0.0,0.0,0.01,0.02,0.03,0.05,0.06,0.08,0.08,0.08,0.06,0.05,0.03,0.02,0.01,0.0,0.0,0.0,0.0,0.0,0.0,0.0,0.0,0.0,0.0,0.0,0.0,0.0,0.0,0.0,0.0,0.0,0.0,0.0,0.0,0.0,0.0,0.0,0.0,0.0,0.0,0.0,0.0,0.0,0.0,0.0,0.0,0.0,0.0,0.0,0.0,0.0,0.0,0.0,0.0,0.0,0.0,0.0,0.0,0.0,0.0,0.0,0.0,0.0,0.0,0.0,0.0,0.0,0.0,0.0,0.0,0.0,0.0,0.0,0.0,0.0,0.0,0.0,0.0,0.0,0.0,0.0,0.0,0.0,0.0,0.0,0.0,0.0,0.0,0.0,0.0,0.0,0.0,0.0,0.0,0.0,0.0,0.0,0.0,0.0,0.0,0.0,0.0,0.0,0.0,0.0,0.0,0.0,0.0,0.0,0.0,0.0,0.0,0.01,0.01,0.02,0.02,0.03,0.05,0.06,0.09,0.12,0.17,0.23,0.3,0.41,0.55,0.73,0.97,1.29,1.72,2.28,3.02,3.97,5.19,6.74,8.68,11.08,13.99,17.47,21.57,26.31,31.69,37.7,44.29,51.37,58.85,66.57,74.39,82.15,89.66,96.75,103.27,109.06,113.99,117.97,120.92,122.78,123.55,123.23,121.86,119.53,116.34,112.43,107.99,103.23,98.39,93.71,89.49,85.96,83.38,81.96,81.85,83.13,85.83,89.89,95.13,101.35,108.24,115.44,122.58,129.24,135.05,139.65,142.76,144.14,143.66,141.3,137.1,131.2,123.83,115.26,105.82,95.83,85.65,75.59,65.94,56.95,48.82,41.71,35.71,30.87,27.23,24.74,23.37,23.06,23.7,25.2,27.45,30.31,33.65,37.3,41.12,44.92,48.55,51.84,54.63,56.8,58.23,58.85,58.62,57.55,55.67,53.06,49.84,46.14,42.09,37.86,33.59,29.41,25.45,21.78,18.49,15.61,13.17,11.15,9.55,8.31,7.42,6.81,6.45,6.27,6.25,6.33,6.48,6.68,6.88,7.07,7.23,7.34,7.38,7.36,7.26,7.08,6.82,6.5,6.11,5.67,5.19,4.69,4.18,3.67,3.17,2.7,2.27,1.88,1.53,1.23,0.97,0.76,0.58,0.44,0.33,0.24,0.17,0.12,0.08,0.06,0.04,0.03,0.02,0.01,0.01,0.0,0.0,0.0,0.0,0.0
5.61,5.29,4.44,3.31,2.19,1.29,0.68,0.32,0.13,0.05,0.02,0.0,0.0,0.0,0.0,0.0,0.01,0.01,0.02,0.02,0.02,0.02,0.02,0.01,0.01,0.0,0.0,0.0,0.0,0.0,0.0,0.0,0.0,0.0,0.0,0.0,0.0,0.0,0.0,0.0,0.0,0.0,0.0,0.0,0.0,0.0,0.0,0.0,0.0,0.0,0.0,0.0,0.0,0.0,0.0,0.0,0.0,0.0,0.0,0.0,0.0,0.0,0.0,0.0,0.0,0.0,0.0,0.0,0.0,0.0,0.0,0.0,0.0,0.0,0.0,0.0,0.0,0.0,0.0,0.0,0.0,0.0,0.0,0.0,0.0,0.0,0.0,0.0,0.0,0.0,0.0,0.0,0.0,0.0,0.0,0.0,0.0,0.0,0.0,0.0,0.0,0.0,0.0,0.0,0.0,0.0,0.0,0.0,0.0,0.0,0.0,0.0,0.0,0.0,0.0,0.0,0.0,0.0,0.0,0.0,0.0,0.0,0.0,0.0,0.01,0.01,0.02,0.02,0.03,0.05,0.06,0.09,0.12,0.17,0.22,0.3,0.39,0.51,0.67,0.87,1.13,1.46,1.89,2.44,3.14,4.04,5.17,6.6,8.37,10.54,13.17,16.3,19.98,24.24,29.06,34.45,40.35,46.69,53.38,60.3,67.32,74.27,81.0,87.37,93.21,98.41,102.83,106.4,109.05,110.72,111.4,111.1,109.87,107.76,104.88,101.36,97.36,93.06,88.69,84.48,80.67,77.49,75.17,73.89,73.78,74.94,77.38,81.03,85.76,91.37,97.57,104.07,110.5,116.51,121.75,125.9,128.7,129.94,129.52,127.39,123.61,118.3,111.67,103.97,95.48,86.51,77.38,68.38,59.77,51.78,44.61,38.4,33.24,29.19,26.27,24.49,23.79,24.12,25.41,27.57,30.47,34.0,38.0,42.32,46.79,51.22,55.43,59.24,62.47,64.97,66.63,67.36,67.11,65.88,63.73,60.75,57.04,52.78,48.12,43.24,38.3,33.47,28.86,24.6,20.75,17.38,14.49,12.1,10.19,8.72,7.64,6.92,6.49,6.31,6.32,6.49,6.76,7.1,7.47,7.84,8.18,8.46,8.67,8.78,8.79,8.69,8.48,8.16,7.75,7.25,6.69,6.08,5.44,4.8,4.17,3.57,3.01,2.5,2.04,1.64,1.3,1.01,0.78,0.59,0.44,0.32,0.23,0.16,0.11,0.08,0.05,0.04,0.02,0.01,0.01,0.01,0.0,0.0,0.0,0.0
12.05,11.36,9.53,7.1,4.71,2.77,1.45,0.68,0.28,0.1,0.03,0.01,0.0,0.0,0.0,0.0,0.0,0.0,0.0,0.0,0.0,0.0,0.0,0.0,0.0,0.0,0.0,0.0,0.0,0.0,0.0,0.0,0.0,0.0,0.0,0.0,0.0,0.0,0.0,0.0,0.0,0.0,0.0,0.0,0.0,0.0,0.0,0.0,0.0,0.0,0.0,0.0,0.0,0.0,0.0,0.0,0.0,0.0,0.0,0.0,0.0,0.0,0.0,0.0,0.0,0.0,0.0,0.0,0.0,0.0,0.0,0.0,0.0,0.0,0.0,0.0,0.0,0.0,0.0,0.0,0.0,0.0,0.0,0.0,0.0,0.0,0.0,0.0,0.0,0.0,0.0,0.0,0.0,0.0,0.0,0.0,0.0,0.0,0.0,0.0,0.0,0.0,0.0,0.0,0.0,0.0,0.0,0.0,0.0,0.0,0.0,0.0,0.0,0.0,0.0,0.0,0.0,0.0,0.0,0.0,0.0,0.0,0.0,0.01,0.01,0.01,0.02,0.03,0.05,0.06,0.09,0.12,0.17,0.23,0.3,0.4,0.51,0.66,0.85,1.08,1.36,1.71,2.15,2.7,3.39,4.24,5.29,6.6,8.2,10.15,12.48,15.26,18.51,22.25,26.49,31.22,36.4,41.97,47.84,53.92,60.08,66.2,72.12,77.72,82.87,87.44,91.34,94.48,96.81,98.27,98.87,98.6,97.49,95.62,93.06,89.93,86.38,82.57,78.69,74.96,71.57,68.75,66.69,65.55,65.46,66.49,68.65,71.89,76.09,81.06,86.57,92.33,98.04,103.37,108.02,111.7,114.18,115.29,114.92,113.04,109.69,105.0,99.13,92.32,84.83,76.92,68.89,60.99,53.48,46.55,40.39,35.13,30.87,27.67,25.56,24.54,24.58,25.64,27.65,30.51,34.13,38.38,43.1,48.13,53.27,58.35,63.14,67.45,71.1,73.91,75.75,76.53,76.2,74.77,72.29,68.86,64.63,59.76,54.44,48.87,43.24,37.72,32.46,27.59,23.19,19.32,16.01,13.27,11.07,9.38,8.15,7.34,6.89,6.73,6.83,7.11,7.54,8.06,8.63,9.2,9.75,10.22,10.6,10.86,10.98,10.94,10.75,10.42,9.94,9.35,8.66,7.9,7.09,6.27,5.46,4.68,3.95,3.29,2.69,2.16,1.72,1.34,1.03,0.78,0.58,0.42,0.31,0.22,0.15,0.1,0.07,0.05,0.03,0.02,0.01,0.01,0.0,0.0,0.0,0.0
23.01,21.69,18.19,13.56,8.98,5.29,2.77,1.29,0.53,0.2,0.06,0.02,0.0,0.0,0.0,0.0,0.0,0.0,0.0,0.0,0.0,0.0,0.0,0.0,0.0,0.0,0.0,0.0,0.0,0.0,0.0,0.0,0.0,0.0,0.0,0.0,0.0,0.0,0.0,0.0,0.0,0.0,0.0,0.0,0.0,0.0,0.0,0.0,0.0,0.0,0.0,0.0,0.0,0.0,0.0,0.0,0.0,0.0,0.0,0.0,0.0,0.0,0.0,0.0,0.0,0.0,0.0,0.0,0.0,0.0,0.0,0.0,0.0,0.0,0.0,0.0,0.0,0.0,0.0,0.0,0.0,0.0,0.0,0.0,0.0,0.0,0.01,0.01,0.01,0.01,0.01,0.01,0.01,0.01,0.01,0.0,0.0,0.0,0.0,0.0,0.0,0.0,0.0,0.0,0.0,0.0,0.0,0.0,0.01,0.01,0.01,0.01,0.01,0.01,0.01,0.01,0.01,0.01,0.0,0.0,0.0,0.0,0.01,0.01,0.01,0.02,0.03,0.04,0.06,0.09,0.12,0.17,0.23,0.31,0.41,0.53,0.69,0.87,1.1,1.37,1.7,2.09,2.56,3.12,3.8,4.62,5.62,6.81,8.25,9.98,12.03,14.44,17.25,20.47,24.12,28.18,32.63,37.41,42.45,47.67,52.97,58.23,63.33,68.16,72.59,76.54,79.9,82.61,84.61,85.87,86.38,86.13,85.15,83.51,81.27,78.53,75.43,72.1,68.71,65.45,62.5,60.03,58.23,57.24,57.16,58.06,59.94,62.77,66.44,70.78,75.59,80.62,85.61,90.26,94.32,97.54,99.71,100.68,100.36,98.72,95.81,91.73,86.63,80.72,74.22,67.39,60.46,53.68,47.28,41.43,36.31,32.04,28.72,26.41,25.15,24.94,25.78,27.62,30.39,34.03,38.42,43.42,48.89,54.64,60.47,66.18,71.54,76.33,80.35,83.42,85.39,86.17,85.71,84.01,81.14,77.23,72.41,66.9,60.89,54.61,48.27,42.06,36.14,30.66,25.71,21.37,17.65,14.58,12.12,10.25,8.91,8.05,7.61,7.53,7.74,8.19,8.82,9.56,10.37,11.19,11.98,12.67,13.24,13.65,13.87,13.9,13.71,13.33,12.76,12.03,11.17,10.21,9.18,8.13,7.09,6.09,5.14,4.28,3.5,2.82,2.24,1.75,1.34,1.01,0.75,0.55,0.4,0.28,0.2,0.14,0.09,0.06,0.04,0.03,0.02,0.01,0.01,0.0,0.0,0.0
39.05,36.82,30.87,23.01,15.25,8.98,4.71,2.19,0.91,0.33,0.11,0.03,0.01,0.0,0.0,0.0,0.0,0.0,0.0,0.0,0.0,0.0,0.0,0.0,0.0,0.0,0.0,0.0,0.0,0.0,0.0,0.0,0.0,0.0,0.0,0.0,0.0,0.0,0.0,0.0,0.0,0.0,0.0,0.0,0.0,0.0,0.0,0.0,0.0,0.0,0.0,0.0,0.0,0.0,0.0,0.0,0.0,0.0,0.0,0.0,0.0,0.0,0.0,0.0,0.0,0.0,0.0,0.0,0.0,0.0,0.0,0.0,0.0,0.0,0.0,0.0,0.0,0.0,0.0,0.0,0.0,0.0,0.0,0.01,0.01,0.01,0.02,0.02,0.03,0.03,0.03,0.03,0.03,0.02,0.02,0.01,0.01,0.01,0.0,0.0,0.0,0.0,0.0,0.0,0.0,0.01,0.01,0.01,0.02,0.02,0.03,0.03,0.03,0.03,0.03,0.02,0.02,0.01,0.01,0.01,0.01,0.01,0.01,0.01,0.02,0.03,0.04,0.06,0.09,0.12,0.17,0.24,0.32,0.42,0.55,0.72,0.92,1.15,1.44,1.77,2.16,2.61,3.14,3.74,4.44,5.26,6.2,7.31,8.61,10.13,11.9,13.96,16.34,19.05,22.11,25.5,29.21,33.2,37.42,41.79,46.23,50.64,54.92,58.98,62.71,66.03,68.87,71.15,72.83,73.88,74.29,74.06,73.21,71.79,69.85,67.5,64.83,61.96,59.05,56.25,53.71,51.59,50.04,49.19,49.12,49.89,51.51,53.94,57.09,60.83,64.96,69.28,73.57,77.57,81.06,83.82,85.69,86.53,86.26,84.87,82.38,78.89,74.54,69.51,63.98,58.19,52.35,46.68,41.37,36.59,32.51,29.23,26.87,25.47,25.09,25.74,27.41,30.07,33.66,38.1,43.28,49.07,55.3,61.77,68.29,74.61,80.5,85.72,90.06,93.33,95.36,96.07,95.41,93.39,90.08,85.63,80.2,74.02,67.3,60.31,53.25,46.35,39.79,33.72,28.25,23.45,19.36,15.99,13.31,11.29,9.87,9.01,8.63,8.67,9.06,9.72,10.6,11.62,12.72,13.83,14.89,15.84,16.62,17.2,17.54,17.62,17.43,16.97,16.28,15.37,14.28,13.07,11.77,10.43,9.1,7.82,6.61,5.5,4.5,3.63,2.88,2.25,1.73,1.31,0.97,0.71,0.51,0.36,0.25,0.17,0.12,0.08,0.05,0.03,0.02,0.01,0.01,0.0,0.0,0.0
58.92,55.56,46.58,34.72,23.01,13.56,7.1,3.31,1.37,0.5,0.17,0.05,0.01,0.0,0.0,0.0,0.0,0.0,0.0,0.0,0.0,0.0,0.0,0.0,0.0,0.0,0.0,0.0,0.0,0.0,0.0,0.0,0.0,0.0,0.0,0.0,0.0,0.0,0.0,0.0,0.0,0.0,0.0,0.0,0.0,0.0,0.0,0.0,0.0,0.0,0.0,0.0,0.0,0.0,0.0,0.0,0.0,0.0,0.0,0.0,0.0,0.0,0.0,0.0,0.0,0.0,0.0,0.0,0.0,0.0,0.0,0.0,0.0,0.0,0.0,0.0,0.0,0.0,0.0,0.0,0.0,0.01,0.01,0.02,0.03,0.04,0.05,0.07,0.08,0.09,0.09,0.09,0.08,0.07,0.05,0.04,0.03,0.02,0.01,0.01,0.0,0.0,0.0,0.01,0.01,0.02,0.03,0.04,0.05,0.07,0.08,0.09,0.09,0.09,0.08,0.07,0.05,0.04,0.03,0.02,0.01,0.01,0.01,0.02,0.03,0.04,0.06,0.08,0.12,0.17,0.23,0.32,0.43,0.57,0.75,0.96,1.22,1.53,1.89,2.31,2.79,3.33,3.93,4.61,5.36,6.19,7.13,8.17,9.35,10.68,12.2,13.93,15.89,18.1,20.58,23.32,26.31,29.53,32.93,36.46,40.06,43.64,47.12,50.43,53.48,56.2,58.52,60.39,61.76,62.61,62.92,62.7,61.96,60.74,59.1,57.1,54.84,52.41,49.95,47.57,45.42,43.63,42.32,41.6,41.54,42.2,43.57,45.62,48.29,51.44,54.94,58.6,62.22,65.61,68.56,70.9,72.48,73.2,72.98,71.81,69.73,66.81,63.17,58.96,54.37,49.57,44.77,40.16,35.9,32.17,29.1,26.82,25.4,24.93,25.44,26.97,29.5,33.01,37.44,42.71,48.71,55.29,62.27,69.46,76.62,83.51,89.88,95.47,100.06,103.45,105.48,106.05,105.11,102.7,98.91,93.88,87.82,80.94,73.52,65.81,58.05,50.49,43.31,36.69,30.72,25.51,21.08,17.44,14.58,12.46,11.02,10.2,9.93,10.14,10.76,11.7,12.89,14.24,15.69,17.14,18.53,19.77,20.8,21.57,22.04,22.17,21.95,21.41,20.55,19.41,18.06,16.53,14.89,13.21,11.53,9.9,8.37,6.97,5.71,4.6,3.65,2.85,2.19,1.66,1.23,0.9,0.65,0.46,0.32,0.22,0.15,0.1,0.07,0.04,0.03,0.02,0.01,0.01,0.0,0.0
79.05,74.54,62.49,46.58,30.87,18.19,9.53,4.44,1.84,0.68,0.22,0.06,0.02,0.0,0.0,0.0,0.0,0.0,0.0,0.0,0.0,0.0,0.0,0.0,0.0,0.0,0.0,0.0,0.0,0.0,0.0,0.0,0.0,0.0,0.0,0.0,0.0,0.0,0.0,0.0,0.0,0.0,0.0,0.0,0.0,0.0,0.0,0.0,0.0,0.0,0.0,0.0,0.0,0.0,0.0,0.0,0.0,0.0,0.0,0.0,0.0,0.0,0.0,0.0,0.0,0.0,0.0,0.0,0.0,0.0,0.0,0.0,0.0,0.0,0.0,0.0,0.0,0.0,0.0,0.0,0.01,0.02,0.03,0.04,0.07,0.1,0.14,0.18,0.21,0.24,0.25,0.24,0.21,0.18,0.14,0.1,0.07,0.04,0.03,0.01,0.01,0.01,0.01,0.01,0.03,0.04,0.07,0.1,0.14,0.18,0.21,0.24,0.25,0.24,0.21,0.18,0.14,0.1,0.07,0.05,0.03,0.02,0.02,0.03,0.04,0.05,0.08,0.11,0.16,0.22,0.31,0.43,0.57,0.76,0.99,1.28,1.62,2.02,2.49,3.02,3.61,4.28,5.0,5.78,6.61,7.51,8.46,9.47,10.56,11.74,13.02,14.44,16.0,17.74,19.65,21.76,24.05,26.52,29.13,31.85,34.63,37.42,40.13,42.72,45.12,47.26,49.08,50.55,51.62,52.27,52.49,52.27,51.63,50.6,49.22,47.55,45.66,43.63,41.58,39.6,37.81,36.32,35.23,34.63,34.58,35.12,36.26,37.98,40.19,42.82,45.73,48.77,51.79,54.61,57.07,59.02,60.34,60.95,60.77,59.82,58.11,55.71,52.73,49.29,45.56,41.7,37.87,34.25,31.0,28.27,26.18,24.85,24.37,24.82,26.23,28.65,32.05,36.43,41.72,47.83,54.65,62.02,69.75,77.63,85.4,92.8,99.58,105.46,110.22,113.64,115.57,115.92,114.64,111.79,107.46,101.82,95.09,87.53,79.4,70.99,62.57,54.37,46.62,39.47,33.07,27.48,22.76,18.91,15.91,13.73,12.31,11.59,11.49,11.93,12.84,14.11,15.68,17.43,19.29,21.15,22.91,24.5,25.82,26.8,27.41,27.59,27.34,26.68,25.62,24.21,22.53,20.63,18.59,16.49,14.4,12.37,10.46,8.7,7.13,5.75,4.56,3.56,2.74,2.07,1.54,1.13,0.81,0.58,0.4,0.28,0.19,0.12,0.08,0.05,0.03,0.02,0.01,0.01,0.0,0.0
94.29,88.91,74.54,55.56,36.82,21.69,11.36,5.29,2.19,0.81,0.26,0.08,0.02,0.0,0.0,0.0,0.0,0.0,0.0,0.0,0.0,0.0,0.0,0.0,0.0,0.0,0.0,0.0,0.0,0.0,0.0,0.0,0.0,0.0,0.0,0.0,0.0,0.0,0.0,0.0,0.0,0.0,0.0,0.0,0.0,0.0,0.0,0.0,0.0,0.0,0.0,0.0,0.0,0.0,0.0,0.0,0.0,0.0,0.0,0.0,0.0,0.0,0.0,0.0,0.0,0.0,0.0,0.0,0.0,0.0,0.0,0.0,0.0,0.0,0.0,0.01,0.01,0.01,0.01,0.01,0.02,0.04,0.06,0.11,0.17,0.25,0.34,0.43,0.52,0.58,0.6,0.58,0.52,0.43,0.34,0.25,0.17,0.1,0.06,0.04,0.02,0.02,0.02,0.04,0.06,0.1,0.17,0.25,0.34,0.43,0.52,0.58,0.6,0.58,0.52,0.43,0.34,0.25,0.17,0.11,0.07,0.05,0.04,0.04,0.05,0.07,0.1,0.15,0.21,0.3,0.41,0.56,0.76,1.0,1.31,1.68,2.12,2.64,3.24,3.92,4.67,5.49,6.37,7.3,8.26,9.25,10.26,11.29,12.32,13.38,14.46,15.59,16.78,18.06,19.44,20.93,22.55,24.29,26.14,28.08,30.08,32.09,34.08,35.98,37.75,39.34,40.7,41.79,42.57,43.03,43.15,42.93,42.38,41.51,40.36,38.98,37.42,35.76,34.07,32.45,30.98,29.75,28.86,28.37,28.33,28.77,29.71,31.11,32.93,35.08,37.46,39.96,42.43,44.74,46.76,48.36,49.45,49.95,49.82,49.06,47.68,45.76,43.38,40.65,37.7,34.69,31.76,29.07,26.75,24.95,23.8,23.39,23.82,25.17,27.48,30.79,35.08,40.34,46.49,53.46,61.1,69.25,77.69,86.21,94.53,102.39,109.49,115.58,120.41,123.78,125.52,125.56,123.87,120.51,115.6,109.32,101.92,93.66,84.85,75.77,66.71,57.93,49.64,42.04,35.23,29.33,24.36,20.35,17.27,15.09,13.75,13.17,13.3,14.03,15.28,16.97,18.97,21.2,23.53,25.85,28.05,30.03,31.67,32.91,33.67,33.91,33.62,32.81,31.52,29.8,27.73,25.39,22.89,20.3,17.73,15.23,12.88,10.72,8.78,7.08,5.62,4.39,3.37,2.55,1.9,1.39,1.0,0.71,0.5,0.34,0.23,0.15,0.1,0.06,0.04,0.03,0.02,0.01,0.01,0.0
100.0,94.29,79.05,58.92,39.05,23.01,12.05,5.61,2.32,0.86,0.28,0.08,0.02,0.0,0.0,0.0,0.0,0.0,0.0,0.0,0.0,0.0,0.0,0.0,0.0,0.0,0.0,0.0,0.0,0.0,0.0,0.0,0.0,0.0,0.0,0.0,0.0,0.0,0.0,0.0,0.0,0.0,0.0,0.0,0.0,0.0,0.0,0.0,0.0,0.0,0.0,0.0,0.0,0.0,0.0,0.0,0.0,0.0,0.0,0.0,0.0,0.0,0.0,0.0,0.0,0.0,0.0,0.0,0.0,0.0,0.0,0.01,0.01,0.01,0.01,0.02,0.02,0.02,0.03,0.04,0.05,0.09,0.15,0.25,0.38,0.56,0.77,0.99,1.18,1.31,1.35,1.31,1.17,0.98,0.77,0.56,0.38,0.24,0.14,0.08,0.05,0.04,0.05,0.08,0.14,0.24,0.38,0.56,0.77,0.98,1.17,1.31,1.35,1.31,1.17,0.98,0.77,0.56,0.38,0.24,0.15,0.09,0.06,0.06,0.07,0.09,0.13,0.19,0.27,0.39,0.53,0.73,0.98,1.3,1.69,2.17,2.74,3.41,4.18,5.04,5.99,7.01,8.1,9.22,10.36,11.5,12.62,13.69,14.72,15.68,16.59,17.46,18.31,19.15,20.01,20.92,21.88,22.92,24.04,25.23,26.47,27.75,29.04,30.29,31.47,32.54,33.45,34.18,34.7,34.97,35.0,34.76,34.27,33.54,32.59,31.46,30.19,28.84,27.48,26.16,24.98,23.99,23.27,22.87,22.84,23.2,23.95,25.08,26.55,28.28,30.2,32.22,34.21,36.07,37.7,39.0,39.88,40.3,40.21,39.62,38.54,37.04,35.19,33.09,30.85,28.61,26.49,24.64,23.18,22.26,21.98,22.45,23.76,26.0,29.19,33.39,38.57,44.71,51.74,59.56,68.01,76.91,86.05,95.16,103.98,112.2,119.56,125.76,130.56,133.77,135.23,134.88,132.7,128.78,123.24,116.31,108.22,99.29,89.81,80.09,70.44,61.12,52.36,44.34,37.2,31.03,25.87,21.75,18.64,16.51,15.3,14.93,15.33,16.42,18.09,20.24,22.76,25.52,28.39,31.24,33.94,36.36,38.38,39.89,40.82,41.13,40.78,39.81,38.24,36.16,33.65,30.82,27.78,24.65,21.52,18.49,15.64,13.02,10.66,8.6,6.82,5.33,4.09,3.1,2.3,1.69,1.22,0.86,0.6,0.41,0.28,0.19,0.12,0.08,0.05,0.03,0.02,0.01,0.01,0.0
94.29,88.91,74.54,55.56,36.82,21.69,11.36,5.29,2.19,0.81,0.26,0.08,0.02,0.0,0.0,0.0,0.0,0.0,0.0,0.0,0.0,0.0,0.0,0.0,0.0,0.0,0.0,0.0,0.0,0.0,0.0,0.0,0.0,0.0,0.0,0.0,0.0,0.0,0.0,0.0,0.0,0.0,0.0,0.0,0.0,0.0,0.0,0.0,0.0,0.0,0.0,0.0,0.0,0.0,0.0,0.0,0.0,0.0,0.0,0.0,0.0,0.0,0.0,0.0,0.0,0.0,0.0,0.0,0.01,0.01,0.01,0.02,0.03,0.04,0.04,0.05,0.05,0.06,0.07,0.09,0.13,0.2,0.33,0.53,0.82,1.19,1.63,2.08,2.48,2.76,2.86,2.76,2.48,2.07,1.62,1.17,0.79,0.5,0.3,0.17,0.1,0.08,0.1,0.17,0.3,0.5,0.79,1.17,1.62,2.07,2.48,2.76,2.86,2.76,2.48,2.08,1.62,1.18,0.8,0.51,0.31,0.18,0.11,0.09,0.09,0.12,0.17,0.25,0.35,0.49,0.68,0.93,1.26,1.66,2.16,2.77,3.5,4.35,5.32,6.4,7.6,8.87,10.22,11.59,12.97,14.3,15.57,16.75,17.8,18.71,19.49,20.13,20.65,21.08,21.44,21.77,22.1,22.46,22.86,23.33,23.85,24.43,25.05,25.68,26.29,26.87,27.36,27.75,28.01,28.1,28.03,27.77,27.32,26.7,25.92,25.0,23.98,22.9,21.81,20.77,19.82,19.04,18.47,18.15,18.12,18.41,19.0,19.9,21.06,22.44,23.97,25.56,27.15,28.63,29.92,30.96,31.67,32.01,31.96,31.51,30.7,29.57,28.19,26.63,25.02,23.46,22.06,20.97,20.3,20.18,20.72,22.03,24.19,27.28,31.35,36.43,42.51,49.54,57.44,66.1,75.35,84.99,94.78,104.44,113.69,122.21,129.72,135.94,140.63,143.58,144.68,143.85,141.12,136.57,130.38,122.76,113.99,104.39,94.27,83.96,73.76,63.95,54.77,46.39,38.97,32.58,27.29,23.11,20.03,17.99,16.96,16.85,17.59,19.08,21.23,23.91,27.0,30.36,33.85,37.29,40.55,43.46,45.88,47.7,48.83,49.2,48.8,47.63,45.76,43.27,40.27,36.89,33.25,29.5,25.76,22.13,18.72,15.58,12.76,10.29,8.16,6.38,4.9,3.71,2.76,2.02,1.46,1.03,0.72,0.5,0.34,0.22,0.15,0.09,0.06,0.04,0.02,0.01,0.01,0.0
79.05,74.54,62.49,46.58,30.87,18.19,9.53,4.44,1.84,0.68,0.22,0.06,0.02,0.0,0.0,0.0,0.0,0.0,0.0,0.0,0.0,0.0,0.0,0.0,0.0,0.0,0.0,0.0,0.0,0.0,0.0,0.0,0.0,0.0,0.0,0.0,0.0,0.0,0.0,0.0,0.0,0.0,0.0,0.0,0.0,0.0,0.0,0.0,0.0,0.0,0.0,0.0,0.0,0.0,0.0,0.0,0.0,0.0,0.0,0.0,0.0,0.0,0.0,0.0,0.0,0.0,0.01,0.01,0.02,0.03,0.04,0.06,0.08,0.1,0.12,0.13,0.15,0.16,0.18,0.22,0.29,0.43,0.67,1.06,1.62,2.35,3.21,4.09,4.88,5.42,5.62,5.42,4.87,4.08,3.18,2.31,1.56,0.98,0.58,0.33,0.19,0.15,0.19,0.33,0.58,0.98,1.56,2.31,3.18,4.08,4.87,5.42,5.61,5.42,4.87,4.08,3.18,2.31,1.57,0.99,0.59,0.34,0.2,0.14,0.13,0.16,0.22,0.31,0.44,0.62,0.86,1.18,1.58,2.09,2.72,3.49,4.4,5.46,6.68,8.03,9.52,11.1,12.76,14.44,16.1,17.69,19.17,20.49,21.61,22.51,23.18,23.62,23.84,23.87,23.75,23.53,23.24,22.93,22.63,22.39,22.21,22.11,22.08,22.12,22.2,22.3,22.4,22.47,22.47,22.39,22.21,21.92,21.51,20.97,20.32,19.58,18.77,17.91,17.05,16.23,15.49,14.87,14.42,14.17,14.15,14.37,14.84,15.54,16.45,17.52,18.72,19.96,21.2,22.36,23.38,24.19,24.75,25.03,25.02,24.7,24.12,23.3,22.32,21.25,20.17,19.2,18.46,18.04,18.08,18.7,20.0,22.09,25.07,29.0,33.93,39.89,46.85,54.77,63.56,73.06,83.1,93.45,103.85,114.02,123.64,132.39,139.99,146.14,150.62,153.24,153.88,152.51,149.16,143.95,137.06,128.74,119.29,109.02,98.29,87.42,76.71,66.46,56.91,48.22,40.56,34.02,28.64,24.44,21.42,19.53,18.72,18.92,20.04,22.0,24.67,27.94,31.67,35.69,39.84,43.94,47.8,51.25,54.12,56.28,57.62,58.06,57.59,56.22,54.01,51.08,47.54,43.54,39.25,34.82,30.41,26.13,22.1,18.39,15.07,12.15,9.64,7.53,5.78,4.38,3.26,2.39,1.72,1.22,0.85,0.59,0.4,0.26,0.17,0.11,0.07,0.04,0.03,0.02,0.01,0.01
58.92,55.56,46.58,34.72,23.01,13.56,7.1,3.31,1.37,0.5,0.17,0.05,0.01,0.0,0.0,0.0,0.0,0.0,0.0,0.0,0.0,0.0,0.0,0.0,0.0,0.0,0.0,0.0,0.0,0.0,0.0,0.0,0.0,0.0,0.0,0.0,0.0,0.0,0.0,0.0,0.0,0.0,0.0,0.0,0.0,0.0,0.0,0.0,0.0,0.0,0.0,0.0,0.0,0.0,0.0,0.0,0.0,0.0,0.0,0.0,0.0,0.0,0.0,0.0,0.0,0.01,0.01,0.03,0.04,0.07,0.11,0.15,0.2,0.26,0.31,0.35,0.39,0.42,0.45,0.52,0.64,0.88,1.31,2.0,3.01,4.33,5.89,7.5,8.94,9.93,10.28,9.92,8.91,7.46,5.82,4.22,2.86,1.8,1.07,0.6,0.35,0.28,0.35,0.6,1.07,1.8,2.86,4.22,5.82,7.46,8.91,9.92,10.27,9.92,8.91,7.46,5.82,4.23,2.86,1.81,1.08,0.61,0.34,0.22,0.18,0.2,0.27,0.39,0.55,0.77,1.07,1.46,1.96,2.59,3.37,4.32,5.45,6.76,8.26,9.94,11.76,13.71,15.73,17.78,19.79,21.69,23.43,24.94,26.18,27.1,27.69,27.95,27.89,27.54,26.95,26.17,25.27,24.3,23.32,22.38,21.52,20.75,20.1,19.57,19.13,18.78,18.5,18.25,18.02,17.77,17.48,17.14,16.74,16.26,15.72,15.12,14.47,13.79,13.12,12.48,11.91,11.43,11.09,10.89,10.88,11.05,11.41,11.94,12.64,13.47,14.39,15.35,16.3,17.19,17.98,18.61,19.05,19.29,19.3,19.1,18.7,18.16,17.51,16.85,16.24,15.79,15.6,15.79,16.47,17.76,19.77,22.61,26.37,31.11,36.89,43.72,51.57,60.38,70.04,80.38,91.2,102.25,113.24,123.88,133.82,142.75,150.37,156.38,160.58,162.79,162.91,160.93,156.91,150.99,143.39,134.35,124.22,113.31,101.98,90.57,79.4,68.74,58.85,49.9,42.04,35.37,29.94,25.77,22.84,21.13,20.57,21.12,22.67,25.12,28.38,32.29,36.7,41.43,46.3,51.1,55.61,59.64,62.99,65.51,67.07,67.59,67.04,65.45,62.89,59.47,55.35,50.7,45.7,40.55,35.4,30.42,25.73,21.42,17.54,14.14,11.22,8.76,6.74,5.09,3.79,2.78,2.0,1.42,0.99,0.68,0.46,0.31,0.2,0.13,0.08,0.05,0.03,0.02,0.01,0.01
39.05,36.82,30.87,23.01,15.25,8.98,4.71,2.19,0.91,0.33,0.11,0.03,0.01,0.0,0.0,0.0,0.0,0.0,0.0,0.0,0.0,0.0,0.0,0.0,0.0,0.0,0.0,0.0,0.0,0.0,0.0,0.0,0.0,0.0,0.0,0.0,0.0,0.0,0.0,0.0,0.0,0.0,0.0,0.0,0.0,0.0,0.0,0.0,0.0,0.0,0.0,0.0,0.0,0.0,0.0,0.0,0.0,0.0,0.0,0.0,0.0,0.0,0.0,0.0,0.01,0.02,0.03,0.06,0.11,0.17,0.26,0.37,0.5,0.62,0.74,0.85,0.93,1.0,1.06,1.15,1.34,1.73,2.42,3.56,5.24,7.46,10.09,12.83,15.25,16.94,17.53,16.91,15.19,12.72,9.92,7.2,4.87,3.07,1.82,1.03,0.6,0.47,0.6,1.03,1.82,3.07,4.87,7.2,9.92,12.72,15.19,16.9,17.51,16.9,15.19,12.72,9.92,7.21,4.88,3.08,1.82,1.02,0.56,0.33,0.25,0.26,0.34,0.47,0.67,0.94,1.3,1.78,2.39,3.16,4.12,5.27,6.65,8.25,10.07,12.11,14.33,16.69,19.14,21.6,24.01,26.29,28.34,30.09,31.48,32.46,33.01,33.1,32.78,32.05,31.0,29.68,28.16,26.54,24.88,23.25,21.71,20.29,19.03,17.93,17.0,16.21,15.56,15.01,14.54,14.11,13.72,13.32,12.91,12.48,12.01,11.52,11.0,10.47,9.95,9.46,9.02,8.65,8.39,8.24,8.23,8.36,8.63,9.03,9.56,10.19,10.88,11.61,12.33,13.01,13.61,14.1,14.44,14.64,14.68,14.57,14.34,14.01,13.66,13.34,13.13,13.12,13.43,14.15,15.4,17.31,19.98,23.52,28.03,33.57,40.18,47.87,56.6,66.3,76.83,88.01,99.61,111.35,122.92,133.99,144.23,153.3,160.89,166.72,170.59,172.34,171.89,169.26,164.54,157.88,149.53,139.78,128.95,117.4,105.49,93.57,81.94,70.91,60.7,51.51,43.48,36.71,31.24,27.11,24.31,22.79,22.52,23.43,25.43,28.43,32.29,36.87,42.01,47.49,53.12,58.65,63.85,68.49,72.35,75.25,77.05,77.65,77.02,75.19,72.25,68.32,63.58,58.24,52.5,46.58,40.67,34.95,29.56,24.61,20.16,16.25,12.89,10.07,7.74,5.85,4.36,3.19,2.3,1.63,1.14,0.78,0.53,0.35,0.23,0.15,0.09,0.06,0.04,0.02,0.01,0.01
23.01,21.69,18.19,13.56,8.98,5.29,2.77,1.29,0.53,0.2,0.06,0.02,0.0,0.0,0.0,0.0,0.0,0.0,0.0,0.0,0.0,0.0,0.0,0.0,0.0,0.0,0.0,0.0,0.0,0.0,0.0,0.0,0.0,0.0,0.0,0.0,0.0,0.0,0.0,0.0,0.0,0.0,0.0,0.0,0.0,0.0,0.0,0.0,0.0,0.0,0.0,0.0,0.0,0.0,0.0,0.0,0.0,0.0,0.0,0.0,0.0,0.0,0.0,0.01,0.02,0.04,0.08,0.14,0.25,0.39,0.6,0.84,1.12,1.41,1.69,1.92,2.1,2.23,2.32,2.45,2.7,3.24,4.27,5.99,8.57,12.03,16.14,20.43,24.26,26.91,27.84,26.85,24.13,20.19,15.74,11.43,7.73,4.88,2.88,1.63,0.96,0.75,0.96,1.63,2.88,4.88,7.73,11.43,15.74,20.19,24.12,26.83,27.8,26.83,24.12,20.19,15.74,11.44,7.74,4.89,2.89,1.61,0.87,0.49,0.34,0.33,0.41,0.57,0.8,1.13,1.57,2.14,2.87,3.8,4.94,6.33,7.98,9.9,12.09,14.53,17.19,20.02,22.94,25.88,28.75,31.43,33.84,35.88,37.47,38.54,39.06,39.02,38.43,37.35,35.83,33.96,31.84,29.56,27.22,24.9,22.68,20.62,18.76,17.11,15.69,14.48,13.46,12.62,11.92,11.32,10.81,10.35,9.92,9.5,9.09,8.67,8.25,7.84,7.44,7.06,6.72,6.45,6.25,6.14,6.13,6.22,6.42,6.73,7.12,7.59,8.1,8.65,9.19,9.69,10.15,10.52,10.79,10.96,11.02,10.99,10.89,10.75,10.64,10.61,10.73,11.11,11.84,13.03,14.8,17.27,20.56,24.76,29.99,36.29,43.72,52.26,61.88,72.47,83.88,95.9,108.27,120.7,132.85,144.36,154.88,164.07,171.61,177.23,180.74,182.0,180.96,177.66,172.21,164.81,155.71,145.22,133.7,121.52,109.02,96.58,84.52,73.11,62.6,53.17,44.97,38.1,32.61,28.52,25.84,24.53,24.56,25.84,28.31,31.86,36.35,41.62,47.5,53.77,60.17,66.46,72.38,77.64,82.03,85.32,87.36,88.04,87.33,85.26,81.92,77.47,72.1,66.04,59.53,52.82,46.12,39.63,33.52,27.9,22.86,18.43,14.62,11.42,8.77,6.64,4.94,3.62,2.61,1.85,1.29,0.89,0.6,0.4,0.26,0.17,0.11,0.07,0.04,0.02,0.01,0.01
12.05,11.36,9.53,7.1,4.71,2.77,1.45,0.68,0.28,0.1,0.03,0.01,0.0,0.0,0.0,0.0,0.0,0.0,0.0,0.0,0.0,0.0,0.0,0.0,0.0,0.0,0.0,0.0,0.0,0.0,0.0,0.0,0.0,0.0,0.0,0.0,0.0,0.0,0.0,0.0,0.0,0.0,0.0,0.0,0.0,0.0,0.0,0.0,0.0,0.0,0.0,0.0,0.0,0.0,0.0,0.0,0.0,0.0,0.0,0.0,0.0,0.0,0.01,0.02,0.04,0.08,0.16,0.3,0.52,0.83,1.26,1.78,2.37,2.98,3.56,4.04,4.41,4.65,4.8,4.93,5.21,5.86,7.2,9.57,13.21,18.16,24.11,30.37,35.96,39.84,41.19,39.71,35.68,29.86,23.28,16.9,11.44,7.21,4.26,2.41,1.42,1.11,1.42,2.41,4.26,7.21,11.44,16.9,23.28,29.85,35.66,39.68,41.11,39.68,35.66,29.86,23.28,16.91,11.44,7.22,4.26,2.36,1.26,0.69,0.45,0.41,0.49,0.68,0.95,1.34,1.85,2.53,3.4,4.49,5.84,7.48,9.43,11.7,14.29,17.17,20.31,23.64,27.09,30.55,33.91,37.06,39.87,42.23,44.04,45.23,45.74,45.58,44.75,43.3,41.33,38.91,36.18,33.24,30.22,27.22,24.33,21.64,19.18,16.99,15.08,13.45,12.09,10.96,10.02,9.26,8.63,8.09,7.63,7.22,6.84,6.47,6.13,5.8,5.48,5.19,4.94,4.73,4.58,4.5,4.49,4.56,4.71,4.93,5.22,5.56,5.94,6.34,6.74,7.11,7.45,7.73,7.95,8.1,8.18,8.21,8.22,8.24,8.32,8.53,8.94,9.65,10.75,12.35,14.59,17.57,21.43,26.26,32.17,39.22,47.45,56.84,67.33,78.81,91.1,103.97,117.13,130.25,142.98,154.94,165.76,175.07,182.57,187.99,191.15,191.93,190.3,186.32,180.14,171.98,162.13,150.91,138.7,125.86,112.78,99.82,87.3,75.5,64.67,54.99,46.61,39.62,34.09,30.04,27.47,26.36,26.67,28.33,31.26,35.36,40.48,46.45,53.08,60.13,67.32,74.38,81.01,86.91,91.83,95.51,97.8,98.56,97.77,95.45,91.71,86.73,80.72,73.94,66.65,59.13,51.63,44.37,37.53,31.24,25.59,20.63,16.37,12.78,9.82,7.43,5.53,4.05,2.92,2.07,1.45,1.0,0.67,0.45,0.29,0.19,0.12,0.08,0.05,0.03,0.02,0.01
5.61,5.29,4.44,3.31,2.19,1.29,0.68,0.32,0.13,0.05,0.02,0.0,0.0,0.0,0.0,0.0,0.0,0.0,0.0,0.0,0.0,0.0,0.0,0.0,0.0,0.0,0.0,0.0,0.0,0.0,0.0,0.0,0.0,0.0,0.0,0.0,0.0,0.0,0.0,0.0,0.0,0.0,0.0,0.0,0.0,0.0,0.0,0.0,0.0,0.0,0.0,0.0,0.0,0.0,0.0,0.0,0.0,0.0,0.0,0.0,0.0,0.01,0.01,0.03,0.08,0.16,0.32,0.59,1.02,1.64,2.47,3.49,4.65,5.85,6.98,7.94,8.65,9.08,9.28,9.36,9.54,10.16,11.67,14.57,19.23,25.74,33.69,42.13,49.7,54.96,56.78,54.71,49.14,41.13,32.06,23.28,15.75,9.93,5.87,3.32,1.96,1.53,1.96,3.32,5.87,9.93,15.75,23.28,32.05,41.11,49.11,54.64,56.62,54.64,49.11,41.11,32.06,23.28,15.76,9.94,5.86,3.24,1.72,0.92,0.58,0.5,0.58,0.79,1.11,1.56,2.16,2.94,3.95,5.23,6.8,8.71,10.98,13.61,16.62,19.97,23.62,27.49,31.49,35.51,39.41,43.05,46.29,49.0,51.06,52.39,52.92,52.64,51.57,49.78,47.34,44.39,41.04,37.45,33.75,30.07,26.52,23.19,20.15,17.43,15.05,13.02,11.31,9.89,8.74,7.8,7.05,6.43,5.93,5.5,5.13,4.81,4.51,4.24,3.99,3.77,3.58,3.43,3.31,3.25,3.24,3.29,3.4,3.56,3.76,4.01,4.28,4.57,4.86,5.14,5.39,5.6,5.78,5.91,6.01,6.1,6.2,6.34,6.59,7.0,7.65,8.63,10.05,12.02,14.67,18.13,22.51,27.94,34.5,42.27,51.28,61.5,72.86,85.23,98.4,112.13,126.09,139.93,153.27,165.7,176.84,186.32,193.81,199.07,201.9,202.23,200.03,195.41,188.52,179.63,169.03,157.07,144.16,130.66,116.98,103.46,90.46,78.24,67.06,57.09,48.49,41.36,35.75,31.7,29.22,28.28,28.84,30.86,34.24,38.86,44.6,51.26,58.62,66.44,74.41,82.23,89.57,96.1,101.53,105.61,108.14,108.99,108.11,105.54,101.41,95.9,89.26,81.76,73.7,65.39,57.1,49.06,41.5,34.54,28.29,22.81,18.1,14.13,10.86,8.22,6.12,4.48,3.23,2.29,1.6,1.1,0.74,0.5,0.32,0.21,0.13,0.08,0.05,0.03,0.02,0.01
2.32,2.19,1.84,1.37,0.91,0.53,0.28,0.13,0.05,0.02,0.01,0.0,0.0,0.0,0.0,0.0,0.0,0.0,0.0,0.0,0.0,0.0,0.0,0.0,0.0,0.0,0.0,0.0,0.0,0.0,0.0,0.0,0.0,0.0,0.0,0.0,0.0,0.0,0.0,0.0,0.0,0.0,0.0,0.0,0.0,0.0,0.0,0.0,0.0,0.0,0.0,0.0,0.0,0.0,0.0,0.0,0.0,0.0,0.0,0.0,0.0,0.01,0.03,0.06,0.14,0.3,0.59,1.08,1.86,3.0,4.52,6.39,8.52,10.71,12.78,14.52,15.8,16.55,16.81,16.71,16.57,16.85,18.17,21.23,26.58,34.37,44.11,54.59,64.07,70.66,72.91,70.22,63.05,52.75,41.12,29.86,20.2,12.74,7.53,4.25,2.51,1.97,2.51,4.25,7.53,12.74,20.2,29.86,41.11,52.73,62.99,70.08,72.62,70.08,62.99,52.73,41.12,29.86,20.21,12.75,7.51,4.15,2.19,1.16,0.71,0.59,0.67,0.91,1.27,1.78,2.47,3.37,4.53,5.98,7.79,9.97,12.57,15.59,19.03,22.87,27.04,31.47,36.05,40.64,45.1,49.25,52.94,56.02,58.35,59.82,60.38,60.0,58.71,56.57,53.69,50.2,46.26,42.02,37.66,33.31,29.11,25.16,21.54,18.3,15.47,13.04,10.99,9.3,7.93,6.83,5.95,5.25,4.7,4.25,3.88,3.58,3.31,3.08,2.88,2.71,2.56,2.44,2.36,2.31,2.3,2.34,2.41,2.52,2.67,2.85,3.04,3.25,3.46,3.66,3.84,4.01,4.15,4.28,4.4,4.53,4.7,4.94,5.32,5.9,6.75,7.97,9.67,11.96,14.99,18.87,23.74,29.72,36.91,45.38,55.14,66.17,78.39,91.64,105.7,120.29,135.07,149.66,163.64,176.59,188.09,197.78,205.33,210.48,213.06,212.99,210.29,205.06,197.51,187.91,176.58,163.9,150.27,136.1,121.78,107.69,94.15,81.47,69.88,59.57,50.7,43.37,37.64,33.54,31.1,30.29,31.07,33.4,37.19,42.31,48.63,55.94,64.01,72.56,81.28,89.83,97.85,104.99,110.93,115.39,118.15,119.07,118.12,115.31,110.8,104.78,97.52,89.33,80.52,71.44,62.38,53.61,45.34,37.74,30.91,24.92,19.78,15.44,11.87,8.98,6.68,4.9,3.53,2.5,1.75,1.2,0.81,0.54,0.35,0.23,0.15,0.09,0.06,0.03,0.02,0.01
0.86,0.81,0.68,0.5,0.33,0.2,0.1,0.05,0.02,0.01,0.0,0.0,0.0,0.0,0.0,0.0,0.0,0.0,0.0,0.0,0.0,0.0,0.0,0.0,0.0,0.0,0.0,0.0,0.0,0.0,0.0,0.0,0.0,0.0,0.0,0.0,0.0,0.0,0.0,0.0,0.0,0.0,0.0,0.0,0.0,0.0,0.0,0.0,0.0,0.0,0.0,0.0,0.0,0.0,0.0,0.0,0.0,0.0,0.0,0.0,0.01,0.02,0.04,0.11,0.24,0.51,1.0,1.84,3.17,5.11,7.7,10.9,14.52,18.26,21.78,24.74,26.9,28.12,28.43,27.99,27.19,26.64,27.17,29.71,35.02,43.36,54.22,66.16,77.09,84.71,87.25,83.95,75.35,63.03,49.13,35.67,24.13,15.22,8.99,5.08,3.0,2.35,3.0,5.08,8.99,15.22,24.13,35.66,49.11,62.99,75.24,83.71,86.74,83.71,75.25,62.99,49.12,35.67,24.14,15.22,8.96,4.95,2.61,1.38,0.83,0.68,0.76,1.02,1.43,2.01,2.78,3.8,5.1,6.74,8.78,11.24,14.16,17.57,21.45,25.77,30.47,35.46,40.62,45.79,50.8,55.47,59.62,63.07,65.67,67.3,67.9,67.43,65.92,63.46,60.14,56.14,51.62,46.76,41.75,36.75,31.92,27.38,23.21,19.48,16.2,13.39,11.03,9.08,7.49,6.23,5.23,4.45,3.84,3.36,2.99,2.69,2.44,2.24,2.07,1.93,1.82,1.73,1.66,1.62,1.62,1.64,1.69,1.77,1.87,1.99,2.13,2.27,2.42,2.57,2.71,2.84,2.96,3.08,3.21,3.38,3.6,3.94,4.42,5.13,6.15,7.57,9.51,12.09,15.45,19.72,25.05,31.55,39.32,48.44,58.93,70.75,83.81,97.93,112.87,128.34,143.95,159.31,173.97,187.49,199.44,209.41,217.1,222.22,224.63,224.26,221.12,215.37,207.21,196.94,184.91,171.52,157.18,142.32,127.33,112.61,98.5,85.29,73.23,62.52,53.3,45.7,39.78,35.58,33.12,32.38,33.33,35.92,40.07,45.64,52.48,60.4,69.12,78.36,87.79,97.02,105.68,113.39,119.81,124.62,127.6,128.6,127.56,124.54,119.66,113.16,105.32,96.47,86.96,77.16,67.37,57.89,48.96,40.76,33.39,26.92,21.36,16.68,12.82,9.69,7.22,5.29,3.81,2.71,1.89,1.3,0.88,0.58,0.38,0.25,0.16,0.1,0.06,0.04,0.02,0.01
0.28,0.26,0.22,0.17,0.11,0.06,0.03,0.02,0.01,0.0,0.0,0.0,0.0,0.0,0.0,0.0,0.0,0.0,0.0,0.0,0.0,0.0,0.0,0.0,0.0,0.0,0.0,0.0,0.0,0.0,0.0,0.0,0.0,0.0,0.0,0.0,0.0,0.0,0.0,0.0,0.0,0.0,0.0,0.0,0.0,0.0,0.0,0.0,0.0,0.0,0.0,0.0,0.0,0.0,0.0,0.0,0.0,0.0,0.0,0.0,0.01,0.03,0.07,0.17,0.38,0.8,1.59,2.92,5.04,8.11,12.22,17.3,23.05,28.99,34.57,39.27,42.66,44.54,44.88,43.88,41.99,39.98,38.9,39.95,44.13,51.9,62.74,75.11,86.64,94.72,97.31,93.52,83.88,70.15,54.66,39.69,26.85,16.93,10.01,5.65,3.33,2.61,3.33,5.65,10.01,16.93,26.84,39.68,54.64,70.08,83.71,93.14,96.51,93.14,83.72,70.08,54.65,39.69,26.85,16.94,9.97,5.51,2.9,1.53,0.92,0.75,0.85,1.14,1.59,2.23,3.09,4.21,5.66,7.48,9.73,12.47,15.71,19.49,23.79,28.58,33.8,39.33,45.05,50.78,56.33,61.51,66.1,69.92,72.78,74.58,75.21,74.66,72.96,70.18,66.46,61.97,56.9,51.45,45.83,40.23,34.81,29.7,25.02,20.82,17.13,13.97,11.31,9.11,7.33,5.91,4.8,3.93,3.26,2.75,2.36,2.06,1.83,1.64,1.5,1.38,1.28,1.21,1.16,1.13,1.12,1.13,1.16,1.22,1.29,1.37,1.47,1.57,1.67,1.78,1.88,1.99,2.09,2.21,2.36,2.55,2.83,3.23,3.8,4.63,5.78,7.37,9.52,12.35,16.0,20.62,26.36,33.34,41.66,51.4,62.58,75.15,89.02,103.99,119.8,136.14,152.61,168.77,184.15,198.29,210.75,221.1,229.01,234.22,236.56,235.98,232.52,226.32,217.63,206.76,194.07,179.99,164.94,149.37,133.69,118.3,103.55,89.74,77.14,65.95,56.32,48.38,42.2,37.82,35.27,34.53,35.59,38.38,42.82,48.77,56.08,64.53,73.84,83.71,93.76,103.62,112.87,121.1,127.95,133.09,136.27,137.33,136.23,132.99,127.79,120.84,112.47,103.02,92.87,82.4,71.95,61.83,52.29,43.52,35.65,28.74,22.81,17.81,13.69,10.35,7.71,5.65,4.07,2.89,2.02,1.39,0.94,0.62,0.41,0.26,0.17,0.1,0.06,0.04,0.02,0.01
0.08,0.08,0.06,0.05,0.03,0.02,0.01,0.0,0.0,0.0,0.0,0.0,0.0,0.0,0.0,0.0,0.0,0.0,0.0,0.0,0.0,0.0,0.0,0.0,0.0,0.0,0.0,0.0,0.0,0.0,0.0,0.0,0.0,0.0,0.0,0.0,0.0,0.0,0.0,0.0,0.0,0.0,0.0,0.0,0.0,0.0,0.0,0.0,0.0,0.0,0.0,0.0,0.0,0.0,0.0,0.0,0.0,0.0,0.0,0.0,0.01,0.04,0.1,0.25,0.56,1.19,2.35,4.32,7.45,11.99,18.08,25.58,34.08,42.86,51.12,58.05,63.04,65.76,66.11,64.3,60.87,56.72,53.13,51.59,53.39,59.19,68.6,80.06,91.07,98.85,101.19,97.07,86.99,72.72,56.66,41.13,27.82,17.55,10.37,5.86,3.45,2.71,3.45,5.86,10.37,17.55,27.81,41.11,56.62,72.62,86.74,96.51,100.0,96.51,86.75,72.62,56.62,41.13,27.83,17.55,10.34,5.71,3.01,1.6,0.97,0.81,0.92,1.24,1.73,2.43,3.37,4.6,6.18,8.17,10.63,13.61,17.15,21.27,25.97,31.2,36.89,42.93,49.17,55.43,61.49,67.14,72.14,76.3,79.42,81.36,82.04,81.42,79.54,76.48,72.39,67.45,61.88,55.89,49.72,43.56,37.6,31.98,26.83,22.2,18.15,14.66,11.73,9.31,7.35,5.79,4.57,3.63,2.91,2.36,1.95,1.65,1.41,1.24,1.1,0.99,0.91,0.85,0.81,0.78,0.77,0.77,0.79,0.83,0.88,0.93,1.0,1.07,1.14,1.22,1.3,1.39,1.48,1.6,1.76,1.98,2.29,2.74,3.39,4.3,5.57,7.31,9.63,12.67,16.58,21.52,27.62,35.03,43.86,54.17,65.99,79.28,93.91,109.7,126.36,143.56,160.88,177.85,194.0,208.83,221.86,232.67,240.91,246.31,248.7,248.04,244.36,237.83,228.69,217.29,204.0,189.26,173.52,157.23,140.83,124.72,109.28,94.82,81.61,69.86,59.74,51.38,44.86,40.24,37.52,36.73,37.81,40.73,45.39,51.65,59.34,68.24,78.06,88.47,99.08,109.49,119.25,127.94,135.17,140.59,143.95,145.08,143.91,140.49,134.99,127.66,118.81,108.83,98.11,87.04,76.0,65.31,55.24,45.98,37.66,30.37,24.09,18.81,14.46,10.94,8.14,5.96,4.3,3.05,2.13,1.46,0.99,0.66,0.43,0.28,0.18,0.11,0.07,0.04,0.02,0.01
0.02,0.02,0.02,0.01,0.01,0.0,0.0,0.0,0.0,0.0,0.0,0.0,0.0,0.0,0.0,0.0,0.0,0.0,0.0,0.0,0.0,0.0,0.0,0.0,0.0,0.0,0.0,0.0,0.0,0.0,0.0,0.0,0.0,0.0,0.0,0.0,0.0,0.0,0.0,0.0,0.0,0.0,0.0,0.0,0.0,0.0,0.0,0.0,0.0,0.0,0.0,0.0,0.0,0.0,0.0,0.0,0.0,0.0,0.0,0.01,0.02,0.05,0.14,0.34,0.77,1.64,3.23,5.96,10.25,16.51,24.89,35.23,46.93,59.03,70.39,79.92,86.78,90.46,90.8,88.0,82.65,75.8,68.94,63.83,62.06,64.57,71.15,80.33,89.67,96.37,98.14,93.91,84.05,70.22,54.69,39.7,26.85,16.94,10.01,5.65,3.33,2.61,3.33,5.65,10.01,16.93,26.84,39.68,54.64,70.08,83.71,93.14,96.51,93.14,83.72,70.08,54.65,39.69,26.86,16.94,9.98,5.52,2.93,1.57,0.98,0.84,0.98,1.33,1.86,2.61,3.62,4.94,6.64,8.78,11.42,14.62,18.43,22.86,27.9,33.52,39.64,46.13,52.83,59.55,66.06,72.12,77.5,81.96,85.3,87.38,88.1,87.42,85.39,82.08,77.67,72.35,66.33,59.88,53.21,46.57,40.14,34.08,28.52,23.52,19.14,15.38,12.22,9.6,7.49,5.81,4.49,3.48,2.71,2.13,1.7,1.38,1.15,0.97,0.84,0.74,0.66,0.61,0.57,0.54,0.53,0.53,0.54,0.56,0.59,0.63,0.67,0.72,0.77,0.83,0.89,0.97,1.06,1.18,1.34,1.58,1.92,2.41,3.12,4.1,5.47,7.32,9.79,13.02,17.15,22.35,28.78,36.57,45.85,56.68,69.09,83.03,98.37,114.93,132.41,150.44,168.6,186.39,203.33,218.87,232.55,243.9,252.57,258.27,260.84,260.2,256.43,249.67,240.2,228.34,214.52,199.17,182.76,165.76,148.62,131.78,115.61,100.44,86.55,74.19,63.51,54.66,47.74,42.79,39.84,38.91,39.95,42.92,47.72,54.2,62.2,71.46,81.7,92.55,103.62,114.48,124.68,133.75,141.31,146.98,150.48,151.66,150.43,146.86,141.12,133.45,124.2,113.76,102.55,90.99,79.45,68.27,57.74,48.06,39.37,31.74,25.19,19.67,15.12,11.43,8.51,6.23,4.5,3.19,2.23,1.53,1.04,0.69,0.45,0.29,0.18,0.12,0.07,0.04,0.03,0.01
0.0,0.0,0.0,0.0,0.0,0.0,0.0,0.0,0.0,0.0,0.0,0.0,0.0,0.0,0.0,0.0,0.0,0.0,0.0,0.0,0.0,0.0,0.0,0.0,0.0,0.0,0.0,0.0,0.0,0.0,0.0,0.0,0.0,0.0,0.0,0.0,0.0,0.0,0.0,0.0,0.0,0.0,0.0,0.0,0.0,0.0,0.0,0.0,0.0,0.0,0.0,0.0,0.0,0.0,0.0,0.0,0.0,0.0,0.0,0.01,0.02,0.07,0.18,0.44,0.99,2.1,4.14,7.64,13.15,21.17,31.93,45.19,60.19,75.71,90.28,102.5,111.27,115.93,116.24,112.36,104.95,95.14,84.62,75.38,69.31,67.59,70.28,76.14,82.88,87.86,88.84,84.7,75.68,63.17,49.18,35.69,24.14,15.22,8.99,5.08,3.0,2.35,3.0,5.08,8.99,15.22,24.13,35.66,49.11,62.99,75.24,83.71,86.74,83.71,75.25,62.99,49.12,35.68,24.14,15.23,8.98,4.98,2.66,1.45,0.94,0.85,1.02,1.4,1.97,2.76,3.83,5.22,7.02,9.28,12.07,15.46,19.49,24.17,29.51,35.45,41.91,48.78,55.86,62.96,69.85,76.26,81.94,86.65,90.18,92.38,93.13,92.41,90.24,86.74,82.07,76.42,70.05,63.21,56.15,49.11,42.29,35.87,29.98,24.68,20.04,16.05,12.7,9.93,7.68,5.9,4.51,3.44,2.63,2.02,1.57,1.24,1.0,0.82,0.68,0.59,0.51,0.46,0.42,0.39,0.37,0.37,0.37,0.38,0.4,0.42,0.45,0.48,0.52,0.56,0.61,0.68,0.77,0.89,1.06,1.31,1.67,2.2,2.95,3.99,5.43,7.38,9.97,13.34,17.66,23.09,29.79,37.91,47.57,58.86,71.78,86.3,102.3,119.56,137.79,156.61,175.57,194.17,211.89,228.19,242.55,254.51,263.69,269.79,272.64,272.16,268.4,261.54,251.83,239.63,225.35,209.45,192.41,174.73,156.87,139.27,122.35,106.44,91.84,78.81,67.52,58.13,50.74,45.41,42.17,41.03,41.96,44.9,49.76,56.38,64.58,74.11,84.65,95.85,107.28,118.5,129.03,138.42,146.23,152.09,155.72,156.93,155.66,151.97,146.02,138.08,128.51,117.71,106.12,94.15,82.21,70.64,59.75,49.73,40.74,32.84,26.06,20.35,15.64,11.83,8.81,6.45,4.65,3.3,2.31,1.58,1.07,0.71,0.47,0.3,0.19,0.12,0.07,0.04,0.03,0.02
0.0,0.0,0.0,0.0,0.0,0.0,0.0,0.0,0.0,0.0,0.0,0.0,0.0,0.0,0.0,0.0,0.0,0.0,0.0,0.0,0.0,0.0,0.0,0.0,0.0,0.0,0.0,0.0,0.0,0.0,0.0,0.0,0.0,0.0,0.0,0.0,0.0,0.0,0.0,0.0,0.0,0.0,0.0,0.0,0.0,0.0,0.0,0.0,0.0,0.0,0.0,0.0,0.0,0.0,0.0,0.0,0.0,0.0,0.0,0.01,0.03,0.08,0.21,0.52,1.18,2.51,4.95,9.13,15.71,25.29,38.14,53.98,71.9,90.44,107.84,122.43,132.89,138.41,138.67,133.81,124.48,111.91,97.9,84.62,74.17,67.99,66.4,68.44,72.11,75.03,75.12,71.26,63.51,52.94,41.19,29.88,20.21,12.74,7.53,4.25,2.51,1.97,2.51,4.25,7.53,12.74,20.2,29.86,41.11,52.73,62.99,70.08,72.62,70.08,62.99,52.73,41.12,29.87,20.22,12.76,7.53,4.19,2.26,1.27,0.87,0.84,1.05,1.45,2.05,2.87,3.98,5.44,7.3,9.66,12.57,16.09,20.28,25.15,30.71,36.89,43.62,50.76,58.13,65.52,72.69,79.36,85.27,90.17,93.84,96.12,96.9,96.15,93.89,90.24,85.37,79.49,72.85,65.73,58.37,51.04,43.94,37.26,31.11,25.6,20.77,16.61,13.12,10.24,7.9,6.05,4.6,3.48,2.64,2.01,1.54,1.19,0.94,0.75,0.62,0.51,0.44,0.38,0.34,0.3,0.28,0.27,0.26,0.26,0.27,0.28,0.3,0.32,0.35,0.38,0.43,0.49,0.57,0.69,0.87,1.13,1.51,2.06,2.84,3.93,5.42,7.44,10.12,13.61,18.08,23.69,30.61,39.0,48.98,60.64,74.0,89.02,105.58,123.46,142.36,161.89,181.6,200.96,219.44,236.48,251.55,264.16,273.91,280.5,283.72,283.5,279.88,273.02,263.19,250.74,236.09,219.72,202.13,183.81,165.26,146.93,129.26,112.6,97.28,83.55,71.63,61.66,53.76,48.0,44.42,43.02,43.77,46.62,51.45,58.12,66.43,76.12,86.87,98.3,109.98,121.45,132.23,141.83,149.82,155.82,159.54,160.78,159.48,155.69,149.59,141.46,131.66,120.6,108.72,96.45,84.22,72.37,61.21,50.95,41.74,33.65,26.7,20.85,16.02,12.12,9.02,6.61,4.77,3.38,2.36,1.62,1.1,0.73,0.48,0.31,0.2,0.12,0.08,0.05,0.03,0.02
0.0,0.0,0.0,0.0,0.0,0.0,0.0,0.0,0.0,0.0,0.0,0.0,0.0,0.0,0.0,0.0,0.0,0.0,0.0,0.0,0.0,0.0,0.0,0.0,0.0,0.0,0.0,0.0,0.0,0.0,0.0,0.0,0.0,0.0,0.0,0.0,0.0,0.0,0.0,0.0,0.0,0.0,0.0,0.0,0.0,0.0,0.0,0.0,0.0,0.0,0.0,0.0,0.0,0.0,0.0,0.0,0.0,0.0,0.0,0.01,0.03,0.09,0.24,0.58,1.32,2.79,5.51,10.15,17.48,28.14,42.43,60.06,79.99,100.62,119.97,136.2,147.83,153.93,154.13,148.54,137.8,123.15,106.43,89.91,75.8,65.71,60.19,58.59,59.26,60.15,59.4,55.96,49.69,41.35,32.14,23.31,15.76,9.94,5.87,3.32,1.96,1.53,1.96,3.32,5.87,9.93,15.75,23.28,32.05,41.11,49.11,54.64,56.62,54.64,49.11,41.12,32.06,23.29,15.77,9.96,5.89,3.3,1.81,1.06,0.79,0.82,1.06,1.48,2.09,2.94,4.08,5.57,7.48,9.89,12.87,16.48,20.77,25.76,31.45,37.78,44.68,51.99,59.54,67.11,74.45,81.28,87.33,92.35,96.11,98.45,99.25,98.47,96.16,92.42,87.43,81.4,74.61,67.31,59.78,52.27,45.0,38.15,31.87,26.23,21.28,17.03,13.45,10.51,8.12,6.22,4.74,3.59,2.73,2.08,1.59,1.23,0.97,0.77,0.62,0.51,0.43,0.36,0.31,0.27,0.24,0.22,0.2,0.19,0.19,0.2,0.2,0.22,0.24,0.26,0.3,0.36,0.44,0.56,0.74,1.01,1.4,1.97,2.77,3.89,5.42,7.49,10.24,13.81,18.38,24.12,31.2,39.79,50.02,61.97,75.67,91.09,108.1,126.49,145.96,166.11,186.47,206.52,225.71,243.45,259.21,272.48,282.83,289.95,293.62,293.75,290.36,283.62,273.78,261.19,246.28,229.54,211.47,192.59,173.41,154.41,136.03,118.65,102.63,88.22,75.66,65.1,56.68,50.47,46.51,44.81,45.33,48.01,52.75,59.39,67.71,77.46,88.3,99.85,111.66,123.28,134.19,143.92,152.02,158.1,161.86,163.12,161.8,157.96,151.77,143.52,133.57,122.35,110.3,97.86,85.44,73.43,62.1,51.69,42.34,34.14,27.09,21.15,16.26,12.3,9.15,6.71,4.83,3.43,2.4,1.65,1.11,0.74,0.49,0.31,0.2,0.12,0.08,0.05,0.03,0.02
0.0,0.0,0.0,0.0,0.0,0.0,0.0,0.0,0.0,0.0,0.0,0.0,0.0,0.0,0.0,0.0,0.0,0.0,0.0,0.0,0.0,0.0,0.0,0.0,0.0,0.0,0.0,0.0,0.0,0.0,0.0,0.0,0.0,0.0,0.0,0.0,0.0,0.0,0.0,0.0,0.0,0.0,0.0,0.0,0.0,0.0,0.0,0.0,0.0,0.0,0.0,0.0,0.0,0.0,0.0,0.0,0.0,0.0,0.0,0.01,0.03,0.09,0.25,0.6,1.36,2.89,5.71,10.52,18.11,29.16,43.97,62.23,82.89,104.26,124.32,141.13,153.16,159.46,159.6,153.68,142.29,126.62,108.48,90.09,73.66,60.87,52.43,47.96,46.18,45.38,44.0,41.04,36.26,30.1,23.37,16.94,11.45,7.22,4.26,2.41,1.42,1.11,1.42,2.41,4.26,7.21,11.44,16.9,23.28,29.85,35.66,39.68,41.11,39.68,35.66,29.86,23.29,16.92,11.46,7.25,4.3,2.43,1.37,0.85,0.7,0.78,1.05,1.48,2.11,2.97,4.11,5.61,7.54,9.97,12.97,16.61,20.94,25.97,31.7,38.09,45.03,52.4,60.02,67.65,75.04,81.93,88.03,93.09,96.88,99.24,100.04,99.26,96.93,93.17,88.14,82.07,75.22,67.87,60.29,52.73,45.42,38.53,32.2,26.53,21.55,17.28,13.69,10.73,8.33,6.42,4.92,3.77,2.89,2.23,1.73,1.36,1.08,0.86,0.7,0.58,0.47,0.39,0.33,0.28,0.24,0.2,0.18,0.16,0.15,0.15,0.15,0.15,0.17,0.19,0.22,0.28,0.36,0.48,0.66,0.93,1.33,1.9,2.72,3.85,5.41,7.51,10.29,13.91,18.54,24.36,31.54,40.26,50.64,62.79,76.73,92.43,109.77,128.55,148.45,169.08,189.98,210.61,230.41,248.78,265.17,279.07,290.03,297.71,301.87,302.41,299.34,292.8,283.05,270.44,255.39,238.39,219.96,200.62,180.91,161.31,142.3,124.28,107.61,92.57,79.4,68.29,59.36,52.7,48.35,46.31,46.57,49.04,53.61,60.13,68.37,78.08,88.9,100.45,112.29,123.93,134.88,144.64,152.77,158.87,162.65,163.91,162.58,158.72,152.5,144.21,134.22,122.94,110.83,98.33,85.86,73.78,62.4,51.94,42.55,34.3,27.22,21.25,16.33,12.35,9.2,6.74,4.86,3.45,2.41,1.65,1.12,0.75,0.49,0.31,0.2,0.12,0.08,0.05,0.03,0.02
0.0,0.0,0.0,0.0,0.0,0.0,0.0,0.0,0.0,0.0,0.0,0.0,0.0,0.0,0.0,0.0,0.0,0.0,0.0,0.0,0.0,0.0,0.0,0.0,0.0,0.0,0.0,0.0,0.0,0.0,0.0,0.0,0.0,0.0,0.0,0.0,0.0,0.0,0.0,0.0,0.0,0.0,0.0,0.0,0.0,0.0,0.0,0.0,0.0,0.0,0.0,0.0,0.0,0.0,0.0,0.0,0.0,0.0,0.0,0.01,0.03,0.09,0.24,0.58,1.32,2.79,5.51,10.15,17.48,28.14,42.43,60.06,79.99,100.62,119.97,136.19,147.8,153.86,153.96,148.15,136.98,121.53,103.47,84.86,67.79,53.86,43.88,37.67,34.27,32.34,30.59,28.15,24.7,20.43,15.83,11.46,7.74,4.88,2.88,1.63,0.96,0.75,0.96,1.63,2.88,4.88,7.73,11.43,15.74,20.19,24.12,26.83,27.8,26.83,24.12,20.2,15.75,11.45,7.76,4.92,2.93,1.68,0.98,0.67,0.62,0.75,1.03,1.47,2.09,2.94,4.08,5.57,7.48,9.89,12.87,16.48,20.77,25.76,31.45,37.78,44.68,51.99,59.54,67.11,74.45,81.28,87.33,92.35,96.12,98.45,99.26,98.48,96.18,92.45,87.47,81.46,74.68,67.4,59.89,52.41,45.18,38.36,32.11,26.51,21.59,17.38,13.83,10.9,8.53,6.65,5.17,4.02,3.14,2.47,1.96,1.58,1.28,1.04,0.86,0.71,0.59,0.48,0.4,0.33,0.27,0.23,0.19,0.16,0.14,0.13,0.12,0.12,0.13,0.14,0.17,0.22,0.3,0.42,0.61,0.88,1.28,1.85,2.67,3.81,5.37,7.47,10.26,13.89,18.54,24.39,31.61,40.38,50.83,63.06,77.12,92.97,110.5,129.51,149.69,170.66,191.94,213.01,233.28,252.17,269.11,283.57,295.08,303.3,307.97,308.95,306.26,300.02,290.47,277.94,262.87,245.74,227.08,207.42,187.3,167.25,147.72,129.16,111.93,96.35,82.65,71.04,61.64,54.56,49.83,47.46,47.42,49.64,53.99,60.32,68.4,77.96,88.66,100.1,111.84,123.4,134.27,143.98,152.06,158.12,161.88,163.13,161.8,157.96,151.77,143.52,133.58,122.35,110.3,97.86,85.45,73.43,62.1,51.69,42.34,34.14,27.09,21.15,16.26,12.3,9.15,6.71,4.83,3.43,2.4,1.65,1.11,0.74,0.49,0.31,0.2,0.12,0.08,0.05,0.03,0.02
0.0,0.0,0.0,0.0,0.0,0.0,0.0,0.0,0.0,0.0,0.0,0.0,0.0,0.0,0.0,0.0,0.0,0.0,0.0,0.0,0.0,0.0,0.0,0.0,0.0,0.0,0.0,0.0,0.0,0.0,0.0,0.0,0.0,0.0,0.0,0.0,0.0,0.0,0.0,0.0,0.0,0.0,0.0,0.0,0.0,0.0,0.0,0.0,0.0,0.0,0.0,0.0,0.0,0.0,0.0,0.0,0.0,0.0,0.0,0.01,0.03,0.08,0.21,0.52,1.18,2.51,4.95,9.13,15.71,25.29,38.14,53.98,71.9,90.44,107.83,122.41,132.84,138.27,138.34,133.06,122.9,108.81,92.23,74.97,58.85,45.34,35.21,28.43,24.32,21.85,20.02,18.09,15.71,12.93,10.0,7.23,4.88,3.08,1.82,1.03,0.6,0.47,0.6,1.03,1.82,3.07,4.87,7.2,9.92,12.72,15.19,16.9,17.51,16.9,15.19,12.72,9.92,7.22,4.9,3.11,1.87,1.1,0.69,0.53,0.55,0.7,0.99,1.43,2.04,2.87,3.98,5.44,7.3,9.66,12.57,16.09,20.28,25.15,30.71,36.89,43.62,50.76,58.13,65.52,72.69,79.36,85.27,90.17,93.85,96.14,96.92,96.18,93.94,90.3,85.45,79.6,73.0,65.92,58.62,51.34,44.31,37.69,31.62,26.18,21.42,17.34,13.9,11.07,8.77,6.94,5.5,4.38,3.51,2.84,2.32,1.91,1.58,1.32,1.11,0.92,0.77,0.64,0.52,0.43,0.35,0.28,0.23,0.18,0.15,0.13,0.11,0.1,0.11,0.12,0.14,0.19,0.27,0.38,0.56,0.83,1.23,1.8,2.61,3.74,5.29,7.38,10.15,13.76,18.38,24.2,31.39,40.12,50.54,62.76,76.8,92.66,110.23,129.3,149.59,170.71,192.19,213.51,234.1,253.36,270.71,285.62,297.61,306.32,311.46,312.91,310.64,304.75,295.48,283.16,268.2,251.09,232.35,212.53,192.18,171.81,151.94,132.98,115.34,99.32,85.21,73.18,63.4,55.94,50.87,48.18,47.84,49.77,53.86,59.94,67.78,77.11,87.58,98.8,110.33,121.69,132.39,141.94,149.89,155.87,159.56,160.79,159.49,155.7,149.6,141.47,131.66,120.6,108.72,96.45,84.22,72.37,61.21,50.95,41.74,33.65,26.7,20.85,16.02,12.12,9.02,6.61,4.77,3.38,2.36,1.62,1.1,0.73,0.48,0.31,0.2,0.12,0.08,0.05,0.03,0.02
0.0,0.0,0.0,0.0,0.0,0.0,0.0,0.0,0.0,0.0,0.0,0.0,0.0,0.0,0.0,0.0,0.0,0.0,0.0,0.0,0.0,0.0,0.0,0.0,0.0,0.0,0.0,0.0,0.0,0.0,0.0,0.0,0.0,0.0,0.0,0.0,0.0,0.0,0.0,0.0,0.0,0.0,0.0,0.0,0.0,0.0,0.0,0.0,0.0,0.0,0.0,0.0,0.0,0.0,0.0,0.0,0.0,0.0,0.0,0.01,0.02,0.07,0.18,0.44,0.99,2.1,4.14,7.64,13.15,21.17,31.93,45.19,60.19,75.71,90.27,102.47,111.2,115.74,115.78,111.33,102.76,90.85,76.76,61.99,48.05,36.15,26.99,20.61,16.55,14.06,12.38,10.91,9.35,7.64,5.89,4.25,2.87,1.81,1.07,0.6,0.35,0.28,0.35,0.6,1.07,1.8,2.86,4.22,5.82,7.46,8.91,9.92,10.27,9.92,8.91,7.47,5.83,4.24,2.88,1.84,1.13,0.69,0.47,0.42,0.48,0.66,0.95,1.37,1.96,2.76,3.83,5.22,7.02,9.28,12.07,15.46,19.49,24.17,29.51,35.45,41.91,48.78,55.86,62.96,69.85,76.26,81.94,86.66,90.19,92.4,93.16,92.45,90.31,86.84,82.2,76.6,70.29,63.52,56.54,49.59,42.88,36.57,30.79,25.62,21.09,17.21,13.95,11.26,9.08,7.34,5.96,4.87,4.02,3.35,2.82,2.38,2.03,1.72,1.46,1.24,1.04,0.86,0.71,0.58,0.47,0.37,0.3,0.23,0.18,0.15,0.12,0.1,0.1,0.11,0.13,0.17,0.24,0.36,0.53,0.8,1.19,1.75,2.54,3.65,5.18,7.23,9.96,13.51,18.06,23.79,30.87,39.49,49.78,61.86,75.76,91.47,108.9,127.86,148.06,169.13,190.61,211.98,232.68,252.12,269.72,284.94,297.3,306.4,311.98,313.87,312.03,306.55,297.65,285.64,270.93,253.99,235.34,215.55,195.14,174.67,154.62,135.46,117.57,101.29,86.88,74.57,64.49,56.75,51.38,48.4,47.78,49.42,53.21,58.98,66.51,75.52,85.67,96.57,107.79,118.85,129.27,138.58,146.33,152.15,155.76,156.95,155.68,151.98,146.02,138.09,128.51,117.72,106.12,94.15,82.21,70.64,59.75,49.73,40.74,32.84,26.06,20.35,15.64,11.83,8.81,6.45,4.65,3.3,2.31,1.58,1.07,0.71,0.47,0.3,0.19,0.12,0.07,0.04,0.03,0.02
0.0,0.0,0.0,0.0,0.0,0.0,0.0,0.0,0.0,0.0,0.0,0.0,0.0,0.0,0.0,0.0,0.0,0.0,0.0,0.0,0.0,0.0,0.0,0.0,0.0,0.0,0.0,0.0,0.0,0.0,0.0,0.0,0.0,0.0,0.0,0.0,0.0,0.0,0.0,0.0,0.0,0.0,0.0,0.0,0.0,0.0,0.0,0.0,0.0,0.0,0.0,0.0,0.0,0.0,0.0,0.0,0.0,0.0,0.0,0.01,0.02,0.05,0.14,0.34,0.77,1.64,3.23,5.96,10.25,16.51,24.89,35.23,46.93,59.03,70.38,79.89,86.7,90.24,90.26,86.77,80.05,70.7,59.61,47.92,36.8,27.21,19.7,14.34,10.84,8.66,7.26,6.2,5.21,4.22,3.23,2.33,1.57,0.99,0.58,0.33,0.19,0.15,0.19,0.33,0.58,0.98,1.56,2.31,3.18,4.08,4.87,5.42,5.61,5.42,4.87,4.08,3.19,2.32,1.59,1.02,0.64,0.42,0.33,0.34,0.43,0.62,0.89,1.3,1.85,2.61,3.62,4.94,6.64,8.78,11.42,14.62,18.43,22.86,27.9,33.52,39.64,46.13,52.83,59.55,66.06,72.12,77.5,81.96,85.32,87.41,88.14,87.49,85.48,82.22,77.86,72.6,66.67,60.31,53.77,47.26,40.98,35.09,29.69,24.88,20.67,17.07,14.04,11.55,9.53,7.9,6.6,5.57,4.74,4.07,3.51,3.05,2.64,2.28,1.96,1.67,1.41,1.18,0.98,0.8,0.64,0.51,0.4,0.31,0.24,0.19,0.15,0.12,0.11,0.11,0.12,0.16,0.23,0.34,0.51,0.76,1.14,1.68,2.46,3.54,5.02,7.02,9.67,13.13,17.56,23.15,30.07,38.48,48.55,60.36,73.98,89.4,106.52,125.17,145.07,165.87,187.13,208.34,228.93,248.34,266.0,281.35,293.92,303.32,309.24,311.53,310.11,305.08,296.61,285.02,270.69,254.09,235.72,216.15,195.91,175.53,155.53,136.36,118.43,102.06,87.54,75.08,64.83,56.9,51.32,48.1,47.21,48.56,52.03,57.46,64.62,73.23,82.97,93.45,104.25,114.92,124.97,133.95,141.44,147.06,150.54,151.69,150.45,146.88,141.12,133.45,124.2,113.76,102.56,90.99,79.45,68.27,57.74,48.06,39.37,31.74,25.19,19.67,15.12,11.43,8.51,6.23,4.5,3.19,2.23,1.53,1.04,0.69,0.45,0.29,0.18,0.12,0.07,0.04,0.03,0.01
0.02,0.02,0.02,0.01,0.01,0.0,0.0,0.0,0.0,0.0,0.0,0.0,0.0,0.0,0.0,0.0,0.0,0.0,0.0,0.0,0.0,0.0,0.0,0.0,0.0,0.0,0.0,0.0,0.0,0.0,0.0,0.0,0.0,0.0,0.0,0.0,0.0,0.0,0.0,0.0,0.0,0.0,0.0,0.0,0.0,0.0,0.0,0.0,0.0,0.0,0.0,0.0,0.0,0.0,0.0,0.0,0.0,0.0,0.0,0.0,0.01,0.04,0.1,0.25,0.56,1.19,2.35,4.32,7.45,11.99,18.08,25.58,34.08,42.86,51.11,58.01,62.95,65.52,65.53,62.99,58.1,51.28,43.17,34.6,26.4,19.28,13.64,9.55,6.83,5.13,4.07,3.34,2.74,2.19,1.66,1.19,0.8,0.5,0.3,0.17,0.1,0.08,0.1,0.17,0.3,0.5,0.79,1.17,1.62,2.07,2.48,2.76,2.86,2.76,2.48,2.08,1.63,1.19,0.82,0.54,0.36,0.26,0.24,0.28,0.39,0.57,0.83,1.2,1.72,2.43,3.37,4.6,6.18,8.17,10.63,13.61,17.15,21.27,25.97,31.2,36.89,42.93,49.17,55.43,61.49,67.13,72.14,76.3,79.43,81.39,82.09,81.5,79.66,76.65,72.64,67.79,62.33,56.48,50.47,44.5,38.75,33.36,28.44,24.06,20.24,16.99,14.26,12.0,10.17,8.69,7.49,6.52,5.72,5.04,4.46,3.94,3.47,3.03,2.63,2.26,1.92,1.61,1.33,1.09,0.88,0.69,0.54,0.42,0.32,0.24,0.19,0.15,0.12,0.11,0.12,0.16,0.22,0.32,0.48,0.73,1.09,1.61,2.35,3.39,4.82,6.74,9.3,12.63,16.91,22.3,28.98,37.11,46.85,58.28,71.49,86.45,103.09,121.24,140.64,160.95,181.76,202.56,222.82,241.98,259.47,274.77,287.39,296.93,303.11,305.73,304.72,300.14,292.17,281.09,267.27,251.17,233.28,214.13,194.27,174.23,154.5,135.56,117.79,101.54,87.09,74.64,64.36,56.34,50.63,47.24,46.12,47.19,50.34,55.39,62.12,70.28,79.53,89.51,99.81,109.99,119.58,128.16,135.32,140.69,144.01,145.12,143.93,140.51,135.0,127.66,118.81,108.83,98.11,87.04,76.0,65.31,55.24,45.98,37.66,30.37,24.09,18.81,14.46,10.94,8.14,5.96,4.3,3.05,2.13,1.46,0.99,0.66,0.43,0.28,0.18,0.11,0.07,0.04,0.02,0.01
0.08,0.08,0.06,0.05,0.03,0.02,0.01,0.0,0.0,0.0,0.0,0.0,0.0,0.0,0.0,0.0,0.0,0.0,0.0,0.0,0.0,0.0,0.0,0.0,0.0,0.0,0.0,0.0,0.0,0.0,0.0,0.0,0.0,0.0,0.0,0.0,0.0,0.0,0.0,0.0,0.0,0.0,0.0,0.0,0.0,0.0,0.0,0.0,0.0,0.0,0.0,0.0,0.0,0.0,0.0,0.0,0.0,0.0,0.0,0.0,0.01,0.03,0.07,0.17,0.38,0.8,1.59,2.92,5.04,8.11,12.22,17.3,23.05,28.99,34.56,39.24,42.58,44.31,44.32,42.6,39.29,34.67,29.16,23.34,17.75,12.86,8.96,6.11,4.19,2.98,2.23,1.74,1.38,1.08,0.81,0.58,0.38,0.24,0.14,0.08,0.05,0.04,0.05,0.08,0.14,0.24,0.38,0.56,0.77,0.98,1.17,1.31,1.35,1.31,1.18,0.99,0.77,0.57,0.4,0.27,0.2,0.17,0.18,0.24,0.35,0.52,0.76,1.1,1.58,2.23,3.09,4.21,5.66,7.48,9.73,12.47,15.71,19.49,23.79,28.58,33.79,39.33,45.04,50.77,56.33,61.51,66.1,69.92,72.8,74.61,75.27,74.76,73.1,70.4,66.77,62.4,57.48,52.22,46.81,41.46,36.32,31.52,27.16,23.29,19.93,17.07,14.68,12.71,11.1,9.79,8.7,7.8,7.02,6.33,5.7,5.12,4.56,4.03,3.52,3.04,2.59,2.18,1.8,1.47,1.19,0.94,0.74,0.57,0.43,0.32,0.24,0.19,0.15,0.13,0.13,0.15,0.21,0.3,0.46,0.69,1.03,1.53,2.23,3.22,4.58,6.41,8.85,12.03,16.1,21.25,27.63,35.41,44.72,55.67,68.32,82.68,98.67,116.13,134.83,154.44,174.56,194.73,214.42,233.09,250.2,265.24,277.73,287.28,293.59,296.46,295.82,291.71,284.28,273.8,260.62,245.16,227.92,209.41,190.16,170.68,151.47,132.97,115.6,99.67,85.48,73.22,63.05,55.07,49.33,45.83,44.53,45.35,48.16,52.81,59.09,66.73,75.43,84.84,94.55,104.16,113.23,121.35,128.11,133.19,136.33,137.37,136.25,133.01,127.8,120.85,112.47,103.02,92.87,82.4,71.95,61.83,52.29,43.52,35.65,28.74,22.81,17.81,13.69,10.35,7.71,5.65,4.07,2.89,2.02,1.39,0.94,0.62,0.41,0.26,0.17,0.1,0.06,0.04,0.02,0.01
0.28,0.26,0.22,0.17,0.11,0.06,0.03,0.02,0.01,0.0,0.0,0.0,0.0,0.0,0.0,0.0,0.0,0.0,0.0,0.0,0.0,0.0,0.0,0.0,0.0,0.0,0.0,0.0,0.0,0.0,0.0,0.0,0.0,0.0,0.0,0.0,0.0,0.0,0.0,0.0,0.0,0.0,0.0,0.0,0.0,0.0,0.0,0.0,0.0,0.0,0.0,0.0,0.0,0.0,0.0,0.0,0.0,0.0,0.0,0.0,0.01,0.02,0.04,0.11,0.24,0.51,1.0,1.84,3.17,5.11,7.7,10.9,14.52,18.26,21.77,24.71,26.82,27.92,27.93,26.85,24.77,21.87,18.42,14.76,11.24,8.16,5.68,3.85,2.6,1.79,1.28,0.95,0.72,0.55,0.4,0.28,0.18,0.11,0.07,0.04,0.02,0.02,0.02,0.04,0.06,0.1,0.17,0.25,0.34,0.43,0.52,0.58,0.6,0.58,0.52,0.44,0.35,0.26,0.19,0.14,0.11,0.12,0.15,0.21,0.31,0.46,0.68,0.99,1.42,2.01,2.78,3.8,5.1,6.74,8.78,11.24,14.16,17.57,21.45,25.77,30.47,35.46,40.61,45.78,50.79,55.46,59.61,63.07,65.68,67.33,67.95,67.53,66.09,63.71,60.52,56.67,52.34,47.72,42.99,38.32,33.86,29.72,25.97,22.67,19.82,17.42,15.42,13.77,12.41,11.28,10.33,9.49,8.73,8.02,7.32,6.64,5.97,5.31,4.66,4.04,3.45,2.91,2.41,1.97,1.59,1.26,0.98,0.76,0.57,0.43,0.32,0.24,0.18,0.15,0.14,0.16,0.2,0.29,0.43,0.65,0.97,1.43,2.1,3.03,4.31,6.03,8.33,11.32,15.17,20.02,26.05,33.4,42.2,52.57,64.56,78.18,93.36,109.96,127.77,146.47,165.69,184.99,203.89,221.85,238.37,252.95,265.13,274.53,280.85,283.89,283.57,279.91,273.06,263.25,250.81,236.16,219.74,202.06,183.63,164.93,146.46,128.65,111.88,96.48,82.73,70.83,60.92,53.11,47.44,43.9,42.47,43.06,45.55,49.79,55.58,62.67,70.76,79.53,88.6,97.58,106.06,113.65,119.97,124.73,127.67,128.64,127.59,124.55,119.67,113.16,105.32,96.47,86.97,77.16,67.37,57.89,48.96,40.76,33.39,26.92,21.36,16.68,12.82,9.69,7.22,5.29,3.81,2.71,1.89,1.3,0.88,0.58,0.38,0.25,0.16,0.1,0.06,0.04,0.02,0.01
0.86,0.81,0.68,0.5,0.33,0.2,0.1,0.05,0.02,0.01,0.0,0.0,0.0,0.0,0.0,0.0,0.0,0.0,0.0,0.0,0.0,0.0,0.0,0.0,0.0,0.0,0.0,0.0,0.0,0.0,0.0,0.0,0.0,0.0,0.0,0.0,0.0,0.0,0.0,0.0,0.0,0.0,0.0,0.0,0.0,0.0,0.0,0.0,0.0,0.0,0.0,0.0,0.0,0.0,0.0,0.0,0.0,0.0,0.0,0.0,0.01,0.01,0.03,0.06,0.14,0.3,0.59,1.08,1.86,3.0,4.52,6.39,8.52,10.71,12.77,14.5,15.74,16.39,16.41,15.8,14.61,12.95,10.98,8.9,6.9,5.14,3.71,2.64,1.87,1.34,0.98,0.72,0.52,0.37,0.25,0.17,0.1,0.06,0.03,0.02,0.01,0.01,0.01,0.01,0.03,0.04,0.07,0.1,0.14,0.18,0.21,0.24,0.25,0.24,0.22,0.18,0.15,0.11,0.09,0.07,0.07,0.09,0.12,0.18,0.27,0.41,0.61,0.88,1.26,1.78,2.47,3.37,4.53,5.98,7.79,9.97,12.57,15.59,19.03,22.86,27.03,31.46,36.04,40.63,45.08,49.23,52.92,56.0,58.34,59.83,60.42,60.1,58.88,56.85,54.12,50.82,47.12,43.19,39.18,35.25,31.52,28.08,25.01,22.33,20.05,18.14,16.56,15.26,14.18,13.26,12.44,11.67,10.92,10.16,9.38,8.58,7.76,6.92,6.1,5.3,4.54,3.83,3.18,2.6,2.09,1.66,1.3,1.0,0.76,0.57,0.42,0.31,0.23,0.18,0.16,0.17,0.2,0.28,0.4,0.6,0.9,1.33,1.95,2.81,4.0,5.61,7.74,10.53,14.12,18.65,24.27,31.13,39.36,49.06,60.28,73.04,87.28,102.88,119.62,137.23,155.36,173.6,191.48,208.54,224.26,238.19,249.89,258.99,265.2,268.32,268.26,265.05,258.79,249.71,238.11,224.38,208.95,192.28,174.85,157.15,139.63,122.7,106.74,92.07,78.94,67.55,58.04,50.51,45.0,41.5,39.99,40.38,42.57,46.4,51.68,58.18,65.63,73.72,82.1,90.39,98.23,105.25,111.1,115.5,118.22,119.12,118.14,115.33,110.81,104.79,97.52,89.33,80.53,71.44,62.38,53.61,45.34,37.74,30.91,24.92,19.78,15.44,11.87,8.98,6.68,4.9,3.53,2.5,1.75,1.2,0.81,0.54,0.35,0.23,0.15,0.09,0.06,0.03,0.02,0.01
2.32,2.19,1.84,1.37,0.91,0.53,0.28,0.13,0.05,0.02,0.01,0.0,0.0,0.0,0.0,0.0,0.0,0.0,0.0,0.0,0.0,0.0,0.0,0.0,0.0,0.0,0.0,0.0,0.0,0.0,0.0,0.0,0.0,0.0,0.0,0.0,0.0,0.0,0.0,0.0,0.0,0.0,0.0,0.0,0.0,0.0,0.0,0.0,0.0,0.0,0.0,0.0,0.0,0.0,0.01,0.01,0.01,0.01,0.01,0.01,0.01,0.01,0.02,0.04,0.08,0.16,0.32,0.59,1.02,1.64,2.47,3.49,4.65,5.85,6.98,7.93,8.61,8.98,9.02,8.74,8.16,7.36,6.42,5.44,4.5,3.68,3.0,2.44,1.98,1.59,1.24,0.93,0.67,0.46,0.3,0.18,0.1,0.06,0.03,0.01,0.01,0.0,0.0,0.01,0.01,0.02,0.03,0.04,0.05,0.07,0.08,0.09,0.09,0.09,0.08,0.07,0.06,0.05,0.04,0.04,0.05,0.07,0.1,0.16,0.24,0.36,0.53,0.77,1.1,1.55,2.16,2.94,3.95,5.22,6.8,8.71,10.97,13.61,16.62,19.96,23.61,27.48,31.47,35.49,39.38,43.02,46.25,48.96,51.03,52.37,52.94,52.72,51.74,50.07,47.81,45.08,42.04,38.82,35.56,32.4,29.44,26.76,24.4,22.38,20.71,19.33,18.22,17.3,16.52,15.81,15.13,14.42,13.67,12.84,11.95,10.99,9.97,8.93,7.89,6.86,5.88,4.97,4.13,3.38,2.72,2.16,1.69,1.3,0.98,0.73,0.54,0.4,0.29,0.22,0.19,0.18,0.2,0.26,0.38,0.56,0.83,1.22,1.79,2.58,3.68,5.15,7.12,9.69,12.99,17.16,22.34,28.67,36.27,45.22,55.6,67.41,80.6,95.05,110.59,126.96,143.83,160.84,177.54,193.5,208.26,221.38,232.44,241.1,247.09,250.2,250.36,247.56,241.9,233.59,222.91,210.21,195.88,180.37,164.12,147.58,131.19,115.33,100.36,86.57,74.22,63.48,54.5,47.35,42.09,38.7,37.16,37.39,39.29,42.71,47.48,53.38,60.17,67.54,75.19,82.76,89.93,96.34,101.69,105.72,108.2,109.03,108.13,105.56,101.42,95.91,89.26,81.76,73.7,65.39,57.1,49.06,41.5,34.54,28.29,22.81,18.1,14.13,10.86,8.22,6.12,4.48,3.23,2.29,1.6,1.1,0.74,0.5,0.32,0.21,0.13,0.08,0.05,0.03,0.02,0.01
5.61,5.29,4.44,3.31,2.19,1.29,0.68,0.32,0.13,0.05,0.02,0.0,0.0,0.0,0.0,0.0,0.0,0.0,0.0,0.0,0.0,0.0,0.0,0.0,0.0,0.0,0.0,0.0,0.0,0.0,0.0,0.0,0.0,0.0,0.0,0.0,0.0,0.0,0.0,0.0,0.0,0.0,0.0,0.0,0.0,0.0,0.0,0.0,0.0,0.0,0.0,0.01,0.01,0.01,0.02,0.02,0.03,0.03,0.03,0.03,0.03,0.03,0.03,0.03,0.05,0.09,0.17,0.3,0.52,0.83,1.26,1.78,2.37,2.98,3.56,4.05,4.41,4.63,4.71,4.67,4.53,4.35,4.16,3.99,3.86,3.75,3.61,3.4,3.09,2.67,2.19,1.69,1.22,0.83,0.52,0.31,0.17,0.09,0.04,0.02,0.01,0.0,0.0,0.0,0.0,0.01,0.01,0.01,0.02,0.02,0.03,0.03,0.03,0.03,0.03,0.03,0.02,0.02,0.02,0.03,0.04,0.06,0.09,0.13,0.21,0.31,0.45,0.66,0.95,1.34,1.85,2.53,3.4,4.49,5.84,7.48,9.43,11.7,14.28,17.16,20.29,23.62,27.06,30.51,33.87,37.0,39.8,42.16,43.97,45.17,45.72,45.61,44.87,43.57,41.79,39.65,37.27,34.78,32.29,29.93,27.76,25.86,24.25,22.93,21.89,21.09,20.46,19.95,19.49,19.01,18.46,17.82,17.04,16.12,15.08,13.92,12.67,11.37,10.06,8.76,7.52,6.35,5.28,4.32,3.48,2.76,2.16,1.66,1.26,0.94,0.69,0.5,0.37,0.27,0.22,0.19,0.2,0.25,0.35,0.51,0.75,1.11,1.62,2.34,3.34,4.68,6.46,8.8,11.8,15.59,20.31,26.08,33.0,41.17,50.64,61.42,73.47,86.7,100.93,115.94,131.44,147.07,162.45,177.18,190.83,203.0,213.3,221.41,227.07,230.1,230.41,227.99,222.94,215.43,205.71,194.11,180.99,166.74,151.8,136.57,121.45,106.8,92.96,80.2,68.75,58.78,50.42,43.75,38.81,35.6,34.07,34.17,35.8,38.83,43.09,48.38,54.49,61.13,68.03,74.87,81.34,87.14,91.97,95.61,97.86,98.6,97.79,95.46,91.72,86.73,80.72,73.94,66.65,59.13,51.63,44.37,37.53,31.24,25.59,20.63,16.37,12.78,9.82,7.43,5.53,4.05,2.92,2.07,1.45,1.0,0.67,0.45,0.29,0.19,0.12,0.08,0.05,0.03,0.02,0.01
12.05,11.37,9.53,7.1,4.71,2.77,1.45,0.68,0.28,0.1,0.03,0.01,0.0,0.0,0.0,0.0,0.0,0.0,0.0,0.0,0.0,0.0,0.0,0.0,0.0,0.0,0.0,0.0,0.0,0.0,0.0,0.0,0.0,0.0,0.0,0.0,0.0,0.0,0.0,0.0,0.0,0.0,0.0,0.0,0.0,0.0,0.0,0.0,0.0,0.01,0.01,0.02,0.03,0.04,0.05,0.07,0.08,0.09,0.09,0.09,0.08,0.07,0.06,0.05,0.04,0.06,0.09,0.15,0.25,0.4,0.6,0.84,1.12,1.42,1.7,1.94,2.15,2.32,2.47,2.65,2.89,3.24,3.72,4.3,4.92,5.47,5.82,5.87,5.57,4.96,4.13,3.21,2.33,1.57,0.99,0.58,0.32,0.16,0.08,0.03,0.01,0.01,0.0,0.0,0.0,0.0,0.0,0.0,0.01,0.01,0.01,0.01,0.01,0.01,0.01,0.01,0.01,0.01,0.01,0.02,0.03,0.05,0.07,0.11,0.17,0.26,0.38,0.56,0.8,1.13,1.57,2.14,2.87,3.8,4.94,6.33,7.98,9.89,12.08,14.52,17.17,19.98,22.9,25.83,28.67,31.34,33.73,35.76,37.33,38.4,38.95,38.96,38.47,37.53,36.24,34.68,32.96,31.2,29.49,27.93,26.58,25.48,24.64,24.05,23.68,23.48,23.37,23.28,23.15,22.91,22.5,21.9,21.08,20.05,18.81,17.41,15.88,14.28,12.64,11.02,9.46,7.99,6.65,5.44,4.39,3.48,2.72,2.09,1.58,1.18,0.87,0.63,0.46,0.33,0.26,0.21,0.21,0.25,0.33,0.46,0.68,1.0,1.46,2.1,2.99,4.19,5.79,7.89,10.58,13.99,18.23,23.41,29.64,36.99,45.52,55.23,66.11,78.04,90.9,104.48,118.5,132.68,146.64,160.04,172.47,183.59,193.03,200.5,205.76,208.64,209.05,206.99,202.53,195.82,187.09,176.63,164.77,151.88,138.33,124.5,110.76,97.43,84.82,73.18,62.73,53.61,45.96,39.83,35.27,32.27,30.81,30.81,32.2,34.84,38.61,43.3,48.73,54.65,60.8,66.9,72.67,77.84,82.16,85.4,87.41,88.07,87.35,85.27,81.92,77.47,72.1,66.04,59.53,52.82,46.12,39.63,33.52,27.9,22.86,18.43,14.62,11.42,8.77,6.64,4.94,3.62,2.61,1.85,1.29,0.89,0.6,0.4,0.26,0.17,0.11,0.07,0.04,0.02,0.01,0.01
23.01,21.7,18.19,13.56,8.99,5.29,2.77,1.29,0.53,0.2,0.06,0.02,0.0,0.0,0.0,0.0,0.0,0.0,0.0,0.0,0.0,0.0,0.0,0.0,0.0,0.0,0.0,0.0,0.0,0.0,0.0,0.0,0.0,0.0,0.0,0.0,0.0,0.0,0.0,0.0,0.0,0.0,0.0,0.0,0.0,0.0,0.0,0.0,0.01,0.01,0.03,0.04,0.07,0.1,0.14,0.18,0.21,0.24,0.25,0.24,0.21,0.18,0.14,0.1,0.08,0.06,0.06,0.08,0.12,0.18,0.26,0.37,0.5,0.63,0.77,0.9,1.05,1.25,1.53,1.97,2.64,3.6,4.85,6.31,7.83,9.18,10.09,10.38,9.98,8.95,7.48,5.83,4.23,2.86,1.8,1.06,0.58,0.29,0.14,0.06,0.03,0.01,0.0,0.0,0.0,0.0,0.0,0.0,0.0,0.0,0.0,0.0,0.0,0.0,0.0,0.0,0.01,0.01,0.01,0.02,0.02,0.04,0.06,0.09,0.14,0.22,0.32,0.47,0.67,0.94,1.3,1.78,2.39,3.16,4.11,5.27,6.64,8.24,10.06,12.09,14.3,16.64,19.08,21.52,23.91,26.15,28.16,29.89,31.25,32.22,32.77,32.91,32.66,32.09,31.27,30.28,29.22,28.19,27.26,26.5,25.97,25.68,25.64,25.8,26.12,26.54,26.97,27.33,27.54,27.54,27.27,26.7,25.82,24.64,23.18,21.49,19.63,17.66,15.65,13.65,11.72,9.91,8.24,6.75,5.44,4.32,3.37,2.59,1.96,1.46,1.07,0.78,0.56,0.41,0.3,0.24,0.22,0.24,0.3,0.42,0.61,0.89,1.29,1.86,2.64,3.71,5.13,6.98,9.37,12.39,16.15,20.74,26.27,32.79,40.37,49.01,58.68,69.31,80.76,92.87,105.39,118.05,130.55,142.55,153.71,163.71,172.22,178.99,183.79,186.47,186.94,185.2,181.3,175.38,167.65,158.35,147.79,136.28,124.17,111.79,99.48,87.53,76.22,65.76,56.36,48.16,41.26,35.72,31.59,28.84,27.47,27.4,28.57,30.86,34.14,38.26,43.02,48.23,53.64,59.01,64.1,68.66,72.46,75.32,77.09,77.67,77.03,75.2,72.25,68.32,63.58,58.24,52.5,46.58,40.67,34.95,29.56,24.6,20.16,16.25,12.89,10.07,7.74,5.85,4.36,3.19,2.3,1.63,1.14,0.78,0.53,0.35,0.23,0.15,0.09,0.06,0.04,0.02,0.01,0.01
39.07,36.84,30.88,23.02,15.25,8.99,4.71,2.19,0.91,0.33,0.11,0.03,0.01,0.0,0.0,0.0,0.0,0.0,0.0,0.0,0.0,0.0,0.0,0.0,0.0,0.0,0.0,0.0,0.0,0.0,0.0,0.0,0.0,0.0,0.0,0.0,0.0,0.0,0.0,0.0,0.0,0.0,0.0,0.0,0.0,0.0,0.0,0.01,0.02,0.03,0.06,0.1,0.17,0.25,0.34,0.43,0.52,0.58,0.6,0.58,0.52,0.43,0.34,0.25,0.17,0.11,0.08,0.06,0.06,0.08,0.11,0.16,0.21,0.27,0.35,0.45,0.61,0.89,1.37,2.18,3.41,5.17,7.46,10.12,12.87,15.3,16.97,17.56,16.93,15.21,12.73,9.92,7.2,4.87,3.07,1.8,0.98,0.5,0.24,0.1,0.04,0.02,0.01,0.0,0.0,0.0,0.0,0.0,0.0,0.0,0.0,0.0,0.0,0.0,0.0,0.0,0.0,0.0,0.01,0.01,0.02,0.03,0.05,0.08,0.12,0.18,0.26,0.38,0.55,0.77,1.07,1.46,1.96,2.59,3.37,4.32,5.44,6.75,8.24,9.91,11.72,13.65,15.65,17.66,19.63,21.49,23.18,24.64,25.82,26.7,27.27,27.54,27.54,27.33,26.97,26.54,26.12,25.8,25.64,25.68,25.97,26.5,27.26,28.19,29.22,30.28,31.27,32.09,32.66,32.91,32.77,32.22,31.25,29.89,28.16,26.15,23.91,21.52,19.08,16.64,14.3,12.09,10.06,8.24,6.64,5.27,4.11,3.16,2.39,1.78,1.31,0.95,0.68,0.49,0.35,0.27,0.23,0.24,0.28,0.38,0.54,0.78,1.13,1.62,2.31,3.24,4.48,6.1,8.18,10.82,14.11,18.13,22.97,28.68,35.32,42.89,51.38,60.7,70.77,81.4,92.42,103.57,114.59,125.18,135.05,143.9,151.46,157.49,161.8,164.24,164.73,163.27,159.91,154.76,147.99,139.84,130.56,120.44,109.77,98.86,87.99,77.44,67.44,58.19,49.87,42.6,36.48,31.56,27.86,25.4,24.14,24.03,25.0,26.96,29.79,33.35,37.49,42.01,46.71,51.38,55.8,59.76,63.07,65.56,67.1,67.6,67.05,65.45,62.89,59.47,55.34,50.69,45.7,40.54,35.4,30.42,25.73,21.42,17.54,14.14,11.22,8.76,6.74,5.09,3.79,2.78,2.0,1.42,0.99,0.68,0.46,0.31,0.2,0.13,0.08,0.05,0.03,0.02,0.01,0.01
59.0,55.63,46.64,34.76,23.04,13.57,7.11,3.31,1.37,0.5,0.17,0.05,0.01,0.0,0.0,0.0,0.0,0.0,0.0,0.0,0.0,0.0,0.0,0.0,0.0,0.0,0.0,0.0,0.0,0.0,0.0,0.0,0.0,0.0,0.0,0.0,0.0,0.0,0.0,0.0,0.0,0.0,0.0,0.0,0.0,0.0,0.01,0.02,0.04,0.08,0.14,0.24,0.38,0.56,0.77,0.98,1.17,1.31,1.35,1.31,1.17,0.98,0.77,0.56,0.38,0.24,0.14,0.09,0.06,0.05,0.05,0.06,0.09,0.12,0.19,0.3,0.52,0.94,1.71,3.0,5.0,7.85,11.53,15.82,20.25,24.16,26.86,27.82,26.84,24.12,20.19,15.74,11.43,7.73,4.87,2.86,1.56,0.79,0.38,0.17,0.07,0.03,0.01,0.0,0.0,0.0,0.0,0.0,0.0,0.0,0.0,0.0,0.0,0.0,0.0,0.0,0.0,0.0,0.01,0.01,0.02,0.03,0.04,0.06,0.1,0.14,0.21,0.31,0.44,0.62,0.86,1.18,1.58,2.09,2.72,3.48,4.39,5.44,6.65,7.99,9.46,11.02,12.64,14.28,15.88,17.41,18.81,20.05,21.08,21.9,22.5,22.91,23.15,23.28,23.37,23.48,23.68,24.05,24.64,25.48,26.58,27.93,29.49,31.2,32.96,34.68,36.24,37.53,38.47,38.96,38.95,38.4,37.33,35.76,33.73,31.34,28.67,25.83,22.9,19.98,17.17,14.52,12.08,9.89,7.98,6.33,4.94,3.8,2.87,2.14,1.57,1.14,0.81,0.58,0.41,0.31,0.25,0.23,0.26,0.34,0.47,0.67,0.97,1.4,1.99,2.79,3.85,5.25,7.05,9.33,12.16,15.63,19.81,24.74,30.48,37.02,44.36,52.43,61.14,70.36,79.91,89.58,99.15,108.36,116.95,124.67,131.28,136.56,140.35,142.53,143.02,141.81,138.94,134.51,128.68,121.64,113.6,104.82,95.56,86.09,76.64,67.46,58.76,50.7,43.45,37.11,31.76,27.45,24.21,22.04,20.9,20.77,21.57,23.23,25.64,28.69,32.22,36.09,40.13,44.13,47.93,51.33,54.17,56.3,57.62,58.06,57.58,56.21,54.01,51.07,47.53,43.54,39.25,34.82,30.4,26.13,22.1,18.39,15.07,12.15,9.64,7.53,5.78,4.38,3.26,2.39,1.72,1.22,0.85,0.59,0.4,0.26,0.17,0.11,0.07,0.04,0.03,0.02,0.01,0.01
79.33,74.8,62.71,46.74,30.98,18.25,9.56,4.45,1.84,0.68,0.22,0.06,0.02,0.0,0.0,0.0,0.0,0.0,0.0,0.0,0.0,0.0,0.0,0.0,0.0,0.0,0.0,0.0,0.0,0.0,0.0,0.0,0.0,0.0,0.0,0.0,0.0,0.0,0.0,0.0,0.0,0.0,0.0,0.0,0.0,0.01,0.02,0.04,0.08,0.16,0.29,0.5,0.79,1.17,1.62,2.07,2.48,2.76,2.86,2.76,2.48,2.07,1.62,1.17,0.79,0.5,0.3,0.16,0.09,0.05,0.03,0.03,0.04,0.07,0.14,0.29,0.61,1.23,2.36,4.28,7.25,11.47,16.94,23.3,29.87,35.68,39.69,41.12,39.68,35.66,29.85,23.28,16.9,11.43,7.2,4.22,2.31,1.17,0.56,0.25,0.1,0.04,0.01,0.0,0.0,0.0,0.0,0.0,0.0,0.0,0.0,0.0,0.0,0.0,0.0,0.0,0.0,0.0,0.0,0.01,0.01,0.02,0.03,0.05,0.08,0.11,0.17,0.24,0.35,0.49,0.68,0.93,1.25,1.66,2.16,2.76,3.48,4.32,5.28,6.35,7.52,8.76,10.06,11.37,12.67,13.92,15.08,16.12,17.04,17.82,18.46,19.01,19.49,19.95,20.46,21.09,21.89,22.93,24.25,25.86,27.76,29.93,32.29,34.78,37.27,39.65,41.79,43.57,44.87,45.61,45.72,45.17,43.97,42.16,39.8,37.0,33.87,30.51,27.06,23.62,20.29,17.16,14.28,11.7,9.43,7.48,5.84,4.49,3.4,2.53,1.86,1.34,0.96,0.68,0.48,0.35,0.27,0.24,0.25,0.3,0.41,0.58,0.83,1.19,1.69,2.37,3.27,4.46,5.99,7.93,10.34,13.29,16.84,21.05,25.93,31.51,37.76,44.64,52.08,59.95,68.11,76.38,84.57,92.45,99.82,106.44,112.12,116.68,119.96,121.86,122.32,121.32,118.91,115.16,110.2,104.2,97.34,89.84,81.92,73.82,65.73,57.86,50.4,43.5,37.27,31.83,27.23,23.52,20.72,18.84,17.84,17.69,18.35,19.73,21.76,24.33,27.32,30.59,34.0,37.39,40.6,43.48,45.89,47.7,48.81,49.18,48.78,47.62,45.75,43.26,40.26,36.88,33.24,29.49,25.75,22.13,18.72,15.58,12.76,10.29,8.16,6.38,4.9,3.71,2.76,2.02,1.46,1.03,0.72,0.5,0.34,0.22,0.15,0.09,0.06,0.04,0.02,0.01,0.01,0.0
95.15,89.72,75.21,56.06,37.15,21.89,11.47,5.34,2.21,0.81,0.27,0.08,0.02,0.0,0.0,0.0,0.0,0.0,0.0,0.0,0.0,0.0,0.0,0.0,0.0,0.0,0.0,0.0,0.0,0.0,0.0,0.0,0.0,0.0,0.0,0.0,0.0,0.0,0.0,0.0,0.0,0.0,0.0,0.0,0.01,0.01,0.03,0.08,0.16,0.32,0.58,0.98,1.56,2.31,3.18,4.08,4.87,5.42,5.61,5.42,4.87,4.08,3.18,2.31,1.56,0.98,0.58,0.32,0.16,0.08,0.04,0.03,0.03,0.07,0.15,0.35,0.78,1.64,3.2,5.83,9.93,15.76,23.29,32.06,41.12,49.11,54.64,56.62,54.64,49.11,41.11,32.05,23.28,15.74,9.92,5.82,3.18,1.62,0.77,0.34,0.14,0.05,0.02,0.01,0.0,0.0,0.0,0.0,0.0,0.0,0.0,0.0,0.0,0.0,0.0,0.0,0.0,0.0,0.0,0.01,0.01,0.02,0.02,0.04,0.06,0.09,0.13,0.19,0.27,0.38,0.53,0.73,0.98,1.29,1.68,2.16,2.72,3.38,4.13,4.97,5.88,6.86,7.89,8.93,9.97,10.99,11.95,12.84,13.67,14.42,15.13,15.81,16.52,17.3,18.22,19.33,20.71,22.38,24.4,26.76,29.44,32.4,35.56,38.82,42.04,45.08,47.81,50.07,51.74,52.72,52.94,52.37,51.03,48.96,46.25,43.02,39.38,35.49,31.47,27.48,23.61,19.96,16.62,13.61,10.97,8.71,6.8,5.23,3.95,2.94,2.16,1.56,1.11,0.78,0.55,0.39,0.29,0.24,0.24,0.27,0.35,0.49,0.7,1.0,1.42,1.99,2.74,3.74,5.02,6.65,8.67,11.14,14.13,17.65,21.76,26.44,31.69,37.48,43.73,50.35,57.22,64.19,71.09,77.74,83.96,89.56,94.36,98.22,101.02,102.65,103.06,102.25,100.24,97.11,92.95,87.9,82.13,75.82,69.15,62.32,55.5,48.86,42.57,36.73,31.48,26.87,22.98,19.84,17.47,15.86,15.0,14.85,15.38,16.53,18.21,20.35,22.83,25.56,28.41,31.24,33.92,36.32,38.33,39.84,40.78,41.08,40.74,39.77,38.21,36.14,33.63,30.8,27.77,24.64,21.51,18.49,15.63,13.01,10.66,8.59,6.82,5.33,4.09,3.1,2.3,1.69,1.22,0.86,0.6,0.41,0.28,0.19,0.12,0.08,0.05,0.03,0.02,0.01,0.01,0.0
102.32,96.48,80.89,60.29,39.95,23.54,12.33,5.74,2.38,0.88,0.29,0.08,0.02,0.0,0.0,0.0,0.0,0.0,0.0,0.0,0.0,0.0,0.0,0.0,0.0,0.0,0.0,0.0,0.0,0.0,0.0,0.0,0.0,0.0,0.0,0.0,0.0,0.0,0.0,0.0,0.0,0.0,0.0,0.0,0.01,0.03,0.06,0.14,0.29,0.58,1.06,1.8,2.86,4.22,5.82,7.46,8.91,9.92,10.27,9.92,8.91,7.46,5.82,4.22,2.86,1.8,1.06,0.58,0.29,0.14,0.07,0.04,0.04,0.08,0.18,0.44,0.99,2.08,4.08,7.47,12.72,20.19,29.86,41.11,52.73,62.99,70.08,72.62,70.08,62.99,52.73,41.11,29.85,20.19,12.72,7.46,4.08,2.08,0.98,0.43,0.18,0.07,0.03,0.01,0.0,0.0,0.0,0.0,0.0,0.0,0.0,0.0,0.0,0.0,0.0,0.0,0.0,0.0,0.0,0.0,0.01,0.01,0.02,0.03,0.05,0.07,0.1,0.15,0.21,0.3,0.41,0.56,0.75,1.0,1.3,1.66,2.09,2.6,3.18,3.83,4.54,5.3,6.1,6.92,7.75,8.58,9.38,10.16,10.92,11.67,12.44,13.26,14.18,15.26,16.56,18.14,20.05,22.33,25.01,28.08,31.52,35.25,39.18,43.19,47.12,50.82,54.12,56.85,58.88,60.1,60.43,59.83,58.34,56.0,52.92,49.23,45.08,40.63,36.04,31.46,27.03,22.86,19.03,15.59,12.57,9.97,7.79,5.98,4.53,3.37,2.47,1.78,1.27,0.89,0.62,0.44,0.32,0.25,0.23,0.24,0.3,0.41,0.58,0.83,1.17,1.64,2.27,3.09,4.15,5.5,7.17,9.22,11.69,14.61,18.0,21.88,26.24,31.03,36.21,41.7,47.4,53.18,58.91,64.44,69.61,74.26,78.26,81.48,83.82,85.19,85.55,84.89,83.24,80.65,77.21,73.03,68.25,63.02,57.48,51.81,46.14,40.63,35.39,30.54,26.17,22.34,19.1,16.48,14.5,13.15,12.42,12.29,12.71,13.64,15.02,16.77,18.82,21.06,23.4,25.73,27.94,29.91,31.57,32.81,33.58,33.83,33.55,32.75,31.47,29.76,27.69,25.37,22.87,20.29,17.72,15.22,12.88,10.72,8.78,7.08,5.62,4.39,3.37,2.55,1.9,1.39,1.0,0.71,0.5,0.34,0.23,0.15,0.1,0.06,0.04,0.03,0.02,0.01,0.01,0.0
99.91,94.2,78.97,58.86,39.01,22.98,12.04,5.61,2.32,0.86,0.28,0.08,0.02,0.0,0.0,0.0,0.0,0.0,0.0,0.0,0.0,0.0,0.0,0.0,0.0,0.0,0.0,0.0,0.0,0.0,0.0,0.0,0.0,0.0,0.0,0.0,0.0,0.0,0.0,0.0,0.0,0.0,0.0,0.01,0.02,0.04,0.1,0.24,0.5,0.98,1.8,3.07,4.87,7.2,9.92,12.72,15.19,16.9,17.51,16.9,15.19,12.72,9.92,7.2,4.87,3.07,1.8,0.98,0.5,0.24,0.11,0.05,0.05,0.09,0.22,0.52,1.18,2.48,4.87,8.91,15.19,24.12,35.66,49.11,62.99,75.25,83.72,86.75,83.72,75.25,62.99,49.11,35.66,24.12,15.19,8.91,4.87,2.48,1.18,0.52,0.22,0.08,0.03,0.01,0.0,0.0,0.0,0.0,0.0,0.0,0.0,0.0,0.0,0.0,0.0,0.0,0.0,0.0,0.0,0.0,0.01,0.01,0.01,0.02,0.03,0.05,0.08,0.11,0.16,0.22,0.31,0.42,0.57,0.75,0.98,1.26,1.59,1.97,2.41,2.9,3.45,4.03,4.66,5.3,5.97,6.64,7.32,8.01,8.73,9.49,10.32,11.28,12.41,13.76,15.41,17.41,19.82,22.67,25.97,29.71,33.86,38.32,42.99,47.72,52.34,56.67,60.52,63.71,66.09,67.53,67.95,67.33,65.68,63.07,59.62,55.47,50.79,45.78,40.61,35.46,30.47,25.77,21.45,17.57,14.17,11.24,8.78,6.75,5.1,3.8,2.79,2.01,1.43,1.0,0.7,0.49,0.35,0.26,0.22,0.22,0.26,0.35,0.48,0.68,0.96,1.34,1.85,2.53,3.39,4.49,5.85,7.53,9.54,11.93,14.7,17.87,21.43,25.35,29.59,34.08,38.74,43.47,48.15,52.67,56.9,60.72,64.0,66.64,68.55,69.68,69.98,69.45,68.11,65.99,63.18,59.77,55.86,51.58,47.05,42.41,37.77,33.26,28.98,25.0,21.42,18.28,15.63,13.48,11.85,10.74,10.13,10.01,10.34,11.09,12.2,13.62,15.28,17.1,19.0,20.89,22.68,24.28,25.62,26.63,27.26,27.46,27.23,26.58,25.54,24.15,22.48,20.59,18.56,16.47,14.38,12.36,10.45,8.7,7.13,5.74,4.56,3.56,2.74,2.07,1.54,1.13,0.81,0.58,0.4,0.28,0.19,0.12,0.08,0.05,0.03,0.02,0.01,0.01,0.0,0.0
91.1,85.9,72.01,53.68,35.57,20.96,10.98,5.11,2.12,0.78,0.26,0.07,0.02,0.0,0.0,0.0,0.0,0.0,0.0,0.0,0.0,0.0,0.0,0.0,0.0,0.0,0.0,0.0,0.0,0.0,0.0,0.0,0.0,0.0,0.0,0.0,0.0,0.0,0.0,0.0,0.0,0.0,0.0,0.01,0.03,0.07,0.17,0.38,0.79,1.56,2.86,4.87,7.73,11.43,15.74,20.19,24.12,26.83,27.8,26.83,24.12,20.19,15.74,11.43,7.73,4.87,2.86,1.56,0.79,0.38,0.17,0.08,0.06,0.1,0.24,0.58,1.31,2.76,5.42,9.92,16.9,26.84,39.68,54.64,70.09,83.72,93.15,96.52,93.15,83.72,70.09,54.65,39.68,26.84,16.91,9.92,5.43,2.77,1.32,0.59,0.25,0.1,0.04,0.02,0.01,0.01,0.01,0.01,0.01,0.01,0.01,0.01,0.01,0.01,0.01,0.01,0.01,0.01,0.0,0.0,0.01,0.01,0.01,0.02,0.03,0.04,0.06,0.08,0.12,0.17,0.23,0.32,0.42,0.56,0.73,0.94,1.18,1.47,1.8,2.17,2.59,3.03,3.51,4.02,4.55,5.11,5.7,6.33,7.02,7.79,8.7,9.78,11.1,12.71,14.67,17.06,19.92,23.28,27.16,31.52,36.32,41.46,46.81,52.22,57.48,62.4,66.77,70.4,73.1,74.76,75.27,74.61,72.8,69.92,66.1,61.51,56.33,50.78,45.05,39.33,33.8,28.58,23.79,19.49,15.71,12.47,9.74,7.48,5.66,4.22,3.09,2.23,1.59,1.11,0.77,0.53,0.37,0.27,0.22,0.21,0.23,0.29,0.4,0.56,0.78,1.09,1.5,2.04,2.74,3.62,4.73,6.08,7.71,9.63,11.87,14.43,17.3,20.46,23.88,27.5,31.26,35.08,38.86,42.5,45.91,48.99,51.63,53.76,55.3,56.21,56.45,56.02,54.93,53.23,50.96,48.2,45.05,41.59,37.94,34.2,30.46,26.82,23.36,20.16,17.27,14.73,12.59,10.85,9.53,8.63,8.14,8.03,8.29,8.89,9.77,10.9,12.23,13.68,15.2,16.71,18.14,19.42,20.5,21.3,21.8,21.96,21.78,21.26,20.43,19.32,17.98,16.47,14.85,13.17,11.5,9.88,8.36,6.96,5.7,4.6,3.65,2.85,2.19,1.66,1.23,0.9,0.65,0.46,0.32,0.22,0.15,0.1,0.07,0.04,0.03,0.02,0.01,0.01,0.0,0.0
81.93,77.25,64.76,48.27,31.99,18.85,9.87,4.6,1.9,0.7,0.23,0.07,0.02,0.0,0.0,0.0,0.0,0.0,0.0,0.0,0.0,0.0,0.0,0.0,0.0,0.0,0.0,0.0,0.0,0.0,0.0,0.0,0.0,0.0,0.0,0.0,0.0,0.0,0.0,0.0,0.0,0.0,0.0,0.01,0.04,0.1,0.25,0.56,1.17,2.31,4.22,7.2,11.43,16.9,23.28,29.85,35.66,39.68,41.11,39.68,35.66,29.85,23.28,16.9,11.43,7.2,4.22,2.31,1.17,0.56,0.25,0.11,0.07,0.11,0.25,0.6,1.35,2.86,5.62,10.28,17.52,27.81,41.13,56.63,72.64,86.77,96.54,100.03,96.54,86.77,72.64,56.64,41.13,27.82,17.53,10.3,5.64,2.89,1.39,0.63,0.28,0.12,0.06,0.03,0.02,0.02,0.02,0.02,0.02,0.03,0.03,0.03,0.03,0.03,0.03,0.02,0.02,0.01,0.01,0.01,0.01,0.01,0.01,0.01,0.02,0.03,0.04,0.06,0.09,0.12,0.17,0.23,0.31,0.41,0.54,0.69,0.87,1.08,1.33,1.6,1.91,2.25,2.63,3.03,3.46,3.93,4.45,5.03,5.71,6.51,7.48,8.68,10.16,11.99,14.25,16.98,20.24,24.06,28.44,33.35,38.74,44.49,50.47,56.48,62.33,67.79,72.64,76.65,79.66,81.5,82.09,81.39,79.44,76.31,72.15,67.14,61.49,55.43,49.18,42.94,36.9,31.21,25.98,21.28,17.16,13.61,10.63,8.17,6.18,4.6,3.38,2.44,1.73,1.21,0.84,0.58,0.4,0.29,0.22,0.2,0.2,0.25,0.33,0.45,0.63,0.87,1.2,1.64,2.2,2.9,3.79,4.87,6.17,7.71,9.5,11.54,13.83,16.36,19.09,21.97,24.97,28.01,31.02,33.92,36.63,39.07,41.17,42.85,44.07,44.78,44.96,44.6,43.72,42.35,40.54,38.34,35.82,33.07,30.16,27.17,24.2,21.3,18.55,16.01,13.71,11.69,9.99,8.61,7.56,6.84,6.44,6.35,6.55,7.01,7.71,8.6,9.64,10.78,11.98,13.17,14.3,15.31,16.15,16.79,17.18,17.31,17.17,16.76,16.1,15.22,14.17,12.98,11.7,10.38,9.06,7.79,6.59,5.48,4.49,3.62,2.87,2.24,1.72,1.3,0.97,0.71,0.51,0.36,0.25,0.17,0.12,0.08,0.05,0.03,0.02,0.01,0.01,0.0,0.0,0.0
78.09,73.64,61.73,46.01,30.49,17.97,9.41,4.38,1.82,0.67,0.22,0.06,0.02,0.0,0.0,0.0,0.0,0.0,0.0,0.0,0.0,0.0,0.0,0.0,0.0,0.0,0.0,0.0,0.0,0.0,0.0,0.0,0.0,0.0,0.0,0.0,0.0,0.0,0.0,0.0,0.0,0.0,0.01,0.02,0.05,0.14,0.34,0.77,1.62,3.18,5.82,9.92,15.74,23.28,32.05,41.11,49.11,54.64,56.62,54.64,49.11,41.11,32.05,23.28,15.74,9.92,5.82,3.18,1.62,0.77,0.34,0.15,0.09,0.11,0.24,0.58,1.31,2.76,5.42,9.92,16.92,26.86,39.71,54.69,70.15,83.79,93.23,96.6,93.23,83.8,70.15,54.7,39.73,26.88,16.96,9.98,5.49,2.84,1.4,0.67,0.33,0.17,0.1,0.07,0.05,0.04,0.04,0.05,0.06,0.07,0.08,0.09,0.09,0.09,0.08,0.07,0.05,0.04,0.03,0.02,0.01,0.01,0.01,0.01,0.01,0.02,0.03,0.04,0.06,0.09,0.12,0.17,0.22,0.3,0.39,0.5,0.63,0.78,0.96,1.17,1.4,1.66,1.95,2.27,2.63,3.03,3.5,4.05,4.72,5.55,6.58,7.88,9.51,11.53,14.03,17.05,20.65,24.86,29.68,35.08,40.97,47.25,53.76,60.31,66.67,72.6,77.86,82.22,85.48,87.49,88.14,87.41,85.32,81.97,77.51,72.13,66.07,59.56,52.84,46.14,39.65,33.53,27.91,22.87,18.44,14.63,11.43,8.78,6.65,4.95,3.63,2.62,1.86,1.31,0.91,0.62,0.43,0.3,0.23,0.19,0.19,0.21,0.27,0.37,0.51,0.71,0.97,1.31,1.76,2.32,3.03,3.89,4.92,6.15,7.57,9.19,11.01,13.01,15.17,17.46,19.83,22.22,24.59,26.87,29.0,30.91,32.54,33.85,34.78,35.31,35.43,35.13,34.41,33.31,31.86,30.11,28.12,25.95,23.65,21.3,18.96,16.69,14.53,12.53,10.72,9.14,7.81,6.72,5.9,5.33,5.02,4.94,5.1,5.45,5.99,6.68,7.49,8.37,9.3,10.22,11.1,11.88,12.54,13.03,13.34,13.44,13.33,13.01,12.5,11.82,11.0,10.08,9.08,8.06,7.04,6.05,5.11,4.26,3.49,2.81,2.23,1.74,1.34,1.01,0.75,0.55,0.4,0.28,0.2,0.14,0.09,0.06,0.04,0.03,0.02,0.01,0.01,0.0,0.0,0.0
81.93,77.25,64.76,48.27,31.99,18.85,9.87,4.6,1.9,0.7,0.23,0.07,0.02,0.0,0.0,0.0,0.0,0.0,0.0,0.0,0.0,0.0,0.0,0.0,0.0,0.0,0.0,0.0,0.0,0.0,0.0,0.0,0.0,0.0,0.0,0.0,0.0,0.0,0.0,0.0,0.0,0.0,0.01,0.02,0.07,0.18,0.43,0.98,2.07,4.08,7.46,12.72,20.19,29.85,41.11,52.73,62.99,70.08,72.61,70.08,62.99,52.73,41.11,29.85,20.19,12.72,7.46,4.08,2.07,0.98,0.44,0.19,0.1,0.11,0.22,0.52,1.18,2.49,4.88,8.94,15.23,24.19,35.76,49.25,63.17,75.46,83.95,86.99,83.95,75.46,63.18,49.27,35.81,24.25,15.34,9.08,5.06,2.7,1.42,0.77,0.45,0.3,0.21,0.16,0.13,0.11,0.11,0.13,0.15,0.19,0.22,0.24,0.25,0.24,0.21,0.18,0.14,0.1,0.07,0.04,0.03,0.02,0.01,0.01,0.01,0.01,0.02,0.03,0.04,0.06,0.09,0.12,0.16,0.21,0.28,0.35,0.45,0.56,0.69,0.84,1.02,1.22,1.44,1.7,2.0,2.36,2.79,3.33,4.0,4.85,5.93,7.31,9.06,11.24,13.93,17.19,21.07,25.59,30.77,36.55,42.86,49.57,56.52,63.51,70.28,76.6,82.19,86.84,90.31,92.46,93.17,92.4,90.2,86.67,81.95,76.27,69.86,62.98,55.88,48.79,41.93,35.47,29.52,24.19,19.5,15.48,12.09,9.3,7.03,5.24,3.84,2.78,1.98,1.39,0.96,0.66,0.46,0.32,0.23,0.19,0.18,0.19,0.24,0.31,0.42,0.58,0.79,1.06,1.42,1.87,2.44,3.12,3.95,4.93,6.06,7.35,8.8,10.39,12.1,13.9,15.76,17.64,19.5,21.27,22.92,24.4,25.65,26.63,27.33,27.7,27.75,27.48,26.88,25.98,24.82,23.43,21.86,20.14,18.34,16.51,14.68,12.91,11.23,9.67,8.28,7.05,6.02,5.18,4.54,4.1,3.85,3.79,3.91,4.18,4.59,5.11,5.73,6.41,7.11,7.82,8.49,9.09,9.59,9.97,10.2,10.28,10.19,9.95,9.56,9.04,8.41,7.7,6.95,6.16,5.38,4.62,3.91,3.26,2.67,2.15,1.71,1.33,1.02,0.77,0.58,0.42,0.3,0.22,0.15,0.1,0.07,0.05,0.03,0.02,0.01,0.01,0.0,0.0,0.0,0.0
91.1,85.9,72.01,53.68,35.57,20.96,10.98,5.11,2.12,0.78,0.26,0.07,0.02,0.0,0.0,0.0,0.0,0.0,0.0,0.0,0.0,0.0,0.0,0.0,0.0,0.0,0.0,0.0,0.0,0.0,0.0,0.0,0.0,0.0,0.0,0.0,0.0,0.0,0.0,0.0,0.0,0.0,0.01,0.03,0.08,0.21,0.52,1.17,2.48,4.87,8.91,15.19,24.12,35.66,49.11,62.99,75.24,83.71,86.74,83.71,75.24,62.99,49.11,35.66,24.12,15.19,8.91,4.87,2.48,1.18,0.52,0.22,0.11,0.1,0.19,0.44,0.99,2.09,4.11,7.52,12.82,20.36,30.1,41.45,53.16,63.51,70.66,73.22,70.66,63.52,53.2,41.51,30.2,20.52,13.07,7.86,4.54,2.61,1.57,1.04,0.76,0.6,0.48,0.38,0.31,0.27,0.27,0.31,0.37,0.45,0.53,0.58,0.6,0.58,0.52,0.43,0.34,0.25,0.17,0.11,0.06,0.04,0.02,0.01,0.01,0.01,0.02,0.02,0.03,0.04,0.06,0.08,0.11,0.15,0.19,0.25,0.32,0.4,0.49,0.61,0.74,0.89,1.07,1.28,1.54,1.87,2.27,2.79,3.46,4.33,5.45,6.89,8.73,11.02,13.86,17.29,21.38,26.15,31.59,37.66,44.28,51.32,58.6,65.9,72.99,79.59,85.45,90.3,93.94,96.18,96.93,96.15,93.87,90.19,85.29,79.38,72.71,65.55,58.16,50.79,43.65,36.92,30.74,25.18,20.31,16.12,12.59,9.68,7.33,5.46,4.01,2.9,2.07,1.45,1.01,0.7,0.48,0.34,0.25,0.2,0.18,0.18,0.22,0.27,0.36,0.49,0.66,0.89,1.18,1.55,2.01,2.57,3.24,4.04,4.95,6.0,7.16,8.43,9.8,11.23,12.71,14.19,15.64,17.02,18.29,19.41,20.35,21.07,21.56,21.8,21.78,21.5,20.98,20.23,19.28,18.16,16.9,15.54,14.12,12.68,11.26,9.89,8.59,7.39,6.31,5.37,4.58,3.93,3.44,3.1,2.91,2.87,2.95,3.15,3.46,3.85,4.31,4.82,5.36,5.89,6.39,6.84,7.22,7.51,7.68,7.74,7.68,7.49,7.2,6.81,6.34,5.8,5.23,4.64,4.05,3.48,2.95,2.45,2.01,1.62,1.28,1.0,0.77,0.58,0.43,0.32,0.23,0.16,0.11,0.08,0.05,0.04,0.02,0.01,0.01,0.01,0.0,0.0,0.0,0.0
99.91,94.2,78.97,58.86,39.01,22.98,12.04,5.61,2.32,0.86,0.28,0.08,0.02,0.0,0.0,0.0,0.0,0.0,0.0,0.0,0.0,0.0,0.0,0.0,0.0,0.0,0.0,0.0,0.0,0.0,0.0,0.0,0.0,0.0,0.0,0.0,0.0,0.0,0.0,0.0,0.0,0.0,0.01,0.03,0.09,0.24,0.58,1.31,2.76,5.42,9.92,16.9,26.83,39.68,54.64,70.08,83.71,93.14,96.51,93.14,83.71,70.08,54.64,39.68,26.83,16.9,9.92,5.42,2.76,1.31,0.58,0.24,0.11,0.09,0.15,0.35,0.79,1.66,3.25,5.96,10.15,16.12,23.83,32.82,42.09,50.29,55.95,57.98,55.96,50.32,42.17,32.96,24.07,16.49,10.71,6.72,4.24,2.83,2.09,1.7,1.46,1.25,1.04,0.85,0.7,0.61,0.61,0.7,0.84,1.02,1.19,1.31,1.36,1.31,1.17,0.98,0.77,0.56,0.38,0.24,0.14,0.08,0.04,0.02,0.01,0.01,0.01,0.02,0.02,0.03,0.04,0.06,0.08,0.1,0.13,0.17,0.22,0.28,0.35,0.43,0.53,0.65,0.8,0.98,1.21,1.51,1.89,2.4,3.07,3.94,5.09,6.57,8.46,10.83,13.76,17.31,21.53,26.45,32.06,38.31,45.13,52.37,59.86,67.37,74.66,81.44,87.46,92.44,96.18,98.49,99.27,98.47,96.14,92.38,87.36,81.31,74.49,67.15,59.59,52.04,44.72,37.83,31.5,25.81,20.82,16.53,12.91,9.93,7.52,5.61,4.12,2.98,2.13,1.5,1.05,0.73,0.51,0.36,0.27,0.21,0.19,0.19,0.21,0.26,0.34,0.44,0.59,0.78,1.03,1.35,1.74,2.21,2.78,3.45,4.22,5.09,6.06,7.11,8.23,9.4,10.59,11.78,12.93,14.01,14.98,15.83,16.51,17.02,17.33,17.44,17.34,17.04,16.55,15.89,15.07,14.13,13.1,12.0,10.87,9.73,8.61,7.54,6.53,5.6,4.78,4.05,3.45,2.95,2.58,2.32,2.18,2.14,2.19,2.34,2.57,2.86,3.2,3.58,3.97,4.37,4.74,5.08,5.36,5.57,5.7,5.74,5.69,5.56,5.34,5.05,4.7,4.3,3.88,3.44,3.01,2.58,2.18,1.82,1.49,1.2,0.95,0.74,0.57,0.43,0.32,0.24,0.17,0.12,0.08,0.06,0.04,0.03,0.02,0.01,0.01,0.0,0.0,0.0,0.0,0.0
102.32,96.48,80.89,60.29,39.95,23.54,12.33,5.74,2.38,0.88,0.29,0.08,0.02,0.0,0.0,0.0,0.0,0.0,0.0,0.0,0.0,0.0,0.0,0.0,0.0,0.0,0.0,0.0,0.0,0.0,0.0,0.0,0.0,0.0,0.0,0.0,0.0,0.0,0.0,0.0,0.0,0.0,0.01,0.03,0.09,0.25,0.6,1.35,2.86,5.61,10.27,17.51,27.8,41.11,56.62,72.61,86.74,96.51,100.0,96.51,86.74,72.61,56.62,41.11,27.8,17.51,10.27,5.61,2.86,1.35,0.6,0.25,0.11,0.07,0.12,0.27,0.6,1.26,2.47,4.52,7.7,12.22,18.08,24.89,31.93,38.14,42.44,43.98,42.47,38.22,32.09,25.19,18.58,13.02,8.87,6.13,4.54,3.73,3.35,3.13,2.88,2.56,2.17,1.78,1.47,1.29,1.29,1.47,1.78,2.16,2.52,2.77,2.86,2.76,2.48,2.07,1.62,1.17,0.79,0.5,0.29,0.16,0.08,0.04,0.02,0.01,0.01,0.01,0.01,0.02,0.03,0.04,0.05,0.07,0.09,0.12,0.15,0.19,0.24,0.31,0.38,0.48,0.6,0.76,0.97,1.24,1.61,2.11,2.77,3.64,4.8,6.29,8.2,10.61,13.57,17.17,21.45,26.43,32.11,38.45,45.34,52.67,60.24,67.83,75.19,82.04,88.12,93.16,96.93,99.27,100.06,99.27,96.92,93.13,88.08,81.99,75.11,67.72,60.09,52.48,45.11,38.17,31.78,26.05,21.01,16.69,13.05,10.04,7.61,5.68,4.18,3.03,2.18,1.54,1.09,0.76,0.54,0.39,0.3,0.24,0.22,0.21,0.23,0.28,0.34,0.44,0.57,0.75,0.97,1.26,1.61,2.04,2.55,3.15,3.83,4.6,5.45,6.37,7.33,8.33,9.34,10.32,11.26,12.13,12.89,13.52,14.01,14.34,14.49,14.47,14.28,13.93,13.43,12.79,12.05,11.22,10.33,9.41,8.46,7.53,6.63,5.77,4.97,4.25,3.61,3.05,2.58,2.2,1.92,1.72,1.6,1.57,1.61,1.71,1.88,2.09,2.34,2.61,2.9,3.19,3.46,3.71,3.91,4.07,4.16,4.19,4.16,4.06,3.9,3.69,3.43,3.14,2.83,2.51,2.2,1.89,1.6,1.33,1.09,0.88,0.7,0.54,0.42,0.32,0.24,0.17,0.12,0.09,0.06,0.04,0.03,0.02,0.01,0.01,0.01,0.0,0.0,0.0,0.0,0.0
95.15,89.72,75.21,56.06,37.15,21.89,11.47,5.34,2.21,0.81,0.27,0.08,0.02,0.0,0.0,0.0,0.0,0.0,0.0,0.0,0.0,0.0,0.0,0.0,0.0,0.0,0.0,0.0,0.0,0.0,0.0,0.0,0.0,0.0,0.0,0.0,0.0,0.0,0.0,0.0,0.0,0.0,0.01,0.03,0.09,0.24,0.58,1.31,2.76,5.42,9.92,16.9,26.83,39.68,54.64,70.08,83.71,93.14,96.51,93.14,83.71,70.08,54.64,39.68,26.83,16.9,9.92,5.42,2.76,1.31,0.58,0.24,0.1,0.06,0.09,0.2,0.45,0.95,1.88,3.43,5.85,9.29,13.74,18.92,24.27,28.99,32.26,33.45,32.33,29.15,24.58,19.5,14.72,10.85,8.16,6.61,5.95,5.83,5.88,5.83,5.53,4.98,4.25,3.5,2.89,2.54,2.54,2.88,3.49,4.24,4.95,5.45,5.63,5.42,4.87,4.08,3.18,2.31,1.56,0.98,0.58,0.32,0.16,0.08,0.04,0.02,0.01,0.01,0.01,0.01,0.02,0.03,0.04,0.05,0.06,0.08,0.11,0.13,0.17,0.22,0.28,0.36,0.46,0.6,0.79,1.05,1.4,1.88,2.53,3.39,4.53,6.02,7.92,10.31,13.27,16.85,21.11,26.07,31.73,38.03,44.88,52.17,59.69,67.24,74.55,81.36,87.4,92.41,96.16,98.49,99.28,98.49,96.17,92.42,87.41,81.37,74.55,67.22,59.66,52.11,44.8,37.91,31.58,25.89,20.89,16.6,12.99,10.0,7.59,5.68,4.19,3.05,2.2,1.57,1.12,0.8,0.59,0.44,0.34,0.29,0.26,0.26,0.28,0.32,0.39,0.48,0.61,0.78,1.01,1.28,1.63,2.05,2.55,3.12,3.78,4.52,5.32,6.18,7.08,7.99,8.9,9.77,10.58,11.3,11.91,12.39,12.72,12.89,12.91,12.76,12.46,12.02,11.47,10.81,10.07,9.28,8.46,7.62,6.79,5.98,5.22,4.5,3.85,3.26,2.75,2.31,1.94,1.64,1.42,1.27,1.17,1.14,1.17,1.24,1.35,1.51,1.68,1.88,2.09,2.29,2.49,2.67,2.81,2.92,2.99,3.01,2.99,2.92,2.8,2.65,2.47,2.26,2.04,1.81,1.58,1.36,1.15,0.95,0.78,0.63,0.5,0.39,0.3,0.23,0.17,0.12,0.09,0.06,0.04,0.03,0.02,0.01,0.01,0.01,0.0,0.0,0.0,0.0,0.0,0.0
79.33,74.8,62.71,46.74,30.98,18.25,9.56,4.45,1.84,0.68,0.22,0.06,0.02,0.0,0.0,0.0,0.0,0.0,0.0,0.0,0.0,0.0,0.0,0.0,0.0,0.0,0.0,0.0,0.0,0.0,0.0,0.0,0.0,0.0,0.0,0.0,0.0,0.0,0.0,0.0,0.0,0.0,0.01,0.03,0.08,0.21,0.52,1.17,2.48,4.87,8.91,15.19,24.12,35.66,49.11,62.99,75.24,83.71,86.74,83.71,75.24,62.99,49.11,35.66,24.12,15.19,8.91,4.87,2.48,1.17,0.52,0.22,0.09,0.06,0.08,0.17,0.38,0.79,1.56,2.85,4.87,7.73,11.42,15.73,20.18,24.11,26.84,27.85,26.96,24.4,20.75,16.79,13.22,10.58,9.09,8.67,9.02,9.71,10.3,10.47,10.04,9.08,7.76,6.4,5.28,4.66,4.66,5.28,6.39,7.75,9.05,9.98,10.3,9.92,8.92,7.46,5.82,4.22,2.86,1.8,1.06,0.58,0.29,0.14,0.06,0.03,0.01,0.01,0.01,0.01,0.01,0.02,0.02,0.03,0.04,0.06,0.07,0.09,0.12,0.16,0.21,0.27,0.36,0.49,0.66,0.91,1.24,1.7,2.33,3.17,4.28,5.73,7.59,9.93,12.83,16.34,20.5,25.36,30.89,37.05,43.76,50.88,58.24,65.62,72.77,79.43,85.33,90.23,93.9,96.18,96.96,96.2,93.94,90.28,85.4,79.51,72.85,65.7,58.32,50.95,43.82,37.09,30.91,25.35,20.47,16.28,12.75,9.84,7.48,5.61,4.16,3.05,2.22,1.61,1.17,0.86,0.65,0.51,0.42,0.36,0.34,0.34,0.36,0.41,0.48,0.58,0.72,0.9,1.13,1.43,1.79,2.24,2.76,3.37,4.06,4.82,5.65,6.53,7.43,8.34,9.23,10.06,10.82,11.46,11.98,12.35,12.55,12.59,12.47,12.18,11.75,11.2,10.54,9.8,9.01,8.19,7.35,6.53,5.74,4.99,4.29,3.66,3.09,2.58,2.15,1.78,1.48,1.24,1.06,0.93,0.86,0.83,0.84,0.88,0.96,1.07,1.19,1.33,1.48,1.62,1.76,1.89,1.99,2.07,2.12,2.13,2.12,2.07,1.99,1.88,1.75,1.6,1.44,1.28,1.12,0.96,0.81,0.68,0.55,0.45,0.35,0.28,0.21,0.16,0.12,0.09,0.06,0.04,0.03,0.02,0.01,0.01,0.01,0.0,0.0,0.0,0.0,0.0,0.0,0.0
59.0,55.63,46.64,34.76,23.04,13.57,7.11,3.31,1.37,0.5,0.17,0.05,0.01,0.0,0.0,0.0,0.0,0.0,0.0,0.0,0.0,0.0,0.0,0.0,0.0,0.0,0.0,0.0,0.0,0.0,0.0,0.0,0.0,0.0,0.0,0.0,0.0,0.0,0.0,0.0,0.0,0.0,0.01,0.02,0.07,0.18,0.43,0.98,2.07,4.08,7.46,12.72,20.19,29.85,41.11,52.73,62.99,70.08,72.61,70.08,62.99,52.73,41.11,29.85,20.19,12.72,7.46,4.08,2.07,0.98,0.43,0.18,0.08,0.05,0.08,0.17,0.38,0.79,1.56,2.85,4.87,7.73,11.42,15.73,20.18,24.12,26.86,27.89,27.05,24.6,21.16,17.53,14.49,12.6,12.07,12.77,14.28,15.99,17.29,17.72,17.07,15.45,13.23,10.9,9.0,7.94,7.94,9.0,10.9,13.22,15.43,17.01,17.56,16.92,15.2,12.72,9.92,7.2,4.87,3.07,1.8,0.98,0.5,0.24,0.11,0.04,0.02,0.01,0.01,0.01,0.01,0.01,0.02,0.02,0.03,0.04,0.05,0.07,0.09,0.12,0.16,0.21,0.29,0.41,0.57,0.79,1.11,1.55,2.14,2.95,4.02,5.42,7.21,9.46,12.24,15.62,19.63,24.3,29.63,35.56,42.01,48.86,55.94,63.04,69.92,76.32,82.01,86.72,90.26,92.46,93.21,92.49,90.33,86.83,82.15,76.49,70.1,63.24,56.15,49.08,42.22,35.76,29.82,24.48,19.79,15.76,12.36,9.56,7.29,5.49,4.1,3.03,2.23,1.65,1.23,0.94,0.74,0.61,0.52,0.48,0.46,0.47,0.49,0.54,0.62,0.73,0.89,1.09,1.36,1.69,2.11,2.61,3.2,3.89,4.66,5.51,6.43,7.4,8.38,9.36,10.3,11.17,11.93,12.56,13.03,13.32,13.43,13.35,13.08,12.64,12.06,11.35,10.54,9.67,8.76,7.83,6.93,6.05,5.23,4.47,3.78,3.16,2.62,2.16,1.76,1.44,1.17,0.97,0.81,0.7,0.63,0.6,0.6,0.63,0.68,0.75,0.83,0.93,1.03,1.13,1.23,1.32,1.39,1.44,1.48,1.49,1.48,1.44,1.38,1.31,1.22,1.12,1.01,0.89,0.78,0.67,0.57,0.47,0.39,0.31,0.25,0.19,0.15,0.11,0.08,0.06,0.04,0.03,0.02,0.02,0.01,0.01,0.0,0.0,0.0,0.0,0.0,0.0,0.0,0.0
39.07,36.84,30.88,23.02,15.25,8.99,4.71,2.19,0.91,0.33,0.11,0.03,0.01,0.0,0.0,0.0,0.0,0.0,0.0,0.0,0.0,0.0,0.0,0.0,0.0,0.0,0.0,0.0,0.0,0.0,0.0,0.0,0.0,0.0,0.0,0.0,0.0,0.0,0.0,0.0,0.0,0.0,0.01,0.02,0.05,0.14,0.34,0.77,1.62,3.18,5.82,9.92,15.74,23.28,32.05,41.11,49.11,54.64,56.62,54.64,49.11,41.11,32.05,23.28,15.74,9.92,5.82,3.18,1.62,0.77,0.34,0.14,0.06,0.05,0.09,0.2,0.45,0.95,1.88,3.43,5.85,9.29,13.74,18.92,24.28,29.01,32.32,33.58,32.63,29.78,25.83,21.78,18.61,17.02,17.28,19.18,22.07,25.08,27.31,28.07,27.08,24.53,21.0,17.31,14.29,12.6,12.6,14.29,17.3,20.98,24.49,27.0,27.87,26.86,24.13,20.19,15.74,11.43,7.73,4.87,2.86,1.56,0.79,0.38,0.17,0.07,0.03,0.01,0.01,0.0,0.01,0.01,0.01,0.01,0.02,0.03,0.03,0.05,0.06,0.09,0.12,0.17,0.24,0.34,0.49,0.7,1.0,1.41,1.97,2.73,3.74,5.06,6.76,8.89,11.53,14.72,18.52,22.95,27.99,33.6,39.71,46.2,52.9,59.61,66.13,72.2,77.58,82.05,85.41,87.5,88.23,87.56,85.53,82.23,77.81,72.48,66.45,59.97,53.27,46.59,40.11,34.0,28.38,23.33,18.89,15.07,11.85,9.2,7.05,5.35,4.03,3.02,2.27,1.72,1.33,1.06,0.88,0.76,0.69,0.65,0.64,0.65,0.68,0.74,0.83,0.96,1.14,1.38,1.69,2.09,2.58,3.17,3.87,4.68,5.59,6.59,7.66,8.78,9.92,11.04,12.1,13.07,13.9,14.56,15.03,15.28,15.3,15.1,14.69,14.08,13.3,12.39,11.38,10.32,9.22,8.14,7.09,6.1,5.18,4.35,3.61,2.97,2.41,1.95,1.56,1.24,0.99,0.79,0.65,0.54,0.47,0.44,0.43,0.44,0.47,0.52,0.58,0.64,0.71,0.78,0.84,0.9,0.95,0.99,1.01,1.02,1.01,0.99,0.95,0.9,0.84,0.77,0.69,0.61,0.53,0.46,0.39,0.32,0.26,0.21,0.17,0.13,0.1,0.08,0.06,0.04,0.03,0.02,0.01,0.01,0.01,0.0,0.0,0.0,0.0,0.0,0.0,0.0,0.0,0.0
23.01,21.7,18.19,13.56,8.99,5.29,2.77,1.29,0.53,0.2,0.06,0.02,0.0,0.0,0.0,0.0,0.0,0.0,0.0,0.0,0.0,0.0,0.0,0.0,0.0,0.0,0.0,0.0,0.0,0.0,0.0,0.0,0.0,0.0,0.0,0.0,0.0,0.0,0.0,0.0,0.0,0.0,0.0,0.01,0.04,0.1,0.25,0.56,1.17,2.31,4.22,7.2,11.43,16.9,23.28,29.85,35.66,39.68,41.11,39.68,35.66,29.85,23.28,16.9,11.43,7.2,4.22,2.31,1.17,0.56,0.25,0.11,0.05,0.06,0.11,0.26,0.6,1.26,2.47,4.52,7.7,12.23,18.08,24.9,31.94,38.18,42.53,44.21,42.99,39.31,34.23,29.12,25.28,23.66,24.6,27.79,32.33,36.93,40.31,41.47,40.03,36.26,31.04,25.59,21.13,18.63,18.63,21.13,25.58,31.03,36.22,39.92,41.21,39.71,35.67,29.86,23.28,16.9,11.43,7.2,4.22,2.31,1.17,0.56,0.25,0.1,0.04,0.01,0.01,0.0,0.0,0.0,0.01,0.01,0.01,0.02,0.02,0.03,0.05,0.07,0.1,0.14,0.2,0.3,0.43,0.62,0.89,1.27,1.8,2.5,3.45,4.67,6.25,8.24,10.7,13.68,17.22,21.34,26.03,31.26,36.95,43.0,49.24,55.5,61.57,67.23,72.25,76.43,79.57,81.53,82.23,81.63,79.76,76.71,72.62,67.67,62.08,56.06,49.84,43.63,37.6,31.92,26.68,21.98,17.84,14.28,11.28,8.81,6.8,5.22,3.99,3.05,2.35,1.85,1.49,1.25,1.08,0.98,0.92,0.9,0.89,0.91,0.95,1.03,1.13,1.29,1.5,1.78,2.15,2.63,3.22,3.93,4.77,5.74,6.84,8.05,9.34,10.68,12.04,13.37,14.62,15.75,16.7,17.45,17.94,18.17,18.13,17.81,17.23,16.42,15.42,14.26,13.0,11.68,10.35,9.03,7.78,6.61,5.54,4.58,3.75,3.02,2.41,1.91,1.49,1.16,0.9,0.7,0.55,0.45,0.37,0.33,0.31,0.31,0.33,0.36,0.39,0.43,0.48,0.53,0.57,0.61,0.64,0.67,0.68,0.69,0.68,0.67,0.64,0.61,0.56,0.52,0.47,0.41,0.36,0.31,0.26,0.22,0.18,0.14,0.11,0.09,0.07,0.05,0.04,0.03,0.02,0.01,0.01,0.01,0.0,0.0,0.0,0.0,0.0,0.0,0.0,0.0,0.0,0.0
12.05,11.37,9.53,7.1,4.71,2.77,1.45,0.68,0.28,0.1,0.03,0.01,0.0,0.0,0.0,0.0,0.0,0.0,0.0,0.0,0.0,0.0,0.0,0.0,0.0,0.0,0.0,0.0,0.0,0.0,0.0,0.0,0.0,0.0,0.0,0.0,0.0,0.0,0.0,0.0,0.0,0.0,0.0,0.01,0.03,0.07,0.17,0.38,0.79,1.56,2.86,4.87,7.73,11.43,15.74,20.19,24.12,26.83,27.8,26.83,24.12,20.19,15.74,11.43,7.73,4.87,2.86,1.56,0.79,0.38,0.17,0.07,0.05,0.06,0.15,0.35,0.79,1.66,3.25,5.96,10.15,16.12,23.83,32.83,42.11,50.34,56.08,58.31,56.71,51.9,45.27,38.64,33.75,31.86,33.43,38.01,44.37,50.78,55.48,57.1,55.12,49.93,42.75,35.24,29.09,25.66,25.66,29.09,35.23,42.73,49.88,54.98,56.75,54.69,49.13,41.12,32.06,23.28,15.74,9.92,5.82,3.18,1.62,0.77,0.34,0.14,0.05,0.02,0.01,0.0,0.0,0.0,0.0,0.01,0.01,0.01,0.02,0.02,0.04,0.05,0.08,0.12,0.17,0.26,0.38,0.55,0.8,1.15,1.62,2.27,3.13,4.26,5.71,7.53,9.78,12.51,15.76,19.53,23.84,28.63,33.85,39.4,45.12,50.87,56.44,61.64,66.26,70.1,73.0,74.83,75.49,74.97,73.29,70.52,66.81,62.3,57.2,51.71,46.03,40.35,34.84,29.64,24.84,20.53,16.73,13.46,10.7,8.43,6.59,5.13,4.0,3.14,2.51,2.05,1.74,1.52,1.39,1.31,1.26,1.25,1.26,1.28,1.34,1.42,1.54,1.72,1.97,2.31,2.75,3.32,4.03,4.89,5.92,7.1,8.43,9.9,11.46,13.09,14.74,16.34,17.85,19.19,20.32,21.19,21.75,21.98,21.87,21.42,20.66,19.62,18.35,16.91,15.34,13.7,12.06,10.46,8.94,7.53,6.25,5.12,4.13,3.29,2.59,2.01,1.55,1.18,0.89,0.67,0.51,0.4,0.32,0.27,0.24,0.23,0.23,0.24,0.27,0.29,0.32,0.35,0.38,0.41,0.43,0.44,0.46,0.46,0.45,0.44,0.43,0.4,0.38,0.34,0.31,0.27,0.24,0.21,0.17,0.15,0.12,0.1,0.08,0.06,0.05,0.03,0.03,0.02,0.01,0.01,0.01,0.0,0.0,0.0,0.0,0.0,0.0,0.0,0.0,0.0,0.0,0.0
5.61,5.29,4.44,3.31,2.19,1.29,0.68,0.32,0.13,0.05,0.02,0.0,0.0,0.0,0.0,0.0,0.0,0.0,0.0,0.0,0.0,0.0,0.0,0.0,0.0,0.0,0.0,0.0,0.0,0.0,0.0,0.0,0.0,0.0,0.0,0.0,0.0,0.0,0.0,0.0,0.0,0.0,0.0,0.01,0.02,0.04,0.1,0.24,0.5,0.98,1.8,3.07,4.87,7.2,9.92,12.72,15.19,16.9,17.51,16.9,15.19,12.72,9.92,7.2,4.87,3.07,1.8,0.98,0.5,0.24,0.11,0.05,0.04,0.07,0.18,0.44,0.99,2.09,4.11,7.52,12.82,20.36,30.1,41.46,53.19,63.57,70.83,73.65,71.64,65.58,57.24,48.91,42.82,40.55,42.68,48.64,56.85,65.1,71.14,73.23,70.69,64.04,54.83,45.2,37.32,32.91,32.91,37.31,45.19,54.8,63.97,70.51,72.79,70.15,63.01,52.74,41.11,29.85,20.19,12.72,7.46,4.08,2.07,0.98,0.43,0.18,0.07,0.02,0.01,0.0,0.0,0.0,0.0,0.0,0.01,0.01,0.01,0.02,0.03,0.04,0.06,0.1,0.15,0.22,0.33,0.49,0.71,1.02,1.45,2.03,2.81,3.83,5.13,6.77,8.81,11.27,14.2,17.61,21.49,25.82,30.53,35.54,40.72,45.91,50.95,55.66,59.85,63.34,65.99,67.67,68.31,67.88,66.4,63.96,60.65,56.63,52.07,47.15,42.05,36.95,31.99,27.3,22.98,19.08,15.65,12.69,10.19,8.12,6.45,5.13,4.11,3.34,2.78,2.38,2.11,1.93,1.82,1.77,1.74,1.74,1.76,1.8,1.86,1.95,2.1,2.3,2.59,2.99,3.51,4.19,5.04,6.08,7.32,8.75,10.36,12.14,14.04,16.01,18.0,19.95,21.76,23.38,24.74,25.76,26.41,26.66,26.49,25.9,24.94,23.64,22.06,20.27,18.34,16.33,14.32,12.37,10.52,8.82,7.28,5.92,4.74,3.75,2.92,2.24,1.7,1.28,0.95,0.7,0.52,0.38,0.29,0.23,0.19,0.17,0.17,0.17,0.18,0.19,0.21,0.23,0.25,0.27,0.28,0.29,0.3,0.3,0.3,0.29,0.28,0.26,0.25,0.22,0.2,0.18,0.16,0.14,0.11,0.1,0.08,0.06,0.05,0.04,0.03,0.02,0.02,0.01,0.01,0.01,0.0,0.0,0.0,0.0,0.0,0.0,0.0,0.0,0.0,0.0,0.0,0.0
2.32,2.19,1.84,1.37,0.91,0.53,0.28,0.13,0.05,0.02,0.01,0.0,0.0,0.0,0.0,0.0,0.0,0.0,0.0,0.0,0.0,0.0,0.0,0.0,0.0,0.0,0.0,0.0,0.0,0.0,0.0,0.0,0.0,0.0,0.0,0.0,0.0,0.0,0.0,0.0,0.0,0.0,0.0,0.0,0.01,0.03,0.06,0.14,0.29,0.58,1.06,1.8,2.86,4.22,5.82,7.46,8.91,9.92,10.27,9.92,8.91,7.46,5.82,4.22,2.86,1.8,1.06,0.58,0.29,0.14,0.06,0.03,0.04,0.09,0.21,0.52,1.18,2.48,4.88,8.94,15.23,24.19,35.77,49.26,63.2,75.54,84.16,87.51,85.12,77.93,68.04,58.16,50.95,48.3,50.9,58.05,67.88,77.76,84.97,87.48,84.44,76.5,65.5,53.99,44.58,39.31,39.31,44.57,53.98,65.47,76.42,84.23,86.96,83.79,75.27,63.0,49.11,35.66,24.12,15.19,8.91,4.87,2.48,1.17,0.52,0.21,0.08,0.03,0.01,0.0,0.0,0.0,0.0,0.0,0.0,0.01,0.01,0.01,0.02,0.03,0.05,0.08,0.13,0.19,0.29,0.42,0.62,0.9,1.28,1.8,2.49,3.39,4.55,6.01,7.81,10.0,12.6,15.63,19.08,22.93,27.12,31.57,36.18,40.81,45.31,49.52,53.27,56.41,58.8,60.34,60.96,60.64,59.4,57.29,54.41,50.9,46.91,42.59,38.1,33.6,29.22,25.06,21.22,17.75,14.69,12.04,9.81,7.95,6.46,5.27,4.37,3.69,3.2,2.86,2.64,2.51,2.44,2.41,2.41,2.42,2.45,2.5,2.57,2.67,2.83,3.05,3.38,3.84,4.45,5.25,6.26,7.49,8.97,10.68,12.62,14.75,17.04,19.42,21.81,24.15,26.33,28.28,29.89,31.11,31.88,32.15,31.92,31.19,30.0,28.41,26.48,24.29,21.94,19.51,17.07,14.71,12.48,10.43,8.58,6.95,5.54,4.36,3.37,2.57,1.94,1.44,1.05,0.77,0.55,0.4,0.29,0.22,0.17,0.14,0.13,0.12,0.12,0.13,0.14,0.15,0.16,0.17,0.18,0.19,0.19,0.19,0.19,0.19,0.18,0.17,0.16,0.14,0.13,0.12,0.1,0.09,0.07,0.06,0.05,0.04,0.03,0.03,0.02,0.01,0.01,0.01,0.01,0.0,0.0,0.0,0.0,0.0,0.0,0.0,0.0,0.0,0.0,0.0,0.0,0.0
0.86,0.81,0.68,0.5,0.33,0.2,0.1,0.05,0.02,0.01,0.0,0.0,0.0,0.0,0.0,0.0,0.0,0.0,0.0,0.0,0.0,0.0,0.0,0.0,0.0,0.0,0.0,0.0,0.0,0.0,0.0,0.0,0.0,0.0,0.0,0.0,0.0,0.0,0.0,0.0,0.0,0.0,0.0,0.0,0.01,0.01,0.03,0.08,0.16,0.32,0.58,0.98,1.56,2.31,3.18,4.08,4.87,5.42,5.61,5.42,4.87,4.08,3.18,2.31,1.56,0.98,0.58,0.32,0.16,0.08,0.04,0.02,0.04,0.09,0.24,0.58,1.31,2.76,5.42,9.92,16.92,26.86,39.72,54.7,70.18,83.89,93.46,97.18,94.53,86.55,75.56,64.61,56.62,53.69,56.59,64.57,75.51,86.5,94.53,97.32,93.95,85.11,72.87,60.07,49.59,43.73,43.73,49.59,60.06,72.84,85.02,93.71,96.74,93.23,83.75,70.09,54.64,39.68,26.83,16.9,9.92,5.42,2.76,1.31,0.58,0.24,0.09,0.03,0.01,0.0,0.0,0.0,0.0,0.0,0.0,0.0,0.01,0.01,0.02,0.03,0.04,0.07,0.11,0.16,0.25,0.37,0.54,0.78,1.11,1.57,2.17,2.96,3.97,5.24,6.82,8.73,11.01,13.66,16.68,20.05,23.72,27.63,31.68,35.75,39.71,43.42,46.75,49.54,51.7,53.12,53.74,53.54,52.54,50.79,48.36,45.38,41.96,38.25,34.38,30.49,26.69,23.07,19.71,16.66,13.97,11.63,9.64,8.0,6.67,5.63,4.83,4.24,3.83,3.56,3.39,3.31,3.28,3.28,3.31,3.35,3.39,3.44,3.51,3.62,3.78,4.02,4.39,4.9,5.6,6.52,7.69,9.14,10.87,12.9,15.19,17.72,20.44,23.27,26.12,28.9,31.5,33.81,35.73,37.17,38.07,38.38,38.09,37.2,35.77,33.85,31.52,28.9,26.08,23.16,20.25,17.43,14.76,12.31,10.11,8.17,6.5,5.1,3.93,2.99,2.24,1.65,1.2,0.86,0.61,0.43,0.31,0.22,0.16,0.12,0.1,0.09,0.09,0.09,0.09,0.1,0.1,0.11,0.12,0.12,0.12,0.12,0.12,0.12,0.11,0.11,0.1,0.09,0.08,0.07,0.06,0.06,0.05,0.04,0.03,0.03,0.02,0.02,0.01,0.01,0.01,0.01,0.0,0.0,0.0,0.0,0.0,0.0,0.0,0.0,0.0,0.0,0.0,0.0,0.0,0.0
0.28,0.26,0.22,0.17,0.11,0.06,0.03,0.02,0.01,0.0,0.0,0.0,0.0,0.0,0.0,0.0,0.0,0.0,0.0,0.0,0.0,0.0,0.0,0.0,0.0,0.0,0.0,0.0,0.0,0.0,0.0,0.0,0.0,0.0,0.0,0.0,0.0,0.0,0.0,0.0,0.0,0.0,0.0,0.0,0.0,0.01,0.02,0.04,0.08,0.16,0.29,0.5,0.79,1.17,1.62,2.07,2.48,2.76,2.86,2.76,2.48,2.07,1.62,1.17,0.79,0.5,0.29,0.16,0.08,0.04,0.02,0.02,0.04,0.1,0.25,0.6,1.35,2.86,5.62,10.28,17.52,27.81,41.13,56.65,72.67,86.87,96.78,100.63,97.89,89.63,78.25,66.91,58.64,55.62,58.63,66.9,78.24,89.63,97.96,100.84,97.35,88.19,75.51,62.24,51.39,45.32,45.32,51.39,62.23,75.47,88.1,97.1,100.25,96.6,86.78,72.63,56.62,41.11,27.8,17.51,10.27,5.61,2.86,1.35,0.6,0.25,0.09,0.03,0.01,0.0,0.0,0.0,0.0,0.0,0.0,0.0,0.01,0.01,0.01,0.02,0.04,0.06,0.09,0.14,0.21,0.31,0.46,0.67,0.95,1.34,1.86,2.54,3.41,4.51,5.87,7.51,9.47,11.76,14.37,17.28,20.45,23.83,27.34,30.87,34.33,37.57,40.5,42.98,44.92,46.24,46.89,46.84,46.09,44.71,42.74,40.29,37.45,34.35,31.1,27.8,24.56,21.46,18.57,15.93,13.58,11.53,9.79,8.34,7.17,6.25,5.56,5.06,4.73,4.52,4.42,4.39,4.41,4.46,4.51,4.57,4.62,4.68,4.75,4.85,5.0,5.26,5.64,6.2,6.98,8.01,9.35,11.02,13.03,15.38,18.05,21.01,24.19,27.51,30.86,34.12,37.17,39.88,42.14,43.83,44.88,45.23,44.88,43.82,42.12,39.84,37.09,33.99,30.66,27.22,23.78,20.45,17.31,14.43,11.83,9.55,7.59,5.94,4.57,3.47,2.59,1.91,1.38,0.99,0.7,0.49,0.34,0.23,0.16,0.12,0.09,0.07,0.06,0.06,0.06,0.06,0.07,0.07,0.07,0.07,0.08,0.08,0.08,0.07,0.07,0.07,0.06,0.06,0.05,0.05,0.04,0.03,0.03,0.02,0.02,0.02,0.01,0.01,0.01,0.01,0.0,0.0,0.0,0.0,0.0,0.0,0.0,0.0,0.0,0.0,0.0,0.0,0.0,0.0,0.0,0.0
0.08,0.08,0.06,0.05,0.03,0.02,0.01,0.0,0.0,0.0,0.0,0.0,0.0,0.0,0.0,0.0,0.0,0.0,0.0,0.0,0.0,0.0,0.0,0.0,0.0,0.0,0.0,0.0,0.0,0.0,0.0,0.0,0.0,0.0,0.0,0.0,0.0,0.0,0.0,0.0,0.0,0.0,0.0,0.0,0.0,0.0,0.01,0.02,0.04,0.08,0.14,0.24,0.38,0.56,0.77,0.98,1.17,1.31,1.35,1.31,1.17,0.98,0.77,0.56,0.38,0.24,0.14,0.08,0.04,0.02,0.01,0.01,0.03,0.09,0.24,0.58,1.31,2.76,5.42,9.92,16.9,26.84,39.68,54.65,70.12,83.81,93.38,97.09,94.45,86.48,75.5,64.56,56.58,53.67,56.58,64.56,75.51,86.5,94.53,97.32,93.95,85.11,72.87,60.07,49.59,43.73,43.73,49.59,60.06,72.84,85.02,93.71,96.74,93.23,83.75,70.09,54.64,39.68,26.83,16.9,9.92,5.42,2.76,1.31,0.58,0.24,0.09,0.03,0.01,0.0,0.0,0.0,0.0,0.0,0.0,0.0,0.0,0.01,0.01,0.02,0.03,0.05,0.08,0.12,0.18,0.26,0.39,0.56,0.81,1.14,1.57,2.15,2.89,3.82,4.97,6.37,8.03,9.98,12.19,14.67,17.38,20.27,23.28,26.32,29.31,32.13,34.7,36.91,38.67,39.92,40.62,40.73,40.27,39.26,37.76,35.84,33.58,31.07,28.41,25.69,23.0,20.39,17.93,15.67,13.64,11.86,10.33,9.05,8.02,7.22,6.63,6.21,5.96,5.83,5.8,5.83,5.91,6.0,6.09,6.17,6.23,6.28,6.34,6.42,6.56,6.8,7.18,7.77,8.61,9.75,11.25,13.13,15.41,18.09,21.16,24.56,28.23,32.05,35.92,39.7,43.23,46.37,48.97,50.93,52.14,52.55,52.12,50.89,48.9,46.25,43.06,39.45,35.57,31.57,27.57,23.71,20.06,16.7,13.69,11.05,8.77,6.86,5.28,4.0,2.98,2.19,1.58,1.13,0.79,0.55,0.38,0.26,0.17,0.12,0.08,0.06,0.05,0.04,0.04,0.04,0.04,0.04,0.04,0.05,0.05,0.05,0.05,0.05,0.04,0.04,0.04,0.04,0.03,0.03,0.02,0.02,0.02,0.01,0.01,0.01,0.01,0.01,0.0,0.0,0.0,0.0,0.0,0.0,0.0,0.0,0.0,0.0,0.0,0.0,0.0,0.0,0.0,0.0,0.0,0.0
0.02,0.02,0.02,0.01,0.01,0.0,0.0,0.0,0.0,0.0,0.0,0.0,0.0,0.0,0.0,0.0,0.0,0.0,0.0,0.0,0.0,0.0,0.0,0.0,0.0,0.0,0.0,0.0,0.0,0.0,0.0,0.0,0.0,0.0,0.0,0.0,0.0,0.0,0.0,0.0,0.0,0.0,0.0,0.0,0.0,0.0,0.0,0.01,0.02,0.03,0.06,0.1,0.17,0.25,0.34,0.43,0.52,0.58,0.6,0.58,0.52,0.43,0.34,0.25,0.17,0.1,0.06,0.03,0.02,0.01,0.01,0.01,0.03,0.08,0.21,0.52,1.17,2.48,4.87,8.91,15.19,24.12,35.67,49.12,63.02,75.33,83.93,87.26,84.89,77.72,67.86,58.02,50.85,48.24,50.85,58.03,67.87,77.75,84.97,87.47,84.44,76.5,65.5,53.99,44.58,39.31,39.31,44.57,53.98,65.47,76.42,84.23,86.96,83.79,75.27,63.0,49.11,35.66,24.12,15.19,8.91,4.87,2.48,1.17,0.52,0.21,0.08,0.03,0.01,0.0,0.0,0.0,0.0,0.0,0.0,0.0,0.0,0.01,0.01,0.02,0.02,0.04,0.06,0.1,0.15,0.22,0.32,0.47,0.67,0.95,1.31,1.79,2.41,3.18,4.15,5.32,6.71,8.34,10.21,12.3,14.59,17.04,19.59,22.2,24.77,27.22,29.48,31.46,33.1,34.33,35.1,35.41,35.25,34.63,33.6,32.2,30.5,28.57,26.49,24.32,22.13,19.98,17.92,16.0,14.25,12.7,11.35,10.22,9.31,8.61,8.1,7.77,7.59,7.54,7.59,7.69,7.83,7.98,8.11,8.22,8.29,8.33,8.35,8.4,8.5,8.7,9.06,9.65,10.53,11.75,13.38,15.45,17.99,21.0,24.45,28.3,32.45,36.8,41.2,45.49,49.51,53.09,56.07,58.3,59.67,60.13,59.64,58.22,55.94,52.91,49.24,45.11,40.67,36.09,31.52,27.09,22.92,19.08,15.64,12.61,10.01,7.82,6.01,4.55,3.39,2.49,1.8,1.28,0.89,0.62,0.42,0.28,0.19,0.13,0.09,0.06,0.04,0.03,0.03,0.03,0.03,0.03,0.03,0.03,0.03,0.03,0.03,0.03,0.03,0.03,0.02,0.02,0.02,0.02,0.01,0.01,0.01,0.01,0.01,0.01,0.0,0.0,0.0,0.0,0.0,0.0,0.0,0.0,0.0,0.0,0.0,0.0,0.0,0.0,0.0,0.0,0.0,0.0,0.0,0.0
0.0,0.0,0.0,0.0,0.0,0.0,0.0,0.0,0.0,0.0,0.0,0.0,0.0,0.0,0.0,0.0,0.0,0.0,0.0,0.0,0.0,0.01,0.01,0.02,0.02,0.02,0.02,0.02,0.01,0.01,0.0,0.0,0.0,0.0,0.0,0.0,0.0,0.0,0.0,0.0,0.0,0.0,0.0,0.0,0.0,0.0,0.0,0.0,0.01,0.01,0.03,0.04,0.07,0.1,0.14,0.18,0.21,0.24,0.25,0.24,0.21,0.18,0.14,0.1,0.07,0.04,0.03,0.01,0.01,0.0,0.0,0.01,0.02,0.07,0.18,0.43,0.98,2.07,4.08,7.46,12.72,20.19,29.86,41.12,52.75,63.06,70.26,73.05,71.06,65.06,56.81,48.57,42.57,40.38,42.57,48.57,56.81,65.09,71.13,73.23,70.69,64.04,54.83,45.2,37.32,32.91,32.91,37.31,45.19,54.8,63.97,70.51,72.79,70.15,63.01,52.74,41.11,29.85,20.19,12.72,7.46,4.08,2.07,0.98,0.43,0.18,0.07,0.02,0.01,0.0,0.0,0.0,0.0,0.0,0.0,0.0,0.0,0.0,0.01,0.01,0.02,0.03,0.05,0.08,0.12,0.18,0.26,0.38,0.55,0.78,1.08,1.47,1.98,2.62,3.42,4.38,5.54,6.89,8.44,10.19,12.11,14.17,16.34,18.56,20.78,22.93,24.95,26.76,28.32,29.56,30.47,31.0,31.16,30.94,30.38,29.51,28.36,26.99,25.45,23.8,22.07,20.34,18.64,17.02,15.51,14.14,12.94,11.92,11.1,10.48,10.05,9.8,9.7,9.73,9.86,10.05,10.27,10.48,10.66,10.79,10.86,10.88,10.87,10.85,10.88,11.02,11.33,11.88,12.75,14.01,15.74,17.97,20.74,24.04,27.86,32.13,36.75,41.61,46.53,51.34,55.85,59.86,63.2,65.7,67.24,67.75,67.19,65.59,63.02,59.59,55.46,50.81,45.8,40.64,35.49,30.5,25.8,21.48,17.6,14.19,11.26,8.8,6.76,5.12,3.81,2.79,2.02,1.43,1.0,0.69,0.47,0.31,0.21,0.14,0.09,0.06,0.04,0.03,0.02,0.02,0.02,0.02,0.02,0.02,0.02,0.02,0.02,0.02,0.02,0.01,0.01,0.01,0.01,0.01,0.01,0.01,0.01,0.01,0.0,0.0,0.0,0.0,0.0,0.0,0.0,0.0,0.0,0.0,0.0,0.0,0.0,0.0,0.0,0.0,0.0,0.0,0.0,0.0,0.0,0.0
0.0,0.0,0.0,0.0,0.0,0.0,0.0,0.0,0.0,0.0,0.0,0.0,0.0,0.0,0.0,0.0,0.0,0.0,0.0,0.01,0.02,0.03,0.05,0.06,0.08,0.08,0.08,0.06,0.05,0.03,0.02,0.01,0.0,0.0,0.0,0.0,0.0,0.0,0.0,0.0,0.0,0.0,0.0,0.0,0.0,0.0,0.0,0.0,0.0,0.01,0.01,0.02,0.03,0.04,0.05,0.07,0.08,0.09,0.09,0.09,0.08,0.07,0.05,0.04,0.03,0.02,0.01,0.01,0.0,0.0,0.0,0.01,0.02,0.05,0.14,0.34,0.77,1.62,3.18,5.82,9.92,15.74,23.28,32.06,41.13,49.16,54.78,56.95,55.4,50.73,44.29,37.87,33.19,31.48,33.19,37.87,44.3,50.75,55.46,57.09,55.12,49.93,42.75,35.24,29.09,25.66,25.66,29.09,35.23,42.73,49.88,54.98,56.75,54.69,49.13,41.12,32.06,23.28,15.74,9.92,5.82,3.18,1.62,0.77,0.34,0.14,0.05,0.02,0.01,0.0,0.0,0.0,0.0,0.0,0.0,0.0,0.0,0.0,0.01,0.01,0.02,0.03,0.04,0.06,0.1,0.14,0.21,0.31,0.44,0.63,0.87,1.19,1.6,2.13,2.78,3.57,4.51,5.63,6.91,8.36,9.96,11.7,13.54,15.46,17.39,19.31,21.15,22.86,24.4,25.72,26.79,27.58,28.09,28.3,28.22,27.87,27.26,26.43,25.4,24.23,22.93,21.57,20.18,18.8,17.48,16.26,15.17,14.23,13.48,12.92,12.55,12.37,12.35,12.47,12.7,12.98,13.29,13.57,13.81,13.96,14.03,14.02,13.95,13.85,13.78,13.8,14.01,14.47,15.29,16.55,18.32,20.66,23.61,27.16,31.3,35.95,41.01,46.34,51.75,57.04,62.02,66.44,70.13,72.89,74.59,75.15,74.52,72.74,69.89,66.09,61.5,56.34,50.79,45.06,39.35,33.81,28.6,23.81,19.5,15.73,12.48,9.75,7.49,5.67,4.22,3.09,2.23,1.58,1.11,0.76,0.52,0.34,0.23,0.15,0.1,0.06,0.04,0.03,0.02,0.01,0.01,0.01,0.01,0.01,0.01,0.01,0.01,0.01,0.01,0.01,0.01,0.01,0.01,0.01,0.01,0.0,0.0,0.0,0.0,0.0,0.0,0.0,0.0,0.0,0.0,0.0,0.0,0.0,0.0,0.0,0.0,0.0,0.0,0.0,0.0,0.0,0.0,0.0,0.0,0.0
0.0,0.0,0.0,0.0,0.0,0.0,0.0,0.0,0.0,0.0,0.0,0.0,0.0,0.0,0.0,0.0,0.0,0.01,0.02,0.03,0.06,0.11,0.17,0.22,0.26,0.28,0.26,0.22,0.17,0.11,0.06,0.03,0.02,0.01,0.0,0.0,0.0,0.0,0.0,0.0,0.0,0.0,0.0,0.0,0.0,0.0,0.0,0.0,0.0,0.0,0.0,0.01,0.01,0.01,0.02,0.02,0.03,0.03,0.03,0.03,0.03,0.02,0.02,0.01,0.01,0.01,0.0,0.0,0.0,0.0,0.0,0.0,0.01,0.04,0.1,0.25,0.56,1.17,2.31,4.22,7.2,11.43,16.9,23.28,29.87,35.7,39.78,41.36,40.23,36.84,32.16,27.5,24.1,22.86,24.1,27.5,32.17,36.85,40.27,41.46,40.02,36.26,31.04,25.59,21.13,18.63,18.63,21.13,25.58,31.03,36.22,39.92,41.21,39.71,35.67,29.86,23.28,16.9,11.43,7.2,4.22,2.31,1.17,0.56,0.25,0.1,0.04,0.01,0.0,0.0,0.0,0.0,0.0,0.0,0.0,0.0,0.0,0.0,0.0,0.01,0.01,0.02,0.03,0.05,0.08,0.11,0.17,0.25,0.35,0.5,0.7,0.95,1.28,1.71,2.23,2.87,3.65,4.56,5.62,6.82,8.16,9.64,11.22,12.89,14.62,16.37,18.1,19.78,21.36,22.82,24.11,25.21,26.09,26.75,27.16,27.33,27.25,26.94,26.41,25.68,24.78,23.74,22.61,21.43,20.26,19.13,18.1,17.21,16.49,15.97,15.65,15.53,15.6,15.82,16.15,16.54,16.95,17.32,17.62,17.81,17.87,17.81,17.65,17.43,17.22,17.09,17.14,17.47,18.17,19.35,21.1,23.49,26.55,30.29,34.68,39.65,45.09,50.82,56.67,62.41,67.8,72.6,76.6,79.6,81.45,82.04,81.36,79.41,76.29,72.14,67.13,61.49,55.43,49.18,42.94,36.9,31.21,25.98,21.28,17.16,13.62,10.63,8.17,6.18,4.6,3.37,2.43,1.73,1.21,0.83,0.56,0.37,0.25,0.16,0.1,0.07,0.04,0.03,0.02,0.01,0.01,0.01,0.01,0.01,0.01,0.01,0.01,0.01,0.01,0.01,0.0,0.0,0.0,0.0,0.0,0.0,0.0,0.0,0.0,0.0,0.0,0.0,0.0,0.0,0.0,0.0,0.0,0.0,0.0,0.0,0.0,0.0,0.0,0.0,0.0,0.0,0.0,0.0,0.0,0.0
0.0,0.0,0.0,0.0,0.0,0.0,0.0,0.0,0.0,0.0,0.0,0.0,0.0,0.0,0.0,0.0,0.01,0.02,0.05,0.1,0.2,0.33,0.5,0.68,0.81,0.86,0.81,0.68,0.5,0.33,0.2,0.1,0.05,0.02,0.01,0.0,0.0,0.0,0.0,0.0,0.0,0.0,0.0,0.0,0.0,0.0,0.0,0.0,0.0,0.0,0.0,0.0,0.0,0.0,0.01,0.01,0.01,0.01,0.01,0.01,0.01,0.01,0.01,0.0,0.0,0.0,0.0,0.0,0.0,0.0,0.0,0.0,0.01,0.03,0.07,0.17,0.38,0.79,1.56,2.86,4.87,7.73,11.43,15.74,20.2,24.14,26.9,27.97,27.21,24.91,21.75,18.6,16.3,15.46,16.3,18.6,21.75,24.92,27.24,28.04,27.07,24.52,20.99,17.31,14.29,12.6,12.6,14.29,17.3,20.98,24.49,27.0,27.87,26.86,24.13,20.19,15.74,11.43,7.73,4.87,2.86,1.56,0.79,0.38,0.17,0.07,0.03,0.01,0.0,0.0,0.0,0.0,0.0,0.0,0.0,0.0,0.0,0.0,0.0,0.01,0.01,0.02,0.03,0.04,0.06,0.09,0.13,0.19,0.28,0.39,0.55,0.75,1.02,1.36,1.78,2.3,2.93,3.68,4.55,5.56,6.7,7.97,9.36,10.86,12.45,14.11,15.8,17.51,19.21,20.85,22.42,23.87,25.17,26.3,27.22,27.92,28.37,28.57,28.51,28.19,27.64,26.89,25.97,24.94,23.86,22.78,21.78,20.89,20.18,19.68,19.4,19.34,19.49,19.82,20.27,20.79,21.31,21.78,22.15,22.36,22.41,22.29,22.02,21.65,21.25,20.91,20.75,20.86,21.38,22.42,24.07,26.41,29.5,33.34,37.91,43.12,48.84,54.91,61.12,67.22,72.97,78.1,82.36,85.57,87.54,88.17,87.42,85.32,81.97,77.5,72.13,66.06,59.55,52.83,46.13,39.64,33.53,27.91,22.86,18.43,14.63,11.42,8.78,6.64,4.94,3.62,2.61,1.85,1.29,0.89,0.6,0.4,0.26,0.17,0.11,0.07,0.04,0.03,0.02,0.01,0.01,0.01,0.0,0.0,0.0,0.0,0.0,0.0,0.0,0.0,0.0,0.0,0.0,0.0,0.0,0.0,0.0,0.0,0.0,0.0,0.0,0.0,0.0,0.0,0.0,0.0,0.0,0.0,0.0,0.0,0.0,0.0,0.0,0.0,0.0,0.0,0.0,0.0,0.0,0.0
0.0,0.0,0.0,0.0,0.0,0.0,0.0,0.0,0.0,0.0,0.0,0.0,0.0,0.0,0.0,0.01,0.02,0.05,0.13,0.28,0.53,0.91,1.37,1.84,2.19,2.32,2.19,1.84,1.37,0.91,0.53,0.28,0.13,0.05,0.02,0.01,0.0,0.0,0.0,0.0,0.0,0.0,0.0,0.0,0.0,0.0,0.0,0.0,0.0,0.0,0.0,0.0,0.0,0.0,0.0,0.0,0.0,0.0,0.0,0.0,0.0,0.0,0.0,0.0,0.0,0.0,0.0,0.0,0.0,0.0,0.0,0.0,0.01,0.02,0.04,0.1,0.24,0.5,0.98,1.8,3.07,4.87,7.2,9.92,12.72,15.21,16.94,17.62,17.14,15.69,13.7,11.71,10.27,9.74,10.27,11.71,13.7,15.7,17.15,17.66,17.05,15.44,13.22,10.9,9.0,7.94,7.94,9.0,10.9,13.22,15.43,17.01,17.56,16.92,15.2,12.72,9.92,7.2,4.87,3.07,1.8,0.98,0.5,0.24,0.1,0.04,0.02,0.01,0.0,0.0,0.0,0.0,0.0,0.0,0.0,0.0,0.0,0.0,0.0,0.0,0.01,0.01,0.02,0.03,0.05,0.07,0.1,0.15,0.22,0.31,0.43,0.59,0.8,1.07,1.41,1.83,2.35,2.97,3.71,4.57,5.56,6.68,7.94,9.33,10.85,12.48,14.21,16.03,17.9,19.79,21.68,23.53,25.29,26.92,28.38,29.62,30.6,31.3,31.68,31.76,31.53,31.02,30.27,29.35,28.31,27.24,26.22,25.31,24.57,24.06,23.8,23.8,24.04,24.48,25.07,25.73,26.39,26.97,27.41,27.66,27.68,27.48,27.07,26.51,25.88,25.28,24.83,24.66,24.91,25.71,27.18,29.39,32.41,36.25,40.89,46.23,52.14,58.45,64.92,71.3,77.31,82.69,87.17,90.53,92.6,93.25,92.45,90.23,86.68,81.95,76.27,69.85,62.97,55.87,48.78,41.92,35.45,29.51,24.17,19.49,15.46,12.08,9.28,7.02,5.23,3.83,2.76,1.96,1.37,0.94,0.64,0.42,0.28,0.18,0.11,0.07,0.04,0.03,0.02,0.01,0.01,0.0,0.0,0.01,0.08,0.16,0.08,0.01,0.0,0.0,0.0,0.0,0.0,0.0,0.0,0.0,0.0,0.0,0.0,0.0,0.0,0.0,0.0,0.01,0.07,0.15,0.07,0.01,0.0,0.0,0.0,0.0,0.0,0.0,0.0,0.0,0.0,0.0,0.0,0.0
0.0,0.0,0.0,0.0,0.0,0.0,0.0,0.0,0.0,0.0,0.0,0.0,0.0,0.0,0.0,0.02,0.05,0.13,0.32,0.68,1.29,2.19,3.31,4.44,5.29,5.61,5.29,4.44,3.31,2.19,1.29,0.68,0.32,0.13,0.05,0.02,0.0,0.0,0.0,0.0,0.0,0.0,0.0,0.0,0.0,0.0,0.0,0.0,0.0,0.0,0.0,0.0,0.0,0.0,0.0,0.0,0.0,0.0,0.0,0.0,0.0,0.0,0.0,0.0,0.0,0.0,0.0,0.0,0.0,0.0,0.0,0.0,0.0,0.01,0.03,0.06,0.14,0.29,0.58,1.06,1.8,2.86,4.22,5.82,7.46,8.92,9.94,10.34,10.05,9.21,8.04,6.87,6.02,5.71,6.02,6.87,8.04,9.21,10.06,10.36,10.0,9.06,7.76,6.39,5.28,4.66,4.66,5.28,6.39,7.75,9.05,9.98,10.3,9.92,8.92,7.46,5.82,4.22,2.86,1.8,1.06,0.58,0.29,0.14,0.06,0.03,0.01,0.0,0.0,0.0,0.0,0.0,0.0,0.0,0.0,0.0,0.0,0.0,0.0,0.0,0.01,0.01,0.01,0.02,0.04,0.05,0.08,0.12,0.17,0.24,0.33,0.46,0.63,0.85,1.12,1.47,1.9,2.42,3.06,3.81,4.7,5.73,6.92,8.26,9.77,11.45,13.28,15.26,17.36,19.57,21.84,24.13,26.39,28.56,30.57,32.36,33.88,35.07,35.9,36.34,36.4,36.1,35.49,34.62,33.59,32.49,31.4,30.43,29.65,29.11,28.87,28.92,29.25,29.81,30.55,31.36,32.17,32.87,33.4,33.68,33.67,33.37,32.8,32.01,31.1,30.17,29.37,28.84,28.74,29.22,30.39,32.37,35.21,38.94,43.53,48.89,54.87,61.29,67.91,74.46,80.65,86.19,90.82,94.28,96.41,97.08,96.24,93.91,90.21,85.29,79.37,72.7,65.53,58.14,50.76,43.62,36.89,30.71,25.16,20.28,16.09,12.57,9.66,7.31,5.44,3.98,2.87,2.04,1.42,0.98,0.66,0.44,0.29,0.19,0.12,0.07,0.05,0.03,0.02,0.01,0.01,0.0,0.01,0.32,2.73,5.61,2.73,0.32,0.01,0.0,0.0,0.0,0.0,0.0,0.0,0.0,0.0,0.0,0.0,0.0,0.0,0.0,0.01,0.32,2.73,5.61,2.73,0.32,0.01,0.0,0.0,0.0,0.0,0.0,0.0,0.0,0.0,0.0,0.0,0.0
0.0,0.0,0.0,0.0,0.0,0.0,0.0,0.0,0.0,0.0,0.0,0.0,0.0,0.0,0.01,0.03,0.1,0.28,0.68,1.45,2.77,4.71,7.1,9.53,11.36,12.05,11.36,9.53,7.1,4.71,2.77,1.45,0.68,0.28,0.1,0.03,0.01,0.0,0.0,0.0,0.0,0.0,0.0,0.0,0.0,0.0,0.0,0.0,0.0,0.0,0.0,0.0,0.0,0.0,0.0,0.0,0.0,0.0,0.0,0.0,0.0,0.0,0.0,0.0,0.0,0.0,0.0,0.0,0.0,0.0,0.0,0.0,0.0,0.01,0.01,0.03,0.08,0.16,0.32,0.58,0.98,1.56,2.31,3.18,4.08,4.87,5.43,5.65,5.49,5.03,4.39,3.75,3.29,3.12,3.29,3.76,4.39,5.03,5.5,5.66,5.46,4.95,4.24,3.49,2.88,2.54,2.54,2.88,3.49,4.24,4.95,5.45,5.63,5.42,4.87,4.08,3.18,2.31,1.56,0.98,0.58,0.32,0.16,0.08,0.03,0.01,0.01,0.0,0.0,0.0,0.0,0.0,0.0,0.0,0.0,0.0,0.0,0.0,0.0,0.0,0.0,0.01,0.01,0.02,0.03,0.04,0.06,0.09,0.13,0.18,0.26,0.36,0.5,0.67,0.9,1.19,1.56,2.02,2.58,3.27,4.09,5.08,6.24,7.6,9.15,10.93,12.92,15.12,17.52,20.09,22.79,25.57,28.37,31.1,33.69,36.06,38.12,39.8,41.06,41.85,42.18,42.06,41.54,40.7,39.64,38.46,37.28,36.21,35.36,34.78,34.54,34.64,35.07,35.76,36.66,37.64,38.61,39.45,40.07,40.38,40.33,39.92,39.15,38.1,36.85,35.54,34.32,33.36,32.82,32.87,33.66,35.29,37.85,41.35,45.76,51.0,56.93,63.34,69.98,76.58,82.83,88.45,93.13,96.65,98.8,99.47,98.59,96.2,92.41,87.37,81.3,74.46,67.12,59.55,51.99,44.68,37.79,31.45,25.76,20.77,16.48,12.87,9.89,7.48,5.57,4.08,2.94,2.09,1.46,1.0,0.68,0.45,0.3,0.19,0.12,0.08,0.05,0.03,0.02,0.01,0.01,0.0,0.08,2.73,23.69,48.68,23.69,2.73,0.08,0.0,0.0,0.0,0.0,0.0,0.0,0.0,0.0,0.0,0.0,0.0,0.0,0.0,0.07,2.73,23.69,48.68,23.69,2.73,0.07,0.0,0.0,0.0,0.0,0.0,0.0,0.0,0.0,0.0,0.0,0.0
0.0,0.0,0.0,0.0,0.0,0.0,0.0,0.0,0.0,0.0,0.0,0.0,0.0,0.0,0.02,0.06,0.2,0.53,1.29,2.77,5.29,8.98,13.56,18.19,21.69,23.01,21.69,18.19,13.56,8.98,5.29,2.77,1.29,0.53,0.2,0.06,0.02,0.0,0.0,0.0,0.0,0.0,0.0,0.0,0.0,0.0,0.0,0.0,0.0,0.0,0.0,0.0,0.0,0.0,0.0,0.0,0.0,0.0,0.0,0.0,0.0,0.0,0.0,0.0,0.0,0.0,0.0,0.0,0.0,0.0,0.0,0.0,0.0,0.0,0.01,0.02,0.04,0.08,0.16,0.29,0.5,0.79,1.17,1.62,2.08,2.48,2.76,2.87,2.8,2.56,2.23,1.91,1.67,1.59,1.67,1.91,2.23,2.56,2.8,2.88,2.78,2.52,2.16,1.78,1.47,1.29,1.29,1.47,1.78,2.16,2.52,2.77,2.86,2.76,2.48,2.07,1.62,1.17,0.79,0.5,0.29,0.16,0.08,0.04,0.02,0.01,0.0,0.0,0.0,0.0,0.0,0.0,0.0,0.0,0.0,0.0,0.0,0.0,0.0,0.0,0.0,0.01,0.01,0.01,0.02,0.03,0.05,0.07,0.1,0.14,0.2,0.29,0.4,0.54,0.74,0.99,1.32,1.73,2.25,2.9,3.7,4.68,5.86,7.27,8.93,10.85,13.05,15.53,18.27,21.25,24.43,27.73,31.1,34.42,37.62,40.57,43.18,45.36,47.03,48.17,48.74,48.77,48.32,47.47,46.34,45.05,43.75,42.57,41.61,40.98,40.73,40.88,41.41,42.25,43.31,44.48,45.62,46.61,47.32,47.66,47.57,47.02,46.04,44.68,43.06,41.31,39.61,38.14,37.08,36.63,36.93,38.11,40.26,43.4,47.52,52.52,58.25,64.51,71.04,77.56,83.77,89.35,94.02,97.52,99.66,100.31,99.41,96.99,93.16,88.07,81.95,75.06,67.66,60.02,52.41,45.04,38.09,31.7,25.97,20.94,16.61,12.97,9.97,7.54,5.61,4.11,2.97,2.1,1.47,1.01,0.68,0.45,0.3,0.19,0.12,0.08,0.05,0.03,0.02,0.01,0.01,0.0,0.16,5.61,48.68,100.0,48.68,5.61,0.15,0.0,0.0,0.0,0.0,0.0,0.0,0.0,0.0,0.0,0.0,0.0,0.0,0.0,0.15,5.61,48.68,100.0,48.68,5.61,0.15,0.0,0.0,0.0,0.0,0.0,0.0,0.0,0.0,0.0,0.0,0.0
0.0,0.0,0.0,0.0,0.0,0.0,0.0,0.0,0.0,0.0,0.0,0.0,0.0,0.01,0.03,0.11,0.33,0.91,2.19,4.71,8.98,15.25,23.01,30.87,36.82,39.05,36.82,30.87,23.01,15.25,8.98,4.71,2.19,0.91,0.33,0.11,0.03,0.01,0.0,0.0,0.0,0.0,0.0,0.0,0.0,0.0,0.0,0.0,0.0,0.0,0.0,0.0,0.0,0.0,0.0,0.0,0.0,0.0,0.0,0.0,0.0,0.0,0.0,0.0,0.0,0.0,0.0,0.0,0.0,0.0,0.0,0.0,0.0,0.0,0.0,0.01,0.02,0.04,0.08,0.14,0.24,0.38,0.56,0.77,0.98,1.18,1.31,1.36,1.32,1.21,1.06,0.91,0.79,0.75,0.79,0.91,1.06,1.21,1.33,1.37,1.32,1.19,1.02,0.84,0.7,0.61,0.61,0.7,0.84,1.02,1.19,1.31,1.36,1.31,1.17,0.98,0.77,0.56,0.38,0.24,0.14,0.08,0.04,0.02,0.01,0.0,0.0,0.0,0.0,0.0,0.0,0.0,0.0,0.0,0.0,0.0,0.0,0.0,0.0,0.0,0.0,0.0,0.01,0.01,0.02,0.02,0.04,0.05,0.08,0.11,0.16,0.23,0.32,0.45,0.62,0.85,1.15,1.54,2.04,2.68,3.49,4.5,5.73,7.23,9.02,11.14,13.59,16.38,19.5,22.92,26.6,30.47,34.42,38.36,42.17,45.71,48.88,51.55,53.64,55.09,55.89,56.06,55.65,54.77,53.54,52.13,50.68,49.35,48.29,47.59,47.32,47.52,48.14,49.13,50.37,51.73,53.06,54.2,55.01,55.38,55.24,54.54,53.32,51.63,49.59,47.37,45.13,43.08,41.44,40.39,40.12,40.75,42.39,45.07,48.76,53.38,58.79,64.76,71.06,77.38,83.42,88.87,93.44,96.86,98.95,99.56,98.66,96.25,92.43,87.38,81.31,74.46,67.12,59.55,51.99,44.68,37.79,31.45,25.76,20.77,16.48,12.87,9.89,7.48,5.57,4.08,2.94,2.09,1.46,1.0,0.68,0.45,0.3,0.19,0.12,0.08,0.05,0.03,0.02,0.01,0.01,0.0,0.08,2.73,23.69,48.68,23.69,2.73,0.07,0.0,0.0,0.0,0.0,0.0,0.0,0.0,0.0,0.0,0.0,0.0,0.0,0.0,0.07,2.73,23.69,48.68,23.69,2.73,0.07,0.0,0.0,0.0,0.0,0.0,0.0,0.0,0.0,0.0,0.0,0.0
0.0,0.0,0.0,0.0,0.0,0.0,0.0,0.0,0.0,0.0,0.0,0.0,0.0,0.01,0.05,0.17,0.5,1.37,3.31,7.1,13.56,23.01,34.72,46.58,55.56,58.92,55.56,46.58,34.72,23.01,13.56,7.1,3.31,1.37,0.5,0.17,0.05,0.01,0.0,0.0,0.0,0.0,0.0,0.0,0.0,0.0,0.0,0.0,0.0,0.0,0.0,0.0,0.0,0.0,0.0,0.0,0.0,0.0,0.0,0.0,0.0,0.0,0.0,0.0,0.0,0.0,0.0,0.0,0.0,0.0,0.0,0.0,0.0,0.0,0.0,0.0,0.01,0.02,0.03,0.06,0.1,0.17,0.25,0.34,0.43,0.52,0.58,0.6,0.58,0.54,0.47,0.4,0.35,0.33,0.35,0.4,0.47,0.54,0.59,0.6,0.58,0.53,0.45,0.37,0.31,0.27,0.27,0.31,0.37,0.45,0.53,0.58,0.6,0.58,0.52,0.43,0.34,0.25,0.17,0.1,0.06,0.03,0.02,0.01,0.0,0.0,0.0,0.0,0.0,0.0,0.0,0.0,0.0,0.0,0.0,0.0,0.0,0.0,0.0,0.0,0.0,0.0,0.0,0.01,0.01,0.02,0.03,0.04,0.06,0.09,0.13,0.19,0.27,0.39,0.55,0.76,1.05,1.43,1.93,2.58,3.42,4.47,5.79,7.41,9.37,11.7,14.42,17.55,21.08,24.97,29.18,33.61,38.17,42.73,47.16,51.3,55.01,58.16,60.66,62.42,63.43,63.71,63.32,62.39,61.05,59.48,57.87,56.39,55.2,54.43,54.14,54.38,55.1,56.24,57.66,59.22,60.74,62.03,62.95,63.35,63.15,62.3,60.82,58.78,56.3,53.56,50.74,48.08,45.79,44.09,43.16,43.16,44.2,46.3,49.46,53.59,58.54,64.11,70.05,76.05,81.81,87.03,91.41,94.7,96.7,97.27,96.36,94.0,90.26,85.33,79.39,72.71,65.54,58.14,50.76,43.62,36.89,30.71,25.15,20.28,16.09,12.57,9.66,7.3,5.44,3.98,2.87,2.04,1.42,0.98,0.66,0.44,0.29,0.19,0.12,0.07,0.05,0.03,0.02,0.01,0.01,0.0,0.01,0.32,2.73,5.61,2.73,0.32,0.01,0.0,0.0,0.0,0.0,0.0,0.0,0.0,0.0,0.0,0.0,0.0,0.0,0.0,0.01,0.32,2.73,5.61,2.73,0.32,0.01,0.0,0.0,0.0,0.0,0.0,0.0,0.0,0.0,0.0,0.0,0.0
0.0,0.0,0.0,0.0,0.0,0.0,0.0,0.0,0.0,0.0,0.0,0.0,0.0,0.02,0.06,0.22,0.68,1.84,4.44,9.53,18.19,30.87,46.58,62.49,74.54,79.05,74.54,62.49,46.58,30.87,18.19,9.53,4.44,1.84,0.68,0.22,0.06,0.02,0.0,0.0,0.0,0.0,0.0,0.0,0.0,0.0,0.0,0.0,0.0,0.0,0.0,0.0,0.0,0.0,0.0,0.0,0.0,0.0,0.0,0.0,0.0,0.0,0.0,0.0,0.0,0.0,0.0,0.0,0.0,0.0,0.0,0.0,0.0,0.0,0.0,0.0,0.0,0.01,0.01,0.03,0.04,0.07,0.1,0.14,0.18,0.21,0.24,0.25,0.24,0.22,0.19,0.16,0.14,0.14,0.14,0.16,0.19,0.22,0.24,0.25,0.24,0.22,0.19,0.15,0.13,0.11,0.11,0.13,0.15,0.19,0.22,0.24,0.25,0.24,0.21,0.18,0.14,0.1,0.07,0.04,0.03,0.01,0.01,0.0,0.0,0.0,0.0,0.0,0.0,0.0,0.0,0.0,0.0,0.0,0.0,0.0,0.0,0.0,0.0,0.0,0.0,0.0,0.0,0.01,0.01,0.01,0.02,0.03,0.05,0.08,0.11,0.16,0.24,0.35,0.5,0.71,0.99,1.38,1.89,2.57,3.44,4.57,5.98,7.74,9.88,12.44,15.46,18.95,22.89,27.25,31.98,36.99,42.15,47.33,52.36,57.08,61.32,64.95,67.82,69.88,71.09,71.46,71.09,70.08,68.62,66.89,65.11,63.47,62.15,61.3,60.99,61.26,62.09,63.37,64.98,66.73,68.43,69.88,70.9,71.33,71.06,70.05,68.31,65.91,62.98,59.7,56.29,52.98,50.01,47.6,45.97,45.28,45.63,47.08,49.62,53.15,57.55,62.6,68.06,73.63,79.02,83.92,88.05,91.14,93.02,93.53,92.64,90.35,86.75,82.0,76.29,69.87,62.98,55.87,48.78,41.92,35.45,29.51,24.17,19.49,15.46,12.07,9.28,7.02,5.22,3.83,2.76,1.96,1.37,0.94,0.64,0.42,0.28,0.18,0.11,0.07,0.04,0.03,0.02,0.01,0.01,0.0,0.0,0.01,0.08,0.15,0.07,0.01,0.0,0.0,0.0,0.0,0.0,0.0,0.0,0.0,0.0,0.0,0.0,0.0,0.0,0.0,0.0,0.01,0.07,0.15,0.07,0.01,0.0,0.0,0.0,0.0,0.0,0.0,0.0,0.0,0.0,0.0,0.0,0.0
0.0,0.0,0.0,0.0,0.0,0.0,0.0,0.0,0.0,0.0,0.0,0.0,0.0,0.02,0.08,0.26,0.81,2.19,5.29,11.36,21.69,36.82,55.56,74.54,88.91,94.29,88.91,74.54,55.56,36.82,21.69,11.36,5.29,2.19,0.81,0.26,0.08,0.02,0.0,0.0,0.0,0.0,0.0,0.0,0.0,0.0,0.0,0.0,0.0,0.0,0.0,0.0,0.0,0.0,0.0,0.0,0.0,0.0,0.0,0.0,0.0,0.0,0.0,0.0,0.0,0.0,0.0,0.0,0.0,0.0,0.0,0.0,0.0,0.0,0.0,0.0,0.0,0.0,0.01,0.01,0.02,0.03,0.04,0.05,0.07,0.08,0.09,0.09,0.09,0.08,0.07,0.06,0.06,0.05,0.06,0.06,0.07,0.08,0.09,0.09,0.09,0.08,0.07,0.06,0.05,0.04,0.04,0.05,0.06,0.07,0.08,0.09,0.09,0.09,0.08,0.07,0.05,0.04,0.03,0.02,0.01,0.01,0.0,0.0,0.0,0.0,0.0,0.0,0.0,0.0,0.0,0.0,0.0,0.0,0.0,0.0,0.0,0.0,0.0,0.0,0.0,0.0,0.0,0.0,0.01,0.01,0.02,0.03,0.04,0.07,0.1,0.15,0.22,0.32,0.47,0.68,0.97,1.36,1.9,2.61,3.54,4.74,6.27,8.17,10.49,13.3,16.61,20.44,24.79,29.62,34.86,40.41,46.16,51.92,57.53,62.81,67.56,71.62,74.86,77.19,78.58,79.04,78.66,77.58,75.99,74.1,72.15,70.35,68.9,67.96,67.63,67.94,68.86,70.28,72.07,74.01,75.89,77.49,78.6,79.05,78.72,77.55,75.55,72.79,69.41,65.6,61.59,57.62,53.95,50.83,48.47,47.04,46.67,47.4,49.24,52.11,55.86,60.31,65.2,70.26,75.19,79.69,83.5,86.35,88.08,88.53,87.66,85.48,82.06,77.56,72.16,66.08,59.56,52.84,46.13,39.64,33.52,27.9,22.86,18.43,14.62,11.42,8.78,6.64,4.94,3.62,2.61,1.85,1.29,0.89,0.6,0.4,0.26,0.17,0.11,0.07,0.04,0.02,0.01,0.01,0.01,0.0,0.0,0.0,0.0,0.0,0.0,0.0,0.0,0.0,0.0,0.0,0.0,0.0,0.0,0.0,0.0,0.0,0.0,0.0,0.0,0.0,0.0,0.0,0.0,0.0,0.0,0.0,0.0,0.0,0.0,0.0,0.0,0.0,0.0,0.0,0.0,0.0,0.0,0.0
0.0,0.0,0.0,0.0,0.0,0.0,0.0,0.0,0.0,0.0,0.0,0.0,0.0,0.02,0.08,0.28,0.86,2.32,5.61,12.05,23.01,39.05,58.92,79.05,94.29,100.0,94.29,79.05,58.92,39.05,23.01,12.05,5.61,2.32,0.86,0.28,0.08,0.02,0.0,0.0,0.0,0.0,0.0,0.0,0.0,0.0,0.0,0.0,0.0,0.0,0.0,0.0,0.0,0.0,0.0,0.0,0.0,0.0,0.0,0.0,0.0,0.0,0.0,0.0,0.0,0.0,0.0,0.0,0.0,0.0,0.0,0.0,0.0,0.0,0.0,0.0,0.0,0.0,0.0,0.0,0.01,0.01,0.01,0.02,0.02,0.03,0.03,0.03,0.03,0.03,0.03,0.02,0.02,0.02,0.02,0.02,0.03,0.03,0.03,0.03,0.03,0.03,0.03,0.02,0.02,0.02,0.02,0.02,0.02,0.03,0.03,0.03,0.03,0.03,0.03,0.02,0.02,0.01,0.01,0.01,0.0,0.0,0.0,0.0,0.0,0.0,0.0,0.0,0.0,0.0,0.0,0.0,0.0,0.0,0.0,0.0,0.0,0.0,0.0,0.0,0.0,0.0,0.0,0.0,0.01,0.01,0.01,0.02,0.04,0.06,0.09,0.14,0.21,0.31,0.46,0.67,0.97,1.38,1.94,2.69,3.68,4.96,6.59,8.63,11.14,14.17,17.76,21.92,26.65,31.92,37.64,43.71,49.98,56.29,62.44,68.23,73.44,77.91,81.48,84.05,85.6,86.13,85.74,84.59,82.87,80.83,78.71,76.76,75.19,74.17,73.81,74.16,75.16,76.72,78.66,80.78,82.83,84.57,85.77,86.24,85.85,84.52,82.27,79.17,75.36,71.03,66.44,61.83,57.49,53.65,50.56,48.39,47.27,47.26,48.36,50.5,53.56,57.33,61.59,66.07,70.48,74.53,77.97,80.55,82.09,82.48,81.64,79.59,76.4,72.2,67.17,61.51,55.44,49.18,42.94,36.89,31.2,25.97,21.27,17.15,13.61,10.63,8.17,6.18,4.6,3.37,2.43,1.72,1.2,0.83,0.56,0.37,0.24,0.16,0.1,0.06,0.04,0.02,0.01,0.01,0.0,0.0,0.0,0.0,0.0,0.0,0.0,0.0,0.0,0.0,0.0,0.0,0.0,0.0,0.0,0.0,0.0,0.0,0.0,0.0,0.0,0.0,0.0,0.0,0.0,0.0,0.0,0.0,0.0,0.0,0.0,0.0,0.0,0.0,0.0,0.0,0.0,0.0,0.0,0.0
0.0,0.0,0.0,0.0,0.0,0.0,0.0,0.0,0.0,0.0,0.0,0.0,0.0,0.02,0.08,0.26,0.81,2.19,5.29,11.36,21.69,36.82,55.56,74.54,88.91,94.29,88.91,74.54,55.56,36.82,21.69,11.36,5.29,2.19,0.81,0.26,0.08,0.02,0.0,0.0,0.0,0.0,0.0,0.0,0.0,0.0,0.0,0.0,0.0,0.0,0.0,0.0,0.0,0.0,0.0,0.0,0.0,0.0,0.0,0.0,0.0,0.0,0.0,0.0,0.0,0.0,0.0,0.0,0.0,0.0,0.0,0.0,0.0,0.0,0.0,0.0,0.0,0.0,0.0,0.0,0.0,0.0,0.0,0.01,0.01,0.01,0.01,0.01,0.01,0.01,0.01,0.01,0.01,0.01,0.01,0.01,0.01,0.01,0.01,0.01,0.01,0.01,0.01,0.01,0.01,0.01,0.01,0.01,0.01,0.01,0.01,0.01,0.01,0.01,0.01,0.01,0.01,0.0,0.0,0.0,0.0,0.0,0.0,0.0,0.0,0.0,0.0,0.0,0.0,0.0,0.0,0.0,0.0,0.0,0.0,0.0,0.0,0.0,0.0,0.0,0.0,0.0,0.0,0.0,0.0,0.01,0.01,0.02,0.03,0.05,0.09,0.13,0.2,0.31,0.46,0.68,0.98,1.41,2.0,2.78,3.82,5.18,6.91,9.08,11.76,15.0,18.84,23.3,28.37,34.01,40.16,46.68,53.43,60.22,66.84,73.08,78.7,83.52,87.38,90.17,91.84,92.43,92.03,90.81,88.98,86.8,84.53,82.44,80.76,79.67,79.3,79.67,80.75,82.42,84.51,86.78,88.98,90.84,92.11,92.6,92.15,90.69,88.21,84.79,80.58,75.79,70.66,65.46,60.47,55.96,52.17,49.27,47.41,46.66,47.01,48.42,50.74,53.81,57.4,61.25,65.09,68.65,71.69,73.97,75.33,75.64,74.84,72.94,70.01,66.15,61.54,56.35,50.78,45.05,39.33,33.8,28.58,23.79,19.49,15.71,12.47,9.73,7.48,5.66,4.21,3.09,2.22,1.58,1.1,0.76,0.51,0.34,0.22,0.14,0.09,0.06,0.04,0.02,0.01,0.01,0.0,0.0,0.0,0.0,0.0,0.0,0.0,0.0,0.0,0.0,0.0,0.0,0.0,0.0,0.0,0.0,0.0,0.0,0.0,0.0,0.0,0.0,0.0,0.0,0.0,0.0,0.0,0.0,0.0,0.0,0.0,0.0,0.0,0.0,0.0,0.0,0.0,0.0,0.0,0.0
0.0,0.0,0.0,0.0,0.0,0.0,0.0,0.0,0.0,0.0,0.0,0.0,0.0,0.02,0.06,0.22,0.68,1.84,4.44,9.53,18.19,30.87,46.58,62.49,74.54,79.05,74.54,62.49,46.58,30.87,18.19,9.53,4.44,1.84,0.68,0.22,0.06,0.02,0.0,0.0,0.0,0.0,0.0,0.0,0.0,0.0,0.0,0.0,0.0,0.0,0.0,0.0,0.0,0.0,0.0,0.0,0.0,0.0,0.0,0.0,0.0,0.0,0.0,0.0,0.0,0.0,0.0,0.0,0.0,0.0,0.0,0.0,0.0,0.0,0.0,0.0,0.0,0.0,0.0,0.0,0.0,0.0,0.0,0.0,0.0,0.0,0.0,0.0,0.0,0.0,0.0,0.0,0.0,0.0,0.0,0.0,0.0,0.0,0.0,0.0,0.0,0.0,0.0,0.0,0.0,0.0,0.0,0.0,0.0,0.0,0.0,0.0,0.0,0.0,0.0,0.0,0.0,0.0,0.0,0.0,0.0,0.0,0.0,0.0,0.0,0.0,0.0,0.0,0.0,0.0,0.0,0.0,0.0,0.0,0.0,0.0,0.0,0.0,0.0,0.0,0.0,0.0,0.0,0.0,0.0,0.01,0.01,0.02,0.03,0.05,0.08,0.13,0.2,0.31,0.46,0.69,1.0,1.45,2.05,2.87,3.96,5.38,7.2,9.48,12.3,15.71,19.76,24.46,29.82,35.79,42.28,49.18,56.32,63.51,70.52,77.12,83.08,88.19,92.29,95.25,97.03,97.67,97.26,95.98,94.05,91.75,89.36,87.16,85.39,84.24,83.84,84.24,85.38,87.15,89.36,91.76,94.08,96.03,97.37,97.86,97.36,95.78,93.1,89.41,84.86,79.66,74.06,68.34,62.78,57.66,53.22,49.65,47.1,45.63,45.26,45.93,47.52,49.88,52.78,55.98,59.24,62.3,64.92,66.89,68.05,68.28,67.53,65.8,63.14,59.65,55.48,50.8,45.78,40.61,35.46,30.47,25.77,21.45,17.57,14.16,11.24,8.78,6.74,5.1,3.8,2.78,2.01,1.42,0.99,0.68,0.46,0.31,0.2,0.13,0.08,0.05,0.03,0.02,0.01,0.01,0.0,0.0,0.0,0.0,0.0,0.0,0.0,0.0,0.0,0.0,0.0,0.0,0.0,0.0,0.0,0.0,0.0,0.0,0.0,0.0,0.0,0.0,0.0,0.0,0.0,0.0,0.0,0.0,0.0,0.0,0.0,0.0,0.0,0.0,0.0,0.0,0.0,0.0,0.0,0.0
0.02,0.02,0.02,0.01,0.01,0.0,0.0,0.0,0.0,0.0,0.0,0.0,0.0,0.01,0.05,0.17,0.5,1.37,3.31,7.1,13.56,23.01,34.72,46.58,55.56,58.92,55.56,46.58,34.72,23.01,13.56,7.1,3.31,1.37,0.5,0.17,0.05,0.01,0.0,0.0,0.0,0.0,0.0,0.0,0.0,0.0,0.0,0.0,0.0,0.0,0.0,0.0,0.0,0.0,0.0,0.0,0.0,0.0,0.0,0.0,0.0,0.0,0.0,0.0,0.0,0.0,0.0,0.0,0.0,0.0,0.0,0.0,0.0,0.0,0.0,0.0,0.0,0.0,0.0,0.0,0.0,0.0,0.0,0.0,0.0,0.0,0.0,0.0,0.0,0.0,0.0,0.0,0.0,0.0,0.0,0.0,0.0,0.0,0.0,0.0,0.0,0.0,0.0,0.0,0.0,0.0,0.0,0.0,0.0,0.0,0.0,0.0,0.0,0.0,0.0,0.0,0.0,0.0,0.0,0.0,0.0,0.0,0.0,0.0,0.0,0.0,0.0,0.0,0.0,0.0,0.0,0.0,0.0,0.0,0.0,0.0,0.0,0.0,0.0,0.0,0.0,0.0,0.0,0.0,0.0,0.01,0.01,0.02,0.03,0.05,0.08,0.13,0.2,0.31,0.47,0.69,1.02,1.47,2.1,2.95,4.07,5.54,7.42,9.79,12.71,16.25,20.46,25.35,30.92,37.13,43.88,51.07,58.5,65.99,73.29,80.16,86.37,91.7,95.97,99.06,100.93,101.6,101.18,99.86,97.86,95.47,92.98,90.69,88.85,87.66,87.25,87.66,88.85,90.69,92.99,95.48,97.89,99.92,101.3,101.8,101.25,99.57,96.74,92.83,88.01,82.48,76.49,70.33,64.3,58.66,53.66,49.5,46.32,44.2,43.15,43.12,44.02,45.68,47.9,50.47,53.15,55.7,57.89,59.55,60.52,60.68,59.98,58.42,56.04,52.94,49.24,45.08,40.62,36.03,31.46,27.03,22.86,19.03,15.59,12.57,9.97,7.79,5.98,4.53,3.37,2.47,1.78,1.26,0.88,0.61,0.41,0.27,0.18,0.12,0.07,0.05,0.03,0.02,0.01,0.01,0.0,0.0,0.0,0.0,0.0,0.0,0.0,0.0,0.0,0.0,0.0,0.0,0.0,0.0,0.0,0.0,0.0,0.0,0.0,0.0,0.0,0.0,0.0,0.0,0.0,0.0,0.0,0.0,0.0,0.0,0.0,0.0,0.0,0.0,0.0,0.0,0.0,0.0,0.0,0.0
0.08,0.08,0.06,0.05,0.03,0.02,0.01,0.0,0.0,0.0,0.0,0.0,0.0,0.01,0.03,0.11,0.33,0.91,2.19,4.71,8.98,15.25,23.01,30.87,36.82,39.05,36.82,30.87,23.01,15.25,8.98,4.71,2.19,0.91,0.33,0.11,0.03,0.01,0.0,0.0,0.0,0.0,0.0,0.0,0.0,0.0,0.0,0.0,0.0,0.0,0.0,0.0,0.0,0.0,0.0,0.0,0.0,0.0,0.0,0.0,0.0,0.0,0.0,0.0,0.0,0.0,0.0,0.0,0.0,0.0,0.0,0.0,0.0,0.0,0.0,0.0,0.0,0.0,0.0,0.0,0.0,0.0,0.0,0.0,0.0,0.0,0.0,0.0,0.0,0.0,0.0,0.0,0.0,0.0,0.0,0.0,0.0,0.0,0.0,0.0,0.0,0.0,0.0,0.0,0.0,0.0,0.0,0.0,0.0,0.0,0.0,0.0,0.0,0.0,0.0,0.0,0.0,0.0,0.0,0.0,0.0,0.0,0.0,0.0,0.0,0.0,0.0,0.0,0.0,0.0,0.0,0.0,0.0,0.0,0.0,0.0,0.0,0.0,0.0,0.0,0.0,0.0,0.0,0.0,0.0,0.01,0.01,0.02,0.03,0.05,0.08,0.13,0.2,0.31,0.47,0.7,1.03,1.49,2.13,2.99,4.14,5.63,7.56,9.97,12.96,16.59,20.89,25.89,31.6,37.95,44.87,52.23,59.85,67.52,75.0,82.05,88.41,93.87,98.25,101.42,103.34,104.03,103.61,102.25,100.21,97.77,95.23,92.88,91.0,89.78,89.36,89.78,91.0,92.89,95.24,97.79,100.25,102.32,103.73,104.22,103.64,101.89,98.95,94.89,89.87,84.1,77.83,71.35,64.95,58.91,53.46,48.8,45.09,42.39,40.74,40.08,40.33,41.34,42.93,44.89,47.01,49.07,50.86,52.22,52.99,53.08,52.44,51.05,48.96,46.24,43.0,39.37,35.48,31.47,27.47,23.6,19.96,16.61,13.61,10.97,8.71,6.8,5.22,3.95,2.94,2.16,1.55,1.1,0.77,0.53,0.36,0.24,0.16,0.1,0.06,0.04,0.02,0.01,0.01,0.01,0.0,0.0,0.0,0.0,0.0,0.0,0.0,0.0,0.0,0.0,0.0,0.0,0.0,0.0,0.0,0.0,0.0,0.0,0.0,0.0,0.0,0.0,0.0,0.0,0.0,0.0,0.0,0.0,0.0,0.0,0.0,0.0,0.0,0.0,0.0,0.0,0.0,0.0,0.0,0.0
0.28,0.26,0.22,0.17,0.11,0.06,0.03,0.02,0.01,0.0,0.0,0.0,0.0,0.0,0.02,0.06,0.2,0.53,1.29,2.77,5.29,8.98,13.56,18.19,21.69,23.01,21.69,18.19,13.56,8.98,5.29,2.77,1.29,0.53,0.2,0.06,0.02,0.0,0.0,0.0,0.0,0.0,0.0,0.0,0.0,0.0,0.0,0.0,0.0,0.0,0.0,0.0,0.0,0.0,0.0,0.0,0.0,0.0,0.0,0.0,0.0,0.0,0.0,0.0,0.0,0.0,0.0,0.0,0.0,0.0,0.0,0.0,0.0,0.0,0.0,0.0,0.0,0.0,0.0,0.0,0.0,0.0,0.0,0.0,0.0,0.0,0.0,0.0,0.0,0.0,0.0,0.0,0.0,0.0,0.0,0.0,0.0,0.0,0.0,0.0,0.0,0.0,0.0,0.0,0.0,0.0,0.0,0.0,0.0,0.0,0.0,0.0,0.0,0.0,0.0,0.0,0.0,0.0,0.0,0.0,0.0,0.0,0.0,0.0,0.0,0.0,0.0,0.0,0.0,0.0,0.0,0.0,0.0,0.0,0.0,0.0,0.0,0.0,0.0,0.0,0.0,0.0,0.0,0.0,0.0,0.01,0.01,0.02,0.03,0.05,0.08,0.13,0.2,0.31,0.46,0.7,1.03,1.49,2.13,2.99,4.15,5.65,7.59,10.02,13.03,16.68,21.01,26.06,31.8,38.21,45.18,52.6,60.28,68.01,75.56,82.66,89.08,94.59,99.01,102.21,104.15,104.85,104.42,103.06,101.01,98.54,95.98,93.62,91.72,90.49,90.07,90.5,91.73,93.63,95.99,98.57,101.04,103.13,104.53,105.02,104.42,102.63,99.63,95.49,90.36,84.45,78.02,71.34,64.7,58.37,52.59,47.56,43.42,40.26,38.1,36.9,36.57,37.0,38.0,39.4,41.0,42.6,44.02,45.09,45.68,45.72,45.13,43.92,42.1,39.76,36.97,33.84,30.49,27.04,23.61,20.29,17.15,14.28,11.7,9.43,7.48,5.84,4.49,3.4,2.53,1.85,1.34,0.95,0.66,0.45,0.31,0.2,0.13,0.09,0.05,0.03,0.02,0.01,0.01,0.0,0.0,0.0,0.0,0.0,0.0,0.0,0.0,0.0,0.0,0.0,0.0,0.0,0.0,0.0,0.0,0.0,0.0,0.0,0.0,0.0,0.0,0.0,0.0,0.0,0.0,0.0,0.0,0.0,0.0,0.0,0.0,0.0,0.0,0.0,0.0,0.0,0.0,0.0,0.0,0.0
0.86,0.81,0.68,0.5,0.33,0.2,0.1,0.05,0.02,0.01,0.0,0.0,0.0,0.0,0.01,0.03,0.1,0.28,0.68,1.45,2.77,4.71,7.1,9.53,11.36,12.05,11.36,9.53,7.1,4.71,2.77,1.45,0.68,0.28,0.1,0.03,0.01,0.0,0.0,0.0,0.0,0.0,0.0,0.0,0.0,0.0,0.0,0.0,0.0,0.0,0.0,0.0,0.0,0.0,0.0,0.0,0.0,0.0,0.0,0.0,0.0,0.0,0.0,0.0,0.0,0.0,0.0,0.0,0.0,0.0,0.0,0.0,0.0,0.0,0.0,0.0,0.0,0.0,0.0,0.0,0.0,0.0,0.0,0.0,0.0,0.0,0.0,0.0,0.0,0.0,0.0,0.0,0.0,0.0,0.0,0.0,0.0,0.0,0.0,0.0,0.0,0.0,0.0,0.0,0.0,0.0,0.0,0.0,0.0,0.0,0.0,0.0,0.0,0.0,0.0,0.0,0.0,0.0,0.0,0.0,0.0,0.0,0.0,0.0,0.0,0.0,0.0,0.0,0.0,0.0,0.0,0.0,0.0,0.0,0.0,0.0,0.0,0.0,0.0,0.0,0.0,0.0,0.0,0.0,0.0,0.01,0.01,0.02,0.03,0.05,0.08,0.12,0.19,0.3,0.46,0.69,1.01,1.47,2.1,2.96,4.1,5.59,7.51,9.92,12.91,16.52,20.82,25.82,31.52,37.88,44.8,52.15,59.77,67.45,74.93,81.98,88.35,93.82,98.21,101.38,103.31,104.0,103.59,102.23,100.2,97.76,95.22,92.87,90.99,89.77,89.35,89.78,90.99,92.88,95.23,97.78,100.23,102.3,103.68,104.16,103.55,101.74,98.74,94.59,89.45,83.51,77.03,70.27,63.53,57.05,51.08,45.8,41.37,37.85,35.29,33.64,32.83,32.75,33.24,34.15,35.28,36.46,37.53,38.35,38.79,38.76,38.23,37.19,35.64,33.64,31.28,28.62,25.79,22.87,19.97,17.16,14.51,12.08,9.89,7.97,6.33,4.94,3.8,2.87,2.14,1.57,1.13,0.8,0.56,0.38,0.26,0.17,0.11,0.07,0.05,0.03,0.02,0.01,0.01,0.0,0.0,0.0,0.0,0.0,0.0,0.0,0.0,0.0,0.0,0.0,0.0,0.0,0.0,0.0,0.0,0.0,0.0,0.0,0.0,0.0,0.0,0.0,0.0,0.0,0.0,0.0,0.0,0.0,0.0,0.0,0.0,0.0,0.0,0.0,0.0,0.0,0.0,0.0,0.0,0.0
2.32,2.19,1.84,1.37,0.91,0.53,0.28,0.13,0.05,0.02,0.01,0.0,0.0,0.0,0.0,0.02,0.05,0.13,0.32,0.68,1.29,2.19,3.31,4.44,5.29,5.61,5.29,4.44,3.31,2.19,1.29,0.68,0.32,0.13,0.05,0.02,0.0,0.0,0.0,0.0,0.0,0.0,0.0,0.0,0.0,0.0,0.0,0.0,0.0,0.0,0.0,0.0,0.0,0.0,0.0,0.0,0.0,0.0,0.0,0.0,0.0,0.0,0.0,0.0,0.0,0.0,0.0,0.0,0.0,0.0,0.0,0.0,0.0,0.0,0.0,0.0,0.0,0.0,0.0,0.0,0.0,0.0,0.0,0.0,0.0,0.0,0.0,0.0,0.0,0.0,0.0,0.0,0.0,0.0,0.0,0.0,0.0,0.0,0.0,0.0,0.0,0.0,0.0,0.0,0.0,0.0,0.0,0.0,0.0,0.0,0.0,0.0,0.0,0.0,0.0,0.0,0.0,0.0,0.0,0.0,0.0,0.0,0.0,0.0,0.0,0.0,0.0,0.0,0.0,0.0,0.0,0.0,0.0,0.0,0.0,0.0,0.0,0.0,0.0,0.0,0.0,0.0,0.0,0.0,0.0,0.01,0.01,0.02,0.03,0.05,0.07,0.12,0.19,0.29,0.44,0.67,0.98,1.43,2.05,2.88,4.0,5.45,7.32,9.68,12.59,16.12,20.31,25.2,30.76,36.96,43.72,50.9,58.34,65.83,73.14,80.03,86.25,91.59,95.87,98.98,100.86,101.54,101.13,99.81,97.82,95.44,92.96,90.68,88.84,87.65,87.24,87.65,88.84,90.68,92.97,95.46,97.86,99.87,101.22,101.67,101.06,99.28,96.32,92.24,87.17,81.31,74.9,68.2,61.48,54.99,48.96,43.57,38.97,35.22,32.36,30.37,29.18,28.68,28.75,29.23,29.95,30.77,31.54,32.13,32.43,32.36,31.89,30.99,29.69,28.02,26.04,23.83,21.47,19.04,16.62,14.28,12.08,10.05,8.23,6.64,5.27,4.11,3.16,2.39,1.78,1.3,0.94,0.67,0.47,0.32,0.22,0.14,0.09,0.06,0.04,0.02,0.01,0.01,0.01,0.0,0.0,0.0,0.0,0.0,0.0,0.0,0.0,0.0,0.0,0.0,0.0,0.0,0.0,0.0,0.0,0.0,0.0,0.0,0.0,0.0,0.0,0.0,0.0,0.0,0.0,0.0,0.0,0.0,0.0,0.0,0.0,0.0,0.0,0.0,0.0,0.0,0.0,0.0,0.0,0.0
5.61,5.29,4.44,3.31,2.19,1.29,0.68,0.32,0.13,0.05,0.02,0.0,0.0,0.0,0.0,0.01,0.02,0.05,0.13,0.28,0.53,0.91,1.37,1.84,2.19,2.32,2.19,1.84,1.37,0.91,0.53,0.28,0.13,0.05,0.02,0.01,0.0,0.0,0.0,0.0,0.0,0.0,0.0,0.0,0.0,0.0,0.0,0.0,0.0,0.0,0.0,0.0,0.0,0.0,0.0,0.0,0.0,0.0,0.0,0.0,0.0,0.0,0.0,0.0,0.0,0.0,0.0,0.0,0.0,0.0,0.0,0.0,0.0,0.0,0.0,0.0,0.0,0.0,0.0,0.0,0.0,0.0,0.0,0.0,0.0,0.0,0.0,0.0,0.0,0.0,0.0,0.0,0.0,0.0,0.0,0.0,0.0,0.0,0.0,0.0,0.0,0.0,0.0,0.0,0.0,0.0,0.0,0.0,0.0,0.0,0.0,0.0,0.0,0.0,0.0,0.0,0.0,0.0,0.0,0.0,0.0,0.0,0.0,0.0,0.0,0.0,0.0,0.0,0.0,0.0,0.0,0.0,0.0,0.0,0.0,0.0,0.0,0.0,0.0,0.0,0.0,0.0,0.0,0.0,0.0,0.01,0.01,0.02,0.03,0.04,0.07,0.11,0.18,0.28,0.43,0.64,0.94,1.37,1.96,2.77,3.84,5.23,7.03,9.29,12.09,15.48,19.51,24.2,29.55,35.51,42.0,48.9,56.05,63.25,70.28,76.89,82.87,88.0,92.12,95.1,96.91,97.56,97.17,95.91,94.0,91.71,89.33,87.13,85.36,84.22,83.83,84.22,85.37,87.13,89.34,91.72,94.02,95.95,97.24,97.67,97.08,95.35,92.49,88.54,83.63,77.95,71.72,65.19,58.62,52.25,46.3,40.93,36.28,32.42,29.39,27.16,25.69,24.87,24.59,24.71,25.1,25.62,26.13,26.52,26.7,26.61,26.19,25.43,24.35,22.97,21.34,19.53,17.59,15.6,13.62,11.7,9.89,8.23,6.74,5.44,4.31,3.37,2.59,1.96,1.46,1.07,0.77,0.55,0.38,0.26,0.18,0.12,0.08,0.05,0.03,0.02,0.01,0.01,0.0,0.0,0.0,0.0,0.0,0.0,0.0,0.0,0.0,0.0,0.0,0.0,0.0,0.0,0.0,0.0,0.0,0.0,0.0,0.0,0.0,0.0,0.0,0.0,0.0,0.0,0.0,0.0,0.0,0.0,0.0,0.0,0.0,0.0,0.0,0.0,0.0,0.0,0.0,0.0,0.0,0.0
12.05,11.36,9.53,7.1,4.71,2.77,1.45,0.68,0.28,0.1,0.03,0.01,0.0,0.0,0.0,0.0,0.01,0.02,0.05,0.1,0.2,0.33,0.5,0.68,0.81,0.86,0.81,0.68,0.5,0.33,0.2,0.1,0.05,0.02,0.01,0.0,0.0,0.0,0.0,0.0,0.0,0.0,0.0,0.0,0.0,0.0,0.0,0.0,0.0,0.0,0.0,0.0,0.0,0.0,0.0,0.0,0.0,0.0,0.0,0.0,0.0,0.0,0.0,0.0,0.0,0.0,0.0,0.0,0.0,0.0,0.0,0.0,0.0,0.0,0.0,0.0,0.0,0.0,0.0,0.0,0.0,0.0,0.0,0.0,0.0,0.0,0.0,0.0,0.0,0.0,0.0,0.0,0.0,0.0,0.0,0.0,0.0,0.0,0.0,0.0,0.0,0.0,0.0,0.0,0.0,0.0,0.0,0.0,0.0,0.0,0.0,0.0,0.0,0.0,0.0,0.0,0.0,0.0,0.0,0.0,0.0,0.0,0.0,0.0,0.0,0.0,0.0,0.0,0.0,0.0,0.0,0.0,0.0,0.0,0.0,0.0,0.0,0.0,0.0,0.0,0.0,0.0,0.0,0.0,0.0,0.01,0.01,0.01,0.03,0.04,0.07,0.11,0.17,0.26,0.4,0.6,0.89,1.3,1.86,2.61,3.62,4.95,6.64,8.78,11.43,14.63,18.45,22.88,27.94,33.57,39.71,46.24,53.0,59.81,66.45,72.71,78.37,83.22,87.11,89.93,91.64,92.26,91.89,90.7,88.89,86.73,84.47,82.4,80.73,79.65,79.27,79.65,80.73,82.4,84.48,86.74,88.91,90.73,91.95,92.35,91.78,90.14,87.41,83.65,78.98,73.56,67.62,61.38,55.08,48.95,43.18,37.95,33.36,29.51,26.41,24.06,22.39,21.34,20.8,20.65,20.77,21.04,21.34,21.57,21.66,21.54,21.17,20.54,19.66,18.54,17.22,15.75,14.19,12.58,10.98,9.43,7.98,6.64,5.44,4.38,3.48,2.72,2.09,1.58,1.18,0.86,0.62,0.44,0.31,0.21,0.14,0.1,0.06,0.04,0.03,0.02,0.01,0.01,0.0,0.0,0.0,0.0,0.0,0.0,0.0,0.0,0.0,0.0,0.0,0.0,0.0,0.0,0.0,0.0,0.0,0.0,0.0,0.0,0.0,0.0,0.0,0.0,0.0,0.0,0.0,0.0,0.0,0.0,0.0,0.0,0.0,0.0,0.0,0.0,0.0,0.0,0.0,0.0,0.0,0.0
23.01,21.69,18.19,13.56,8.98,5.29,2.77,1.29,0.53,0.2,0.06,0.02,0.0,0.0,0.0,0.0,0.0,0.01,0.02,0.03,0.06,0.11,0.17,0.22,0.26,0.28,0.26,0.22,0.17,0.11,0.06,0.03,0.02,0.01,0.0,0.0,0.0,0.0,0.0,0.0,0.0,0.0,0.0,0.0,0.0,0.0,0.0,0.0,0.0,0.0,0.0,0.0,0.0,0.0,0.0,0.0,0.0,0.0,0.0,0.0,0.0,0.0,0.0,0.0,0.0,0.0,0.0,0.0,0.0,0.0,0.0,0.0,0.0,0.0,0.0,0.0,0.0,0.0,0.0,0.0,0.0,0.0,0.0,0.0,0.0,0.0,0.0,0.0,0.0,0.0,0.0,0.0,0.0,0.0,0.0,0.0,0.0,0.0,0.0,0.0,0.0,0.0,0.0,0.0,0.0,0.0,0.0,0.0,0.0,0.0,0.0,0.0,0.0,0.0,0.0,0.0,0.0,0.0,0.0,0.0,0.0,0.0,0.0,0.0,0.0,0.0,0.0,0.0,0.0,0.0,0.0,0.0,0.0,0.0,0.0,0.0,0.0,0.0,0.0,0.0,0.0,0.0,0.0,0.0,0.0,0.0,0.01,0.01,0.02,0.04,0.06,0.1,0.16,0.24,0.37,0.56,0.83,1.21,1.73,2.43,3.37,4.6,6.18,8.17,10.63,13.62,17.16,21.29,26.0,31.24,36.96,43.03,49.33,55.66,61.85,67.67,72.93,77.45,81.07,83.7,85.29,85.87,85.52,84.41,82.73,80.72,78.62,76.69,75.13,74.13,73.78,74.13,75.14,76.69,78.63,80.73,82.75,84.44,85.57,85.94,85.4,83.86,81.31,77.8,73.42,68.35,62.77,56.91,50.98,45.18,39.71,34.72,30.31,26.55,23.49,21.09,19.34,18.14,17.42,17.06,16.98,17.05,17.19,17.29,17.31,17.17,16.85,16.33,15.62,14.72,13.67,12.5,11.26,9.98,8.71,7.49,6.33,5.27,4.31,3.48,2.76,2.16,1.66,1.25,0.93,0.68,0.49,0.35,0.24,0.17,0.11,0.08,0.05,0.03,0.02,0.01,0.01,0.0,0.0,0.0,0.0,0.0,0.0,0.0,0.0,0.0,0.0,0.0,0.0,0.0,0.0,0.0,0.0,0.0,0.0,0.0,0.0,0.0,0.0,0.0,0.0,0.0,0.0,0.0,0.0,0.0,0.0,0.0,0.0,0.0,0.0,0.0,0.0,0.0,0.0,0.0,0.0,0.0,0.0,0.0
39.05,36.82,30.87,23.01,15.25,8.98,4.71,2.19,0.91,0.33,0.11,0.03,0.01,0.0,0.0,0.0,0.0,0.0,0.0,0.01,0.02,0.03,0.05,0.06,0.08,0.08,0.08,0.06,0.05,0.03,0.02,0.01,0.0,0.0,0.0,0.0,0.0,0.0,0.0,0.0,0.0,0.0,0.0,0.0,0.0,0.0,0.0,0.0,0.0,0.0,0.0,0.0,0.0,0.0,0.0,0.0,0.0,0.0,0.0,0.0,0.0,0.0,0.0,0.0,0.0,0.0,0.0,0.0,0.0,0.0,0.0,0.0,0.0,0.0,0.0,0.0,0.0,0.0,0.0,0.0,0.0,0.0,0.0,0.0,0.0,0.0,0.0,0.0,0.0,0.0,0.0,0.0,0.0,0.0,0.0,0.0,0.0,0.0,0.0,0.0,0.0,0.0,0.0,0.0,0.0,0.0,0.0,0.0,0.0,0.0,0.0,0.0,0.0,0.0,0.0,0.0,0.0,0.0,0.0,0.0,0.0,0.0,0.0,0.0,0.0,0.0,0.0,0.0,0.0,0.0,0.0,0.0,0.0,0.0,0.0,0.0,0.0,0.0,0.0,0.0,0.0,0.0,0.0,0.0,0.0,0.0,0.01,0.01,0.02,0.04,0.06,0.09,0.14,0.22,0.34,0.51,0.76,1.1,1.58,2.23,3.09,4.21,5.66,7.48,9.74,12.47,15.72,19.5,23.81,28.62,33.85,39.42,45.18,50.98,56.65,61.98,66.8,70.94,74.26,76.67,78.12,78.65,78.34,77.32,75.78,73.93,72.01,70.24,68.82,67.9,67.58,67.9,68.82,70.25,72.02,73.94,75.79,77.34,78.38,78.71,78.21,76.8,74.45,71.21,67.19,62.51,57.37,51.96,46.47,41.1,36.0,31.33,27.18,23.61,20.66,18.31,16.53,15.27,14.43,13.95,13.71,13.64,13.65,13.67,13.63,13.49,13.21,12.79,12.22,11.51,10.68,9.77,8.8,7.8,6.81,5.85,4.94,4.11,3.37,2.72,2.16,1.68,1.29,0.98,0.73,0.53,0.38,0.27,0.19,0.13,0.09,0.06,0.04,0.02,0.02,0.01,0.01,0.0,0.0,0.0,0.0,0.0,0.0,0.0,0.0,0.0,0.0,0.0,0.0,0.0,0.0,0.0,0.0,0.0,0.0,0.0,0.0,0.0,0.0,0.0,0.0,0.0,0.0,0.0,0.0,0.0,0.0,0.0,0.0,0.0,0.0,0.0,0.0,0.0,0.0,0.0,0.0,0.0,0.0,0.0
58.92,55.56,46.58,34.72,23.01,13.56,7.1,3.31,1.37,0.5,0.17,0.05,0.01,0.0,0.0,0.0,0.0,0.0,0.0,0.0,0.0,0.01,0.01,0.02,0.02,0.02,0.02,0.02,0.01,0.01,0.0,0.0,0.0,0.0,0.0,0.0,0.0,0.0,0.0,0.0,0.0,0.0,0.0,0.0,0.0,0.0,0.0,0.0,0.0,0.0,0.0,0.0,0.0,0.0,0.0,0.0,0.0,0.0,0.0,0.0,0.0,0.0,0.0,0.0,0.0,0.0,0.0,0.0,0.0,0.0,0.0,0.0,0.0,0.0,0.0,0.0,0.0,0.0,0.0,0.0,0.0,0.0,0.0,0.0,0.0,0.0,0.0,0.0,0.0,0.0,0.0,0.0,0.0,0.0,0.0,0.0,0.0,0.0,0.0,0.0,0.0,0.0,0.0,0.0,0.0,0.0,0.0,0.0,0.0,0.0,0.0,0.0,0.0,0.0,0.0,0.0,0.0,0.0,0.0,0.0,0.0,0.0,0.0,0.0,0.0,0.0,0.0,0.0,0.0,0.0,0.0,0.0,0.0,0.0,0.0,0.0,0.0,0.0,0.0,0.0,0.0,0.0,0.0,0.0,0.0,0.0,0.01,0.01,0.02,0.03,0.05,0.08,0.13,0.2,0.31,0.46,0.68,0.99,1.42,2.01,2.78,3.8,5.1,6.75,8.78,11.24,14.17,17.58,21.46,25.8,30.52,35.53,40.73,45.96,51.07,55.88,60.22,63.95,66.94,69.11,70.43,70.9,70.62,69.7,68.31,66.65,64.92,63.32,62.04,61.21,60.92,61.21,62.04,63.33,64.92,66.66,68.33,69.72,70.65,70.95,70.49,69.21,67.09,64.16,60.52,56.28,51.62,46.71,41.72,36.82,32.17,27.88,24.05,20.74,17.97,15.73,14.0,12.73,11.85,11.28,10.95,10.78,10.7,10.65,10.57,10.43,10.2,9.86,9.41,8.86,8.22,7.51,6.76,5.99,5.23,4.49,3.8,3.16,2.59,2.09,1.66,1.29,0.99,0.75,0.56,0.41,0.3,0.21,0.15,0.1,0.07,0.05,0.03,0.02,0.01,0.01,0.0,0.0,0.0,0.0,0.0,0.0,0.0,0.0,0.0,0.0,0.0,0.0,0.0,0.0,0.0,0.0,0.0,0.0,0.0,0.0,0.0,0.0,0.0,0.0,0.0,0.0,0.0,0.0,0.0,0.0,0.0,0.0,0.0,0.0,0.0,0.0,0.0,0.0,0.0,0.0,0.0,0.0,0.0,0.0
79.05,74.54,62.49,46.58,30.87,18.19,9.53,4.44,1.84,0.68,0.22,0.06,0.02,0.0,0.0,0.0,0.0,0.0,0.0,0.0,0.0,0.0,0.0,0.0,0.0,0.0,0.0,0.0,0.0,0.0,0.0,0.0,0.0,0.0,0.0,0.0,0.0,0.0,0.0,0.0,0.0,0.0,0.0,0.0,0.0,0.0,0.0,0.01,0.01,0.02,0.02,0.02,0.02,0.02,0.01,0.01,0.0,0.0,0.0,0.0,0.0,0.0,0.0,0.0,0.0,0.0,0.0,0.0,0.0,0.0,0.0,0.0,0.0,0.0,0.0,0.0,0.0,0.0,0.0,0.0,0.0,0.0,0.0,0.0,0.0,0.0,0.0,0.0,0.0,0.0,0.0,0.0,0.0,0.0,0.0,0.0,0.0,0.0,0.0,0.0,0.0,0.0,0.0,0.0,0.0,0.0,0.0,0.0,0.0,0.0,0.0,0.0,0.0,0.0,0.0,0.0,0.0,0.0,0.0,0.0,0.0,0.0,0.0,0.0,0.0,0.0,0.0,0.0,0.0,0.0,0.0,0.0,0.0,0.0,0.0,0.0,0.0,0.0,0.0,0.0,0.0,0.0,0.0,0.0,0.0,0.0,0.01,0.01,0.02,0.03,0.05,0.07,0.12,0.18,0.27,0.41,0.61,0.88,1.26,1.78,2.47,3.37,4.53,5.99,7.79,9.97,12.57,15.6,19.04,22.89,27.07,31.52,36.13,40.78,45.31,49.57,53.43,56.74,59.39,61.32,62.48,62.91,62.66,61.84,60.61,59.13,57.6,56.18,55.04,54.31,54.05,54.31,55.04,56.18,57.6,59.14,60.62,61.85,62.68,62.94,62.53,61.39,59.5,56.9,53.65,49.88,45.73,41.34,36.88,32.5,28.32,24.46,21.0,17.99,15.44,13.37,11.74,10.51,9.63,9.03,8.65,8.42,8.28,8.19,8.09,7.95,7.75,7.48,7.13,6.71,6.22,5.69,5.12,4.54,3.96,3.4,2.87,2.39,1.96,1.58,1.25,0.98,0.75,0.57,0.42,0.31,0.22,0.16,0.11,0.08,0.05,0.03,0.02,0.01,0.01,0.01,0.0,0.0,0.0,0.0,0.0,0.0,0.0,0.0,0.0,0.0,0.0,0.0,0.0,0.0,0.0,0.0,0.0,0.0,0.0,0.0,0.0,0.0,0.0,0.0,0.0,0.0,0.0,0.0,0.0,0.0,0.0,0.0,0.0,0.0,0.0,0.0,0.0,0.0,0.0,0.0,0.0,0.0,0.0,0.0
94.29,88.91,74.54,55.56,36.82,21.69,11.36,5.29,2.19,0.81,0.26,0.08,0.02,0.0,0.0,0.0,0.0,0.0,0.0,0.0,0.0,0.0,0.0,0.0,0.0,0.0,0.0,0.0,0.0,0.0,0.0,0.0,0.0,0.0,0.0,0.0,0.0,0.0,0.0,0.0,0.0,0.0,0.0,0.0,0.0,0.01,0.02,0.03,0.05,0.06,0.08,0.08,0.08,0.06,0.05,0.03,0.02,0.01,0.0,0.0,0.0,0.0,0.0,0.0,0.0,0.0,0.0,0.0,0.0,0.0,0.0,0.0,0.0,0.0,0.0,0.0,0.0,0.0,0.0,0.0,0.0,0.0,0.0,0.0,0.0,0.0,0.0,0.0,0.0,0.0,0.0,0.0,0.0,0.0,0.0,0.0,0.0,0.0,0.0,0.0,0.0,0.0,0.0,0.0,0.0,0.0,0.0,0.0,0.0,0.0,0.0,0.0,0.0,0.0,0.0,0.0,0.0,0.0,0.0,0.0,0.0,0.0,0.0,0.0,0.0,0.0,0.0,0.0,0.0,0.0,0.0,0.0,0.0,0.0,0.0,0.0,0.0,0.0,0.0,0.0,0.0,0.0,0.0,0.0,0.0,0.0,0.01,0.01,0.01,0.02,0.04,0.06,0.1,0.16,0.24,0.36,0.53,0.77,1.1,1.55,2.16,2.94,3.95,5.23,6.8,8.71,10.98,13.62,16.63,19.98,23.64,27.53,31.55,35.6,39.56,43.29,46.65,49.54,51.86,53.54,54.56,54.93,54.71,54.0,52.92,51.63,50.29,49.06,48.06,47.42,47.2,47.42,48.06,49.06,50.3,51.64,52.93,54.01,54.73,54.95,54.6,53.6,51.94,49.66,46.82,43.52,39.87,36.03,32.11,28.25,24.57,21.16,18.09,15.4,13.11,11.24,9.74,8.59,7.75,7.15,6.75,6.49,6.33,6.21,6.1,5.97,5.81,5.59,5.33,5.0,4.64,4.24,3.81,3.38,2.95,2.53,2.14,1.78,1.46,1.18,0.93,0.73,0.56,0.42,0.32,0.23,0.17,0.12,0.08,0.06,0.04,0.03,0.02,0.01,0.01,0.0,0.0,0.0,0.0,0.0,0.0,0.0,0.0,0.0,0.0,0.0,0.0,0.0,0.0,0.0,0.0,0.0,0.0,0.0,0.0,0.0,0.0,0.0,0.0,0.0,0.0,0.0,0.0,0.0,0.0,0.0,0.0,0.0,0.0,0.0,0.0,0.0,0.0,0.0,0.0,0.0,0.0,0.0,0.0,0.0
100.0,94.29,79.05,58.92,39.05,23.01,12.05,5.61,2.32,0.86,0.28,0.08,0.02,0.0,0.0,0.0,0.0,0.0,0.0,0.0,0.0,0.0,0.0,0.0,0.0,0.0,0.0,0.0,0.0,0.0,0.0,0.0,0.0,0.0,0.0,0.0,0.0,0.0,0.0,0.0,0.0,0.0,0.0,0.01,0.02,0.03,0.06,0.11,0.17,0.22,0.26,0.28,0.26,0.22,0.17,0.11,0.06,0.03,0.02,0.01,0.0,0.0,0.0,0.0,0.0,0.0,0.0,0.0,0.0,0.0,0.0,0.0,0.0,0.0,0.0,0.0,0.0,0.0,0.0,0.0,0.0,0.0,0.0,0.0,0.0,0.0,0.0,0.0,0.0,0.0,0.0,0.0,0.0,0.0,0.0,0.0,0.0,0.0,0.0,0.0,0.0,0.0,0.0,0.0,0.0,0.0,0.0,0.0,0.0,0.0,0.0,0.0,0.0,0.0,0.0,0.0,0.0,0.0,0.0,0.0,0.0,0.0,0.0,0.0,0.0,0.0,0.0,0.0,0.0,0.0,0.0,0.0,0.0,0.0,0.0,0.0,0.0,0.0,0.0,0.0,0.0,0.0,0.0,0.0,0.0,0.0,0.0,0.01,0.01,0.02,0.03,0.05,0.09,0.13,0.2,0.31,0.45,0.66,0.95,1.34,1.85,2.53,3.4,4.49,5.84,7.48,9.43,11.7,14.29,17.17,20.31,23.65,27.11,30.6,34.0,37.2,40.09,42.57,44.57,46.01,46.88,47.2,47.01,46.4,45.48,44.37,43.22,42.16,41.3,40.75,40.56,40.75,41.3,42.16,43.22,44.37,45.48,46.41,47.03,47.22,46.91,46.05,44.63,42.66,40.21,37.37,34.23,30.91,27.52,24.19,21.0,18.03,15.36,13.01,11.0,9.34,8.0,6.96,6.18,5.61,5.22,4.96,4.78,4.65,4.53,4.42,4.28,4.12,3.91,3.67,3.4,3.11,2.79,2.48,2.16,1.85,1.57,1.3,1.07,0.86,0.68,0.53,0.41,0.31,0.23,0.17,0.12,0.09,0.06,0.04,0.03,0.02,0.01,0.01,0.01,0.0,0.0,0.0,0.0,0.0,0.0,0.0,0.0,0.0,0.0,0.0,0.0,0.0,0.0,0.0,0.0,0.0,0.0,0.0,0.0,0.0,0.0,0.0,0.0,0.0,0.0,0.0,0.0,0.0,0.0,0.0,0.0,0.0,0.0,0.0,0.0,0.0,0.0,0.0,0.0,0.0,0.0,0.0,0.0,0.0
94.29,88.91,74.54,55.56,36.82,21.69,11.36,5.29,2.19,0.81,0.26,0.08,0.02,0.0,0.0,0.0,0.0,0.0,0.0,0.0,0.0,0.0,0.0,0.0,0.0,0.0,0.0,0.0,0.0,0.0,0.0,0.0,0.0,0.0,0.0,0.0,0.0,0.0,0.0,0.0,0.0,0.0,0.01,0.02,0.05,0.1,0.2,0.33,0.5,0.68,0.81,0.86,0.81,0.68,0.5,0.33,0.2,0.1,0.05,0.02,0.01,0.0,0.0,0.0,0.0,0.0,0.0,0.0,0.0,0.0,0.0,0.0,0.0,0.0,0.0,0.0,0.0,0.0,0.0,0.0,0.0,0.0,0.0,0.0,0.0,0.0,0.0,0.0,0.0,0.0,0.0,0.0,0.0,0.0,0.0,0.0,0.0,0.0,0.0,0.0,0.0,0.0,0.0,0.0,0.0,0.0,0.0,0.0,0.0,0.0,0.0,0.0,0.0,0.0,0.0,0.0,0.0,0.0,0.0,0.0,0.0,0.0,0.0,0.0,0.0,0.0,0.0,0.0,0.0,0.0,0.0,0.0,0.0,0.0,0.0,0.0,0.0,0.0,0.0,0.0,0.0,0.0,0.0,0.0,0.0,0.0,0.0,0.01,0.01,0.02,0.03,0.05,0.07,0.11,0.17,0.26,0.38,0.56,0.8,1.13,1.57,2.14,2.87,3.8,4.94,6.33,7.98,9.9,12.08,14.52,17.18,20.0,22.93,25.88,28.75,31.46,33.91,36.01,37.69,38.91,39.65,39.92,39.76,39.24,38.46,37.53,36.55,35.65,34.93,34.46,34.3,34.46,34.93,35.65,36.55,37.53,38.47,39.25,39.77,39.93,39.67,38.94,37.73,36.07,33.99,31.58,28.92,26.1,23.23,20.39,17.67,15.14,12.85,10.84,9.11,7.66,6.5,5.58,4.88,4.36,4.0,3.74,3.56,3.43,3.33,3.23,3.11,2.99,2.83,2.66,2.46,2.24,2.02,1.79,1.56,1.34,1.13,0.94,0.77,0.62,0.49,0.38,0.3,0.22,0.17,0.12,0.09,0.06,0.04,0.03,0.02,0.01,0.01,0.01,0.0,0.0,0.0,0.0,0.0,0.0,0.0,0.0,0.0,0.0,0.0,0.0,0.0,0.0,0.0,0.0,0.0,0.0,0.0,0.0,0.0,0.0,0.0,0.0,0.0,0.0,0.0,0.0,0.0,0.0,0.0,0.0,0.0,0.0,0.0,0.0,0.0,0.0,0.0,0.0,0.0,0.0,0.0,0.0,0.0,0.0
79.05,74.54,62.49,46.58,30.87,18.19,9.53,4.44,1.84,0.68,0.22,0.06,0.02,0.0,0.0,0.0,0.0,0.0,0.0,0.0,0.0,0.0,0.0,0.0,0.0,0.0,0.0,0.0,0.0,0.0,0.0,0.0,0.0,0.0,0.0,0.0,0.0,0.0,0.0,0.0,0.0,0.01,0.02,0.05,0.13,0.28,0.53,0.91,1.37,1.84,2.19,2.32,2.19,1.84,1.37,0.91,0.53,0.28,0.13,0.05,0.02,0.01,0.0,0.0,0.0,0.0,0.0,0.0,0.0,0.0,0.0,0.0,0.0,0.0,0.0,0.0,0.0,0.0,0.0,0.0,0.0,0.0,0.0,0.0,0.0,0.0,0.0,0.0,0.0,0.0,0.0,0.0,0.0,0.0,0.0,0.0,0.0,0.0,0.0,0.0,0.0,0.0,0.0,0.0,0.0,0.0,0.0,0.0,0.0,0.0,0.0,0.0,0.0,0.0,0.0,0.0,0.0,0.0,0.0,0.0,0.0,0.0,0.0,0.0,0.0,0.0,0.0,0.0,0.0,0.0,0.0,0.0,0.0,0.0,0.0,0.0,0.0,0.0,0.0,0.0,0.0,0.0,0.0,0.0,0.0,0.0,0.0,0.01,0.01,0.01,0.02,0.04,0.06,0.09,0.14,0.22,0.32,0.47,0.67,0.94,1.3,1.78,2.39,3.16,4.11,5.27,6.64,8.24,10.06,12.09,14.3,16.65,19.09,21.54,23.93,26.19,28.22,29.97,31.37,32.39,33.01,33.23,33.1,32.67,32.02,31.24,30.42,29.68,29.08,28.69,28.55,28.69,29.08,29.68,30.43,31.24,32.02,32.67,33.1,33.24,33.02,32.41,31.4,30.02,28.29,26.27,24.05,21.7,19.3,16.92,14.65,12.53,10.61,8.91,7.44,6.22,5.22,4.42,3.81,3.36,3.03,2.79,2.63,2.5,2.41,2.32,2.23,2.13,2.02,1.89,1.75,1.59,1.43,1.27,1.11,0.95,0.8,0.67,0.55,0.44,0.35,0.27,0.21,0.16,0.12,0.09,0.06,0.04,0.03,0.02,0.01,0.01,0.01,0.0,0.0,0.0,0.0,0.0,0.0,0.0,0.0,0.0,0.0,0.0,0.0,0.0,0.0,0.0,0.0,0.0,0.0,0.0,0.0,0.0,0.0,0.0,0.0,0.0,0.0,0.0,0.0,0.0,0.0,0.0,0.0,0.0,0.0,0.0,0.0,0.0,0.0,0.0,0.0,0.0,0.0,0.0,0.0,0.0,0.0,0.0
58.92,55.56,46.58,34.72,23.01,13.56,7.1,3.31,1.37,0.5,0.17,0.05,0.01,0.0,0.0,0.0,0.0,0.0,0.0,0.0,0.0,0.0,0.0,0.0,0.0,0.0,0.0,0.0,0.0,0.0,0.0,0.0,0.0,0.0,0.0,0.0,0.0,0.0,0.0,0.0,0.0,0.02,0.05,0.13,0.32,0.68,1.29,2.19,3.31,4.44,5.29,5.61,5.29,4.44,3.31,2.19,1.29,0.68,0.32,0.13,0.05,0.02,0.0,0.0,0.0,0.0,0.0,0.0,0.0,0.0,0.0,0.0,0.0,0.0,0.0,0.0,0.0,0.0,0.0,0.0,0.0,0.0,0.0,0.0,0.0,0.0,0.0,0.0,0.0,0.0,0.0,0.0,0.0,0.0,0.0,0.0,0.0,0.0,0.0,0.0,0.0,0.0,0.0,0.0,0.0,0.0,0.0,0.0,0.0,0.0,0.0,0.0,0.0,0.0,0.0,0.0,0.0,0.0,0.0,0.0,0.0,0.0,0.0,0.0,0.0,0.0,0.0,0.0,0.0,0.0,0.0,0.0,0.0,0.0,0.0,0.0,0.0,0.0,0.0,0.0,0.0,0.0,0.0,0.0,0.0,0.0,0.0,0.0,0.01,0.01,0.02,0.03,0.05,0.08,0.12,0.18,0.26,0.38,0.55,0.77,1.07,1.46,1.96,2.59,3.37,4.32,5.44,6.75,8.24,9.9,11.71,13.64,15.64,17.64,19.6,21.45,23.12,24.55,25.7,26.53,27.04,27.22,27.11,26.76,26.23,25.59,24.92,24.31,23.82,23.5,23.39,23.5,23.82,24.31,24.92,25.59,26.23,26.76,27.12,27.23,27.05,26.55,25.72,24.58,23.16,21.51,19.69,17.75,15.78,13.83,11.96,10.21,8.62,7.21,6.0,4.98,4.14,3.47,2.95,2.56,2.27,2.06,1.91,1.8,1.72,1.65,1.58,1.5,1.42,1.33,1.22,1.11,1.0,0.89,0.77,0.66,0.56,0.47,0.38,0.31,0.24,0.19,0.15,0.11,0.08,0.06,0.04,0.03,0.02,0.01,0.01,0.01,0.0,0.0,0.0,0.0,0.0,0.0,0.0,0.0,0.0,0.0,0.0,0.0,0.0,0.0,0.0,0.0,0.0,0.0,0.0,0.0,0.0,0.0,0.0,0.0,0.0,0.0,0.0,0.0,0.0,0.0,0.0,0.0,0.0,0.0,0.0,0.0,0.0,0.0,0.0,0.0,0.0,0.0,0.0,0.0,0.0,0.0,0.0,0.0
39.05,36.82,30.87,23.01,15.25,8.98,4.71,2.19,0.91,0.33,0.11,0.03,0.01,0.0,0.0,0.0,0.0,0.0,0.0,0.0,0.0,0.0,0.0,0.0,0.0,0.0,0.0,0.0,0.0,0.0,0.0,0.0,0.0,0.0,0.0,0.0,0.0,0.0,0.0,0.0,0.01,0.03,0.1,0.28,0.68,1.45,2.77,4.71,7.1,9.53,11.36,12.05,11.36,9.53,7.1,4.71,2.77,1.45,0.68,0.28,0.1,0.03,0.01,0.0,0.0,0.0,0.0,0.0,0.0,0.0,0.0,0.0,0.0,0.0,0.0,0.0,0.0,0.0,0.0,0.0,0.0,0.0,0.0,0.0,0.0,0.0,0.0,0.0,0.0,0.0,0.0,0.0,0.0,0.0,0.0,0.0,0.0,0.0,0.0,0.0,0.0,0.0,0.0,0.0,0.0,0.0,0.0,0.0,0.0,0.0,0.0,0.0,0.0,0.0,0.0,0.0,0.0,0.0,0.0,0.0,0.0,0.0,0.0,0.0,0.0,0.0,0.0,0.0,0.0,0.0,0.0,0.0,0.0,0.0,0.0,0.0,0.0,0.0,0.0,0.0,0.0,0.0,0.0,0.0,0.0,0.0,0.0,0.0,0.01,0.01,0.02,0.03,0.04,0.06,0.1,0.14,0.21,0.31,0.44,0.62,0.86,1.18,1.58,2.09,2.72,3.48,4.39,5.44,6.64,7.98,9.44,11.0,12.61,14.22,15.81,17.29,18.64,19.79,20.72,21.39,21.8,21.95,21.86,21.57,21.14,20.63,20.09,19.6,19.2,18.95,18.86,18.95,19.2,19.6,20.09,20.63,21.15,21.58,21.86,21.95,21.8,21.4,20.73,19.82,18.67,17.34,15.86,14.3,12.71,11.13,9.61,8.2,6.91,5.76,4.77,3.93,3.25,2.69,2.26,1.93,1.69,1.51,1.38,1.29,1.21,1.15,1.1,1.04,0.98,0.91,0.84,0.77,0.69,0.61,0.53,0.46,0.39,0.32,0.26,0.21,0.17,0.13,0.1,0.08,0.06,0.04,0.03,0.02,0.01,0.01,0.01,0.0,0.0,0.0,0.0,0.0,0.0,0.0,0.0,0.0,0.0,0.0,0.0,0.0,0.0,0.0,0.0,0.0,0.0,0.0,0.0,0.0,0.0,0.0,0.0,0.0,0.0,0.0,0.0,0.0,0.0,0.0,0.0,0.0,0.0,0.0,0.0,0.0,0.0,0.0,0.0,0.0,0.0,0.0,0.0,0.0,0.0,0.0,0.0,0.0
23.01,21.69,18.19,13.56,8.98,5.29,2.77,1.29,0.53,0.2,0.06,0.02,0.0,0.0,0.0,0.0,0.0,0.0,0.0,0.0,0.0,0.0,0.0,0.0,0.0,0.0,0.0,0.0,0.0,0.0,0.0,0.0,0.0,0.0,0.0,0.0,0.0,0.0,0.0,0.0,0.02,0.06,0.2,0.53,1.29,2.77,5.29,8.98,13.56,18.19,21.69,23.01,21.69,18.19,13.56,8.98,5.29,2.77,1.29,0.53,0.2,0.06,0.02,0.0,0.0,0.0,0.0,0.0,0.0,0.0,0.0,0.0,0.0,0.0,0.0,0.0,0.0,0.0,0.0,0.0,0.0,0.0,0.0,0.0,0.0,0.0,0.0,0.0,0.0,0.0,0.0,0.0,0.0,0.0,0.0,0.0,0.0,0.0,0.0,0.0,0.0,0.0,0.0,0.0,0.0,0.0,0.0,0.0,0.0,0.0,0.0,0.0,0.0,0.0,0.0,0.0,0.0,0.0,0.0,0.0,0.0,0.0,0.0,0.0,0.0,0.0,0.0,0.0,0.0,0.0,0.0,0.0,0.0,0.0,0.0,0.0,0.0,0.0,0.0,0.0,0.0,0.0,0.0,0.0,0.0,0.0,0.0,0.0,0.0,0.01,0.01,0.02,0.03,0.05,0.08,0.11,0.17,0.24,0.35,0.49,0.68,0.93,1.25,1.66,2.16,2.76,3.48,4.32,5.27,6.33,7.49,8.73,10.0,11.29,12.54,13.72,14.79,15.71,16.44,16.97,17.3,17.41,17.34,17.12,16.78,16.37,15.94,15.55,15.24,15.03,14.96,15.03,15.24,15.55,15.94,16.37,16.78,17.12,17.35,17.42,17.3,16.98,16.45,15.72,14.81,13.75,12.58,11.34,10.07,8.81,7.61,6.48,5.45,4.53,3.74,3.07,2.51,2.07,1.72,1.45,1.24,1.09,0.99,0.91,0.85,0.8,0.75,0.71,0.67,0.62,0.57,0.52,0.47,0.41,0.36,0.31,0.26,0.22,0.18,0.14,0.11,0.09,0.07,0.05,0.04,0.03,0.02,0.01,0.01,0.01,0.0,0.0,0.0,0.0,0.0,0.0,0.0,0.0,0.0,0.0,0.0,0.0,0.0,0.0,0.0,0.0,0.0,0.0,0.0,0.0,0.0,0.0,0.0,0.0,0.0,0.0,0.0,0.0,0.0,0.0,0.0,0.0,0.0,0.0,0.0,0.0,0.0,0.0,0.0,0.0,0.0,0.0,0.0,0.0,0.0,0.0,0.0,0.0,0.0,0.0
12.05,11.36,9.53,7.1,4.71,2.77,1.45,0.68,0.28,0.1,0.03,0.01,0.0,0.0,0.0,0.0,0.0,0.0,0.0,0.0,0.0,0.0,0.0,0.0,0.0,0.0,0.0,0.0,0.0,0.0,0.0,0.0,0.0,0.0,0.0,0.0,0.0,0.0,0.0,0.01,0.03,0.11,0.33,0.91,2.19,4.71,8.98,15.25,23.01,30.87,36.82,39.05,36.82,30.87,23.01,15.25,8.98,4.71,2.19,0.91,0.33,0.11,0.03,0.01,0.0,0.0,0.0,0.0,0.0,0.0,0.0,0.0,0.0,0.0,0.0,0.0,0.0,0.0,0.0,0.0,0.0,0.0,0.0,0.0,0.0,0.0,0.0,0.0,0.0,0.0,0.0,0.0,0.0,0.0,0.0,0.0,0.0,0.0,0.0,0.0,0.0,0.0,0.0,0.0,0.0,0.0,0.0,0.0,0.0,0.0,0.0,0.0,0.0,0.0,0.0,0.0,0.0,0.0,0.0,0.0,0.0,0.0,0.0,0.0,0.0,0.0,0.0,0.0,0.0,0.0,0.0,0.0,0.0,0.0,0.0,0.0,0.0,0.0,0.0,0.0,0.0,0.0,0.0,0.0,0.0,0.0,0.0,0.0,0.0,0.01,0.01,0.02,0.02,0.04,0.06,0.09,0.13,0.19,0.27,0.38,0.53,0.73,0.98,1.29,1.68,2.16,2.72,3.37,4.12,4.95,5.85,6.81,7.81,8.81,9.79,10.72,11.55,12.26,12.84,13.25,13.51,13.6,13.54,13.37,13.1,12.78,12.45,12.14,11.9,11.74,11.68,11.74,11.9,12.14,12.45,12.78,13.1,13.37,13.54,13.6,13.51,13.26,12.84,12.27,11.56,10.73,9.82,8.85,7.86,6.87,5.93,5.04,4.23,3.52,2.89,2.36,1.92,1.57,1.29,1.07,0.91,0.79,0.7,0.63,0.58,0.54,0.51,0.48,0.45,0.42,0.38,0.35,0.31,0.28,0.24,0.21,0.17,0.14,0.12,0.1,0.08,0.06,0.05,0.03,0.03,0.02,0.01,0.01,0.01,0.0,0.0,0.0,0.0,0.0,0.0,0.0,0.0,0.0,0.0,0.0,0.0,0.0,0.0,0.0,0.0,0.0,0.0,0.0,0.0,0.0,0.0,0.0,0.0,0.0,0.0,0.0,0.0,0.0,0.0,0.0,0.0,0.0,0.0,0.0,0.0,0.0,0.0,0.0,0.0,0.0,0.0,0.0,0.0,0.0,0.0,0.0,0.0,0.0,0.0,0.0
5.61,5.29,4.44,3.31,2.19,1.29,0.68,0.32,0.13,0.05,0.02,0.0,0.0,0.0,0.0,0.0,0.0,0.0,0.0,0.0,0.0,0.0,0.0,0.0,0.0,0.0,0.0,0.0,0.0,0.0,0.0,0.0,0.0,0.0,0.0,0.0,0.0,0.0,0.0,0.01,0.05,0.17,0.5,1.37,3.31,7.1,13.56,23.01,34.72,46.58,55.56,58.92,55.56,46.58,34.72,23.01,13.56,7.1,3.31,1.37,0.5,0.17,0.05,0.01,0.0,0.0,0.0,0.0,0.0,0.0,0.0,0.0,0.0,0.0,0.0,0.0,0.0,0.0,0.0,0.0,0.0,0.0,0.0,0.0,0.0,0.0,0.0,0.0,0.0,0.0,0.0,0.0,0.0,0.0,0.0,0.0,0.0,0.0,0.0,0.0,0.0,0.0,0.0,0.0,0.0,0.0,0.0,0.0,0.0,0.0,0.0,0.0,0.0,0.0,0.0,0.0,0.0,0.0,0.0,0.0,0.0,0.0,0.0,0.0,0.0,0.0,0.0,0.0,0.0,0.0,0.0,0.0,0.0,0.0,0.0,0.0,0.0,0.0,0.0,0.0,0.0,0.0,0.0,0.0,0.0,0.0,0.0,0.0,0.0,0.0,0.01,0.01,0.02,0.03,0.05,0.07,0.1,0.15,0.21,0.3,0.41,0.56,0.75,0.99,1.29,1.66,2.09,2.59,3.16,3.8,4.5,5.24,6.0,6.77,7.53,8.24,8.88,9.43,9.87,10.19,10.38,10.45,10.41,10.27,10.07,9.82,9.57,9.33,9.14,9.02,8.98,9.02,9.14,9.33,9.57,9.82,10.07,10.27,10.41,10.45,10.38,10.19,9.87,9.43,8.88,8.25,7.54,6.8,6.03,5.28,4.55,3.86,3.24,2.69,2.2,1.79,1.45,1.17,0.95,0.78,0.65,0.56,0.49,0.44,0.4,0.37,0.34,0.32,0.3,0.27,0.25,0.23,0.2,0.18,0.16,0.13,0.11,0.09,0.08,0.06,0.05,0.04,0.03,0.02,0.02,0.01,0.01,0.01,0.0,0.0,0.0,0.0,0.0,0.0,0.0,0.0,0.0,0.0,0.0,0.0,0.0,0.0,0.0,0.0,0.0,0.0,0.0,0.0,0.0,0.0,0.0,0.0,0.0,0.0,0.0,0.0,0.0,0.0,0.0,0.0,0.0,0.0,0.0,0.0,0.0,0.0,0.0,0.0,0.0,0.0,0.0,0.0,0.0,0.0,0.0,0.0,0.0,0.0,0.0,0.0
2.32,2.19,1.84,1.37,0.91,0.53,0.28,0.13,0.05,0.02,0.01,0.0,0.0,0.0,0.0,0.0,0.0,0.0,0.0,0.0,0.0,0.0,0.0,0.0,0.0,0.0,0.0,0.0,0.0,0.0,0.0,0.0,0.0,0.0,0.0,0.0,0.0,0.0,0.0,0.02,0.06,0.22,0.68,1.84,4.44,9.53,18.19,30.87,46.58,62.49,74.54,79.05,74.54,62.49,46.58,30.87,18.19,9.53,4.44,1.84,0.68,0.22,0.06,0.02,0.0,0.0,0.0,0.0,0.0,0.0,0.0,0.0,0.0,0.0,0.0,0.0,0.0,0.0,0.0,0.0,0.0,0.0,0.0,0.0,0.0,0.0,0.0,0.0,0.0,0.0,0.0,0.0,0.0,0.0,0.0,0.0,0.0,0.0,0.0,0.0,0.0,0.0,0.0,0.0,0.0,0.0,0.0,0.0,0.0,0.0,0.0,0.0,0.0,0.0,0.0,0.0,0.0,0.0,0.0,0.0,0.0,0.0,0.0,0.0,0.0,0.0,0.0,0.0,0.0,0.0,0.0,0.0,0.0,0.0,0.0,0.0,0.0,0.0,0.0,0.0,0.0,0.0,0.0,0.0,0.0,0.0,0.0,0.0,0.0,0.0,0.01,0.01,0.01,0.02,0.03,0.05,0.08,0.11,0.16,0.22,0.31,0.42,0.57,0.75,0.98,1.25,1.58,1.96,2.39,2.88,3.4,3.96,4.54,5.12,5.69,6.23,6.71,7.13,7.46,7.7,7.85,7.9,7.87,7.77,7.62,7.43,7.24,7.06,6.92,6.82,6.79,6.82,6.92,7.06,7.24,7.43,7.62,7.77,7.87,7.91,7.85,7.71,7.47,7.13,6.72,6.24,5.7,5.14,4.56,3.99,3.43,2.92,2.44,2.02,1.65,1.34,1.08,0.87,0.7,0.57,0.47,0.39,0.34,0.3,0.27,0.24,0.22,0.21,0.19,0.18,0.16,0.15,0.13,0.12,0.1,0.09,0.07,0.06,0.05,0.04,0.03,0.02,0.02,0.01,0.01,0.01,0.01,0.0,0.0,0.0,0.0,0.0,0.0,0.0,0.0,0.0,0.0,0.0,0.0,0.0,0.0,0.0,0.0,0.0,0.0,0.0,0.0,0.0,0.0,0.0,0.0,0.0,0.0,0.0,0.0,0.0,0.0,0.0,0.0,0.0,0.0,0.0,0.0,0.0,0.0,0.0,0.0,0.0,0.0,0.0,0.0,0.0,0.0,0.0,0.0,0.0,0.0,0.0,0.0,0.0
0.86,0.81,0.68,0.5,0.33,0.2,0.1,0.05,0.02,0.01,0.0,0.0,0.0,0.0,0.0,0.0,0.0,0.0,0.0,0.0,0.0,0.0,0.0,0.0,0.0,0.0,0.0,0.0,0.0,0.0,0.0,0.0,0.0,0.0,0.0,0.0,0.0,0.0,0.0,0.02,0.08,0.26,0.81,2.19,5.29,11.36,21.69,36.82,55.56,74.54,88.91,94.29,88.91,74.54,55.56,36.82,21.69,11.36,5.29,2.19,0.81,0.26,0.08,0.02,0.0,0.0,0.0,0.0,0.0,0.0,0.0,0.0,0.0,0.0,0.0,0.0,0.0,0.0,0.0,0.0,0.0,0.0,0.0,0.0,0.0,0.0,0.0,0.0,0.0,0.0,0.0,0.0,0.0,0.0,0.0,0.0,0.0,0.0,0.0,0.0,0.0,0.0,0.0,0.0,0.0,0.0,0.0,0.0,0.0,0.0,0.0,0.0,0.0,0.0,0.0,0.0,0.0,0.0,0.0,0.0,0.0,0.0,0.0,0.0,0.0,0.0,0.0,0.0,0.0,0.0,0.0,0.0,0.0,0.0,0.0,0.0,0.0,0.0,0.0,0.0,0.0,0.0,0.0,0.0,0.0,0.0,0.0,0.0,0.0,0.0,0.0,0.01,0.01,0.02,0.03,0.04,0.06,0.08,0.12,0.17,0.23,0.32,0.42,0.56,0.73,0.93,1.18,1.46,1.78,2.14,2.53,2.95,3.38,3.81,4.24,4.64,5.0,5.31,5.56,5.74,5.84,5.88,5.86,5.78,5.67,5.53,5.39,5.25,5.15,5.08,5.06,5.08,5.15,5.25,5.39,5.53,5.67,5.78,5.86,5.88,5.85,5.74,5.56,5.31,5.0,4.64,4.24,3.82,3.39,2.96,2.55,2.17,1.81,1.5,1.22,0.99,0.79,0.63,0.51,0.41,0.33,0.27,0.23,0.2,0.18,0.16,0.15,0.13,0.12,0.11,0.1,0.09,0.08,0.07,0.06,0.06,0.05,0.04,0.03,0.03,0.02,0.02,0.01,0.01,0.01,0.01,0.0,0.0,0.0,0.0,0.0,0.0,0.0,0.0,0.0,0.0,0.0,0.0,0.0,0.0,0.0,0.0,0.0,0.0,0.0,0.0,0.0,0.0,0.0,0.0,0.0,0.0,0.0,0.0,0.0,0.0,0.0,0.0,0.0,0.0,0.0,0.0,0.0,0.0,0.0,0.0,0.0,0.0,0.0,0.0,0.0,0.0,0.0,0.0,0.0,0.0,0.0,0.0,0.0,0.0
0.28,0.26,0.22,0.17,0.11,0.06,0.03,0.02,0.01,0.0,0.0,0.0,0.0,0.0,0.0,0.0,0.0,0.0,0.0,0.0,0.0,0.0,0.0,0.0,0.0,0.0,0.0,0.0,0.0,0.0,0.0,0.0,0.0,0.0,0.0,0.0,0.0,0.0,0.0,0.02,0.08,0.28,0.86,2.32,5.61,12.05,23.01,39.05,58.92,79.05,94.29,100.0,94.29,79.05,58.92,39.05,23.01,12.05,5.61,2.32,0.86,0.28,0.08,0.02,0.0,0.0,0.0,0.0,0.0,0.0,0.0,0.0,0.0,0.0,0.0,0.0,0.0,0.0,0.0,0.0,0.0,0.0,0.0,0.0,0.0,0.0,0.0,0.0,0.0,0.0,0.0,0.0,0.0,0.0,0.0,0.0,0.0,0.0,0.0,0.0,0.0,0.0,0.0,0.0,0.0,0.0,0.0,0.0,0.0,0.0,0.0,0.0,0.0,0.0,0.0,0.0,0.0,0.0,0.0,0.0,0.0,0.0,0.0,0.0,0.0,0.0,0.0,0.0,0.0,0.0,0.0,0.0,0.0,0.0,0.0,0.0,0.0,0.0,0.0,0.0,0.0,0.0,0.0,0.0,0.0,0.0,0.0,0.0,0.0,0.0,0.0,0.01,0.01,0.01,0.02,0.03,0.04,0.06,0.09,0.12,0.17,0.23,0.31,0.41,0.53,0.68,0.86,1.07,1.3,1.57,1.86,2.16,2.48,2.79,3.1,3.4,3.66,3.89,4.07,4.2,4.28,4.31,4.29,4.24,4.15,4.05,3.95,3.85,3.77,3.72,3.7,3.72,3.77,3.85,3.95,4.05,4.15,4.24,4.29,4.31,4.28,4.2,4.07,3.89,3.66,3.4,3.11,2.8,2.48,2.17,1.87,1.58,1.32,1.09,0.89,0.72,0.57,0.46,0.36,0.29,0.23,0.19,0.16,0.13,0.12,0.1,0.09,0.09,0.08,0.07,0.07,0.06,0.05,0.05,0.04,0.03,0.03,0.02,0.02,0.02,0.01,0.01,0.01,0.01,0.0,0.0,0.0,0.0,0.0,0.0,0.0,0.0,0.0,0.0,0.0,0.0,0.0,0.0,0.0,0.0,0.0,0.0,0.0,0.0,0.0,0.0,0.0,0.0,0.0,0.0,0.0,0.0,0.0,0.0,0.0,0.0,0.0,0.0,0.0,0.0,0.0,0.0,0.0,0.0,0.0,0.0,0.0,0.0,0.0,0.0,0.0,0.0,0.0,0.0,0.0,0.0,0.0,0.0,0.0,0.0
