0.0,0.0,0.0,0.0,0.0,0.0,0.0,0.0,0.0,0.0,0.0,0.0,0.0,0.0,0.0,0.0,0.0,0.0,0.0,0.0,0.0,0.0,0.0,0.0,0.0,0.0,0.0,0.0,0.0,0.0,0.0,0.0,0.0,0.0,0.0,0.0,0.0,0.0,0.0,0.0,0.0,0.0,0.0,0.0,0.0,0.0,0.0,0.0,0.0,0.0,0.0,0.0,0.0,0.0,0.0,0.0,0.0,0.0,0.0,0.0,0.0,0.0,0.0,0.0,0.0,0.0,0.0,0.0,0.0,0.0,0.0,0.0,0.0,0.0,0.0,0.0,0.0,0.0,0.0,0.0,0.0,0.0,0.0,0.0,0.0,0.0,0.0,0.0,0.0,0.0,0.0,0.0,0.0,0.0,0.0,0.0,0.0,0.0,0.0,0.0,0.0,0.0,0.0,0.0,0.0,0.0,0.0,0.0,0.0,0.0,0.0,0.0,0.0,0.0,0.0,0.0,0.0,0.0,0.0,0.0,0.0,0.0,0.0,0.0,0.0,0.0,0.0,0.0,0.0,0.0,0.0,0.01,0.01,0.01,0.01,0.01,0.01,0.01,0.01,0.01,0.0,0.0,0.0,0.0,0.0,0.0,0.0,0.0,0.0,0.0,0.0,0.0,0.0,0.0,0.0,0.0,0.0,0.0,0.0,0.0,0.0,0.0,0.0,0.0,0.0,0.0,0.01,0.05,0.15,0.41,1.06,2.5,5.37,10.54,18.92,31.04,46.53,63.76,79.85,91.39,95.6,91.39,79.85,63.76,46.53,31.04,18.92,10.54,5.37,2.5,1.06,0.41,0.15,0.05,0.01,0.0,0.0,0.0,0.0,0.0,0.0,0.0,0.0,0.0,0.0,0.0,0.0,0.0,0.0,0.0,0.0,0.0,0.0,0.0,0.0,0.0,0.0,0.0,0.0,0.0,0.0,0.0,0.0,0.0,0.0,0.0,0.0,0.0,0.0,0.0,0.0,0.0,0.0,0.0,0.0,0.0,0.0,0.0,0.0,0.0,0.0,0.0,0.0,0.0,0.0,0.0,0.0,0.0,0.0,0.0,0.0,0.0,0.0,0.0,0.0,0.0,0.0,0.0,0.0,0.0,0.0,0.0,0.0,0.0,0.0,0.0,0.0,0.0,0.0,0.0,0.0,0.0,0.0,0.0,0.0,0.0,0.0,0.0,0.0,0.0,0.0,0.0,0.0,0.0,0.0,0.0,0.0,0.0,0.0,0.0,0.0,0.0,0.0,0.0,0.0,0.0,0.0,0.0,0.0,0.0
0.0,0.0,0.0,0.0,0.0,0.0,0.0,0.0,0.0,0.0,0.0,0.0,0.0,0.0,0.0,0.0,0.0,0.0,0.0,0.0,0.0,0.0,0.0,0.0,0.0,0.0,0.0,0.0,0.0,0.0,0.0,0.0,0.0,0.0,0.0,0.0,0.0,0.0,0.0,0.0,0.0,0.0,0.0,0.0,0.0,0.0,0.0,0.0,0.0,0.0,0.0,0.0,0.0,0.0,0.0,0.0,0.0,0.0,0.0,0.0,0.0,0.0,0.0,0.0,0.0,0.0,0.0,0.0,0.0,0.0,0.0,0.0,0.0,0.0,0.0,0.0,0.0,0.0,0.0,0.0,0.0,0.0,0.0,0.0,0.0,0.0,0.0,0.0,0.0,0.0,0.0,0.0,0.0,0.0,0.0,0.0,0.0,0.0,0.0,0.0,0.0,0.0,0.0,0.0,0.0,0.0,0.0,0.0,0.0,0.0,0.0,0.0,0.0,0.0,0.0,0.0,0.0,0.0,0.0,0.0,0.0,0.0,0.0,0.0,0.0,0.0,0.0,0.0,0.01,0.01,0.02,0.02,0.03,0.04,0.05,0.05,0.05,0.04,0.03,0.02,0.02,0.01,0.01,0.0,0.0,0.0,0.0,0.0,0.0,0.0,0.0,0.0,0.0,0.0,0.0,0.0,0.0,0.0,0.0,0.0,0.0,0.0,0.0,0.0,0.0,0.0,0.01,0.04,0.13,0.36,0.93,2.18,4.69,9.21,16.53,27.12,40.66,55.71,69.77,79.85,83.53,79.85,69.77,55.71,40.66,27.12,16.53,9.21,4.69,2.18,0.93,0.36,0.13,0.04,0.01,0.0,0.0,0.0,0.0,0.0,0.0,0.0,0.0,0.0,0.0,0.0,0.0,0.0,0.0,0.0,0.0,0.0,0.0,0.0,0.0,0.0,0.0,0.0,0.0,0.0,0.0,0.0,0.0,0.0,0.0,0.0,0.0,0.0,0.0,0.0,0.0,0.0,0.0,0.0,0.0,0.0,0.0,0.0,0.0,0.0,0.0,0.0,0.0,0.0,0.0,0.0,0.0,0.0,0.0,0.0,0.0,0.0,0.0,0.0,0.0,0.0,0.0,0.0,0.0,0.0,0.0,0.0,0.0,0.0,0.0,0.0,0.0,0.0,0.0,0.0,0.0,0.0,0.0,0.0,0.0,0.0,0.0,0.0,0.0,0.0,0.0,0.0,0.0,0.0,0.0,0.0,0.0,0.0,0.0,0.0,0.0,0.0,0.0,0.0,0.0,0.0,0.0,0.0,0.0,0.0
0.0,0.0,0.0,0.0,0.0,0.0,0.0,0.0,0.0,0.0,0.0,0.0,0.0,0.0,0.0,0.0,0.0,0.0,0.0,0.0,0.0,0.0,0.0,0.0,0.0,0.0,0.0,0.0,0.0,0.0,0.0,0.0,0.0,0.0,0.0,0.0,0.0,0.0,0.0,0.0,0.0,0.0,0.0,0.0,0.0,0.0,0.0,0.0,0.0,0.0,0.0,0.0,0.0,0.0,0.0,0.0,0.0,0.0,0.0,0.0,0.0,0.0,0.0,0.0,0.0,0.0,0.0,0.0,0.0,0.0,0.0,0.0,0.0,0.0,0.0,0.0,0.0,0.0,0.0,0.0,0.0,0.0,0.0,0.0,0.0,0.0,0.0,0.0,0.0,0.0,0.0,0.0,0.0,0.0,0.0,0.0,0.0,0.0,0.0,0.0,0.0,0.0,0.0,0.0,0.0,0.0,0.0,0.0,0.0,0.0,0.0,0.0,0.0,0.0,0.0,0.0,0.0,0.0,0.0,0.0,0.0,0.0,0.0,0.0,0.0,0.0,0.0,0.01,0.02,0.03,0.05,0.07,0.1,0.13,0.15,0.15,0.15,0.13,0.1,0.07,0.05,0.03,0.02,0.01,0.0,0.0,0.0,0.0,0.0,0.0,0.0,0.0,0.0,0.0,0.0,0.0,0.0,0.0,0.0,0.0,0.0,0.0,0.0,0.0,0.0,0.0,0.01,0.03,0.1,0.29,0.74,1.74,3.74,7.35,13.2,21.65,32.47,44.49,55.71,63.76,66.7,63.76,55.71,44.49,32.47,21.65,13.2,7.35,3.74,1.74,0.74,0.29,0.1,0.03,0.01,0.0,0.0,0.0,0.0,0.0,0.0,0.0,0.0,0.0,0.0,0.0,0.0,0.0,0.0,0.0,0.0,0.0,0.0,0.0,0.0,0.0,0.0,0.0,0.0,0.0,0.0,0.0,0.0,0.0,0.0,0.0,0.0,0.0,0.0,0.0,0.0,0.0,0.0,0.0,0.0,0.0,0.0,0.0,0.0,0.0,0.0,0.0,0.0,0.0,0.0,0.0,0.0,0.0,0.0,0.0,0.0,0.0,0.0,0.0,0.0,0.0,0.0,0.0,0.0,0.0,0.0,0.0,0.0,0.0,0.0,0.0,0.0,0.0,0.0,0.0,0.0,0.0,0.0,0.0,0.0,0.0,0.0,0.0,0.0,0.0,0.0,0.0,0.0,0.0,0.0,0.0,0.0,0.0,0.0,0.0,0.0,0.0,0.0,0.0,0.0,0.0,0.0,0.0,0.0,0.0
0.0,0.0,0.0,0.0,0.0,0.0,0.0,0.0,0.0,0.0,0.0,0.0,0.0,0.0,0.0,0.0,0.0,0.0,0.0,0.0,0.0,0.0,0.0,0.0,0.0,0.0,0.0,0.0,0.0,0.0,0.0,0.0,0.0,0.0,0.0,0.0,0.0,0.0,0.0,0.0,0.0,0.0,0.0,0.0,0.0,0.0,0.0,0.0,0.0,0.0,0.0,0.0,0.0,0.0,0.0,0.0,0.0,0.0,0.0,0.0,0.0,0.0,0.0,0.0,0.0,0.0,0.0,0.0,0.0,0.0,0.0,0.0,0.0,0.0,0.0,0.0,0.0,0.0,0.0,0.0,0.0,0.0,0.0,0.0,0.0,0.0,0.0,0.0,0.0,0.0,0.0,0.0,0.0,0.0,0.0,0.0,0.0,0.0,0.0,0.0,0.0,0.0,0.0,0.0,0.0,0.0,0.0,0.0,0.0,0.0,0.0,0.0,0.0,0.0,0.0,0.0,0.0,0.0,0.0,0.0,0.0,0.0,0.0,0.0,0.0,0.0,0.01,0.02,0.05,0.09,0.14,0.21,0.29,0.36,0.41,0.43,0.41,0.36,0.29,0.21,0.14,0.09,0.05,0.02,0.01,0.01,0.0,0.0,0.0,0.0,0.0,0.0,0.0,0.0,0.0,0.0,0.0,0.0,0.0,0.0,0.0,0.0,0.0,0.0,0.0,0.0,0.01,0.02,0.07,0.21,0.54,1.27,2.73,5.37,9.63,15.8,23.69,32.47,40.66,46.53,48.68,46.53,40.66,32.47,23.69,15.8,9.63,5.37,2.73,1.27,0.54,0.21,0.07,0.02,0.01,0.0,0.0,0.0,0.0,0.0,0.0,0.0,0.0,0.0,0.0,0.0,0.0,0.0,0.0,0.0,0.0,0.0,0.0,0.0,0.0,0.0,0.0,0.0,0.0,0.0,0.0,0.0,0.0,0.0,0.0,0.0,0.0,0.0,0.0,0.0,0.0,0.0,0.0,0.0,0.0,0.0,0.0,0.0,0.0,0.0,0.0,0.0,0.0,0.0,0.0,0.0,0.0,0.0,0.0,0.0,0.0,0.0,0.0,0.0,0.0,0.0,0.0,0.0,0.0,0.0,0.0,0.0,0.0,0.0,0.0,0.0,0.0,0.0,0.0,0.0,0.0,0.0,0.0,0.0,0.0,0.0,0.0,0.0,0.0,0.0,0.0,0.0,0.0,0.0,0.0,0.0,0.0,0.0,0.0,0.0,0.0,0.0,0.0,0.0,0.0,0.0,0.0,0.0,0.0,0.0
0.0,0.0,0.0,0.0,0.0,0.0,0.0,0.0,0.0,0.0,0.0,0.0,0.0,0.0,0.0,0.0,0.0,0.0,0.0,0.0,0.0,0.0,0.0,0.0,0.0,0.0,0.0,0.0,0.0,0.0,0.0,0.0,0.0,0.0,0.0,0.0,0.0,0.0,0.0,0.0,0.0,0.0,0.0,0.0,0.0,0.0,0.0,0.0,0.0,0.0,0.0,0.0,0.0,0.0,0.0,0.0,0.0,0.0,0.0,0.0,0.0,0.0,0.0,0.0,0.0,0.0,0.0,0.0,0.0,0.0,0.0,0.0,0.0,0.0,0.0,0.0,0.0,0.0,0.0,0.0,0.0,0.0,0.0,0.0,0.0,0.0,0.0,0.0,0.0,0.0,0.0,0.0,0.0,0.0,0.0,0.0,0.0,0.0,0.0,0.0,0.0,0.0,0.0,0.0,0.0,0.0,0.0,0.0,0.0,0.0,0.0,0.0,0.0,0.0,0.0,0.0,0.0,0.0,0.0,0.0,0.0,0.0,0.0,0.0,0.0,0.01,0.03,0.06,0.12,0.22,0.36,0.54,0.74,0.93,1.06,1.11,1.06,0.93,0.74,0.54,0.36,0.22,0.12,0.06,0.03,0.01,0.01,0.0,0.0,0.0,0.0,0.0,0.0,0.0,0.0,0.0,0.0,0.0,0.0,0.0,0.0,0.0,0.0,0.0,0.0,0.0,0.0,0.02,0.05,0.14,0.36,0.85,1.82,3.58,6.42,10.54,15.8,21.65,27.12,31.04,32.47,31.04,27.12,21.65,15.8,10.54,6.42,3.58,1.82,0.85,0.36,0.14,0.05,0.02,0.0,0.0,0.0,0.0,0.0,0.0,0.0,0.0,0.0,0.0,0.0,0.0,0.0,0.0,0.0,0.0,0.0,0.0,0.0,0.0,0.0,0.0,0.0,0.0,0.0,0.0,0.0,0.0,0.0,0.0,0.0,0.0,0.0,0.0,0.0,0.0,0.0,0.0,0.0,0.0,0.0,0.0,0.0,0.0,0.0,0.0,0.0,0.0,0.0,0.0,0.0,0.0,0.0,0.0,0.0,0.0,0.0,0.0,0.0,0.0,0.0,0.0,0.0,0.0,0.0,0.0,0.0,0.0,0.0,0.0,0.0,0.0,0.0,0.0,0.0,0.0,0.0,0.0,0.0,0.0,0.0,0.0,0.0,0.0,0.0,0.0,0.0,0.0,0.0,0.0,0.0,0.0,0.0,0.0,0.0,0.0,0.0,0.0,0.0,0.0,0.0,0.0,0.0,0.0,0.0,0.0
0.0,0.0,0.0,0.0,0.0,0.0,0.0,0.0,0.0,0.0,0.0,0.0,0.0,0.0,0.0,0.0,0.0,0.0,0.0,0.0,0.0,0.0,0.0,0.0,0.0,0.0,0.0,0.0,0.0,0.0,0.0,0.0,0.0,0.0,0.0,0.0,0.0,0.0,0.0,0.0,0.0,0.0,0.0,0.0,0.0,0.0,0.0,0.0,0.0,0.0,0.0,0.0,0.0,0.0,0.0,0.0,0.0,0.0,0.0,0.0,0.0,0.0,0.0,0.0,0.0,0.0,0.0,0.0,0.0,0.0,0.0,0.0,0.0,0.0,0.0,0.0,0.0,0.0,0.0,0.0,0.0,0.0,0.0,0.0,0.0,0.0,0.0,0.0,0.0,0.0,0.0,0.0,0.0,0.0,0.0,0.0,0.0,0.0,0.0,0.0,0.0,0.0,0.0,0.0,0.0,0.0,0.0,0.0,0.0,0.0,0.0,0.0,0.0,0.0,0.0,0.0,0.0,0.0,0.0,0.0,0.0,0.0,0.0,0.0,0.01,0.03,0.07,0.15,0.29,0.52,0.85,1.27,1.74,2.18,2.5,2.61,2.5,2.18,1.74,1.27,0.85,0.52,0.29,0.15,0.07,0.03,0.02,0.01,0.01,0.01,0.01,0.01,0.01,0.01,0.01,0.0,0.0,0.0,0.0,0.0,0.0,0.0,0.0,0.0,0.0,0.0,0.0,0.01,0.03,0.09,0.22,0.52,1.11,2.18,3.92,6.42,9.63,13.2,16.53,18.92,19.79,18.92,16.53,13.2,9.63,6.42,3.92,2.18,1.11,0.52,0.22,0.09,0.03,0.01,0.0,0.0,0.0,0.0,0.0,0.0,0.0,0.0,0.0,0.0,0.0,0.0,0.0,0.0,0.0,0.0,0.0,0.0,0.0,0.0,0.0,0.0,0.0,0.0,0.0,0.0,0.0,0.0,0.0,0.0,0.0,0.0,0.0,0.0,0.0,0.0,0.0,0.0,0.0,0.0,0.0,0.0,0.0,0.0,0.0,0.0,0.0,0.0,0.0,0.0,0.0,0.0,0.0,0.0,0.0,0.0,0.0,0.0,0.0,0.0,0.0,0.0,0.0,0.0,0.0,0.0,0.0,0.0,0.0,0.0,0.0,0.0,0.0,0.0,0.0,0.0,0.0,0.0,0.0,0.0,0.0,0.0,0.0,0.0,0.0,0.0,0.0,0.0,0.0,0.0,0.0,0.0,0.0,0.0,0.0,0.0,0.0,0.0,0.0,0.0,0.0,0.0,0.0,0.0,0.0,0.0
0.0,0.0,0.0,0.0,0.0,0.0,0.0,0.0,0.0,0.0,0.0,0.0,0.0,0.0,0.0,0.0,0.0,0.0,0.0,0.0,0.0,0.0,0.0,0.0,0.0,0.0,0.0,0.0,0.0,0.0,0.0,0.0,0.0,0.0,0.0,0.0,0.0,0.0,0.0,0.0,0.0,0.0,0.0,0.0,0.0,0.0,0.0,0.0,0.0,0.0,0.0,0.0,0.0,0.0,0.0,0.0,0.0,0.0,0.0,0.0,0.0,0.0,0.0,0.0,0.0,0.0,0.0,0.0,0.0,0.0,0.0,0.0,0.0,0.0,0.0,0.0,0.0,0.0,0.0,0.0,0.0,0.0,0.0,0.0,0.0,0.0,0.0,0.0,0.0,0.0,0.0,0.0,0.0,0.0,0.0,0.0,0.0,0.0,0.0,0.0,0.0,0.0,0.0,0.0,0.0,0.0,0.0,0.0,0.0,0.0,0.0,0.0,0.0,0.0,0.0,0.0,0.0,0.0,0.0,0.0,0.0,0.0,0.0,0.01,0.02,0.06,0.15,0.32,0.62,1.11,1.82,2.73,3.74,4.69,5.37,5.61,5.37,4.69,3.74,2.73,1.82,1.11,0.62,0.32,0.16,0.08,0.05,0.04,0.04,0.05,0.05,0.05,0.04,0.03,0.02,0.02,0.01,0.01,0.0,0.0,0.0,0.0,0.0,0.0,0.0,0.0,0.0,0.01,0.02,0.05,0.12,0.29,0.62,1.22,2.18,3.58,5.37,7.35,9.21,10.54,11.03,10.54,9.21,7.35,5.37,3.58,2.18,1.22,0.62,0.29,0.12,0.05,0.02,0.01,0.0,0.0,0.0,0.0,0.0,0.0,0.0,0.0,0.0,0.0,0.0,0.0,0.0,0.0,0.0,0.0,0.0,0.0,0.0,0.0,0.0,0.0,0.0,0.0,0.0,0.0,0.0,0.0,0.0,0.0,0.0,0.0,0.0,0.0,0.0,0.0,0.0,0.0,0.0,0.0,0.0,0.0,0.0,0.0,0.0,0.0,0.0,0.0,0.0,0.0,0.0,0.0,0.0,0.0,0.0,0.0,0.0,0.0,0.0,0.0,0.0,0.0,0.0,0.0,0.0,0.0,0.0,0.0,0.0,0.0,0.0,0.0,0.0,0.0,0.0,0.0,0.0,0.0,0.0,0.0,0.0,0.0,0.0,0.0,0.0,0.0,0.0,0.0,0.0,0.0,0.0,0.0,0.0,0.0,0.0,0.0,0.0,0.0,0.0,0.0,0.0,0.0,0.0,0.0,0.0,0.0
0.0,0.0,0.0,0.0,0.0,0.0,0.0,0.0,0.0,0.0,0.0,0.0,0.0,0.0,0.0,0.0,0.0,0.0,0.0,0.0,0.0,0.0,0.0,0.0,0.0,0.0,0.0,0.0,0.0,0.0,0.0,0.0,0.0,0.0,0.0,0.0,0.0,0.0,0.0,0.0,0.0,0.0,0.0,0.0,0.0,0.0,0.0,0.0,0.0,0.0,0.0,0.0,0.0,0.0,0.0,0.0,0.0,0.0,0.0,0.0,0.0,0.0,0.0,0.0,0.0,0.0,0.0,0.0,0.0,0.0,0.0,0.0,0.0,0.0,0.0,0.0,0.0,0.0,0.0,0.0,0.0,0.0,0.0,0.0,0.0,0.0,0.0,0.0,0.0,0.0,0.0,0.0,0.0,0.0,0.0,0.0,0.0,0.0,0.0,0.0,0.0,0.0,0.0,0.0,0.0,0.0,0.0,0.0,0.0,0.0,0.0,0.0,0.0,0.0,0.0,0.0,0.0,0.0,0.0,0.0,0.0,0.0,0.01,0.02,0.05,0.12,0.29,0.62,1.22,2.18,3.58,5.37,7.35,9.21,10.54,11.03,10.54,9.21,7.35,5.37,3.58,2.19,1.22,0.64,0.32,0.17,0.12,0.12,0.13,0.15,0.15,0.15,0.13,0.1,0.07,0.05,0.03,0.02,0.01,0.0,0.0,0.0,0.0,0.0,0.0,0.0,0.0,0.0,0.01,0.02,0.06,0.15,0.32,0.62,1.11,1.82,2.73,3.74,4.69,5.37,5.61,5.37,4.69,3.74,2.73,1.82,1.11,0.62,0.32,0.15,0.06,0.02,0.01,0.0,0.0,0.0,0.0,0.0,0.0,0.0,0.0,0.0,0.0,0.0,0.0,0.0,0.0,0.0,0.0,0.0,0.0,0.0,0.0,0.0,0.0,0.0,0.0,0.0,0.0,0.0,0.0,0.0,0.0,0.0,0.0,0.0,0.0,0.0,0.0,0.0,0.0,0.0,0.0,0.0,0.0,0.0,0.0,0.0,0.0,0.0,0.0,0.0,0.0,0.0,0.0,0.0,0.0,0.0,0.0,0.0,0.0,0.0,0.0,0.0,0.0,0.0,0.0,0.0,0.0,0.0,0.0,0.0,0.0,0.0,0.0,0.0,0.0,0.0,0.0,0.0,0.0,0.0,0.0,0.0,0.0,0.0,0.0,0.0,0.0,0.0,0.0,0.0,0.0,0.0,0.0,0.0,0.0,0.0,0.0,0.0,0.0,0.0,0.0,0.0,0.0,0.0,0.0,0.0,0.0,0.0
0.0,0.0,0.0,0.0,0.0,0.0,0.0,0.0,0.0,0.0,0.0,0.0,0.0,0.0,0.0,0.0,0.0,0.0,0.0,0.0,0.0,0.0,0.0,0.0,0.0,0.0,0.0,0.0,0.0,0.0,0.0,0.0,0.0,0.0,0.0,0.0,0.0,0.0,0.0,0.0,0.0,0.0,0.0,0.0,0.0,0.0,0.0,0.0,0.0,0.0,0.0,0.0,0.0,0.0,0.0,0.0,0.0,0.0,0.0,0.0,0.0,0.0,0.0,0.0,0.0,0.0,0.0,0.0,0.0,0.0,0.0,0.0,0.0,0.0,0.0,0.0,0.0,0.0,0.0,0.0,0.0,0.0,0.0,0.0,0.0,0.0,0.0,0.0,0.0,0.0,0.0,0.0,0.0,0.0,0.0,0.0,0.0,0.0,0.0,0.0,0.0,0.0,0.0,0.0,0.0,0.0,0.0,0.0,0.0,0.0,0.0,0.0,0.0,0.0,0.0,0.0,0.0,0.0,0.0,0.0,0.0,0.0,0.01,0.03,0.09,0.22,0.52,1.11,2.18,3.92,6.43,9.63,13.2,16.53,18.92,19.79,18.92,16.53,13.2,9.63,6.43,3.93,2.21,1.16,0.6,0.36,0.3,0.32,0.37,0.42,0.43,0.41,0.36,0.29,0.21,0.14,0.09,0.05,0.02,0.01,0.0,0.0,0.0,0.0,0.0,0.0,0.0,0.0,0.0,0.01,0.03,0.07,0.15,0.29,0.52,0.85,1.27,1.74,2.18,2.5,2.61,2.5,2.18,1.74,1.27,0.85,0.52,0.29,0.15,0.07,0.03,0.01,0.0,0.0,0.0,0.0,0.0,0.0,0.0,0.0,0.0,0.0,0.0,0.0,0.0,0.0,0.0,0.0,0.0,0.0,0.0,0.0,0.0,0.0,0.0,0.0,0.0,0.0,0.0,0.0,0.0,0.0,0.0,0.0,0.0,0.0,0.0,0.0,0.0,0.0,0.0,0.0,0.0,0.0,0.0,0.0,0.0,0.0,0.0,0.0,0.0,0.0,0.0,0.0,0.0,0.0,0.0,0.0,0.0,0.0,0.0,0.0,0.0,0.0,0.0,0.0,0.0,0.0,0.0,0.0,0.0,0.0,0.0,0.0,0.0,0.0,0.0,0.0,0.0,0.0,0.0,0.0,0.0,0.0,0.0,0.0,0.0,0.0,0.0,0.0,0.0,0.0,0.0,0.0,0.0,0.0,0.0,0.0,0.0,0.0,0.0,0.0,0.0,0.0,0.0,0.0,0.0,0.0,0.0,0.0
0.0,0.0,0.0,0.0,0.0,0.0,0.0,0.0,0.0,0.0,0.0,0.0,0.0,0.0,0.0,0.0,0.0,0.0,0.0,0.0,0.0,0.0,0.0,0.0,0.0,0.0,0.0,0.0,0.0,0.0,0.0,0.0,0.0,0.0,0.0,0.0,0.0,0.0,0.0,0.0,0.0,0.0,0.0,0.0,0.0,0.0,0.0,0.0,0.0,0.0,0.0,0.0,0.0,0.0,0.0,0.0,0.0,0.0,0.0,0.0,0.0,0.0,0.0,0.0,0.0,0.0,0.0,0.0,0.0,0.0,0.0,0.0,0.0,0.0,0.0,0.0,0.0,0.0,0.0,0.0,0.0,0.0,0.0,0.0,0.0,0.0,0.0,0.0,0.0,0.0,0.0,0.0,0.0,0.0,0.0,0.0,0.0,0.0,0.0,0.0,0.0,0.0,0.0,0.0,0.0,0.0,0.0,0.0,0.0,0.0,0.0,0.0,0.0,0.0,0.0,0.0,0.0,0.0,0.0,0.0,0.0,0.01,0.02,0.05,0.14,0.36,0.85,1.83,3.58,6.43,10.54,15.8,21.65,27.12,31.04,32.47,31.04,27.12,21.66,15.81,10.55,6.45,3.64,1.94,1.07,0.72,0.68,0.79,0.94,1.07,1.11,1.06,0.93,0.74,0.54,0.36,0.22,0.12,0.06,0.03,0.01,0.0,0.0,0.0,0.0,0.0,0.0,0.0,0.0,0.0,0.01,0.03,0.06,0.12,0.22,0.36,0.54,0.74,0.93,1.06,1.11,1.06,0.93,0.74,0.54,0.36,0.22,0.12,0.06,0.03,0.01,0.0,0.0,0.0,0.0,0.0,0.0,0.0,0.0,0.0,0.0,0.0,0.0,0.0,0.0,0.0,0.0,0.0,0.0,0.0,0.0,0.0,0.0,0.0,0.0,0.0,0.0,0.0,0.0,0.0,0.0,0.0,0.0,0.0,0.0,0.0,0.0,0.0,0.0,0.0,0.0,0.0,0.0,0.0,0.0,0.0,0.0,0.0,0.0,0.0,0.0,0.0,0.0,0.0,0.0,0.0,0.0,0.0,0.0,0.0,0.0,0.0,0.0,0.0,0.0,0.0,0.0,0.0,0.0,0.0,0.0,0.0,0.0,0.0,0.0,0.0,0.0,0.0,0.0,0.0,0.0,0.0,0.0,0.0,0.0,0.0,0.0,0.0,0.0,0.0,0.0,0.0,0.0,0.0,0.0,0.0,0.0,0.0,0.0,0.0,0.0,0.0,0.0,0.0,0.0,0.0,0.0,0.0,0.0,0.0
0.0,0.0,0.0,0.0,0.0,0.0,0.0,0.0,0.0,0.0,0.0,0.0,0.0,0.0,0.0,0.0,0.0,0.0,0.0,0.0,0.0,0.0,0.0,0.0,0.0,0.0,0.0,0.0,0.0,0.0,0.0,0.0,0.0,0.0,0.0,0.0,0.0,0.0,0.0,0.0,0.0,0.0,0.0,0.0,0.0,0.0,0.0,0.0,0.0,0.0,0.0,0.0,0.0,0.0,0.0,0.0,0.0,0.0,0.0,0.0,0.0,0.0,0.0,0.0,0.0,0.0,0.0,0.0,0.0,0.0,0.0,0.0,0.0,0.0,0.0,0.0,0.0,0.0,0.0,0.0,0.0,0.0,0.0,0.0,0.0,0.0,0.0,0.0,0.0,0.0,0.0,0.0,0.0,0.0,0.0,0.0,0.0,0.0,0.0,0.0,0.0,0.0,0.0,0.0,0.0,0.0,0.0,0.0,0.0,0.0,0.0,0.0,0.0,0.0,0.0,0.0,0.0,0.0,0.0,0.0,0.01,0.01,0.03,0.09,0.22,0.56,1.29,2.74,5.38,9.64,15.81,23.7,32.47,40.66,46.53,48.68,46.53,40.66,32.47,23.7,15.83,9.7,5.51,3.02,1.79,1.39,1.48,1.82,2.21,2.5,2.61,2.5,2.18,1.74,1.27,0.85,0.52,0.29,0.15,0.07,0.03,0.01,0.0,0.0,0.0,0.0,0.0,0.0,0.0,0.0,0.0,0.01,0.02,0.05,0.09,0.14,0.21,0.29,0.36,0.41,0.43,0.41,0.36,0.29,0.21,0.14,0.09,0.05,0.02,0.01,0.0,0.0,0.0,0.0,0.0,0.0,0.01,0.01,0.01,0.01,0.01,0.01,0.01,0.01,0.01,0.0,0.0,0.0,0.0,0.0,0.0,0.0,0.0,0.0,0.0,0.0,0.0,0.0,0.0,0.0,0.0,0.0,0.0,0.0,0.0,0.0,0.0,0.0,0.0,0.0,0.0,0.0,0.0,0.0,0.0,0.0,0.0,0.0,0.0,0.0,0.0,0.0,0.0,0.0,0.0,0.0,0.0,0.0,0.0,0.0,0.0,0.0,0.0,0.0,0.0,0.0,0.0,0.0,0.0,0.0,0.0,0.0,0.0,0.0,0.0,0.0,0.0,0.0,0.0,0.0,0.0,0.0,0.0,0.0,0.0,0.0,0.0,0.0,0.0,0.0,0.0,0.0,0.0,0.0,0.0,0.0,0.0,0.0,0.0,0.0,0.0,0.0,0.0,0.0,0.0,0.0,0.0,0.0,0.0,0.0
0.0,0.0,0.0,0.0,0.0,0.0,0.0,0.0,0.0,0.0,0.0,0.0,0.0,0.0,0.0,0.0,0.0,0.0,0.0,0.0,0.0,0.0,0.0,0.0,0.0,0.0,0.0,0.0,0.0,0.0,0.0,0.0,0.0,0.0,0.0,0.0,0.0,0.0,0.0,0.0,0.0,0.0,0.0,0.0,0.0,0.0,0.0,0.0,0.0,0.0,0.0,0.0,0.0,0.0,0.0,0.0,0.0,0.0,0.0,0.0,0.0,0.0,0.0,0.0,0.0,0.0,0.0,0.0,0.0,0.0,0.0,0.0,0.0,0.0,0.0,0.0,0.0,0.0,0.0,0.0,0.0,0.0,0.0,0.0,0.0,0.0,0.0,0.0,0.0,0.0,0.0,0.0,0.0,0.0,0.0,0.0,0.0,0.0,0.0,0.0,0.0,0.0,0.0,0.0,0.0,0.0,0.0,0.0,0.0,0.0,0.0,0.0,0.0,0.0,0.0,0.0,0.0,0.0,0.01,0.01,0.02,0.03,0.07,0.14,0.34,0.79,1.79,3.79,7.39,13.22,21.67,32.48,44.49,55.71,63.76,66.7,63.76,55.71,44.49,32.49,21.72,13.35,7.67,4.36,2.85,2.56,3.02,3.85,4.72,5.38,5.62,5.37,4.69,3.74,2.73,1.82,1.11,0.62,0.32,0.15,0.06,0.02,0.01,0.0,0.0,0.0,0.0,0.0,0.0,0.0,0.0,0.0,0.01,0.02,0.03,0.05,0.07,0.1,0.13,0.15,0.15,0.15,0.13,0.1,0.07,0.05,0.03,0.02,0.01,0.0,0.0,0.0,0.0,0.01,0.01,0.02,0.02,0.03,0.04,0.05,0.05,0.05,0.04,0.03,0.02,0.02,0.01,0.01,0.0,0.0,0.0,0.0,0.0,0.0,0.0,0.0,0.0,0.0,0.0,0.0,0.0,0.0,0.0,0.0,0.0,0.0,0.0,0.0,0.0,0.0,0.0,0.0,0.0,0.0,0.0,0.0,0.0,0.0,0.0,0.0,0.0,0.0,0.0,0.0,0.0,0.0,0.0,0.0,0.0,0.0,0.0,0.0,0.0,0.0,0.0,0.0,0.0,0.0,0.0,0.0,0.0,0.0,0.0,0.0,0.0,0.0,0.0,0.0,0.0,0.0,0.0,0.0,0.0,0.0,0.0,0.0,0.0,0.0,0.0,0.0,0.0,0.0,0.0,0.0,0.0,0.0,0.0,0.0,0.0,0.0,0.0,0.0,0.0,0.0,0.0,0.0,0.0,0.0,0.0,0.0
0.0,0.0,0.0,0.0,0.0,0.0,0.0,0.0,0.0,0.0,0.0,0.0,0.0,0.0,0.0,0.0,0.0,0.0,0.0,0.0,0.0,0.0,0.0,0.0,0.0,0.0,0.0,0.0,0.0,0.0,0.0,0.0,0.0,0.0,0.0,0.0,0.0,0.0,0.0,0.0,0.0,0.0,0.0,0.0,0.0,0.0,0.0,0.0,0.0,0.0,0.0,0.0,0.0,0.0,0.0,0.0,0.0,0.0,0.0,0.0,0.0,0.0,0.0,0.0,0.0,0.0,0.0,0.0,0.0,0.0,0.0,0.0,0.0,0.0,0.0,0.0,0.0,0.0,0.0,0.0,0.0,0.0,0.0,0.0,0.0,0.0,0.0,0.0,0.0,0.0,0.0,0.0,0.0,0.0,0.0,0.0,0.0,0.0,0.0,0.0,0.0,0.0,0.0,0.0,0.0,0.0,0.0,0.0,0.0,0.0,0.0,0.0,0.0,0.0,0.0,0.0,0.0,0.01,0.02,0.03,0.05,0.09,0.14,0.26,0.51,1.08,2.33,4.82,9.31,16.6,27.17,40.69,55.73,69.78,79.86,83.53,79.85,69.77,55.73,40.7,27.24,16.82,9.83,5.9,4.36,4.51,5.73,7.48,9.25,10.55,11.03,10.54,9.21,7.35,5.37,3.58,2.18,1.22,0.62,0.29,0.12,0.05,0.02,0.01,0.0,0.0,0.0,0.0,0.0,0.0,0.0,0.0,0.0,0.01,0.01,0.02,0.02,0.03,0.04,0.05,0.05,0.05,0.04,0.03,0.02,0.02,0.01,0.01,0.0,0.0,0.0,0.0,0.01,0.02,0.03,0.05,0.07,0.1,0.13,0.15,0.15,0.15,0.13,0.1,0.07,0.05,0.03,0.02,0.01,0.0,0.0,0.0,0.0,0.0,0.0,0.0,0.0,0.0,0.0,0.0,0.0,0.0,0.0,0.0,0.0,0.0,0.0,0.0,0.0,0.0,0.0,0.0,0.0,0.0,0.0,0.0,0.0,0.0,0.0,0.0,0.0,0.0,0.0,0.0,0.0,0.0,0.0,0.0,0.0,0.0,0.0,0.0,0.0,0.0,0.0,0.0,0.0,0.0,0.0,0.0,0.0,0.0,0.0,0.0,0.0,0.0,0.0,0.0,0.0,0.0,0.0,0.0,0.0,0.0,0.0,0.0,0.0,0.0,0.0,0.0,0.0,0.0,0.0,0.0,0.0,0.0,0.0,0.0,0.0,0.0,0.0,0.0,0.0,0.0,0.0,0.0,0.0,0.0,0.0,0.0
0.0,0.0,0.0,0.0,0.0,0.0,0.0,0.0,0.0,0.0,0.0,0.0,0.0,0.0,0.0,0.0,0.0,0.0,0.0,0.0,0.0,0.0,0.0,0.0,0.0,0.0,0.0,0.0,0.0,0.0,0.0,0.0,0.0,0.0,0.0,0.0,0.0,0.0,0.0,0.0,0.0,0.0,0.0,0.0,0.0,0.0,0.0,0.0,0.0,0.0,0.0,0.0,0.0,0.0,0.0,0.0,0.0,0.0,0.0,0.0,0.0,0.0,0.0,0.0,0.0,0.0,0.0,0.0,0.0,0.0,0.0,0.0,0.0,0.0,0.0,0.0,0.0,0.0,0.0,0.0,0.0,0.0,0.0,0.0,0.0,0.0,0.0,0.0,0.0,0.0,0.0,0.0,0.0,0.0,0.0,0.0,0.0,0.0,0.0,0.0,0.0,0.0,0.0,0.0,0.0,0.0,0.0,0.0,0.0,0.0,0.0,0.0,0.0,0.0,0.0,0.0,0.01,0.02,0.05,0.09,0.14,0.22,0.34,0.51,0.83,1.49,2.91,5.73,10.83,19.13,31.18,46.62,63.81,79.88,91.4,95.61,91.4,79.86,63.79,46.62,31.26,19.44,11.65,7.55,6.41,7.49,10.05,13.35,16.58,18.93,19.79,18.92,16.53,13.2,9.63,6.42,3.92,2.18,1.11,0.52,0.22,0.09,0.03,0.01,0.0,0.0,0.0,0.0,0.0,0.0,0.0,0.0,0.0,0.0,0.0,0.0,0.01,0.01,0.01,0.01,0.01,0.01,0.01,0.01,0.01,0.0,0.0,0.0,0.0,0.0,0.0,0.01,0.02,0.05,0.09,0.14,0.21,0.29,0.36,0.41,0.43,0.41,0.36,0.29,0.21,0.14,0.09,0.05,0.02,0.01,0.0,0.0,0.0,0.0,0.0,0.0,0.0,0.0,0.0,0.0,0.0,0.0,0.0,0.0,0.0,0.0,0.0,0.0,0.0,0.0,0.0,0.0,0.0,0.0,0.0,0.0,0.0,0.0,0.0,0.0,0.0,0.0,0.0,0.0,0.0,0.0,0.0,0.0,0.0,0.0,0.0,0.0,0.0,0.0,0.0,0.0,0.0,0.0,0.0,0.0,0.0,0.0,0.0,0.0,0.0,0.0,0.0,0.0,0.0,0.0,0.0,0.0,0.0,0.0,0.0,0.0,0.0,0.0,0.0,0.0,0.0,0.0,0.0,0.0,0.0,0.0,0.0,0.0,0.0,0.0,0.0,0.0,0.0,0.0,0.0,0.0,0.0,0.0,0.0,0.0
0.0,0.0,0.0,0.0,0.0,0.0,0.0,0.0,0.0,0.0,0.0,0.0,0.0,0.0,0.0,0.0,0.0,0.0,0.0,0.0,0.0,0.0,0.0,0.0,0.0,0.0,0.0,0.0,0.0,0.0,0.0,0.0,0.0,0.0,0.0,0.0,0.0,0.0,0.0,0.0,0.0,0.0,0.0,0.0,0.0,0.0,0.0,0.0,0.0,0.0,0.0,0.0,0.0,0.0,0.0,0.0,0.0,0.0,0.0,0.0,0.0,0.0,0.0,0.0,0.0,0.0,0.0,0.0,0.0,0.0,0.0,0.0,0.0,0.0,0.0,0.0,0.0,0.0,0.0,0.0,0.0,0.0,0.0,0.0,0.0,0.0,0.0,0.0,0.0,0.0,0.0,0.0,0.0,0.0,0.0,0.0,0.0,0.0,0.0,0.0,0.0,0.0,0.0,0.0,0.0,0.0,0.0,0.0,0.0,0.0,0.0,0.0,0.0,0.0,0.0,0.01,0.03,0.06,0.12,0.22,0.36,0.56,0.79,1.08,1.49,2.22,3.67,6.54,11.77,20.33,32.83,48.9,66.82,83.59,95.63,100.01,95.61,83.54,66.75,48.82,32.83,20.64,12.85,9.19,9.04,11.65,16.23,21.81,27.17,31.05,32.47,31.04,27.12,21.65,15.8,10.54,6.42,3.58,1.82,0.85,0.36,0.14,0.05,0.02,0.0,0.0,0.0,0.0,0.0,0.0,0.0,0.0,0.0,0.0,0.0,0.0,0.0,0.0,0.0,0.0,0.0,0.0,0.0,0.0,0.0,0.0,0.0,0.0,0.0,0.0,0.01,0.03,0.06,0.12,0.22,0.36,0.54,0.74,0.93,1.06,1.11,1.06,0.93,0.74,0.54,0.36,0.22,0.12,0.06,0.03,0.01,0.0,0.0,0.0,0.0,0.0,0.0,0.0,0.0,0.0,0.0,0.0,0.0,0.0,0.0,0.0,0.0,0.0,0.0,0.0,0.0,0.0,0.0,0.0,0.0,0.0,0.0,0.0,0.0,0.0,0.0,0.0,0.0,0.0,0.0,0.0,0.0,0.0,0.0,0.0,0.0,0.0,0.0,0.0,0.0,0.0,0.0,0.0,0.0,0.0,0.0,0.0,0.0,0.0,0.0,0.0,0.0,0.0,0.0,0.0,0.0,0.0,0.0,0.0,0.0,0.0,0.0,0.0,0.0,0.0,0.0,0.0,0.0,0.0,0.0,0.0,0.0,0.0,0.0,0.0,0.0,0.0,0.0,0.0,0.0,0.0,0.0,0.0,0.0,0.0
0.0,0.0,0.0,0.0,0.0,0.0,0.0,0.0,0.0,0.0,0.0,0.0,0.0,0.0,0.0,0.0,0.0,0.0,0.0,0.0,0.0,0.0,0.0,0.0,0.0,0.0,0.0,0.0,0.0,0.0,0.0,0.0,0.0,0.0,0.0,0.0,0.0,0.0,0.0,0.0,0.0,0.0,0.0,0.0,0.0,0.0,0.0,0.0,0.0,0.0,0.0,0.0,0.0,0.0,0.0,0.0,0.0,0.0,0.0,0.0,0.0,0.0,0.0,0.0,0.0,0.0,0.0,0.0,0.0,0.0,0.0,0.0,0.0,0.0,0.0,0.0,0.0,0.0,0.0,0.0,0.0,0.0,0.0,0.0,0.0,0.0,0.0,0.0,0.0,0.0,0.0,0.0,0.0,0.0,0.0,0.0,0.0,0.0,0.0,0.0,0.0,0.0,0.0,0.0,0.0,0.0,0.0,0.0,0.0,0.0,0.0,0.0,0.0,0.0,0.01,0.03,0.07,0.15,0.29,0.52,0.85,1.29,1.79,2.33,2.91,3.67,4.99,7.55,12.28,20.19,31.88,47.05,64.05,80.0,91.46,95.63,91.41,79.88,63.84,46.74,31.58,20.19,13.27,10.73,12.13,16.86,24.11,32.61,40.7,46.55,48.68,46.53,40.66,32.47,23.69,15.8,9.63,5.37,2.73,1.27,0.54,0.21,0.07,0.02,0.01,0.0,0.0,0.0,0.0,0.0,0.0,0.0,0.0,0.0,0.0,0.0,0.0,0.0,0.0,0.0,0.0,0.0,0.0,0.0,0.0,0.0,0.0,0.0,0.0,0.01,0.03,0.07,0.15,0.29,0.52,0.85,1.27,1.74,2.18,2.5,2.61,2.5,2.18,1.74,1.27,0.85,0.52,0.29,0.15,0.07,0.03,0.01,0.0,0.0,0.0,0.0,0.0,0.0,0.0,0.0,0.0,0.0,0.0,0.0,0.0,0.0,0.0,0.0,0.0,0.0,0.0,0.0,0.0,0.0,0.0,0.0,0.0,0.0,0.0,0.0,0.0,0.0,0.0,0.0,0.0,0.0,0.0,0.0,0.0,0.0,0.0,0.0,0.0,0.0,0.0,0.0,0.0,0.0,0.0,0.0,0.0,0.0,0.0,0.0,0.0,0.0,0.0,0.0,0.0,0.0,0.0,0.0,0.0,0.0,0.0,0.0,0.0,0.0,0.0,0.0,0.0,0.0,0.0,0.0,0.0,0.0,0.0,0.0,0.0,0.0,0.0,0.0,0.0,0.0,0.0,0.0,0.0,0.0,0.0,0.0
0.0,0.0,0.0,0.0,0.0,0.0,0.0,0.0,0.0,0.0,0.0,0.0,0.0,0.0,0.0,0.0,0.0,0.0,0.0,0.0,0.0,0.0,0.0,0.0,0.0,0.0,0.0,0.0,0.0,0.0,0.0,0.0,0.0,0.0,0.0,0.0,0.0,0.0,0.0,0.0,0.0,0.0,0.0,0.0,0.0,0.0,0.0,0.0,0.0,0.0,0.0,0.0,0.0,0.0,0.0,0.0,0.0,0.0,0.0,0.0,0.0,0.0,0.0,0.0,0.0,0.0,0.0,0.0,0.0,0.0,0.0,0.0,0.0,0.0,0.0,0.0,0.0,0.0,0.0,0.0,0.0,0.0,0.0,0.0,0.0,0.0,0.0,0.0,0.0,0.0,0.0,0.0,0.0,0.0,0.0,0.0,0.0,0.0,0.0,0.0,0.0,0.0,0.0,0.0,0.0,0.0,0.0,0.0,0.0,0.0,0.0,0.0,0.0,0.01,0.02,0.06,0.15,0.32,0.62,1.11,1.83,2.74,3.79,4.82,5.73,6.54,7.55,9.38,12.95,19.26,28.94,41.77,56.33,70.08,80.0,83.59,79.89,69.81,55.82,40.95,27.86,18.27,12.95,12.04,15.38,22.58,32.83,44.61,55.75,63.78,66.7,63.76,55.71,44.49,32.47,21.65,13.2,7.35,3.74,1.74,0.74,0.29,0.1,0.03,0.01,0.0,0.0,0.0,0.0,0.0,0.0,0.0,0.0,0.0,0.0,0.0,0.0,0.0,0.0,0.0,0.0,0.0,0.0,0.0,0.0,0.0,0.0,0.0,0.01,0.02,0.06,0.15,0.32,0.62,1.11,1.82,2.73,3.74,4.69,5.37,5.61,5.37,4.69,3.74,2.73,1.82,1.11,0.62,0.32,0.15,0.06,0.02,0.01,0.0,0.0,0.0,0.0,0.0,0.0,0.0,0.0,0.0,0.0,0.0,0.0,0.0,0.0,0.0,0.0,0.0,0.0,0.0,0.0,0.0,0.0,0.0,0.0,0.0,0.0,0.0,0.0,0.0,0.0,0.01,0.07,0.15,0.07,0.01,0.0,0.0,0.0,0.0,0.0,0.01,0.07,0.15,0.07,0.01,0.0,0.0,0.0,0.0,0.0,0.0,0.0,0.0,0.0,0.0,0.0,0.0,0.0,0.0,0.0,0.0,0.0,0.0,0.0,0.0,0.0,0.0,0.0,0.0,0.0,0.0,0.0,0.0,0.0,0.0,0.0,0.0,0.0,0.0,0.0,0.0,0.0,0.0,0.0,0.0,0.0,0.0
0.0,0.0,0.0,0.0,0.0,0.0,0.0,0.0,0.0,0.0,0.0,0.0,0.0,0.0,0.0,0.0,0.0,0.0,0.0,0.0,0.0,0.0,0.0,0.0,0.0,0.0,0.0,0.0,0.0,0.0,0.0,0.0,0.0,0.0,0.0,0.0,0.0,0.0,0.0,0.0,0.0,0.0,0.0,0.0,0.0,0.0,0.0,0.0,0.0,0.0,0.0,0.0,0.0,0.0,0.0,0.0,0.0,0.0,0.0,0.0,0.0,0.0,0.0,0.0,0.0,0.0,0.0,0.0,0.0,0.0,0.0,0.0,0.0,0.0,0.0,0.0,0.0,0.0,0.0,0.0,0.0,0.0,0.0,0.0,0.0,0.0,0.0,0.0,0.0,0.0,0.0,0.0,0.0,0.0,0.0,0.0,0.0,0.0,0.0,0.0,0.0,0.0,0.0,0.0,0.0,0.0,0.0,0.0,0.0,0.0,0.0,0.0,0.01,0.02,0.05,0.12,0.29,0.62,1.22,2.18,3.58,5.38,7.39,9.31,10.83,11.77,12.28,12.95,14.71,18.57,25.23,34.65,45.7,56.33,64.05,66.82,63.82,55.77,44.62,32.83,22.58,15.38,12.04,12.95,18.27,27.86,40.95,55.81,69.8,79.86,83.53,79.85,69.77,55.71,40.66,27.12,16.53,9.21,4.69,2.18,0.93,0.36,0.13,0.04,0.01,0.0,0.0,0.0,0.0,0.0,0.0,0.0,0.0,0.0,0.0,0.0,0.0,0.0,0.0,0.0,0.0,0.0,0.0,0.0,0.0,0.0,0.0,0.01,0.02,0.05,0.12,0.29,0.62,1.22,2.18,3.58,5.37,7.35,9.21,10.54,11.03,10.54,9.21,7.35,5.37,3.58,2.18,1.22,0.62,0.29,0.12,0.05,0.02,0.01,0.0,0.0,0.0,0.0,0.0,0.0,0.0,0.0,0.0,0.0,0.0,0.0,0.0,0.0,0.0,0.0,0.0,0.0,0.0,0.0,0.0,0.0,0.0,0.0,0.0,0.0,0.0,0.0,0.01,0.32,2.73,5.61,2.73,0.32,0.01,0.0,0.0,0.0,0.01,0.32,2.73,5.61,2.73,0.32,0.01,0.0,0.0,0.0,0.0,0.0,0.0,0.0,0.0,0.0,0.0,0.0,0.0,0.0,0.0,0.0,0.0,0.0,0.0,0.0,0.0,0.0,0.0,0.0,0.0,0.0,0.0,0.0,0.0,0.0,0.0,0.0,0.0,0.0,0.0,0.0,0.0,0.0,0.0,0.0,0.0,0.0
0.0,0.0,0.0,0.0,0.0,0.0,0.0,0.0,0.0,0.0,0.0,0.0,0.0,0.0,0.0,0.0,0.0,0.0,0.0,0.0,0.0,0.0,0.0,0.0,0.0,0.0,0.0,0.0,0.0,0.0,0.0,0.0,0.0,0.0,0.0,0.0,0.0,0.0,0.0,0.0,0.0,0.0,0.0,0.0,0.0,0.0,0.0,0.0,0.0,0.0,0.0,0.0,0.0,0.0,0.0,0.0,0.0,0.0,0.0,0.0,0.0,0.0,0.0,0.0,0.0,0.0,0.0,0.0,0.0,0.0,0.0,0.0,0.0,0.0,0.0,0.0,0.0,0.0,0.0,0.0,0.0,0.0,0.0,0.0,0.0,0.0,0.0,0.0,0.0,0.0,0.0,0.0,0.0,0.0,0.0,0.0,0.0,0.0,0.0,0.0,0.0,0.0,0.0,0.0,0.0,0.0,0.0,0.0,0.0,0.0,0.0,0.0,0.01,0.03,0.09,0.22,0.52,1.11,2.18,3.92,6.43,9.64,13.22,16.6,19.13,20.33,20.19,19.26,18.57,19.27,22.23,27.61,34.65,41.77,47.05,48.9,46.63,40.73,32.62,24.11,16.87,12.13,10.73,13.27,20.19,31.58,46.74,63.84,79.88,91.4,95.6,91.39,79.85,63.76,46.53,31.04,18.92,10.54,5.37,2.5,1.06,0.41,0.15,0.05,0.01,0.0,0.0,0.0,0.0,0.0,0.0,0.0,0.0,0.0,0.0,0.0,0.0,0.0,0.0,0.0,0.0,0.0,0.0,0.0,0.0,0.0,0.0,0.01,0.03,0.09,0.22,0.52,1.11,2.18,3.92,6.42,9.63,13.2,16.53,18.92,19.79,18.92,16.53,13.2,9.63,6.42,3.92,2.18,1.11,0.52,0.22,0.09,0.03,0.01,0.0,0.0,0.0,0.0,0.0,0.0,0.0,0.0,0.0,0.0,0.0,0.0,0.0,0.0,0.0,0.0,0.0,0.0,0.0,0.0,0.0,0.0,0.0,0.0,0.0,0.0,0.0,0.0,0.07,2.73,23.69,48.68,23.69,2.73,0.07,0.0,0.0,0.0,0.07,2.73,23.69,48.68,23.69,2.73,0.07,0.0,0.0,0.0,0.0,0.0,0.0,0.0,0.0,0.0,0.0,0.0,0.0,0.0,0.0,0.0,0.0,0.0,0.0,0.0,0.0,0.0,0.0,0.0,0.0,0.0,0.0,0.0,0.0,0.0,0.0,0.0,0.0,0.0,0.0,0.0,0.0,0.0,0.0,0.0,0.0,0.0
0.0,0.0,0.0,0.0,0.0,0.0,0.0,0.0,0.0,0.0,0.0,0.0,0.0,0.0,0.0,0.0,0.0,0.0,0.0,0.0,0.0,0.0,0.0,0.0,0.0,0.0,0.0,0.0,0.0,0.0,0.0,0.0,0.0,0.0,0.0,0.0,0.0,0.0,0.0,0.0,0.0,0.0,0.0,0.0,0.0,0.0,0.0,0.0,0.0,0.0,0.0,0.0,0.0,0.0,0.0,0.0,0.0,0.0,0.0,0.0,0.0,0.0,0.0,0.0,0.0,0.0,0.0,0.0,0.0,0.0,0.0,0.0,0.0,0.0,0.0,0.0,0.0,0.0,0.0,0.0,0.0,0.0,0.0,0.0,0.0,0.0,0.0,0.0,0.0,0.0,0.0,0.0,0.0,0.0,0.0,0.0,0.0,0.0,0.0,0.0,0.0,0.0,0.0,0.0,0.0,0.0,0.0,0.0,0.0,0.0,0.0,0.01,0.02,0.05,0.14,0.36,0.85,1.83,3.58,6.43,10.54,15.81,21.67,27.17,31.18,32.83,31.88,28.94,25.23,22.23,21.08,22.23,25.23,28.94,31.89,32.83,31.19,27.22,21.82,16.24,11.65,9.04,9.19,12.85,20.64,32.83,48.82,66.75,83.55,95.61,100.01,95.6,83.53,66.7,48.68,32.47,19.79,11.03,5.61,2.61,1.11,0.43,0.15,0.05,0.01,0.0,0.0,0.0,0.0,0.0,0.0,0.0,0.0,0.0,0.0,0.0,0.0,0.0,0.0,0.0,0.0,0.0,0.0,0.0,0.0,0.0,0.0,0.02,0.05,0.14,0.36,0.85,1.82,3.58,6.42,10.54,15.8,21.65,27.12,31.04,32.47,31.04,27.12,21.65,15.8,10.54,6.42,3.58,1.82,0.85,0.36,0.14,0.05,0.02,0.0,0.0,0.0,0.0,0.0,0.0,0.0,0.0,0.0,0.0,0.0,0.0,0.0,0.0,0.0,0.0,0.0,0.0,0.0,0.0,0.0,0.0,0.0,0.0,0.0,0.0,0.0,0.0,0.15,5.61,48.68,100.0,48.68,5.61,0.15,0.0,0.0,0.0,0.15,5.61,48.68,100.0,48.68,5.61,0.15,0.0,0.0,0.0,0.0,0.0,0.0,0.0,0.0,0.0,0.0,0.0,0.0,0.0,0.0,0.0,0.0,0.0,0.0,0.0,0.0,0.0,0.0,0.0,0.0,0.0,0.0,0.0,0.0,0.0,0.0,0.0,0.0,0.0,0.0,0.0,0.0,0.0,0.0,0.0,0.0,0.0
0.0,0.0,0.0,0.0,0.0,0.0,0.0,0.0,0.0,0.0,0.0,0.0,0.0,0.0,0.0,0.0,0.0,0.0,0.0,0.0,0.0,0.0,0.0,0.0,0.0,0.0,0.0,0.0,0.0,0.0,0.0,0.0,0.0,0.0,0.0,0.0,0.0,0.0,0.0,0.0,0.0,0.0,0.0,0.0,0.0,0.0,0.0,0.0,0.0,0.0,0.0,0.0,0.0,0.0,0.0,0.0,0.0,0.0,0.0,0.0,0.0,0.0,0.0,0.0,0.0,0.0,0.0,0.0,0.0,0.0,0.0,0.0,0.0,0.0,0.0,0.0,0.0,0.0,0.0,0.0,0.0,0.0,0.0,0.0,0.0,0.0,0.0,0.0,0.0,0.0,0.0,0.0,0.0,0.0,0.0,0.0,0.0,0.0,0.0,0.0,0.0,0.0,0.0,0.0,0.0,0.0,0.0,0.0,0.0,0.0,0.01,0.01,0.03,0.09,0.22,0.56,1.29,2.74,5.38,9.64,15.81,23.7,32.48,40.69,46.62,48.9,47.05,41.77,34.65,27.61,22.23,19.27,18.57,19.26,20.19,20.33,19.14,16.65,13.37,10.05,7.49,6.41,7.55,11.65,19.44,31.26,46.63,63.8,79.87,91.41,95.62,91.41,79.86,63.77,46.54,31.04,18.92,10.54,5.37,2.5,1.06,0.41,0.15,0.05,0.01,0.0,0.0,0.0,0.0,0.0,0.0,0.0,0.0,0.0,0.0,0.0,0.0,0.0,0.0,0.0,0.0,0.0,0.0,0.0,0.0,0.0,0.01,0.02,0.07,0.21,0.54,1.27,2.73,5.37,9.63,15.8,23.69,32.47,40.66,46.53,48.68,46.53,40.66,32.47,23.69,15.8,9.63,5.37,2.73,1.27,0.54,0.21,0.07,0.02,0.01,0.0,0.0,0.0,0.0,0.0,0.0,0.0,0.0,0.0,0.0,0.0,0.0,0.0,0.0,0.0,0.0,0.0,0.0,0.0,0.0,0.0,0.0,0.0,0.0,0.0,0.0,0.0,0.07,2.73,23.69,48.68,23.69,2.73,0.07,0.0,0.0,0.0,0.07,2.73,23.69,48.68,23.69,2.73,0.07,0.0,0.0,0.0,0.0,0.0,0.0,0.0,0.0,0.0,0.0,0.0,0.0,0.0,0.0,0.0,0.0,0.0,0.0,0.0,0.0,0.0,0.0,0.0,0.0,0.0,0.0,0.0,0.0,0.0,0.0,0.0,0.0,0.0,0.0,0.0,0.0,0.0,0.0,0.0,0.0,0.0
0.0,0.0,0.0,0.0,0.0,0.0,0.0,0.0,0.0,0.0,0.0,0.0,0.0,0.0,0.0,0.0,0.0,0.0,0.0,0.0,0.0,0.0,0.0,0.0,0.0,0.0,0.0,0.0,0.0,0.0,0.0,0.0,0.0,0.0,0.0,0.0,0.0,0.0,0.0,0.0,0.0,0.0,0.0,0.0,0.0,0.0,0.0,0.0,0.0,0.0,0.0,0.0,0.0,0.0,0.0,0.0,0.0,0.0,0.0,0.0,0.0,0.0,0.0,0.0,0.0,0.0,0.0,0.0,0.0,0.0,0.0,0.0,0.0,0.0,0.0,0.0,0.0,0.0,0.0,0.0,0.0,0.0,0.0,0.0,0.0,0.0,0.0,0.0,0.0,0.0,0.0,0.0,0.0,0.0,0.0,0.0,0.0,0.0,0.0,0.0,0.0,0.0,0.0,0.0,0.0,0.0,0.0,0.0,0.01,0.01,0.02,0.03,0.07,0.14,0.34,0.79,1.79,3.79,7.39,13.22,21.67,32.48,44.5,55.73,63.81,66.82,64.05,56.33,45.7,34.65,25.23,18.57,14.71,12.95,12.28,11.77,10.84,9.35,7.51,5.74,4.51,4.37,5.91,9.83,16.83,27.26,40.73,55.76,69.81,79.9,83.58,79.9,69.81,55.74,40.68,27.13,16.54,9.21,4.69,2.18,0.93,0.36,0.13,0.04,0.01,0.0,0.0,0.0,0.0,0.0,0.0,0.0,0.0,0.0,0.0,0.0,0.0,0.0,0.0,0.0,0.0,0.0,0.0,0.0,0.0,0.0,0.01,0.03,0.1,0.29,0.74,1.74,3.74,7.35,13.2,21.65,32.47,44.49,55.71,63.76,66.7,63.76,55.71,44.49,32.47,21.65,13.2,7.35,3.74,1.74,0.74,0.29,0.1,0.03,0.01,0.0,0.0,0.0,0.0,0.0,0.0,0.0,0.0,0.0,0.0,0.0,0.0,0.0,0.0,0.0,0.0,0.0,0.0,0.0,0.0,0.0,0.0,0.0,0.0,0.0,0.0,0.0,0.01,0.32,2.73,5.61,2.73,0.32,0.01,0.0,0.0,0.0,0.01,0.32,2.73,5.61,2.73,0.32,0.01,0.0,0.0,0.0,0.0,0.0,0.0,0.0,0.0,0.0,0.0,0.0,0.0,0.0,0.0,0.0,0.0,0.0,0.0,0.0,0.0,0.0,0.0,0.0,0.0,0.0,0.0,0.0,0.0,0.0,0.0,0.0,0.0,0.0,0.0,0.0,0.0,0.0,0.0,0.0,0.0,0.0
0.0,0.0,0.0,0.0,0.0,0.0,0.0,0.0,0.0,0.0,0.0,0.0,0.0,0.0,0.0,0.0,0.0,0.0,0.0,0.0,0.0,0.0,0.0,0.0,0.0,0.0,0.0,0.0,0.0,0.0,0.0,0.0,0.0,0.0,0.0,0.0,0.0,0.0,0.0,0.0,0.0,0.0,0.0,0.0,0.0,0.0,0.0,0.0,0.0,0.0,0.0,0.0,0.0,0.0,0.0,0.0,0.0,0.0,0.0,0.0,0.0,0.0,0.0,0.0,0.0,0.0,0.0,0.0,0.0,0.0,0.0,0.0,0.0,0.0,0.0,0.0,0.0,0.0,0.0,0.0,0.0,0.0,0.0,0.0,0.0,0.0,0.0,0.0,0.0,0.0,0.0,0.0,0.0,0.0,0.0,0.0,0.0,0.0,0.0,0.0,0.0,0.0,0.0,0.0,0.0,0.0,0.0,0.01,0.02,0.03,0.05,0.09,0.14,0.26,0.51,1.08,2.33,4.82,9.31,16.6,27.17,40.69,55.73,69.78,79.88,83.59,80.0,70.08,56.33,41.77,28.94,19.26,12.95,9.38,7.55,6.54,5.74,4.85,3.89,3.03,2.57,2.86,4.37,7.69,13.38,21.77,32.56,44.6,55.84,63.91,66.85,63.91,55.84,44.59,32.54,21.7,13.23,7.37,3.75,1.75,0.74,0.29,0.1,0.03,0.01,0.0,0.0,0.0,0.0,0.0,0.0,0.0,0.0,0.0,0.0,0.0,0.0,0.0,0.0,0.0,0.0,0.0,0.0,0.0,0.0,0.0,0.01,0.04,0.13,0.36,0.93,2.18,4.69,9.21,16.53,27.12,40.66,55.71,69.77,79.85,83.53,79.85,69.77,55.71,40.66,27.12,16.53,9.21,4.69,2.18,0.93,0.36,0.13,0.04,0.01,0.0,0.0,0.0,0.0,0.0,0.0,0.0,0.0,0.0,0.0,0.0,0.0,0.0,0.0,0.0,0.0,0.0,0.0,0.0,0.0,0.0,0.0,0.0,0.0,0.0,0.0,0.0,0.0,0.01,0.07,0.15,0.07,0.01,0.0,0.0,0.0,0.0,0.0,0.01,0.07,0.15,0.07,0.01,0.0,0.0,0.0,0.0,0.0,0.0,0.0,0.0,0.0,0.0,0.0,0.0,0.0,0.0,0.0,0.0,0.0,0.0,0.0,0.0,0.0,0.0,0.0,0.0,0.0,0.0,0.0,0.0,0.0,0.0,0.0,0.0,0.0,0.0,0.0,0.0,0.0,0.0,0.0,0.0,0.0,0.0
0.0,0.0,0.0,0.0,0.0,0.0,0.0,0.0,0.0,0.0,0.0,0.0,0.0,0.0,0.0,0.0,0.0,0.0,0.0,0.0,0.0,0.0,0.0,0.0,0.0,0.0,0.0,0.0,0.0,0.0,0.0,0.0,0.0,0.0,0.0,0.0,0.0,0.0,0.0,0.0,0.0,0.0,0.0,0.0,0.0,0.0,0.0,0.0,0.0,0.0,0.0,0.0,0.0,0.0,0.0,0.0,0.0,0.0,0.0,0.0,0.0,0.0,0.0,0.0,0.0,0.0,0.0,0.0,0.0,0.0,0.0,0.0,0.0,0.0,0.0,0.0,0.0,0.0,0.0,0.0,0.0,0.0,0.0,0.0,0.0,0.0,0.0,0.0,0.0,0.0,0.0,0.0,0.0,0.0,0.0,0.0,0.0,0.0,0.0,0.0,0.0,0.0,0.0,0.0,0.0,0.0,0.01,0.02,0.05,0.09,0.14,0.22,0.34,0.51,0.83,1.49,2.91,5.73,10.83,19.13,31.18,46.62,63.81,79.88,91.42,95.63,91.46,80.0,64.05,47.05,31.88,20.19,12.28,7.55,4.99,3.68,2.92,2.35,1.87,1.5,1.4,1.8,3.04,5.56,9.79,15.97,23.91,32.76,41.02,46.95,49.11,46.95,41.02,32.75,23.9,15.94,9.72,5.41,2.76,1.28,0.55,0.21,0.08,0.02,0.01,0.0,0.0,0.0,0.0,0.0,0.0,0.0,0.0,0.0,0.0,0.0,0.0,0.0,0.0,0.0,0.0,0.0,0.0,0.0,0.0,0.0,0.01,0.05,0.15,0.41,1.06,2.5,5.37,10.54,18.92,31.04,46.53,63.76,79.85,91.39,95.6,91.39,79.85,63.76,46.53,31.04,18.92,10.54,5.37,2.5,1.06,0.41,0.15,0.05,0.01,0.0,0.0,0.0,0.0,0.0,0.0,0.0,0.0,0.0,0.0,0.0,0.0,0.0,0.0,0.0,0.0,0.0,0.0,0.0,0.0,0.0,0.0,0.0,0.0,0.0,0.0,0.0,0.0,0.0,0.0,0.0,0.0,0.0,0.0,0.0,0.0,0.0,0.0,0.0,0.0,0.0,0.0,0.0,0.0,0.0,0.0,0.0,0.0,0.0,0.0,0.0,0.0,0.0,0.0,0.0,0.0,0.0,0.0,0.0,0.0,0.0,0.0,0.0,0.0,0.0,0.0,0.0,0.0,0.0,0.0,0.0,0.0,0.0,0.0,0.0,0.0,0.0,0.0,0.0,0.0,0.0,0.0,0.0,0.0,0.0
0.0,0.0,0.0,0.0,0.0,0.0,0.0,0.0,0.0,0.0,0.0,0.0,0.0,0.0,0.0,0.0,0.0,0.0,0.0,0.0,0.0,0.0,0.0,0.0,0.0,0.0,0.0,0.0,0.0,0.0,0.0,0.0,0.0,0.0,0.0,0.0,0.0,0.0,0.0,0.0,0.0,0.0,0.0,0.0,0.0,0.0,0.0,0.0,0.0,0.0,0.0,0.0,0.0,0.0,0.0,0.0,0.0,0.0,0.0,0.0,0.0,0.0,0.0,0.0,0.0,0.0,0.0,0.0,0.0,0.0,0.0,0.0,0.0,0.0,0.0,0.0,0.0,0.0,0.0,0.0,0.0,0.0,0.0,0.0,0.0,0.0,0.0,0.0,0.0,0.0,0.0,0.0,0.0,0.0,0.0,0.0,0.0,0.0,0.0,0.0,0.0,0.0,0.0,0.0,0.0,0.01,0.03,0.06,0.12,0.22,0.36,0.56,0.79,1.08,1.49,2.22,3.67,6.54,11.77,20.33,32.83,48.9,66.82,83.59,95.63,100.02,95.63,83.59,66.82,48.9,32.83,20.33,11.77,6.54,3.67,2.22,1.5,1.1,0.84,0.7,0.74,1.1,2.01,3.76,6.67,10.91,16.35,22.4,28.05,32.1,33.58,32.1,28.05,22.39,16.34,10.9,6.64,3.7,1.88,0.88,0.37,0.14,0.05,0.02,0.0,0.0,0.0,0.0,0.0,0.0,0.0,0.0,0.0,0.0,0.0,0.0,0.0,0.0,0.0,0.0,0.0,0.0,0.0,0.0,0.0,0.0,0.01,0.05,0.15,0.43,1.11,2.61,5.61,11.03,19.79,32.47,48.68,66.7,83.53,95.6,100.0,95.6,83.53,66.7,48.68,32.47,19.79,11.03,5.61,2.61,1.11,0.43,0.15,0.05,0.01,0.0,0.0,0.0,0.0,0.0,0.0,0.0,0.0,0.0,0.0,0.0,0.0,0.0,0.0,0.0,0.0,0.0,0.0,0.0,0.0,0.0,0.0,0.0,0.0,0.0,0.0,0.0,0.0,0.0,0.0,0.0,0.0,0.0,0.0,0.0,0.0,0.0,0.0,0.0,0.0,0.0,0.0,0.0,0.0,0.0,0.0,0.0,0.0,0.0,0.0,0.0,0.0,0.0,0.0,0.0,0.0,0.0,0.0,0.0,0.0,0.0,0.0,0.0,0.0,0.0,0.0,0.0,0.0,0.0,0.0,0.0,0.0,0.0,0.0,0.0,0.0,0.0,0.0,0.0,0.0,0.0,0.0,0.0,0.0,0.0
0.0,0.0,0.0,0.0,0.0,0.0,0.0,0.0,0.0,0.0,0.0,0.0,0.0,0.0,0.0,0.0,0.0,0.0,0.0,0.0,0.0,0.0,0.0,0.0,0.0,0.0,0.0,0.0,0.0,0.0,0.0,0.0,0.0,0.0,0.0,0.0,0.0,0.0,0.0,0.0,0.0,0.0,0.0,0.0,0.0,0.0,0.0,0.0,0.0,0.0,0.0,0.0,0.0,0.0,0.0,0.0,0.0,0.0,0.0,0.0,0.0,0.0,0.0,0.0,0.0,0.0,0.0,0.0,0.0,0.0,0.0,0.0,0.0,0.0,0.0,0.0,0.0,0.0,0.0,0.0,0.0,0.0,0.0,0.0,0.0,0.0,0.0,0.0,0.0,0.0,0.0,0.0,0.0,0.0,0.0,0.0,0.0,0.0,0.0,0.0,0.0,0.0,0.0,0.0,0.01,0.03,0.07,0.15,0.29,0.52,0.85,1.29,1.79,2.33,2.91,3.67,4.99,7.55,12.28,20.19,31.88,47.05,64.05,80.0,91.46,95.63,91.42,79.88,63.81,46.62,31.18,19.13,10.83,5.73,2.91,1.49,0.83,0.52,0.37,0.32,0.39,0.67,1.31,2.49,4.44,7.28,10.91,14.94,18.71,21.42,22.4,21.42,18.71,14.94,10.9,7.27,4.43,2.47,1.26,0.59,0.25,0.1,0.03,0.01,0.0,0.0,0.0,0.0,0.0,0.0,0.0,0.0,0.0,0.0,0.0,0.0,0.0,0.0,0.0,0.0,0.0,0.0,0.0,0.0,0.0,0.0,0.01,0.05,0.15,0.41,1.06,2.5,5.37,10.54,18.92,31.04,46.53,63.76,79.85,91.39,95.6,91.39,79.85,63.76,46.53,31.04,18.92,10.54,5.37,2.5,1.06,0.41,0.15,0.05,0.01,0.0,0.0,0.0,0.0,0.0,0.0,0.0,0.0,0.0,0.0,0.0,0.0,0.0,0.0,0.0,0.0,0.0,0.0,0.0,0.0,0.0,0.0,0.0,0.0,0.0,0.0,0.0,0.0,0.0,0.0,0.0,0.0,0.0,0.0,0.0,0.0,0.0,0.0,0.0,0.0,0.0,0.0,0.0,0.0,0.0,0.0,0.0,0.0,0.0,0.0,0.0,0.0,0.0,0.0,0.0,0.0,0.0,0.0,0.0,0.0,0.0,0.0,0.0,0.0,0.0,0.0,0.0,0.0,0.0,0.0,0.0,0.0,0.0,0.0,0.0,0.0,0.0,0.0,0.0,0.0,0.0,0.0,0.0,0.0,0.0
0.0,0.0,0.0,0.0,0.0,0.0,0.0,0.0,0.0,0.0,0.0,0.0,0.0,0.0,0.0,0.0,0.0,0.0,0.0,0.0,0.0,0.0,0.0,0.0,0.0,0.0,0.0,0.0,0.0,0.0,0.0,0.0,0.0,0.0,0.0,0.0,0.0,0.0,0.0,0.0,0.0,0.0,0.0,0.0,0.0,0.0,0.0,0.0,0.0,0.0,0.0,0.0,0.0,0.0,0.0,0.0,0.0,0.0,0.0,0.0,0.0,0.0,0.0,0.0,0.0,0.0,0.0,0.0,0.0,0.0,0.0,0.0,0.0,0.0,0.0,0.0,0.0,0.0,0.0,0.0,0.0,0.0,0.0,0.0,0.0,0.0,0.0,0.0,0.0,0.0,0.0,0.0,0.0,0.0,0.0,0.0,0.0,0.0,0.0,0.0,0.0,0.0,0.0,0.01,0.02,0.06,0.15,0.32,0.62,1.11,1.83,2.74,3.79,4.82,5.73,6.54,7.55,9.38,12.95,19.26,28.94,41.77,56.33,70.08,80.0,83.59,79.88,69.78,55.73,40.69,27.17,16.6,9.31,4.82,2.33,1.08,0.51,0.26,0.17,0.16,0.24,0.47,0.95,1.84,3.3,5.4,8.1,11.1,13.9,15.91,16.64,15.91,13.9,11.1,8.1,5.4,3.29,1.83,0.93,0.43,0.18,0.07,0.03,0.01,0.0,0.0,0.0,0.0,0.0,0.0,0.0,0.0,0.0,0.0,0.0,0.0,0.0,0.0,0.0,0.0,0.0,0.0,0.0,0.0,0.0,0.0,0.01,0.04,0.13,0.36,0.93,2.18,4.69,9.21,16.53,27.12,40.66,55.71,69.77,79.85,83.53,79.85,69.77,55.71,40.66,27.12,16.53,9.21,4.69,2.18,0.93,0.36,0.13,0.04,0.01,0.0,0.0,0.0,0.0,0.0,0.0,0.0,0.0,0.0,0.0,0.0,0.0,0.0,0.0,0.0,0.0,0.0,0.0,0.0,0.0,0.0,0.0,0.0,0.0,0.0,0.0,0.0,0.0,0.0,0.0,0.0,0.0,0.0,0.0,0.0,0.0,0.0,0.0,0.0,0.0,0.0,0.0,0.0,0.0,0.0,0.0,0.0,0.0,0.0,0.0,0.0,0.0,0.0,0.0,0.0,0.0,0.0,0.0,0.0,0.0,0.0,0.0,0.0,0.0,0.0,0.0,0.0,0.0,0.0,0.0,0.0,0.0,0.0,0.0,0.0,0.0,0.0,0.0,0.0,0.0,0.0,0.0,0.0,0.0,0.0
0.0,0.0,0.0,0.0,0.0,0.0,0.0,0.0,0.0,0.0,0.0,0.0,0.0,0.0,0.0,0.0,0.0,0.0,0.0,0.0,0.0,0.0,0.0,0.0,0.0,0.0,0.0,0.0,0.0,0.0,0.0,0.0,0.0,0.0,0.0,0.0,0.0,0.0,0.0,0.0,0.0,0.0,0.0,0.0,0.0,0.0,0.0,0.0,0.0,0.0,0.0,0.0,0.0,0.0,0.0,0.0,0.0,0.0,0.0,0.0,0.0,0.0,0.0,0.0,0.0,0.0,0.0,0.0,0.0,0.0,0.0,0.0,0.0,0.0,0.0,0.0,0.0,0.0,0.0,0.0,0.0,0.0,0.0,0.0,0.0,0.0,0.0,0.0,0.0,0.0,0.0,0.0,0.0,0.0,0.0,0.0,0.0,0.0,0.0,0.0,0.0,0.0,0.01,0.02,0.05,0.12,0.29,0.62,1.22,2.18,3.58,5.38,7.39,9.31,10.83,11.77,12.28,12.95,14.71,18.57,25.23,34.65,45.7,56.33,64.05,66.82,63.81,55.73,44.5,32.48,21.67,13.22,7.39,3.79,1.79,0.79,0.34,0.15,0.09,0.11,0.2,0.45,0.94,1.84,3.29,5.4,8.1,11.1,13.9,15.91,16.64,15.91,13.9,11.1,8.1,5.4,3.29,1.83,0.93,0.43,0.18,0.07,0.03,0.01,0.0,0.0,0.0,0.0,0.0,0.0,0.0,0.0,0.0,0.0,0.0,0.0,0.0,0.0,0.0,0.0,0.0,0.0,0.0,0.0,0.0,0.0,0.01,0.03,0.1,0.29,0.74,1.74,3.74,7.35,13.2,21.65,32.47,44.49,55.71,63.76,66.7,63.76,55.71,44.49,32.47,21.65,13.2,7.35,3.74,1.74,0.74,0.29,0.1,0.03,0.01,0.0,0.0,0.0,0.0,0.0,0.0,0.0,0.0,0.0,0.0,0.0,0.0,0.0,0.0,0.0,0.0,0.0,0.0,0.0,0.0,0.0,0.0,0.0,0.0,0.0,0.0,0.0,0.0,0.0,0.0,0.0,0.0,0.0,0.0,0.0,0.0,0.0,0.0,0.0,0.0,0.0,0.0,0.0,0.0,0.0,0.0,0.0,0.0,0.0,0.0,0.0,0.0,0.0,0.0,0.0,0.0,0.0,0.0,0.0,0.0,0.0,0.0,0.0,0.0,0.0,0.0,0.0,0.0,0.0,0.0,0.0,0.0,0.0,0.0,0.0,0.0,0.0,0.0,0.0,0.0,0.0,0.0,0.0,0.0,0.0
0.0,0.0,0.0,0.0,0.0,0.0,0.0,0.0,0.0,0.0,0.0,0.0,0.0,0.0,0.0,0.0,0.0,0.0,0.0,0.0,0.0,0.0,0.0,0.0,0.0,0.0,0.0,0.0,0.0,0.0,0.0,0.0,0.0,0.0,0.0,0.0,0.0,0.0,0.0,0.0,0.0,0.0,0.0,0.0,0.0,0.0,0.0,0.0,0.0,0.0,0.0,0.0,0.0,0.0,0.0,0.0,0.0,0.0,0.0,0.0,0.0,0.0,0.0,0.0,0.0,0.0,0.0,0.0,0.0,0.0,0.0,0.0,0.0,0.0,0.0,0.0,0.0,0.0,0.0,0.0,0.0,0.0,0.0,0.0,0.0,0.0,0.0,0.0,0.0,0.0,0.0,0.0,0.0,0.0,0.0,0.0,0.0,0.0,0.0,0.0,0.0,0.0,0.01,0.03,0.09,0.22,0.52,1.11,2.18,3.92,6.43,9.64,13.22,16.6,19.13,20.33,20.19,19.26,18.57,19.27,22.23,27.61,34.65,41.77,47.05,48.9,46.62,40.69,32.48,23.7,15.81,9.64,5.38,2.74,1.29,0.56,0.23,0.1,0.07,0.11,0.26,0.59,1.26,2.47,4.43,7.27,10.9,14.94,18.71,21.42,22.4,21.42,18.71,14.94,10.9,7.27,4.43,2.47,1.26,0.59,0.25,0.1,0.03,0.01,0.0,0.0,0.0,0.0,0.0,0.0,0.0,0.0,0.0,0.0,0.0,0.0,0.0,0.0,0.0,0.0,0.0,0.0,0.0,0.0,0.0,0.0,0.01,0.02,0.07,0.21,0.54,1.27,2.73,5.37,9.63,15.8,23.69,32.47,40.66,46.53,48.68,46.53,40.66,32.47,23.69,15.8,9.63,5.37,2.73,1.27,0.54,0.21,0.07,0.02,0.01,0.0,0.0,0.0,0.0,0.0,0.0,0.0,0.0,0.0,0.0,0.0,0.0,0.0,0.0,0.0,0.0,0.0,0.0,0.0,0.0,0.0,0.0,0.0,0.0,0.0,0.0,0.0,0.0,0.0,0.0,0.0,0.0,0.0,0.0,0.0,0.0,0.0,0.0,0.0,0.0,0.0,0.0,0.0,0.0,0.0,0.0,0.0,0.0,0.0,0.0,0.0,0.0,0.0,0.0,0.0,0.0,0.0,0.0,0.0,0.0,0.0,0.0,0.0,0.0,0.0,0.0,0.0,0.0,0.0,0.0,0.0,0.0,0.0,0.0,0.0,0.0,0.0,0.0,0.0,0.0,0.0,0.0,0.0,0.0,0.0
0.0,0.0,0.0,0.0,0.0,0.0,0.0,0.0,0.0,0.0,0.0,0.0,0.0,0.0,0.0,0.0,0.0,0.0,0.0,0.0,0.0,0.0,0.0,0.0,0.0,0.0,0.0,0.0,0.0,0.0,0.0,0.0,0.0,0.0,0.0,0.0,0.0,0.0,0.0,0.0,0.0,0.0,0.0,0.0,0.0,0.0,0.0,0.0,0.0,0.0,0.0,0.0,0.0,0.0,0.0,0.0,0.0,0.0,0.0,0.0,0.0,0.0,0.0,0.0,0.0,0.0,0.0,0.0,0.0,0.0,0.0,0.0,0.0,0.0,0.0,0.0,0.0,0.0,0.0,0.0,0.0,0.0,0.0,0.0,0.0,0.0,0.0,0.0,0.0,0.0,0.0,0.0,0.0,0.0,0.0,0.0,0.0,0.0,0.0,0.0,0.0,0.0,0.02,0.05,0.14,0.36,0.85,1.82,3.58,6.43,10.54,15.81,21.67,27.17,31.18,32.83,31.88,28.94,25.23,22.23,21.08,22.23,25.23,28.94,31.88,32.83,31.18,27.17,21.67,15.81,10.54,6.43,3.58,1.83,0.85,0.37,0.15,0.07,0.07,0.15,0.38,0.88,1.89,3.7,6.64,10.9,16.34,22.39,28.05,32.1,33.58,32.1,28.05,22.39,16.34,10.9,6.64,3.7,1.88,0.88,0.37,0.14,0.05,0.02,0.0,0.0,0.0,0.0,0.0,0.0,0.0,0.0,0.0,0.0,0.0,0.0,0.0,0.0,0.0,0.0,0.0,0.0,0.0,0.0,0.0,0.0,0.0,0.02,0.05,0.14,0.36,0.85,1.82,3.58,6.42,10.54,15.8,21.65,27.12,31.04,32.47,31.04,27.12,21.65,15.8,10.54,6.42,3.58,1.82,0.85,0.36,0.14,0.05,0.02,0.0,0.0,0.0,0.0,0.0,0.0,0.0,0.0,0.0,0.0,0.0,0.0,0.0,0.0,0.0,0.0,0.0,0.0,0.0,0.0,0.0,0.0,0.0,0.0,0.0,0.0,0.0,0.0,0.0,0.0,0.0,0.0,0.0,0.0,0.0,0.0,0.0,0.0,0.0,0.0,0.0,0.0,0.0,0.0,0.0,0.0,0.0,0.0,0.0,0.0,0.0,0.0,0.0,0.0,0.0,0.0,0.0,0.0,0.0,0.0,0.0,0.0,0.0,0.0,0.0,0.0,0.0,0.0,0.0,0.0,0.0,0.0,0.0,0.0,0.0,0.0,0.0,0.0,0.0,0.0,0.0,0.0,0.0,0.0,0.0,0.0
0.0,0.0,0.0,0.0,0.0,0.0,0.0,0.0,0.0,0.0,0.0,0.0,0.0,0.0,0.0,0.0,0.0,0.0,0.0,0.0,0.0,0.0,0.0,0.0,0.0,0.0,0.0,0.0,0.0,0.0,0.0,0.0,0.0,0.0,0.0,0.0,0.0,0.0,0.0,0.0,0.0,0.0,0.0,0.0,0.0,0.0,0.0,0.0,0.0,0.0,0.0,0.0,0.0,0.0,0.0,0.0,0.0,0.0,0.0,0.0,0.0,0.0,0.0,0.0,0.0,0.0,0.0,0.0,0.0,0.0,0.0,0.0,0.0,0.0,0.0,0.0,0.0,0.0,0.0,0.0,0.0,0.0,0.0,0.0,0.0,0.0,0.0,0.0,0.0,0.0,0.0,0.0,0.0,0.0,0.0,0.0,0.0,0.0,0.0,0.0,0.0,0.01,0.02,0.07,0.21,0.54,1.27,2.73,5.37,9.63,15.8,23.7,32.48,40.69,46.62,48.9,47.05,41.77,34.65,27.61,22.23,19.27,18.57,19.26,20.19,20.33,19.13,16.6,13.22,9.64,6.43,3.92,2.18,1.11,0.52,0.22,0.09,0.06,0.09,0.22,0.55,1.28,2.76,5.41,9.72,15.94,23.9,32.75,41.02,46.95,49.11,46.95,41.02,32.75,23.9,15.94,9.72,5.41,2.76,1.28,0.55,0.21,0.08,0.02,0.01,0.0,0.0,0.0,0.0,0.0,0.0,0.0,0.0,0.0,0.0,0.0,0.0,0.0,0.0,0.0,0.0,0.0,0.0,0.0,0.0,0.0,0.0,0.01,0.03,0.09,0.22,0.52,1.11,2.18,3.92,6.42,9.63,13.2,16.53,18.92,19.79,18.92,16.53,13.2,9.63,6.42,3.92,2.18,1.11,0.52,0.22,0.09,0.03,0.01,0.0,0.0,0.0,0.0,0.0,0.0,0.0,0.0,0.0,0.0,0.0,0.0,0.0,0.0,0.0,0.0,0.0,0.0,0.0,0.0,0.0,0.0,0.0,0.0,0.0,0.0,0.0,0.0,0.0,0.0,0.0,0.0,0.0,0.0,0.0,0.0,0.0,0.0,0.0,0.0,0.0,0.0,0.0,0.0,0.0,0.0,0.0,0.0,0.0,0.0,0.0,0.0,0.0,0.0,0.0,0.0,0.0,0.0,0.0,0.0,0.0,0.0,0.0,0.0,0.0,0.0,0.0,0.0,0.0,0.0,0.0,0.0,0.0,0.0,0.0,0.0,0.0,0.0,0.0,0.0,0.0,0.0,0.0,0.0,0.0,0.0
0.0,0.0,0.0,0.0,0.0,0.0,0.0,0.0,0.0,0.0,0.0,0.0,0.0,0.0,0.0,0.0,0.0,0.0,0.0,0.0,0.0,0.0,0.0,0.0,0.0,0.0,0.0,0.0,0.0,0.0,0.0,0.0,0.0,0.0,0.0,0.0,0.0,0.0,0.0,0.0,0.0,0.0,0.0,0.0,0.0,0.0,0.0,0.0,0.0,0.0,0.0,0.0,0.0,0.0,0.0,0.0,0.0,0.0,0.0,0.0,0.0,0.0,0.0,0.0,0.0,0.0,0.0,0.0,0.0,0.0,0.0,0.0,0.0,0.0,0.0,0.0,0.0,0.0,0.0,0.0,0.0,0.0,0.0,0.0,0.0,0.0,0.0,0.0,0.0,0.0,0.0,0.0,0.0,0.0,0.0,0.0,0.0,0.0,0.0,0.0,0.0,0.01,0.03,0.1,0.29,0.74,1.74,3.74,7.35,13.2,21.65,32.47,44.49,55.73,63.81,66.82,64.05,56.33,45.7,34.65,25.23,18.57,14.71,12.95,12.28,11.77,10.83,9.31,7.39,5.38,3.58,2.18,1.22,0.62,0.29,0.13,0.06,0.05,0.11,0.29,0.74,1.75,3.75,7.37,13.23,21.7,32.54,44.59,55.84,63.91,66.85,63.91,55.84,44.59,32.54,21.7,13.23,7.37,3.75,1.75,0.74,0.29,0.1,0.03,0.01,0.0,0.0,0.0,0.0,0.0,0.0,0.0,0.0,0.0,0.0,0.0,0.0,0.0,0.0,0.0,0.0,0.0,0.0,0.0,0.0,0.0,0.0,0.01,0.02,0.05,0.12,0.29,0.62,1.22,2.18,3.58,5.37,7.35,9.21,10.54,11.03,10.54,9.21,7.35,5.37,3.58,2.18,1.22,0.62,0.29,0.12,0.05,0.02,0.01,0.0,0.0,0.0,0.0,0.0,0.0,0.0,0.0,0.0,0.0,0.0,0.0,0.0,0.0,0.0,0.0,0.0,0.0,0.0,0.0,0.0,0.0,0.0,0.0,0.0,0.0,0.0,0.0,0.0,0.0,0.0,0.0,0.0,0.0,0.0,0.0,0.0,0.0,0.0,0.0,0.0,0.0,0.0,0.0,0.0,0.0,0.0,0.0,0.0,0.0,0.0,0.0,0.0,0.0,0.0,0.0,0.0,0.0,0.0,0.0,0.0,0.0,0.0,0.0,0.0,0.0,0.0,0.0,0.0,0.0,0.0,0.0,0.0,0.0,0.0,0.0,0.0,0.0,0.0,0.0,0.0,0.0,0.0,0.0,0.0,0.0
0.0,0.0,0.0,0.0,0.0,0.0,0.0,0.0,0.0,0.0,0.0,0.0,0.0,0.0,0.0,0.0,0.0,0.0,0.0,0.0,0.0,0.0,0.0,0.0,0.0,0.0,0.0,0.0,0.0,0.0,0.0,0.0,0.0,0.0,0.0,0.0,0.0,0.0,0.0,0.0,0.0,0.0,0.0,0.0,0.0,0.0,0.0,0.0,0.0,0.0,0.0,0.0,0.0,0.0,0.0,0.0,0.0,0.0,0.0,0.0,0.0,0.0,0.0,0.0,0.0,0.0,0.0,0.0,0.0,0.0,0.0,0.0,0.0,0.0,0.0,0.0,0.0,0.0,0.0,0.0,0.0,0.0,0.0,0.0,0.0,0.0,0.0,0.0,0.0,0.0,0.0,0.0,0.0,0.0,0.0,0.0,0.0,0.0,0.0,0.0,0.0,0.01,0.04,0.13,0.36,0.93,2.18,4.69,9.21,16.53,27.12,40.66,55.71,69.78,79.88,83.59,80.0,70.08,56.33,41.77,28.94,19.26,12.95,9.38,7.55,6.54,5.73,4.82,3.79,2.74,1.83,1.11,0.62,0.32,0.15,0.07,0.04,0.05,0.13,0.36,0.93,2.18,4.69,9.21,16.54,27.13,40.68,55.74,69.81,79.9,83.58,79.9,69.81,55.74,40.68,27.13,16.54,9.21,4.69,2.18,0.93,0.36,0.13,0.04,0.01,0.0,0.0,0.0,0.0,0.0,0.0,0.0,0.0,0.0,0.0,0.0,0.0,0.0,0.0,0.0,0.0,0.0,0.0,0.0,0.0,0.0,0.0,0.0,0.01,0.02,0.06,0.15,0.32,0.62,1.11,1.82,2.73,3.74,4.69,5.37,5.61,5.37,4.69,3.74,2.73,1.82,1.11,0.62,0.32,0.15,0.06,0.02,0.01,0.0,0.0,0.0,0.0,0.0,0.0,0.0,0.0,0.0,0.0,0.0,0.0,0.0,0.0,0.0,0.0,0.0,0.0,0.0,0.0,0.0,0.0,0.0,0.0,0.0,0.0,0.0,0.0,0.0,0.0,0.0,0.0,0.0,0.0,0.0,0.0,0.0,0.0,0.0,0.0,0.0,0.0,0.0,0.0,0.0,0.0,0.0,0.0,0.0,0.0,0.0,0.0,0.0,0.0,0.0,0.0,0.0,0.0,0.0,0.0,0.0,0.0,0.0,0.0,0.0,0.0,0.0,0.0,0.0,0.0,0.0,0.0,0.0,0.0,0.0,0.0,0.0,0.0,0.0,0.0,0.0,0.0,0.0,0.0,0.0,0.0,0.0
0.0,0.0,0.0,0.0,0.0,0.0,0.0,0.0,0.0,0.0,0.0,0.0,0.0,0.0,0.0,0.0,0.0,0.0,0.0,0.0,0.0,0.0,0.0,0.0,0.0,0.0,0.0,0.0,0.0,0.0,0.0,0.0,0.0,0.0,0.0,0.0,0.0,0.0,0.0,0.0,0.0,0.0,0.0,0.0,0.0,0.0,0.0,0.0,0.0,0.0,0.0,0.0,0.0,0.0,0.0,0.0,0.0,0.0,0.0,0.0,0.0,0.0,0.0,0.0,0.0,0.0,0.0,0.0,0.0,0.0,0.0,0.0,0.0,0.0,0.0,0.0,0.0,0.0,0.0,0.0,0.0,0.0,0.0,0.0,0.0,0.0,0.0,0.0,0.0,0.0,0.0,0.0,0.0,0.0,0.0,0.0,0.0,0.0,0.0,0.0,0.0,0.01,0.05,0.15,0.41,1.06,2.5,5.37,10.54,18.92,31.04,46.53,63.76,79.86,91.41,95.63,91.46,80.0,64.05,47.05,31.89,20.19,12.28,7.55,4.99,3.67,2.91,2.33,1.79,1.29,0.85,0.52,0.29,0.15,0.07,0.03,0.03,0.05,0.15,0.41,1.06,2.5,5.37,10.54,18.92,31.04,46.54,63.77,79.86,91.41,95.61,91.41,79.86,63.77,46.54,31.04,18.92,10.54,5.37,2.5,1.06,0.41,0.15,0.05,0.01,0.0,0.0,0.0,0.0,0.0,0.0,0.0,0.0,0.0,0.0,0.0,0.0,0.0,0.0,0.0,0.0,0.0,0.0,0.0,0.0,0.0,0.0,0.0,0.0,0.01,0.03,0.07,0.15,0.29,0.52,0.85,1.27,1.74,2.18,2.5,2.61,2.5,2.18,1.74,1.27,0.85,0.52,0.29,0.15,0.07,0.03,0.01,0.0,0.0,0.0,0.0,0.0,0.0,0.0,0.0,0.0,0.0,0.0,0.0,0.0,0.0,0.0,0.0,0.0,0.0,0.0,0.0,0.0,0.0,0.0,0.0,0.0,0.0,0.0,0.0,0.0,0.0,0.0,0.0,0.0,0.0,0.0,0.0,0.0,0.0,0.0,0.0,0.0,0.0,0.0,0.0,0.0,0.0,0.0,0.0,0.0,0.0,0.0,0.0,0.0,0.0,0.0,0.0,0.0,0.0,0.0,0.0,0.0,0.0,0.0,0.0,0.0,0.0,0.0,0.0,0.0,0.0,0.0,0.0,0.0,0.0,0.0,0.0,0.0,0.0,0.0,0.0,0.0,0.0,0.0,0.0,0.0,0.0,0.0,0.0
0.0,0.0,0.0,0.0,0.0,0.0,0.0,0.0,0.0,0.0,0.0,0.0,0.0,0.0,0.0,0.0,0.0,0.0,0.0,0.0,0.0,0.0,0.0,0.0,0.0,0.0,0.0,0.0,0.0,0.0,0.0,0.0,0.0,0.0,0.0,0.0,0.0,0.0,0.0,0.0,0.0,0.0,0.0,0.0,0.0,0.0,0.0,0.0,0.0,0.0,0.0,0.0,0.0,0.0,0.0,0.0,0.0,0.0,0.0,0.0,0.0,0.0,0.0,0.0,0.0,0.0,0.0,0.0,0.0,0.0,0.0,0.0,0.0,0.0,0.0,0.0,0.0,0.0,0.0,0.0,0.0,0.0,0.0,0.0,0.0,0.0,0.0,0.0,0.0,0.0,0.0,0.0,0.0,0.0,0.0,0.0,0.0,0.0,0.0,0.0,0.0,0.01,0.05,0.15,0.43,1.11,2.61,5.61,11.03,19.79,32.47,48.68,66.7,83.53,95.61,100.02,95.63,83.59,66.82,48.9,32.83,20.33,11.77,6.54,3.67,2.22,1.49,1.08,0.79,0.56,0.36,0.22,0.12,0.06,0.03,0.02,0.02,0.05,0.15,0.43,1.11,2.61,5.61,11.03,19.79,32.47,48.68,66.7,83.53,95.6,100.0,95.6,83.53,66.7,48.68,32.47,19.79,11.03,5.61,2.61,1.11,0.43,0.15,0.05,0.01,0.0,0.0,0.0,0.0,0.0,0.0,0.0,0.0,0.0,0.0,0.0,0.0,0.0,0.0,0.0,0.0,0.0,0.0,0.0,0.0,0.0,0.0,0.0,0.0,0.0,0.01,0.03,0.06,0.12,0.22,0.36,0.54,0.74,0.93,1.06,1.11,1.06,0.93,0.74,0.54,0.36,0.22,0.12,0.06,0.03,0.01,0.0,0.0,0.0,0.0,0.0,0.0,0.0,0.0,0.0,0.0,0.0,0.0,0.0,0.0,0.0,0.0,0.0,0.0,0.0,0.0,0.0,0.0,0.0,0.0,0.0,0.0,0.0,0.0,0.0,0.0,0.0,0.0,0.0,0.0,0.0,0.0,0.0,0.0,0.0,0.0,0.0,0.0,0.0,0.0,0.0,0.0,0.0,0.0,0.0,0.0,0.0,0.0,0.0,0.0,0.0,0.0,0.0,0.0,0.0,0.0,0.0,0.0,0.0,0.0,0.0,0.0,0.0,0.0,0.0,0.0,0.0,0.0,0.0,0.0,0.0,0.0,0.0,0.0,0.0,0.0,0.0,0.0,0.0,0.0,0.0,0.0,0.0,0.0,0.0
0.0,0.0,0.0,0.0,0.0,0.0,0.0,0.0,0.0,0.0,0.0,0.0,0.0,0.0,0.0,0.0,0.0,0.0,0.0,0.0,0.0,0.0,0.0,0.0,0.0,0.0,0.0,0.0,0.0,0.0,0.0,0.0,0.0,0.0,0.0,0.0,0.0,0.0,0.0,0.0,0.0,0.0,0.0,0.0,0.0,0.0,0.0,0.0,0.0,0.0,0.0,0.0,0.0,0.0,0.0,0.0,0.0,0.0,0.0,0.0,0.0,0.0,0.0,0.0,0.0,0.0,0.0,0.0,0.0,0.0,0.0,0.0,0.0,0.0,0.0,0.0,0.0,0.0,0.0,0.0,0.0,0.0,0.0,0.0,0.0,0.0,0.0,0.0,0.0,0.0,0.0,0.0,0.0,0.0,0.0,0.0,0.0,0.0,0.0,0.0,0.0,0.01,0.05,0.15,0.41,1.06,2.5,5.37,10.54,18.92,31.04,46.54,63.77,79.86,91.41,95.62,91.42,79.89,63.82,46.63,31.18,19.13,10.83,5.73,2.91,1.49,0.83,0.51,0.34,0.22,0.14,0.09,0.05,0.02,0.01,0.01,0.02,0.05,0.15,0.41,1.06,2.5,5.37,10.54,18.92,31.04,46.53,63.76,79.85,91.39,95.6,91.39,79.85,63.76,46.53,31.04,18.92,10.54,5.37,2.5,1.06,0.41,0.15,0.05,0.01,0.0,0.0,0.0,0.0,0.0,0.0,0.0,0.0,0.0,0.0,0.0,0.0,0.0,0.0,0.0,0.0,0.0,0.0,0.0,0.0,0.0,0.0,0.0,0.0,0.0,0.0,0.01,0.02,0.05,0.09,0.14,0.21,0.29,0.36,0.41,0.43,0.41,0.36,0.29,0.21,0.14,0.09,0.05,0.02,0.01,0.0,0.0,0.0,0.0,0.0,0.0,0.0,0.0,0.0,0.0,0.0,0.0,0.0,0.0,0.0,0.0,0.0,0.0,0.0,0.0,0.0,0.0,0.0,0.0,0.0,0.0,0.0,0.0,0.0,0.0,0.0,0.0,0.0,0.0,0.0,0.0,0.0,0.0,0.0,0.0,0.0,0.0,0.0,0.0,0.0,0.0,0.0,0.0,0.0,0.0,0.0,0.0,0.0,0.0,0.0,0.0,0.0,0.0,0.0,0.0,0.0,0.0,0.0,0.0,0.0,0.0,0.0,0.0,0.0,0.0,0.0,0.0,0.0,0.0,0.0,0.0,0.0,0.0,0.0,0.0,0.0,0.0,0.0,0.0,0.0,0.0,0.0,0.0,0.0,0.0
0.0,0.0,0.0,0.0,0.0,0.0,0.0,0.0,0.0,0.0,0.0,0.0,0.0,0.0,0.0,0.0,0.0,0.0,0.0,0.0,0.0,0.0,0.0,0.0,0.0,0.0,0.0,0.0,0.0,0.0,0.0,0.0,0.0,0.0,0.0,0.0,0.0,0.0,0.0,0.0,0.0,0.0,0.0,0.0,0.0,0.0,0.0,0.0,0.0,0.0,0.0,0.0,0.0,0.0,0.0,0.0,0.0,0.0,0.0,0.0,0.0,0.0,0.0,0.0,0.0,0.0,0.0,0.0,0.0,0.0,0.0,0.0,0.0,0.0,0.0,0.0,0.0,0.0,0.0,0.0,0.0,0.0,0.0,0.0,0.0,0.0,0.0,0.0,0.0,0.0,0.0,0.0,0.0,0.0,0.0,0.0,0.0,0.0,0.0,0.0,0.0,0.01,0.04,0.13,0.36,0.93,2.18,4.69,9.21,16.54,27.13,40.68,55.74,69.81,79.9,83.58,79.9,69.82,55.76,40.71,27.18,16.61,9.32,4.82,2.33,1.08,0.51,0.26,0.14,0.09,0.05,0.03,0.02,0.01,0.0,0.01,0.01,0.04,0.13,0.36,0.93,2.18,4.69,9.21,16.53,27.12,40.66,55.71,69.77,79.85,83.53,79.85,69.77,55.71,40.66,27.12,16.53,9.21,4.69,2.18,0.93,0.36,0.13,0.04,0.01,0.0,0.0,0.0,0.0,0.0,0.0,0.0,0.0,0.0,0.0,0.0,0.0,0.0,0.0,0.0,0.0,0.0,0.0,0.0,0.0,0.0,0.0,0.0,0.0,0.0,0.0,0.0,0.01,0.02,0.03,0.05,0.07,0.1,0.13,0.15,0.15,0.15,0.13,0.1,0.07,0.05,0.03,0.02,0.01,0.0,0.0,0.0,0.0,0.0,0.0,0.0,0.0,0.0,0.0,0.0,0.0,0.0,0.0,0.0,0.0,0.0,0.0,0.0,0.0,0.0,0.0,0.0,0.0,0.0,0.0,0.0,0.0,0.0,0.0,0.0,0.0,0.0,0.0,0.0,0.0,0.0,0.0,0.0,0.0,0.0,0.0,0.0,0.0,0.0,0.0,0.0,0.0,0.0,0.0,0.0,0.0,0.0,0.0,0.0,0.0,0.0,0.0,0.0,0.0,0.0,0.0,0.0,0.0,0.0,0.0,0.0,0.0,0.0,0.0,0.0,0.0,0.0,0.0,0.0,0.0,0.0,0.0,0.0,0.0,0.0,0.0,0.0,0.0,0.0,0.0,0.0,0.0,0.0,0.0,0.0
0.0,0.0,0.0,0.0,0.0,0.0,0.0,0.0,0.0,0.0,0.0,0.0,0.0,0.0,0.0,0.0,0.0,0.0,0.0,0.0,0.0,0.0,0.0,0.0,0.0,0.0,0.0,0.0,0.0,0.0,0.0,0.0,0.0,0.0,0.0,0.0,0.0,0.0,0.0,0.0,0.0,0.0,0.0,0.0,0.0,0.0,0.0,0.0,0.0,0.0,0.0,0.0,0.0,0.0,0.0,0.0,0.0,0.0,0.0,0.0,0.0,0.0,0.0,0.0,0.0,0.0,0.0,0.0,0.0,0.0,0.0,0.0,0.0,0.0,0.0,0.0,0.0,0.0,0.0,0.0,0.0,0.0,0.0,0.0,0.0,0.0,0.0,0.0,0.0,0.0,0.0,0.0,0.0,0.0,0.0,0.0,0.0,0.0,0.0,0.0,0.0,0.01,0.03,0.1,0.29,0.74,1.75,3.75,7.37,13.23,21.7,32.54,44.59,55.84,63.91,66.85,63.91,55.84,44.59,32.55,21.72,13.25,7.4,3.79,1.79,0.79,0.34,0.14,0.07,0.03,0.02,0.01,0.01,0.0,0.0,0.0,0.01,0.03,0.1,0.29,0.74,1.74,3.74,7.35,13.2,21.65,32.47,44.49,55.71,63.76,66.7,63.76,55.71,44.49,32.47,21.65,13.2,7.35,3.74,1.74,0.74,0.29,0.1,0.03,0.01,0.0,0.0,0.0,0.0,0.0,0.0,0.0,0.0,0.0,0.0,0.0,0.0,0.0,0.0,0.0,0.0,0.0,0.0,0.0,0.0,0.0,0.0,0.0,0.0,0.0,0.0,0.0,0.0,0.01,0.01,0.02,0.02,0.03,0.04,0.05,0.05,0.05,0.04,0.03,0.02,0.02,0.01,0.01,0.0,0.0,0.0,0.0,0.0,0.0,0.0,0.0,0.0,0.0,0.0,0.0,0.0,0.0,0.0,0.0,0.0,0.0,0.0,0.0,0.0,0.0,0.0,0.0,0.0,0.0,0.0,0.0,0.0,0.0,0.0,0.0,0.0,0.0,0.0,0.0,0.0,0.0,0.0,0.0,0.0,0.0,0.0,0.0,0.0,0.0,0.0,0.0,0.0,0.0,0.0,0.0,0.0,0.0,0.0,0.0,0.0,0.0,0.0,0.0,0.0,0.0,0.0,0.0,0.0,0.0,0.0,0.0,0.0,0.0,0.0,0.0,0.0,0.0,0.0,0.0,0.0,0.0,0.0,0.0,0.0,0.0,0.0,0.0,0.0,0.0,0.0,0.0,0.0,0.0,0.0,0.0
0.0,0.0,0.0,0.0,0.0,0.0,0.0,0.0,0.0,0.0,0.0,0.0,0.0,0.0,0.0,0.0,0.0,0.0,0.0,0.0,0.0,0.0,0.0,0.0,0.0,0.0,0.0,0.0,0.0,0.0,0.0,0.0,0.0,0.0,0.0,0.0,0.0,0.0,0.0,0.0,0.0,0.0,0.0,0.0,0.0,0.0,0.0,0.0,0.0,0.0,0.0,0.0,0.0,0.0,0.0,0.0,0.0,0.0,0.0,0.0,0.0,0.0,0.0,0.0,0.0,0.0,0.0,0.0,0.0,0.0,0.0,0.0,0.0,0.0,0.0,0.0,0.0,0.0,0.0,0.0,0.0,0.0,0.0,0.0,0.0,0.0,0.0,0.0,0.0,0.0,0.0,0.0,0.0,0.0,0.0,0.0,0.0,0.0,0.0,0.0,0.0,0.01,0.02,0.08,0.21,0.55,1.28,2.76,5.41,9.72,15.94,23.9,32.75,41.02,46.95,49.11,46.95,41.02,32.75,23.91,15.95,9.73,5.42,2.77,1.3,0.56,0.23,0.09,0.03,0.01,0.01,0.0,0.0,0.0,0.0,0.0,0.01,0.02,0.07,0.21,0.54,1.27,2.73,5.37,9.63,15.8,23.69,32.47,40.66,46.53,48.68,46.53,40.66,32.47,23.69,15.8,9.63,5.37,2.73,1.27,0.54,0.21,0.07,0.02,0.01,0.0,0.0,0.0,0.0,0.0,0.0,0.0,0.0,0.0,0.0,0.0,0.0,0.0,0.0,0.0,0.0,0.0,0.0,0.0,0.0,0.0,0.0,0.0,0.0,0.0,0.0,0.0,0.0,0.0,0.0,0.0,0.01,0.01,0.01,0.01,0.01,0.01,0.01,0.01,0.01,0.0,0.0,0.0,0.0,0.0,0.0,0.0,0.0,0.0,0.0,0.0,0.0,0.0,0.0,0.0,0.0,0.0,0.0,0.0,0.0,0.0,0.0,0.0,0.0,0.0,0.0,0.0,0.0,0.0,0.0,0.0,0.0,0.0,0.0,0.0,0.0,0.0,0.0,0.0,0.0,0.0,0.0,0.0,0.0,0.0,0.0,0.0,0.0,0.0,0.0,0.0,0.0,0.0,0.0,0.0,0.0,0.0,0.0,0.0,0.0,0.0,0.0,0.0,0.0,0.0,0.0,0.0,0.0,0.0,0.0,0.0,0.0,0.0,0.0,0.0,0.0,0.0,0.0,0.0,0.0,0.0,0.0,0.0,0.0,0.0,0.0,0.0,0.0,0.0,0.0,0.0,0.0,0.0,0.0,0.0
0.0,0.0,0.0,0.0,0.0,0.0,0.0,0.0,0.0,0.0,0.0,0.0,0.0,0.0,0.0,0.0,0.0,0.0,0.0,0.0,0.0,0.0,0.0,0.0,0.0,0.0,0.0,0.0,0.0,0.0,0.0,0.0,0.0,0.0,0.0,0.0,0.0,0.0,0.0,0.0,0.0,0.0,0.0,0.0,0.0,0.0,0.0,0.0,0.0,0.0,0.0,0.0,0.0,0.0,0.0,0.0,0.0,0.0,0.0,0.0,0.0,0.0,0.0,0.0,0.0,0.0,0.0,0.0,0.0,0.0,0.0,0.0,0.0,0.0,0.0,0.0,0.0,0.0,0.0,0.0,0.0,0.0,0.0,0.0,0.0,0.0,0.0,0.0,0.0,0.0,0.0,0.0,0.0,0.0,0.0,0.0,0.0,0.0,0.0,0.0,0.0,0.0,0.02,0.05,0.14,0.37,0.88,1.88,3.7,6.64,10.9,16.34,22.39,28.05,32.1,33.58,32.1,28.05,22.39,16.34,10.9,6.65,3.7,1.89,0.88,0.38,0.15,0.05,0.02,0.01,0.0,0.0,0.0,0.0,0.0,0.0,0.0,0.02,0.05,0.14,0.36,0.85,1.82,3.58,6.42,10.54,15.8,21.65,27.12,31.04,32.47,31.04,27.12,21.65,15.8,10.54,6.42,3.58,1.82,0.85,0.36,0.14,0.05,0.02,0.0,0.0,0.0,0.0,0.0,0.0,0.0,0.0,0.0,0.0,0.0,0.0,0.0,0.0,0.0,0.0,0.0,0.0,0.0,0.0,0.0,0.0,0.0,0.0,0.0,0.0,0.0,0.0,0.0,0.0,0.0,0.0,0.0,0.0,0.0,0.0,0.0,0.0,0.0,0.0,0.0,0.0,0.0,0.0,0.0,0.0,0.0,0.0,0.0,0.0,0.0,0.0,0.0,0.0,0.0,0.0,0.0,0.0,0.0,0.0,0.0,0.0,0.0,0.0,0.0,0.0,0.0,0.0,0.0,0.0,0.0,0.0,0.0,0.0,0.0,0.0,0.0,0.0,0.0,0.0,0.0,0.0,0.0,0.0,0.0,0.0,0.0,0.0,0.0,0.0,0.0,0.0,0.0,0.0,0.0,0.0,0.0,0.0,0.0,0.0,0.0,0.0,0.0,0.0,0.0,0.0,0.0,0.0,0.0,0.0,0.0,0.0,0.0,0.0,0.0,0.0,0.0,0.0,0.0,0.0,0.0,0.0,0.0,0.0,0.0,0.0,0.0,0.0,0.0,0.0,0.0,0.0,0.0,0.0,0.0,0.0
0.0,0.0,0.0,0.0,0.0,0.0,0.0,0.0,0.0,0.0,0.0,0.0,0.0,0.0,0.0,0.0,0.0,0.0,0.0,0.0,0.0,0.0,0.0,0.0,0.0,0.0,0.0,0.0,0.0,0.0,0.0,0.0,0.0,0.0,0.0,0.0,0.0,0.0,0.0,0.0,0.0,0.0,0.0,0.0,0.0,0.0,0.0,0.0,0.0,0.0,0.0,0.0,0.0,0.0,0.0,0.0,0.0,0.0,0.0,0.0,0.0,0.0,0.0,0.0,0.0,0.0,0.0,0.0,0.0,0.0,0.0,0.0,0.0,0.0,0.0,0.0,0.0,0.0,0.0,0.0,0.0,0.0,0.0,0.0,0.0,0.0,0.0,0.0,0.0,0.0,0.0,0.0,0.0,0.0,0.0,0.0,0.0,0.0,0.0,0.0,0.0,0.0,0.01,0.03,0.1,0.25,0.59,1.26,2.47,4.43,7.27,10.9,14.94,18.71,21.42,22.4,21.42,18.71,14.94,10.9,7.27,4.43,2.47,1.26,0.59,0.25,0.1,0.04,0.01,0.0,0.0,0.0,0.0,0.0,0.0,0.0,0.0,0.01,0.03,0.09,0.22,0.52,1.11,2.18,3.92,6.42,9.63,13.2,16.53,18.92,19.79,18.92,16.53,13.2,9.63,6.42,3.92,2.18,1.11,0.52,0.22,0.09,0.03,0.01,0.0,0.0,0.0,0.0,0.0,0.0,0.0,0.0,0.0,0.0,0.0,0.0,0.0,0.0,0.0,0.0,0.0,0.0,0.0,0.0,0.0,0.0,0.0,0.0,0.0,0.0,0.0,0.0,0.0,0.0,0.0,0.0,0.0,0.0,0.0,0.0,0.0,0.0,0.0,0.0,0.0,0.0,0.0,0.0,0.0,0.0,0.0,0.0,0.0,0.0,0.0,0.0,0.0,0.0,0.0,0.0,0.0,0.0,0.0,0.0,0.0,0.0,0.0,0.0,0.0,0.0,0.0,0.0,0.0,0.0,0.0,0.0,0.0,0.0,0.0,0.0,0.0,0.0,0.0,0.0,0.0,0.0,0.0,0.0,0.0,0.0,0.0,0.0,0.0,0.0,0.0,0.0,0.0,0.0,0.0,0.0,0.0,0.0,0.0,0.0,0.0,0.0,0.0,0.0,0.0,0.0,0.0,0.0,0.0,0.0,0.0,0.0,0.0,0.0,0.0,0.0,0.0,0.0,0.0,0.0,0.0,0.0,0.0,0.0,0.0,0.0,0.0,0.0,0.0,0.0,0.0,0.0,0.0,0.0,0.0,0.0
0.0,0.0,0.0,0.0,0.0,0.0,0.0,0.0,0.0,0.0,0.0,0.0,0.0,0.0,0.0,0.0,0.0,0.0,0.0,0.0,0.0,0.0,0.0,0.0,0.0,0.0,0.0,0.0,0.0,0.0,0.0,0.0,0.0,0.0,0.0,0.0,0.0,0.0,0.0,0.0,0.0,0.0,0.0,0.0,0.0,0.0,0.0,0.0,0.0,0.0,0.0,0.0,0.0,0.0,0.0,0.0,0.0,0.0,0.0,0.0,0.0,0.0,0.0,0.0,0.0,0.0,0.0,0.0,0.0,0.0,0.0,0.0,0.0,0.0,0.0,0.0,0.0,0.0,0.0,0.0,0.0,0.0,0.0,0.0,0.0,0.0,0.0,0.0,0.0,0.0,0.0,0.0,0.0,0.0,0.0,0.0,0.0,0.0,0.0,0.0,0.0,0.0,0.01,0.03,0.07,0.18,0.43,0.93,1.83,3.29,5.4,8.1,11.1,13.9,15.91,16.64,15.91,13.9,11.1,8.1,5.4,3.29,1.83,0.93,0.43,0.19,0.07,0.03,0.01,0.0,0.0,0.0,0.0,0.0,0.0,0.0,0.0,0.01,0.02,0.05,0.12,0.29,0.62,1.22,2.18,3.58,5.37,7.35,9.21,10.54,11.03,10.54,9.21,7.35,5.37,3.58,2.18,1.22,0.62,0.29,0.12,0.05,0.02,0.01,0.0,0.0,0.0,0.0,0.0,0.0,0.0,0.0,0.0,0.0,0.0,0.0,0.0,0.0,0.0,0.0,0.0,0.0,0.0,0.0,0.0,0.0,0.0,0.0,0.0,0.0,0.0,0.0,0.0,0.0,0.0,0.0,0.0,0.0,0.0,0.0,0.0,0.0,0.0,0.0,0.0,0.0,0.0,0.0,0.0,0.0,0.0,0.0,0.0,0.0,0.0,0.0,0.0,0.0,0.0,0.0,0.0,0.0,0.0,0.0,0.0,0.0,0.0,0.0,0.0,0.0,0.0,0.0,0.0,0.0,0.0,0.0,0.0,0.0,0.0,0.0,0.0,0.0,0.0,0.0,0.0,0.0,0.0,0.0,0.0,0.0,0.0,0.0,0.0,0.0,0.0,0.0,0.0,0.0,0.0,0.0,0.0,0.0,0.0,0.0,0.0,0.0,0.0,0.0,0.0,0.0,0.0,0.0,0.0,0.0,0.0,0.0,0.0,0.0,0.0,0.0,0.0,0.0,0.0,0.0,0.0,0.0,0.0,0.0,0.0,0.0,0.0,0.0,0.0,0.0,0.0,0.0,0.0,0.0,0.0,0.0
0.0,0.0,0.0,0.0,0.0,0.0,0.0,0.0,0.0,0.0,0.0,0.0,0.0,0.0,0.0,0.0,0.0,0.0,0.0,0.0,0.0,0.0,0.0,0.0,0.0,0.0,0.0,0.0,0.0,0.0,0.0,0.0,0.0,0.0,0.0,0.0,0.0,0.0,0.0,0.0,0.0,0.0,0.0,0.0,0.0,0.0,0.0,0.0,0.0,0.0,0.0,0.0,0.0,0.0,0.0,0.0,0.0,0.0,0.0,0.0,0.0,0.0,0.0,0.0,0.0,0.0,0.0,0.0,0.0,0.0,0.0,0.0,0.0,0.0,0.0,0.0,0.0,0.0,0.0,0.0,0.0,0.0,0.0,0.0,0.0,0.0,0.0,0.0,0.0,0.0,0.0,0.0,0.0,0.0,0.0,0.0,0.0,0.0,0.0,0.0,0.0,0.0,0.01,0.03,0.07,0.18,0.43,0.93,1.83,3.29,5.4,8.1,11.1,13.9,15.91,16.64,15.91,13.9,11.1,8.1,5.4,3.29,1.83,0.93,0.43,0.18,0.07,0.03,0.01,0.0,0.0,0.0,0.0,0.0,0.0,0.0,0.0,0.0,0.01,0.02,0.06,0.15,0.32,0.62,1.11,1.82,2.73,3.74,4.69,5.37,5.61,5.37,4.69,3.74,2.73,1.82,1.11,0.62,0.32,0.15,0.06,0.02,0.01,0.0,0.0,0.0,0.0,0.0,0.0,0.0,0.0,0.0,0.0,0.0,0.0,0.0,0.0,0.0,0.0,0.0,0.0,0.0,0.0,0.0,0.0,0.0,0.0,0.0,0.0,0.0,0.0,0.0,0.0,0.0,0.0,0.0,0.0,0.0,0.0,0.0,0.0,0.0,0.0,0.0,0.0,0.0,0.0,0.0,0.0,0.0,0.0,0.0,0.0,0.0,0.0,0.0,0.0,0.0,0.0,0.0,0.0,0.0,0.0,0.0,0.0,0.0,0.0,0.0,0.0,0.0,0.0,0.0,0.0,0.0,0.0,0.0,0.0,0.0,0.0,0.0,0.0,0.0,0.0,0.0,0.0,0.0,0.0,0.0,0.0,0.0,0.0,0.0,0.0,0.0,0.0,0.0,0.0,0.0,0.0,0.0,0.0,0.0,0.0,0.0,0.0,0.0,0.0,0.0,0.0,0.0,0.0,0.0,0.0,0.0,0.0,0.0,0.0,0.0,0.0,0.0,0.0,0.0,0.0,0.0,0.0,0.0,0.0,0.0,0.0,0.0,0.0,0.0,0.0,0.0,0.0,0.0,0.0,0.0,0.0,0.0
0.0,0.0,0.0,0.0,0.0,0.0,0.0,0.0,0.0,0.0,0.0,0.0,0.0,0.0,0.0,0.0,0.0,0.0,0.0,0.0,0.0,0.0,0.0,0.0,0.0,0.0,0.0,0.0,0.0,0.0,0.0,0.0,0.0,0.0,0.0,0.0,0.0,0.0,0.0,0.0,0.0,0.0,0.0,0.0,0.0,0.0,0.0,0.0,0.0,0.0,0.0,0.0,0.0,0.0,0.0,0.0,0.0,0.0,0.0,0.0,0.0,0.0,0.0,0.0,0.0,0.0,0.0,0.0,0.0,0.0,0.0,0.0,0.0,0.0,0.0,0.0,0.0,0.0,0.0,0.0,0.0,0.0,0.0,0.0,0.0,0.0,0.0,0.0,0.0,0.0,0.0,0.0,0.0,0.0,0.0,0.0,0.0,0.0,0.0,0.0,0.0,0.0,0.01,0.03,0.1,0.25,0.59,1.26,2.47,4.43,7.27,10.9,14.94,18.71,21.42,22.4,21.42,18.71,14.94,10.9,7.27,4.43,2.47,1.26,0.59,0.25,0.1,0.03,0.01,0.0,0.0,0.0,0.0,0.0,0.0,0.0,0.0,0.0,0.0,0.01,0.03,0.07,0.15,0.29,0.52,0.85,1.27,1.74,2.18,2.5,2.61,2.5,2.18,1.74,1.27,0.85,0.52,0.29,0.15,0.07,0.03,0.01,0.0,0.0,0.0,0.0,0.0,0.0,0.0,0.0,0.0,0.0,0.0,0.0,0.0,0.0,0.0,0.0,0.0,0.0,0.0,0.0,0.0,0.0,0.0,0.0,0.0,0.0,0.0,0.0,0.0,0.0,0.0,0.0,0.0,0.0,0.0,0.0,0.0,0.0,0.0,0.0,0.0,0.0,0.0,0.0,0.0,0.0,0.0,0.0,0.0,0.0,0.0,0.0,0.0,0.0,0.0,0.0,0.0,0.0,0.0,0.0,0.0,0.0,0.0,0.0,0.0,0.0,0.0,0.0,0.0,0.0,0.0,0.0,0.0,0.0,0.0,0.0,0.0,0.0,0.0,0.0,0.0,0.0,0.0,0.0,0.0,0.0,0.0,0.0,0.0,0.0,0.0,0.0,0.0,0.0,0.0,0.0,0.0,0.0,0.0,0.0,0.0,0.0,0.0,0.0,0.0,0.0,0.0,0.0,0.0,0.0,0.0,0.0,0.0,0.0,0.0,0.0,0.0,0.0,0.0,0.0,0.0,0.0,0.0,0.0,0.0,0.0,0.0,0.0,0.0,0.0,0.0,0.0,0.0,0.0,0.0,0.0,0.0,0.0
0.0,0.0,0.0,0.0,0.0,0.0,0.0,0.0,0.0,0.0,0.0,0.0,0.0,0.0,0.0,0.0,0.0,0.0,0.0,0.0,0.0,0.0,0.0,0.0,0.0,0.0,0.0,0.0,0.0,0.0,0.0,0.0,0.0,0.0,0.0,0.0,0.0,0.0,0.0,0.0,0.0,0.0,0.0,0.0,0.0,0.0,0.0,0.0,0.0,0.0,0.0,0.0,0.0,0.0,0.0,0.0,0.0,0.0,0.0,0.0,0.0,0.0,0.0,0.0,0.0,0.0,0.0,0.0,0.0,0.0,0.0,0.0,0.0,0.0,0.0,0.0,0.0,0.0,0.0,0.0,0.0,0.0,0.0,0.0,0.0,0.0,0.0,0.0,0.0,0.0,0.0,0.0,0.0,0.0,0.0,0.0,0.0,0.0,0.0,0.0,0.0,0.0,0.02,0.05,0.14,0.37,0.88,1.88,3.7,6.64,10.9,16.34,22.39,28.05,32.1,33.58,32.1,28.05,22.39,16.34,10.9,6.64,3.7,1.88,0.88,0.37,0.14,0.05,0.02,0.0,0.0,0.0,0.0,0.0,0.0,0.0,0.0,0.0,0.0,0.0,0.01,0.03,0.06,0.12,0.22,0.36,0.54,0.74,0.93,1.06,1.11,1.06,0.93,0.74,0.54,0.36,0.22,0.12,0.06,0.03,0.01,0.0,0.0,0.0,0.0,0.0,0.0,0.0,0.0,0.0,0.0,0.0,0.0,0.0,0.0,0.0,0.0,0.0,0.0,0.0,0.0,0.0,0.0,0.0,0.0,0.0,0.0,0.0,0.0,0.0,0.0,0.0,0.0,0.0,0.0,0.0,0.0,0.0,0.0,0.0,0.0,0.0,0.0,0.0,0.0,0.0,0.0,0.0,0.0,0.0,0.0,0.0,0.0,0.0,0.0,0.0,0.0,0.0,0.0,0.0,0.0,0.0,0.0,0.0,0.0,0.0,0.0,0.0,0.0,0.0,0.0,0.0,0.0,0.0,0.0,0.0,0.0,0.0,0.0,0.0,0.0,0.0,0.0,0.0,0.0,0.0,0.0,0.0,0.0,0.0,0.0,0.0,0.0,0.0,0.0,0.0,0.0,0.0,0.0,0.0,0.0,0.0,0.0,0.0,0.0,0.0,0.0,0.0,0.0,0.0,0.0,0.0,0.0,0.0,0.0,0.0,0.0,0.0,0.0,0.0,0.0,0.0,0.0,0.0,0.0,0.0,0.0,0.0,0.0,0.0,0.0,0.0,0.0,0.0,0.0,0.0,0.0,0.0,0.0,0.0
0.0,0.0,0.0,0.0,0.0,0.0,0.0,0.0,0.0,0.0,0.0,0.0,0.0,0.0,0.0,0.0,0.0,0.0,0.0,0.0,0.0,0.0,0.0,0.0,0.0,0.0,0.0,0.0,0.0,0.0,0.0,0.0,0.0,0.0,0.0,0.0,0.0,0.0,0.0,0.0,0.0,0.0,0.0,0.0,0.0,0.0,0.0,0.0,0.0,0.0,0.0,0.0,0.0,0.0,0.0,0.0,0.0,0.0,0.0,0.0,0.0,0.0,0.0,0.0,0.0,0.0,0.0,0.0,0.0,0.0,0.0,0.0,0.0,0.0,0.0,0.0,0.0,0.0,0.0,0.0,0.0,0.0,0.0,0.0,0.0,0.0,0.0,0.0,0.0,0.0,0.0,0.0,0.0,0.0,0.0,0.0,0.0,0.0,0.0,0.0,0.0,0.01,0.02,0.08,0.21,0.55,1.28,2.76,5.41,9.72,15.94,23.9,32.75,41.02,46.95,49.11,46.95,41.02,32.75,23.9,15.94,9.72,5.41,2.76,1.28,0.55,0.21,0.08,0.02,0.01,0.0,0.0,0.0,0.0,0.0,0.0,0.0,0.0,0.0,0.0,0.0,0.01,0.02,0.05,0.09,0.14,0.21,0.29,0.36,0.41,0.43,0.41,0.36,0.29,0.21,0.14,0.09,0.05,0.02,0.01,0.0,0.0,0.0,0.0,0.0,0.0,0.0,0.0,0.0,0.0,0.0,0.0,0.0,0.0,0.0,0.0,0.0,0.0,0.0,0.0,0.0,0.0,0.0,0.0,0.0,0.0,0.0,0.0,0.0,0.0,0.0,0.0,0.0,0.0,0.0,0.0,0.0,0.0,0.0,0.0,0.0,0.0,0.0,0.0,0.0,0.0,0.0,0.0,0.0,0.0,0.0,0.0,0.0,0.0,0.0,0.0,0.0,0.0,0.0,0.0,0.0,0.0,0.0,0.0,0.0,0.0,0.0,0.0,0.0,0.0,0.0,0.0,0.0,0.0,0.0,0.0,0.0,0.0,0.0,0.0,0.0,0.0,0.0,0.0,0.0,0.0,0.0,0.0,0.0,0.0,0.0,0.0,0.0,0.0,0.0,0.0,0.0,0.0,0.0,0.0,0.0,0.0,0.0,0.0,0.0,0.0,0.0,0.0,0.0,0.0,0.0,0.0,0.0,0.0,0.0,0.0,0.0,0.0,0.0,0.0,0.0,0.0,0.0,0.0,0.0,0.0,0.0,0.0,0.0,0.0,0.0,0.0,0.0,0.0,0.0,0.0,0.0,0.0,0.0,0.0
0.0,0.0,0.0,0.0,0.0,0.0,0.0,0.0,0.0,0.0,0.0,0.0,0.0,0.0,0.0,0.0,0.0,0.0,0.0,0.0,0.0,0.0,0.0,0.0,0.0,0.0,0.0,0.0,0.0,0.0,0.0,0.0,0.0,0.0,0.0,0.0,0.0,0.0,0.0,0.0,0.0,0.0,0.0,0.0,0.0,0.0,0.0,0.0,0.0,0.0,0.0,0.0,0.0,0.0,0.0,0.0,0.0,0.0,0.0,0.0,0.0,0.0,0.0,0.0,0.0,0.0,0.0,0.0,0.0,0.0,0.0,0.0,0.0,0.0,0.0,0.0,0.0,0.0,0.0,0.0,0.0,0.0,0.0,0.0,0.0,0.0,0.0,0.0,0.0,0.0,0.0,0.0,0.0,0.0,0.0,0.0,0.0,0.0,0.0,0.0,0.0,0.01,0.03,0.1,0.29,0.74,1.75,3.75,7.37,13.23,21.7,32.54,44.59,55.84,63.91,66.85,63.91,55.84,44.59,32.54,21.7,13.23,7.37,3.75,1.75,0.74,0.29,0.1,0.03,0.01,0.0,0.0,0.0,0.0,0.0,0.0,0.0,0.0,0.0,0.0,0.0,0.0,0.01,0.02,0.03,0.05,0.07,0.1,0.13,0.15,0.15,0.15,0.13,0.1,0.07,0.05,0.03,0.02,0.01,0.0,0.0,0.0,0.0,0.0,0.0,0.0,0.0,0.0,0.0,0.0,0.0,0.0,0.0,0.0,0.0,0.0,0.0,0.0,0.0,0.0,0.0,0.0,0.0,0.0,0.0,0.0,0.0,0.0,0.0,0.0,0.0,0.0,0.0,0.0,0.0,0.0,0.0,0.0,0.0,0.0,0.0,0.0,0.0,0.0,0.0,0.0,0.0,0.0,0.0,0.0,0.0,0.0,0.0,0.0,0.0,0.0,0.0,0.0,0.0,0.0,0.0,0.0,0.0,0.0,0.0,0.0,0.0,0.0,0.0,0.0,0.0,0.0,0.0,0.0,0.0,0.0,0.0,0.0,0.0,0.0,0.0,0.0,0.0,0.0,0.0,0.0,0.0,0.0,0.0,0.0,0.0,0.0,0.0,0.0,0.0,0.0,0.0,0.0,0.0,0.0,0.0,0.0,0.0,0.0,0.0,0.0,0.0,0.0,0.0,0.0,0.0,0.0,0.0,0.0,0.0,0.0,0.0,0.0,0.0,0.0,0.0,0.0,0.0,0.0,0.0,0.0,0.0,0.0,0.0,0.0,0.0,0.0,0.0,0.0,0.0,0.0,0.0,0.0,0.0,0.0
0.0,0.0,0.0,0.0,0.0,0.0,0.0,0.0,0.0,0.0,0.0,0.0,0.0,0.0,0.0,0.0,0.0,0.0,0.0,0.0,0.0,0.0,0.0,0.0,0.0,0.0,0.0,0.0,0.0,0.0,0.0,0.0,0.0,0.0,0.0,0.0,0.0,0.0,0.0,0.0,0.0,0.0,0.0,0.0,0.0,0.0,0.0,0.0,0.0,0.0,0.0,0.0,0.0,0.0,0.0,0.0,0.0,0.0,0.0,0.0,0.0,0.0,0.0,0.0,0.0,0.0,0.0,0.0,0.0,0.0,0.0,0.0,0.0,0.0,0.0,0.0,0.0,0.0,0.0,0.0,0.0,0.0,0.0,0.0,0.0,0.0,0.0,0.0,0.0,0.0,0.0,0.0,0.0,0.0,0.0,0.0,0.0,0.0,0.0,0.0,0.0,0.01,0.04,0.13,0.36,0.93,2.18,4.69,9.21,16.54,27.13,40.68,55.74,69.81,79.9,83.58,79.9,69.81,55.74,40.68,27.13,16.54,9.21,4.69,2.18,0.93,0.36,0.13,0.04,0.01,0.0,0.0,0.0,0.0,0.0,0.0,0.0,0.0,0.0,0.0,0.0,0.0,0.0,0.01,0.01,0.02,0.02,0.03,0.04,0.05,0.05,0.05,0.04,0.03,0.02,0.02,0.01,0.01,0.0,0.0,0.0,0.0,0.0,0.0,0.0,0.0,0.0,0.0,0.0,0.0,0.0,0.0,0.0,0.0,0.0,0.0,0.0,0.0,0.0,0.0,0.0,0.0,0.0,0.0,0.0,0.0,0.0,0.0,0.0,0.0,0.0,0.0,0.0,0.0,0.0,0.0,0.0,0.0,0.0,0.0,0.0,0.0,0.0,0.0,0.0,0.0,0.0,0.0,0.0,0.0,0.0,0.0,0.0,0.0,0.0,0.0,0.0,0.0,0.0,0.0,0.0,0.0,0.0,0.0,0.0,0.0,0.0,0.0,0.0,0.0,0.0,0.0,0.0,0.0,0.0,0.0,0.0,0.0,0.0,0.0,0.0,0.0,0.0,0.0,0.0,0.0,0.0,0.0,0.0,0.0,0.0,0.0,0.0,0.0,0.0,0.0,0.0,0.0,0.0,0.0,0.0,0.0,0.0,0.0,0.0,0.0,0.0,0.0,0.0,0.0,0.0,0.0,0.0,0.0,0.0,0.0,0.0,0.0,0.0,0.0,0.0,0.0,0.0,0.0,0.0,0.0,0.0,0.0,0.0,0.0,0.0,0.0,0.0,0.0,0.0,0.0,0.0,0.0,0.0,0.0
0.0,0.0,0.0,0.0,0.0,0.0,0.0,0.0,0.0,0.0,0.0,0.0,0.0,0.0,0.0,0.0,0.0,0.0,0.0,0.0,0.0,0.0,0.0,0.0,0.0,0.0,0.0,0.0,0.0,0.0,0.0,0.0,0.0,0.0,0.0,0.0,0.0,0.0,0.0,0.0,0.0,0.0,0.0,0.0,0.0,0.0,0.0,0.0,0.0,0.0,0.0,0.0,0.0,0.0,0.0,0.0,0.0,0.0,0.0,0.0,0.0,0.0,0.0,0.0,0.0,0.0,0.0,0.0,0.0,0.0,0.0,0.0,0.0,0.0,0.0,0.0,0.0,0.0,0.0,0.0,0.0,0.0,0.0,0.0,0.0,0.0,0.0,0.0,0.0,0.0,0.0,0.0,0.0,0.0,0.0,0.0,0.0,0.0,0.0,0.0,0.0,0.01,0.05,0.15,0.41,1.06,2.5,5.37,10.54,18.92,31.04,46.54,63.77,79.86,91.41,95.61,91.41,79.86,63.77,46.54,31.04,18.92,10.54,5.37,2.5,1.06,0.41,0.15,0.05,0.01,0.0,0.0,0.0,0.0,0.0,0.0,0.0,0.0,0.0,0.0,0.0,0.0,0.0,0.0,0.0,0.0,0.01,0.01,0.01,0.01,0.01,0.01,0.01,0.01,0.01,0.0,0.0,0.0,0.0,0.0,0.0,0.0,0.0,0.0,0.0,0.0,0.0,0.0,0.0,0.0,0.0,0.0,0.0,0.0,0.0,0.0,0.0,0.0,0.0,0.0,0.0,0.0,0.0,0.0,0.0,0.0,0.0,0.0,0.0,0.0,0.0,0.0,0.0,0.0,0.0,0.0,0.0,0.0,0.0,0.0,0.0,0.0,0.0,0.0,0.0,0.0,0.0,0.0,0.0,0.0,0.0,0.0,0.0,0.0,0.0,0.0,0.0,0.0,0.0,0.0,0.0,0.0,0.0,0.0,0.0,0.0,0.0,0.0,0.0,0.0,0.0,0.0,0.0,0.0,0.0,0.0,0.0,0.0,0.0,0.0,0.0,0.0,0.0,0.0,0.0,0.0,0.0,0.0,0.0,0.0,0.0,0.0,0.0,0.0,0.0,0.0,0.0,0.0,0.0,0.0,0.0,0.0,0.0,0.0,0.0,0.0,0.0,0.0,0.0,0.0,0.0,0.0,0.0,0.0,0.0,0.0,0.0,0.0,0.0,0.0,0.0,0.0,0.0,0.0,0.0,0.0,0.0,0.0,0.0,0.0,0.0,0.0,0.0,0.0,0.0,0.0,0.0,0.0,0.0,0.0
0.0,0.0,0.0,0.0,0.0,0.0,0.0,0.0,0.0,0.0,0.0,0.0,0.0,0.0,0.0,0.0,0.0,0.0,0.0,0.0,0.0,0.0,0.0,0.0,0.0,0.0,0.0,0.0,0.0,0.0,0.0,0.0,0.0,0.0,0.0,0.0,0.0,0.0,0.0,0.0,0.0,0.0,0.0,0.0,0.0,0.0,0.0,0.0,0.0,0.0,0.0,0.0,0.0,0.0,0.0,0.0,0.0,0.0,0.0,0.0,0.0,0.0,0.0,0.0,0.0,0.0,0.0,0.0,0.0,0.0,0.0,0.0,0.0,0.0,0.0,0.0,0.0,0.0,0.0,0.0,0.0,0.0,0.0,0.0,0.0,0.0,0.0,0.0,0.0,0.0,0.0,0.0,0.0,0.0,0.0,0.0,0.0,0.0,0.0,0.0,0.0,0.01,0.05,0.15,0.43,1.11,2.61,5.61,11.03,19.79,32.47,48.68,66.7,83.53,95.6,100.0,95.6,83.53,66.7,48.68,32.47,19.79,11.03,5.61,2.61,1.11,0.43,0.15,0.05,0.01,0.0,0.0,0.0,0.0,0.0,0.0,0.0,0.0,0.0,0.0,0.0,0.0,0.0,0.0,0.0,0.0,0.0,0.0,0.0,0.0,0.0,0.0,0.0,0.0,0.0,0.0,0.0,0.0,0.0,0.0,0.0,0.0,0.0,0.0,0.0,0.0,0.0,0.0,0.0,0.0,0.0,0.0,0.0,0.0,0.0,0.0,0.0,0.0,0.0,0.0,0.0,0.0,0.0,0.0,0.0,0.0,0.0,0.0,0.0,0.0,0.0,0.0,0.0,0.0,0.0,0.0,0.0,0.0,0.0,0.0,0.0,0.0,0.0,0.0,0.0,0.0,0.0,0.0,0.0,0.0,0.0,0.0,0.0,0.0,0.0,0.0,0.0,0.0,0.0,0.0,0.0,0.0,0.0,0.0,0.0,0.0,0.0,0.0,0.0,0.0,0.0,0.0,0.0,0.0,0.0,0.0,0.0,0.0,0.0,0.0,0.0,0.0,0.0,0.0,0.0,0.0,0.0,0.0,0.0,0.0,0.0,0.0,0.0,0.0,0.0,0.0,0.0,0.0,0.0,0.0,0.0,0.0,0.0,0.0,0.0,0.0,0.0,0.0,0.0,0.0,0.0,0.0,0.0,0.0,0.0,0.0,0.0,0.0,0.0,0.0,0.0,0.0,0.0,0.0,0.0,0.0,0.0,0.0,0.0,0.0,0.0,0.0,0.0,0.0,0.0,0.0,0.0,0.0,0.0,0.0
0.0,0.0,0.0,0.0,0.0,0.0,0.0,0.0,0.0,0.0,0.0,0.0,0.0,0.0,0.0,0.0,0.0,0.0,0.0,0.0,0.0,0.0,0.0,0.0,0.0,0.0,0.0,0.0,0.0,0.0,0.0,0.0,0.0,0.0,0.0,0.0,0.0,0.0,0.0,0.0,0.0,0.0,0.0,0.0,0.0,0.0,0.0,0.0,0.0,0.0,0.0,0.0,0.0,0.0,0.0,0.0,0.0,0.0,0.0,0.0,0.0,0.0,0.0,0.0,0.0,0.0,0.0,0.0,0.0,0.0,0.0,0.0,0.0,0.0,0.0,0.0,0.0,0.0,0.0,0.0,0.0,0.0,0.0,0.0,0.0,0.0,0.0,0.0,0.0,0.0,0.0,0.0,0.0,0.0,0.0,0.0,0.0,0.0,0.0,0.0,0.0,0.01,0.05,0.15,0.41,1.06,2.5,5.37,10.54,18.92,31.04,46.53,63.76,79.85,91.39,95.6,91.39,79.85,63.76,46.53,31.04,18.92,10.54,5.37,2.5,1.06,0.41,0.15,0.05,0.01,0.0,0.0,0.0,0.0,0.0,0.0,0.0,0.0,0.0,0.0,0.0,0.0,0.0,0.0,0.0,0.0,0.0,0.0,0.0,0.0,0.0,0.0,0.0,0.0,0.0,0.0,0.0,0.0,0.0,0.0,0.0,0.0,0.0,0.0,0.0,0.0,0.0,0.0,0.0,0.0,0.0,0.0,0.0,0.0,0.0,0.0,0.0,0.0,0.0,0.0,0.0,0.0,0.0,0.0,0.0,0.0,0.0,0.0,0.0,0.0,0.0,0.0,0.0,0.0,0.0,0.0,0.0,0.0,0.0,0.0,0.0,0.0,0.0,0.0,0.0,0.0,0.0,0.0,0.0,0.0,0.0,0.0,0.0,0.0,0.0,0.0,0.0,0.0,0.0,0.0,0.0,0.0,0.0,0.0,0.0,0.0,0.0,0.0,0.0,0.0,0.0,0.0,0.0,0.0,0.0,0.0,0.0,0.0,0.0,0.0,0.0,0.0,0.0,0.0,0.0,0.0,0.0,0.0,0.0,0.0,0.0,0.0,0.0,0.0,0.0,0.0,0.0,0.0,0.0,0.0,0.0,0.0,0.0,0.0,0.0,0.0,0.0,0.0,0.0,0.0,0.0,0.0,0.0,0.0,0.0,0.0,0.0,0.0,0.0,0.0,0.0,0.0,0.0,0.0,0.0,0.0,0.0,0.0,0.0,0.0,0.0,0.0,0.0,0.0,0.0,0.0,0.0,0.0,0.0,0.0
0.0,0.0,0.0,0.0,0.0,0.0,0.0,0.0,0.0,0.0,0.0,0.0,0.0,0.0,0.0,0.0,0.0,0.0,0.0,0.0,0.0,0.0,0.0,0.0,0.0,0.0,0.0,0.0,0.0,0.0,0.0,0.0,0.0,0.0,0.0,0.0,0.0,0.0,0.0,0.0,0.0,0.0,0.0,0.0,0.0,0.0,0.0,0.0,0.0,0.0,0.0,0.0,0.0,0.0,0.0,0.0,0.0,0.0,0.0,0.0,0.0,0.0,0.0,0.0,0.0,0.0,0.0,0.0,0.0,0.0,0.0,0.0,0.0,0.0,0.0,0.0,0.0,0.0,0.0,0.0,0.0,0.0,0.0,0.0,0.0,0.0,0.0,0.0,0.0,0.0,0.0,0.0,0.0,0.0,0.0,0.0,0.0,0.0,0.0,0.0,0.0,0.01,0.04,0.13,0.36,0.93,2.18,4.69,9.21,16.53,27.12,40.66,55.71,69.77,79.85,83.53,79.85,69.77,55.71,40.66,27.12,16.53,9.21,4.69,2.18,0.93,0.36,0.13,0.04,0.01,0.0,0.0,0.0,0.0,0.0,0.0,0.0,0.0,0.0,0.0,0.0,0.0,0.0,0.0,0.0,0.0,0.0,0.0,0.0,0.0,0.0,0.0,0.0,0.0,0.0,0.0,0.0,0.0,0.0,0.0,0.0,0.0,0.0,0.0,0.0,0.0,0.0,0.0,0.0,0.0,0.0,0.0,0.0,0.0,0.0,0.0,0.0,0.0,0.0,0.0,0.0,0.0,0.0,0.0,0.0,0.0,0.0,0.0,0.0,0.0,0.0,0.0,0.0,0.0,0.0,0.0,0.0,0.0,0.0,0.0,0.0,0.0,0.0,0.0,0.0,0.0,0.0,0.0,0.0,0.0,0.0,0.0,0.0,0.0,0.0,0.0,0.0,0.0,0.0,0.0,0.0,0.0,0.0,0.0,0.0,0.0,0.0,0.0,0.0,0.0,0.0,0.0,0.0,0.0,0.0,0.0,0.0,0.0,0.0,0.0,0.0,0.0,0.0,0.0,0.0,0.0,0.0,0.0,0.0,0.0,0.0,0.0,0.0,0.0,0.0,0.0,0.0,0.0,0.0,0.0,0.0,0.0,0.0,0.0,0.0,0.0,0.0,0.0,0.0,0.0,0.0,0.0,0.0,0.0,0.0,0.0,0.0,0.0,0.0,0.0,0.0,0.0,0.0,0.0,0.0,0.0,0.0,0.0,0.0,0.0,0.0,0.0,0.0,0.0,0.0,0.0,0.0,0.0,0.0,0.0
0.0,0.0,0.0,0.0,0.0,0.0,0.0,0.0,0.0,0.0,0.0,0.0,0.0,0.0,0.0,0.0,0.0,0.0,0.0,0.0,0.0,0.0,0.0,0.0,0.0,0.0,0.0,0.0,0.0,0.0,0.0,0.0,0.0,0.0,0.0,0.0,0.0,0.0,0.0,0.0,0.0,0.0,0.0,0.0,0.0,0.0,0.0,0.0,0.0,0.0,0.0,0.0,0.0,0.0,0.0,0.0,0.0,0.0,0.0,0.0,0.0,0.0,0.0,0.0,0.0,0.0,0.0,0.0,0.0,0.0,0.0,0.0,0.0,0.0,0.0,0.0,0.0,0.0,0.0,0.0,0.0,0.0,0.0,0.0,0.0,0.0,0.0,0.0,0.0,0.0,0.0,0.0,0.0,0.0,0.0,0.0,0.0,0.0,0.0,0.0,0.0,0.01,0.03,0.1,0.29,0.74,1.74,3.74,7.35,13.2,21.65,32.47,44.49,55.71,63.76,66.7,63.76,55.71,44.49,32.47,21.65,13.2,7.35,3.74,1.74,0.74,0.29,0.1,0.03,0.01,0.0,0.0,0.0,0.0,0.0,0.0,0.0,0.0,0.0,0.0,0.0,0.0,0.0,0.0,0.0,0.0,0.0,0.0,0.0,0.0,0.0,0.0,0.0,0.0,0.0,0.0,0.0,0.0,0.0,0.0,0.0,0.0,0.0,0.0,0.0,0.0,0.0,0.0,0.0,0.0,0.0,0.0,0.0,0.0,0.0,0.0,0.0,0.0,0.0,0.0,0.0,0.0,0.0,0.0,0.0,0.0,0.0,0.0,0.0,0.0,0.0,0.0,0.0,0.0,0.0,0.0,0.0,0.0,0.0,0.0,0.0,0.0,0.0,0.0,0.0,0.0,0.0,0.0,0.0,0.0,0.0,0.0,0.0,0.0,0.0,0.0,0.0,0.0,0.0,0.0,0.0,0.0,0.0,0.0,0.0,0.0,0.0,0.0,0.0,0.0,0.0,0.0,0.0,0.0,0.0,0.0,0.0,0.0,0.0,0.0,0.0,0.0,0.0,0.0,0.0,0.0,0.0,0.0,0.0,0.0,0.0,0.0,0.0,0.0,0.0,0.0,0.0,0.0,0.0,0.0,0.0,0.0,0.0,0.0,0.0,0.0,0.0,0.0,0.0,0.0,0.0,0.0,0.0,0.0,0.0,0.0,0.0,0.0,0.0,0.0,0.0,0.0,0.0,0.0,0.0,0.0,0.0,0.0,0.0,0.0,0.0,0.0,0.0,0.0,0.0,0.0,0.0,0.0,0.0,0.0
0.0,0.0,0.0,0.0,0.0,0.0,0.0,0.0,0.0,0.0,0.0,0.0,0.0,0.0,0.0,0.0,0.0,0.0,0.0,0.0,0.0,0.0,0.0,0.0,0.0,0.0,0.0,0.0,0.0,0.0,0.0,0.0,0.0,0.0,0.0,0.0,0.0,0.0,0.0,0.0,0.0,0.0,0.0,0.0,0.0,0.0,0.0,0.0,0.0,0.0,0.0,0.0,0.0,0.0,0.0,0.0,0.0,0.0,0.0,0.0,0.0,0.0,0.0,0.0,0.0,0.0,0.0,0.0,0.0,0.0,0.0,0.0,0.0,0.0,0.0,0.0,0.0,0.0,0.0,0.0,0.0,0.0,0.0,0.0,0.0,0.0,0.0,0.0,0.0,0.0,0.0,0.0,0.0,0.0,0.0,0.0,0.0,0.0,0.0,0.0,0.0,0.01,0.02,0.07,0.21,0.54,1.27,2.73,5.37,9.63,15.8,23.69,32.47,40.66,46.53,48.68,46.53,40.66,32.47,23.69,15.8,9.63,5.37,2.73,1.27,0.54,0.21,0.07,0.02,0.01,0.0,0.0,0.0,0.0,0.0,0.0,0.0,0.0,0.0,0.0,0.0,0.0,0.0,0.0,0.0,0.0,0.0,0.0,0.0,0.0,0.0,0.0,0.0,0.0,0.0,0.0,0.0,0.0,0.0,0.0,0.0,0.0,0.0,0.0,0.0,0.0,0.0,0.0,0.0,0.0,0.0,0.0,0.0,0.0,0.0,0.0,0.0,0.0,0.0,0.0,0.0,0.0,0.0,0.0,0.0,0.0,0.0,0.0,0.0,0.0,0.0,0.0,0.0,0.0,0.0,0.0,0.0,0.0,0.0,0.0,0.0,0.0,0.0,0.0,0.0,0.0,0.0,0.0,0.0,0.0,0.0,0.0,0.0,0.0,0.0,0.0,0.0,0.0,0.0,0.0,0.0,0.0,0.0,0.0,0.0,0.0,0.0,0.0,0.0,0.0,0.0,0.0,0.0,0.0,0.0,0.0,0.0,0.0,0.0,0.0,0.0,0.0,0.0,0.0,0.0,0.0,0.0,0.0,0.0,0.0,0.0,0.0,0.0,0.0,0.0,0.0,0.0,0.0,0.0,0.0,0.0,0.0,0.0,0.0,0.0,0.0,0.0,0.0,0.0,0.0,0.0,0.0,0.0,0.0,0.0,0.0,0.0,0.0,0.0,0.0,0.0,0.0,0.0,0.0,0.0,0.0,0.0,0.0,0.0,0.0,0.0,0.0,0.0,0.0,0.0,0.0,0.0,0.0,0.0,0.0
0.0,0.0,0.0,0.0,0.0,0.0,0.0,0.0,0.0,0.0,0.0,0.0,0.0,0.0,0.0,0.0,0.0,0.0,0.0,0.0,0.0,0.0,0.0,0.0,0.0,0.0,0.0,0.0,0.0,0.0,0.0,0.0,0.0,0.0,0.0,0.0,0.0,0.0,0.0,0.0,0.0,0.0,0.0,0.0,0.0,0.0,0.0,0.0,0.0,0.0,0.0,0.0,0.0,0.0,0.0,0.0,0.0,0.0,0.0,0.0,0.0,0.0,0.0,0.0,0.0,0.0,0.0,0.0,0.0,0.0,0.0,0.0,0.0,0.0,0.0,0.0,0.0,0.0,0.0,0.0,0.0,0.0,0.0,0.0,0.0,0.0,0.0,0.0,0.0,0.0,0.0,0.0,0.0,0.0,0.0,0.0,0.0,0.0,0.0,0.0,0.0,0.0,0.02,0.05,0.14,0.36,0.85,1.82,3.58,6.42,10.54,15.8,21.65,27.12,31.04,32.47,31.04,27.12,21.65,15.8,10.54,6.42,3.58,1.82,0.85,0.36,0.14,0.05,0.02,0.0,0.0,0.0,0.0,0.0,0.0,0.0,0.0,0.0,0.0,0.0,0.0,0.0,0.0,0.0,0.0,0.0,0.0,0.0,0.0,0.0,0.0,0.0,0.0,0.0,0.0,0.0,0.0,0.0,0.0,0.0,0.0,0.0,0.0,0.0,0.0,0.0,0.0,0.0,0.0,0.0,0.0,0.0,0.0,0.0,0.0,0.0,0.0,0.0,0.0,0.0,0.0,0.0,0.0,0.0,0.0,0.0,0.0,0.0,0.0,0.0,0.0,0.0,0.0,0.0,0.0,0.0,0.0,0.0,0.0,0.0,0.0,0.0,0.0,0.0,0.0,0.0,0.0,0.0,0.0,0.0,0.0,0.0,0.0,0.0,0.0,0.0,0.0,0.0,0.0,0.0,0.0,0.0,0.0,0.0,0.0,0.0,0.0,0.0,0.0,0.0,0.0,0.0,0.0,0.0,0.0,0.0,0.0,0.0,0.0,0.0,0.0,0.0,0.0,0.0,0.0,0.0,0.0,0.0,0.0,0.0,0.0,0.0,0.0,0.0,0.0,0.0,0.0,0.0,0.0,0.0,0.0,0.0,0.0,0.0,0.0,0.0,0.0,0.0,0.0,0.0,0.0,0.0,0.0,0.0,0.0,0.0,0.0,0.0,0.0,0.0,0.0,0.0,0.0,0.0,0.0,0.0,0.0,0.0,0.0,0.0,0.0,0.0,0.0,0.0,0.0,0.0,0.0,0.0,0.0,0.0
0.0,0.0,0.0,0.0,0.0,0.0,0.0,0.0,0.0,0.0,0.0,0.0,0.0,0.0,0.0,0.0,0.0,0.0,0.0,0.0,0.0,0.0,0.0,0.0,0.0,0.0,0.0,0.0,0.0,0.0,0.0,0.0,0.0,0.0,0.0,0.0,0.0,0.0,0.0,0.0,0.0,0.0,0.0,0.0,0.0,0.0,0.0,0.0,0.0,0.0,0.0,0.0,0.0,0.0,0.0,0.0,0.0,0.0,0.0,0.0,0.0,0.0,0.0,0.0,0.0,0.0,0.0,0.0,0.0,0.0,0.0,0.0,0.0,0.0,0.0,0.0,0.0,0.0,0.0,0.0,0.0,0.0,0.0,0.0,0.0,0.0,0.0,0.0,0.0,0.0,0.0,0.0,0.0,0.0,0.0,0.0,0.0,0.0,0.0,0.0,0.0,0.0,0.01,0.03,0.09,0.22,0.52,1.11,2.18,3.92,6.42,9.63,13.2,16.53,18.92,19.79,18.92,16.53,13.2,9.63,6.42,3.92,2.18,1.11,0.52,0.22,0.09,0.03,0.01,0.0,0.0,0.0,0.0,0.0,0.0,0.0,0.0,0.0,0.0,0.0,0.0,0.0,0.0,0.0,0.0,0.0,0.0,0.0,0.0,0.0,0.0,0.0,0.0,0.0,0.0,0.0,0.0,0.0,0.0,0.0,0.0,0.0,0.0,0.0,0.0,0.0,0.0,0.0,0.0,0.0,0.0,0.0,0.0,0.0,0.0,0.0,0.0,0.0,0.0,0.0,0.0,0.0,0.0,0.0,0.0,0.0,0.0,0.0,0.0,0.0,0.0,0.0,0.0,0.0,0.0,0.0,0.0,0.0,0.0,0.0,0.0,0.0,0.0,0.0,0.0,0.0,0.0,0.0,0.0,0.0,0.0,0.0,0.0,0.0,0.0,0.0,0.0,0.0,0.0,0.0,0.0,0.0,0.0,0.0,0.0,0.0,0.0,0.0,0.0,0.0,0.0,0.0,0.0,0.0,0.0,0.0,0.0,0.0,0.0,0.0,0.0,0.0,0.0,0.0,0.0,0.0,0.0,0.0,0.0,0.0,0.0,0.0,0.0,0.0,0.0,0.0,0.0,0.0,0.0,0.0,0.0,0.0,0.0,0.0,0.0,0.0,0.0,0.0,0.0,0.0,0.0,0.0,0.0,0.0,0.0,0.0,0.0,0.0,0.0,0.0,0.0,0.0,0.0,0.0,0.0,0.0,0.0,0.0,0.0,0.0,0.0,0.0,0.0,0.0,0.0,0.0,0.0,0.0,0.0,0.0
0.0,0.0,0.0,0.0,0.0,0.0,0.0,0.0,0.0,0.0,0.0,0.0,0.0,0.0,0.0,0.0,0.0,0.0,0.0,0.0,0.0,0.0,0.0,0.0,0.0,0.0,0.0,0.0,0.0,0.0,0.0,0.0,0.0,0.0,0.0,0.0,0.0,0.0,0.0,0.0,0.0,0.0,0.0,0.0,0.0,0.0,0.0,0.0,0.0,0.0,0.0,0.0,0.0,0.0,0.0,0.0,0.0,0.0,0.0,0.0,0.0,0.0,0.0,0.0,0.0,0.0,0.0,0.0,0.0,0.0,0.0,0.0,0.0,0.0,0.0,0.0,0.0,0.0,0.0,0.0,0.0,0.0,0.0,0.0,0.0,0.0,0.0,0.0,0.0,0.0,0.0,0.0,0.0,0.0,0.0,0.0,0.0,0.0,0.0,0.0,0.0,0.0,0.01,0.02,0.05,0.12,0.29,0.62,1.22,2.18,3.58,5.37,7.35,9.21,10.54,11.03,10.54,9.21,7.35,5.37,3.58,2.18,1.22,0.62,0.29,0.12,0.05,0.02,0.01,0.0,0.0,0.0,0.0,0.0,0.0,0.0,0.0,0.0,0.0,0.0,0.0,0.0,0.0,0.0,0.0,0.0,0.0,0.0,0.0,0.0,0.0,0.0,0.0,0.0,0.0,0.0,0.0,0.0,0.0,0.0,0.0,0.0,0.0,0.0,0.0,0.0,0.0,0.0,0.0,0.0,0.0,0.0,0.0,0.0,0.0,0.0,0.0,0.0,0.0,0.0,0.0,0.0,0.0,0.0,0.0,0.0,0.0,0.0,0.0,0.0,0.0,0.0,0.0,0.0,0.0,0.0,0.0,0.0,0.0,0.0,0.0,0.0,0.0,0.0,0.0,0.0,0.0,0.0,0.0,0.0,0.0,0.0,0.0,0.0,0.0,0.0,0.0,0.0,0.0,0.0,0.0,0.0,0.0,0.0,0.0,0.0,0.0,0.0,0.0,0.0,0.0,0.0,0.0,0.0,0.0,0.0,0.0,0.0,0.0,0.0,0.0,0.0,0.0,0.0,0.0,0.0,0.0,0.0,0.0,0.0,0.0,0.0,0.0,0.0,0.0,0.0,0.0,0.0,0.0,0.0,0.0,0.0,0.0,0.0,0.0,0.0,0.0,0.0,0.0,0.0,0.0,0.0,0.0,0.0,0.0,0.0,0.0,0.0,0.0,0.0,0.0,0.0,0.0,0.0,0.0,0.0,0.0,0.0,0.0,0.0,0.0,0.0,0.0,0.0,0.0,0.0,0.0,0.0,0.0,0.0
0.0,0.0,0.0,0.0,0.0,0.0,0.0,0.0,0.0,0.0,0.0,0.0,0.0,0.0,0.0,0.0,0.0,0.0,0.0,0.0,0.0,0.0,0.0,0.0,0.0,0.0,0.0,0.0,0.0,0.0,0.0,0.0,0.0,0.0,0.0,0.0,0.0,0.0,0.0,0.0,0.0,0.0,0.0,0.0,0.0,0.0,0.0,0.0,0.0,0.0,0.0,0.0,0.0,0.0,0.0,0.0,0.0,0.0,0.0,0.0,0.0,0.0,0.0,0.0,0.0,0.0,0.0,0.0,0.0,0.0,0.0,0.0,0.0,0.0,0.0,0.0,0.0,0.0,0.0,0.0,0.0,0.0,0.0,0.0,0.0,0.0,0.0,0.0,0.0,0.0,0.0,0.0,0.0,0.0,0.0,0.0,0.0,0.0,0.0,0.0,0.0,0.0,0.0,0.01,0.02,0.06,0.15,0.32,0.62,1.11,1.82,2.73,3.74,4.69,5.37,5.61,5.37,4.69,3.74,2.73,1.82,1.11,0.62,0.32,0.15,0.06,0.02,0.01,0.0,0.0,0.0,0.0,0.0,0.0,0.0,0.0,0.0,0.0,0.0,0.0,0.0,0.0,0.0,0.0,0.0,0.0,0.0,0.0,0.0,0.0,0.0,0.0,0.0,0.0,0.0,0.0,0.0,0.0,0.0,0.0,0.0,0.0,0.0,0.0,0.0,0.0,0.0,0.0,0.0,0.0,0.0,0.0,0.0,0.0,0.0,0.0,0.0,0.0,0.0,0.0,0.0,0.0,0.0,0.0,0.0,0.0,0.0,0.0,0.0,0.0,0.0,0.0,0.0,0.0,0.0,0.0,0.0,0.0,0.0,0.0,0.0,0.0,0.0,0.0,0.0,0.0,0.0,0.0,0.0,0.0,0.0,0.0,0.0,0.0,0.0,0.0,0.0,0.0,0.0,0.0,0.0,0.0,0.0,0.0,0.0,0.0,0.0,0.0,0.0,0.0,0.0,0.0,0.0,0.0,0.0,0.0,0.0,0.0,0.0,0.0,0.0,0.0,0.0,0.0,0.0,0.0,0.0,0.0,0.0,0.0,0.0,0.0,0.0,0.0,0.0,0.0,0.0,0.0,0.0,0.0,0.0,0.0,0.0,0.0,0.0,0.0,0.0,0.0,0.0,0.0,0.0,0.0,0.0,0.0,0.0,0.0,0.0,0.0,0.0,0.0,0.0,0.0,0.0,0.0,0.0,0.0,0.0,0.0,0.0,0.0,0.0,0.0,0.0,0.0,0.0,0.0,0.0,0.0,0.0,0.0
0.0,0.0,0.0,0.0,0.0,0.0,0.0,0.0,0.0,0.0,0.0,0.0,0.0,0.0,0.0,0.0,0.0,0.0,0.0,0.0,0.0,0.0,0.0,0.0,0.0,0.0,0.0,0.0,0.0,0.0,0.0,0.0,0.0,0.0,0.0,0.0,0.0,0.0,0.0,0.0,0.0,0.0,0.0,0.0,0.0,0.0,0.0,0.0,0.0,0.0,0.0,0.0,0.0,0.0,0.0,0.0,0.0,0.0,0.0,0.0,0.0,0.0,0.0,0.0,0.0,0.0,0.0,0.0,0.0,0.0,0.0,0.0,0.0,0.0,0.0,0.0,0.0,0.0,0.0,0.0,0.0,0.0,0.0,0.0,0.0,0.0,0.0,0.0,0.0,0.0,0.0,0.0,0.0,0.0,0.0,0.0,0.0,0.0,0.0,0.0,0.0,0.0,0.0,0.0,0.01,0.03,0.07,0.15,0.29,0.52,0.85,1.27,1.74,2.18,2.5,2.61,2.5,2.18,1.74,1.27,0.85,0.52,0.29,0.15,0.07,0.03,0.01,0.0,0.0,0.0,0.0,0.0,0.0,0.0,0.0,0.0,0.0,0.0,0.0,0.0,0.0,0.0,0.0,0.0,0.0,0.0,0.0,0.0,0.0,0.0,0.0,0.0,0.0,0.0,0.0,0.0,0.0,0.0,0.0,0.0,0.0,0.0,0.0,0.0,0.0,0.0,0.0,0.0,0.0,0.0,0.0,0.0,0.0,0.0,0.0,0.0,0.0,0.0,0.0,0.0,0.0,0.0,0.0,0.0,0.0,0.0,0.0,0.0,0.0,0.0,0.0,0.0,0.0,0.0,0.0,0.0,0.0,0.0,0.0,0.0,0.0,0.0,0.0,0.0,0.0,0.0,0.0,0.0,0.0,0.0,0.0,0.0,0.0,0.0,0.0,0.0,0.0,0.0,0.0,0.0,0.0,0.0,0.0,0.0,0.0,0.0,0.0,0.0,0.0,0.0,0.0,0.0,0.0,0.0,0.0,0.0,0.0,0.0,0.0,0.0,0.0,0.0,0.0,0.0,0.0,0.0,0.0,0.0,0.0,0.0,0.0,0.0,0.0,0.0,0.0,0.0,0.0,0.0,0.0,0.0,0.0,0.0,0.0,0.0,0.0,0.0,0.0,0.0,0.0,0.0,0.0,0.0,0.0,0.0,0.0,0.0,0.0,0.0,0.0,0.0,0.0,0.0,0.0,0.0,0.0,0.0,0.0,0.0,0.0,0.0,0.0,0.0,0.0,0.0,0.0,0.0,0.0,0.0,0.0,0.0
0.0,0.0,0.0,0.0,0.0,0.0,0.0,0.0,0.0,0.0,0.0,0.0,0.0,0.0,0.0,0.0,0.0,0.0,0.0,0.0,0.0,0.0,0.0,0.0,0.0,0.0,0.0,0.0,0.0,0.0,0.0,0.0,0.0,0.0,0.0,0.0,0.0,0.0,0.0,0.0,0.0,0.0,0.0,0.0,0.0,0.0,0.0,0.0,0.0,0.0,0.0,0.0,0.0,0.0,0.0,0.0,0.0,0.0,0.0,0.0,0.0,0.0,0.0,0.0,0.0,0.0,0.0,0.0,0.0,0.0,0.0,0.0,0.0,0.0,0.0,0.0,0.0,0.0,0.0,0.0,0.0,0.0,0.0,0.0,0.0,0.0,0.0,0.0,0.0,0.0,0.0,0.0,0.0,0.0,0.0,0.0,0.0,0.0,0.0,0.0,0.0,0.0,0.0,0.0,0.0,0.01,0.03,0.06,0.12,0.22,0.36,0.54,0.74,0.93,1.06,1.11,1.06,0.93,0.74,0.54,0.36,0.22,0.12,0.06,0.03,0.01,0.0,0.0,0.0,0.0,0.0,0.0,0.0,0.0,0.0,0.0,0.0,0.0,0.0,0.0,0.0,0.0,0.0,0.0,0.0,0.0,0.0,0.0,0.0,0.0,0.0,0.0,0.0,0.0,0.0,0.0,0.0,0.0,0.0,0.0,0.0,0.0,0.0,0.0,0.0,0.0,0.0,0.0,0.0,0.0,0.0,0.0,0.0,0.0,0.0,0.0,0.0,0.0,0.0,0.0,0.0,0.0,0.0,0.0,0.0,0.0,0.0,0.0,0.0,0.0,0.0,0.0,0.0,0.0,0.0,0.0,0.0,0.0,0.0,0.0,0.0,0.0,0.0,0.0,0.0,0.0,0.0,0.0,0.0,0.0,0.0,0.0,0.0,0.0,0.0,0.0,0.0,0.0,0.0,0.0,0.0,0.0,0.0,0.0,0.0,0.0,0.0,0.0,0.0,0.0,0.0,0.0,0.0,0.0,0.0,0.0,0.0,0.0,0.0,0.0,0.0,0.0,0.0,0.0,0.0,0.0,0.0,0.0,0.0,0.0,0.0,0.0,0.0,0.0,0.0,0.0,0.0,0.0,0.0,0.0,0.0,0.0,0.0,0.0,0.0,0.0,0.0,0.0,0.0,0.0,0.0,0.0,0.0,0.0,0.0,0.0,0.0,0.0,0.0,0.0,0.0,0.0,0.0,0.0,0.0,0.0,0.0,0.0,0.0,0.0,0.0,0.0,0.0,0.0,0.0,0.0,0.0,0.0,0.0,0.0
0.0,0.0,0.0,0.0,0.0,0.0,0.0,0.0,0.0,0.0,0.0,0.0,0.0,0.0,0.0,0.0,0.0,0.0,0.0,0.0,0.0,0.0,0.0,0.0,0.0,0.0,0.0,0.0,0.0,0.0,0.0,0.0,0.0,0.0,0.0,0.0,0.0,0.0,0.0,0.0,0.0,0.0,0.0,0.0,0.0,0.0,0.0,0.0,0.0,0.0,0.0,0.0,0.0,0.0,0.0,0.0,0.0,0.0,0.0,0.0,0.0,0.0,0.0,0.0,0.0,0.0,0.0,0.0,0.0,0.0,0.0,0.0,0.0,0.0,0.0,0.0,0.0,0.0,0.0,0.0,0.0,0.0,0.0,0.0,0.0,0.0,0.0,0.0,0.0,0.0,0.0,0.0,0.0,0.0,0.0,0.0,0.0,0.0,0.0,0.0,0.0,0.0,0.0,0.0,0.0,0.0,0.01,0.02,0.05,0.09,0.14,0.21,0.29,0.36,0.41,0.43,0.41,0.36,0.29,0.21,0.14,0.09,0.05,0.02,0.01,0.0,0.0,0.0,0.0,0.0,0.0,0.0,0.0,0.0,0.0,0.0,0.0,0.0,0.0,0.0,0.0,0.0,0.0,0.0,0.0,0.0,0.0,0.0,0.0,0.0,0.0,0.0,0.0,0.0,0.0,0.0,0.0,0.0,0.0,0.0,0.0,0.0,0.0,0.0,0.0,0.0,0.0,0.0,0.0,0.0,0.0,0.0,0.0,0.0,0.0,0.0,0.0,0.0,0.0,0.0,0.0,0.0,0.0,0.0,0.0,0.0,0.0,0.0,0.0,0.0,0.0,0.0,0.0,0.0,0.0,0.0,0.0,0.0,0.0,0.0,0.0,0.0,0.0,0.0,0.0,0.0,0.0,0.0,0.0,0.0,0.0,0.0,0.0,0.0,0.0,0.0,0.0,0.0,0.0,0.0,0.0,0.0,0.0,0.0,0.0,0.0,0.0,0.0,0.0,0.0,0.0,0.0,0.0,0.0,0.0,0.0,0.0,0.0,0.0,0.0,0.0,0.0,0.0,0.0,0.0,0.0,0.0,0.0,0.0,0.0,0.0,0.0,0.0,0.0,0.0,0.0,0.0,0.0,0.0,0.0,0.0,0.0,0.0,0.0,0.0,0.0,0.0,0.0,0.0,0.0,0.0,0.0,0.0,0.0,0.0,0.0,0.0,0.0,0.0,0.0,0.0,0.0,0.0,0.0,0.0,0.0,0.0,0.0,0.0,0.0,0.0,0.0,0.0,0.0,0.0,0.0,0.0,0.0,0.0,0.0
0.0,0.0,0.0,0.0,0.0,0.0,0.0,0.0,0.0,0.0,0.0,0.0,0.0,0.0,0.0,0.0,0.0,0.0,0.0,0.0,0.0,0.0,0.0,0.0,0.0,0.0,0.0,0.0,0.0,0.0,0.0,0.0,0.0,0.0,0.0,0.0,0.0,0.0,0.0,0.0,0.0,0.0,0.0,0.0,0.0,0.0,0.0,0.0,0.0,0.0,0.0,0.0,0.0,0.0,0.0,0.0,0.0,0.0,0.0,0.0,0.0,0.0,0.0,0.0,0.0,0.0,0.0,0.0,0.0,0.0,0.0,0.0,0.0,0.0,0.0,0.0,0.0,0.0,0.0,0.0,0.0,0.0,0.0,0.0,0.0,0.0,0.0,0.0,0.0,0.0,0.0,0.0,0.0,0.0,0.0,0.0,0.0,0.0,0.0,0.0,0.0,0.0,0.0,0.0,0.0,0.0,0.0,0.01,0.02,0.03,0.05,0.07,0.1,0.13,0.15,0.15,0.15,0.13,0.1,0.07,0.05,0.03,0.02,0.01,0.0,0.0,0.0,0.0,0.0,0.0,0.0,0.0,0.0,0.0,0.0,0.0,0.0,0.0,0.0,0.0,0.0,0.0,0.0,0.0,0.0,0.0,0.0,0.0,0.0,0.0,0.0,0.0,0.0,0.0,0.0,0.0,0.0,0.0,0.0,0.0,0.0,0.0,0.0,0.0,0.0,0.0,0.0,0.0,0.0,0.0,0.0,0.0,0.0,0.0,0.0,0.0,0.0,0.0,0.0,0.0,0.0,0.0,0.0,0.0,0.0,0.0,0.0,0.0,0.0,0.0,0.0,0.0,0.0,0.0,0.0,0.0,0.0,0.0,0.0,0.0,0.0,0.0,0.0,0.0,0.0,0.0,0.0,0.0,0.0,0.0,0.0,0.0,0.0,0.0,0.0,0.0,0.0,0.0,0.0,0.0,0.0,0.0,0.0,0.0,0.0,0.0,0.0,0.0,0.0,0.0,0.0,0.0,0.0,0.0,0.0,0.0,0.0,0.0,0.0,0.0,0.0,0.0,0.0,0.0,0.0,0.0,0.0,0.0,0.0,0.0,0.0,0.0,0.0,0.0,0.0,0.0,0.0,0.0,0.0,0.0,0.0,0.0,0.0,0.0,0.0,0.0,0.0,0.0,0.0,0.0,0.0,0.0,0.0,0.0,0.0,0.0,0.0,0.0,0.0,0.0,0.0,0.0,0.0,0.0,0.0,0.0,0.0,0.0,0.0,0.0,0.0,0.0,0.0,0.0,0.0,0.0,0.0,0.0,0.0,0.0
0.0,0.0,0.0,0.0,0.0,0.0,0.0,0.0,0.0,0.0,0.0,0.0,0.0,0.0,0.0,0.0,0.0,0.0,0.0,0.0,0.0,0.0,0.0,0.0,0.0,0.0,0.0,0.0,0.0,0.0,0.0,0.0,0.0,0.0,0.0,0.0,0.0,0.0,0.0,0.0,0.0,0.0,0.0,0.0,0.0,0.0,0.0,0.0,0.0,0.0,0.0,0.0,0.0,0.0,0.0,0.0,0.0,0.0,0.0,0.0,0.0,0.0,0.0,0.0,0.0,0.0,0.0,0.0,0.0,0.0,0.0,0.0,0.0,0.0,0.0,0.0,0.0,0.0,0.0,0.0,0.0,0.0,0.0,0.0,0.0,0.0,0.0,0.0,0.0,0.0,0.0,0.0,0.0,0.0,0.0,0.0,0.0,0.0,0.0,0.0,0.0,0.0,0.0,0.0,0.0,0.0,0.0,0.0,0.01,0.01,0.02,0.02,0.03,0.04,0.05,0.05,0.05,0.04,0.03,0.02,0.02,0.01,0.01,0.0,0.0,0.0,0.0,0.0,0.0,0.0,0.0,0.0,0.0,0.0,0.0,0.0,0.0,0.0,0.0,0.0,0.0,0.0,0.0,0.0,0.0,0.0,0.0,0.0,0.0,0.0,0.0,0.0,0.0,0.0,0.0,0.0,0.0,0.0,0.0,0.0,0.0,0.0,0.0,0.0,0.0,0.0,0.0,0.0,0.0,0.0,0.0,0.0,0.0,0.0,0.0,0.0,0.0,0.0,0.0,0.0,0.0,0.0,0.0,0.0,0.0,0.0,0.0,0.0,0.0,0.0,0.0,0.0,0.0,0.0,0.0,0.0,0.0,0.0,0.0,0.0,0.0,0.0,0.0,0.0,0.0,0.0,0.0,0.0,0.0,0.0,0.0,0.0,0.0,0.0,0.0,0.0,0.0,0.0,0.0,0.0,0.0,0.0,0.0,0.0,0.0,0.0,0.0,0.0,0.0,0.0,0.0,0.0,0.0,0.0,0.0,0.0,0.0,0.0,0.0,0.0,0.0,0.0,0.0,0.0,0.0,0.0,0.0,0.0,0.0,0.0,0.0,0.0,0.0,0.0,0.0,0.0,0.0,0.0,0.0,0.0,0.0,0.0,0.0,0.0,0.0,0.0,0.0,0.0,0.0,0.0,0.0,0.0,0.0,0.0,0.0,0.0,0.0,0.0,0.0,0.0,0.0,0.0,0.0,0.0,0.0,0.0,0.0,0.0,0.0,0.0,0.0,0.0,0.0,0.0,0.0,0.0,0.0,0.0,0.0,0.0
0.0,0.0,0.0,0.0,0.0,0.0,0.0,0.0,0.0,0.0,0.0,0.0,0.0,0.0,0.0,0.0,0.0,0.0,0.0,0.0,0.0,0.0,0.0,0.0,0.0,0.0,0.0,0.0,0.0,0.0,0.0,0.0,0.0,0.0,0.0,0.0,0.0,0.0,0.0,0.0,0.0,0.0,0.0,0.0,0.0,0.0,0.0,0.0,0.0,0.0,0.0,0.0,0.0,0.0,0.0,0.0,0.0,0.0,0.0,0.0,0.0,0.0,0.0,0.0,0.0,0.0,0.0,0.0,0.0,0.0,0.0,0.0,0.0,0.0,0.0,0.0,0.0,0.0,0.0,0.0,0.0,0.0,0.0,0.0,0.0,0.0,0.0,0.0,0.0,0.0,0.0,0.0,0.0,0.0,0.0,0.0,0.0,0.0,0.0,0.0,0.0,0.0,0.0,0.0,0.0,0.0,0.0,0.0,0.0,0.0,0.0,0.01,0.01,0.01,0.01,0.01,0.01,0.01,0.01,0.01,0.0,0.0,0.0,0.0,0.0,0.0,0.0,0.0,0.0,0.0,0.0,0.0,0.0,0.0,0.0,0.0,0.0,0.0,0.0,0.0,0.0,0.0,0.0,0.0,0.0,0.0,0.0,0.0,0.0,0.0,0.0,0.0,0.0,0.0,0.0,0.0,0.0,0.0,0.0,0.0,0.0,0.0,0.0,0.0,0.0,0.0,0.0,0.0,0.0,0.0,0.0,0.0,0.0,0.0,0.0,0.0,0.0,0.0,0.0,0.0,0.0,0.0,0.0,0.0,0.0,0.0,0.0,0.0,0.0,0.0,0.0,0.0,0.0,0.0,0.0,0.0,0.0,0.0,0.0,0.0,0.0,0.0,0.0,0.0,0.0,0.0,0.0,0.0,0.0,0.0,0.0,0.0,0.0,0.0,0.0,0.0,0.0,0.0,0.0,0.0,0.0,0.0,0.0,0.0,0.0,0.0,0.0,0.0,0.0,0.0,0.0,0.0,0.0,0.0,0.0,0.0,0.0,0.0,0.0,0.0,0.0,0.0,0.0,0.0,0.0,0.0,0.0,0.0,0.0,0.0,0.0,0.0,0.0,0.0,0.0,0.0,0.0,0.0,0.0,0.0,0.0,0.0,0.0,0.0,0.0,0.0,0.0,0.0,0.0,0.0,0.0,0.0,0.0,0.0,0.0,0.0,0.0,0.0,0.0,0.0,0.0,0.0,0.0,0.0,0.0,0.0,0.0,0.0,0.0,0.0,0.0,0.0,0.0,0.0,0.0,0.0,0.0,0.0,0.0,0.0
0.0,0.0,0.0,0.0,0.0,0.0,0.0,0.0,0.0,0.0,0.0,0.0,0.0,0.0,0.0,0.0,0.0,0.0,0.0,0.0,0.0,0.0,0.0,0.0,0.0,0.0,0.0,0.0,0.0,0.0,0.0,0.0,0.0,0.0,0.0,0.0,0.0,0.0,0.0,0.0,0.0,0.0,0.0,0.0,0.0,0.0,0.0,0.0,0.0,0.0,0.0,0.0,0.0,0.0,0.0,0.0,0.0,0.0,0.0,0.0,0.0,0.0,0.0,0.0,0.0,0.0,0.0,0.0,0.0,0.0,0.0,0.0,0.0,0.0,0.0,0.0,0.0,0.0,0.0,0.0,0.0,0.0,0.0,0.0,0.0,0.0,0.0,0.0,0.0,0.0,0.0,0.0,0.0,0.0,0.0,0.0,0.0,0.0,0.0,0.0,0.0,0.0,0.0,0.0,0.0,0.0,0.0,0.0,0.0,0.0,0.0,0.0,0.0,0.0,0.0,0.0,0.0,0.0,0.0,0.0,0.0,0.0,0.0,0.0,0.0,0.0,0.0,0.0,0.0,0.0,0.0,0.0,0.0,0.0,0.0,0.0,0.0,0.0,0.0,0.0,0.0,0.0,0.0,0.0,0.0,0.0,0.0,0.0,0.0,0.0,0.0,0.0,0.0,0.0,0.0,0.0,0.0,0.0,0.0,0.0,0.0,0.0,0.0,0.0,0.0,0.0,0.0,0.0,0.0,0.0,0.0,0.0,0.0,0.0,0.0,0.0,0.0,0.0,0.0,0.0,0.0,0.0,0.0,0.0,0.0,0.0,0.0,0.0,0.0,0.0,0.0,0.0,0.0,0.0,0.0,0.0,0.0,0.0,0.0,0.0,0.0,0.0,0.0,0.0,0.0,0.0,0.0,0.0,0.0,0.0,0.0,0.0,0.0,0.0,0.0,0.0,0.0,0.0,0.0,0.0,0.0,0.0,0.0,0.0,0.0,0.0,0.0,0.0,0.0,0.0,0.0,0.0,0.0,0.0,0.0,0.0,0.0,0.0,0.0,0.0,0.0,0.0,0.0,0.0,0.0,0.0,0.0,0.0,0.0,0.0,0.0,0.0,0.0,0.0,0.0,0.0,0.0,0.0,0.0,0.0,0.0,0.0,0.0,0.0,0.0,0.0,0.0,0.0,0.0,0.0,0.0,0.0,0.0,0.0,0.0,0.0,0.0,0.0,0.0,0.0,0.0,0.0,0.0,0.0,0.0,0.0,0.0,0.0,0.0,0.0,0.0,0.0,0.0,0.0,0.0,0.0,0.0,0.0,0.0,0.0
0.0,0.0,0.0,0.0,0.0,0.0,0.0,0.0,0.0,0.0,0.0,0.0,0.0,0.0,0.0,0.0,0.0,0.0,0.0,0.0,0.0,0.0,0.0,0.0,0.0,0.0,0.0,0.0,0.0,0.0,0.0,0.0,0.0,0.0,0.0,0.0,0.0,0.0,0.0,0.0,0.0,0.0,0.0,0.0,0.0,0.0,0.0,0.0,0.0,0.0,0.0,0.0,0.0,0.0,0.0,0.0,0.0,0.0,0.0,0.0,0.0,0.0,0.0,0.0,0.0,0.0,0.0,0.0,0.0,0.0,0.0,0.0,0.0,0.0,0.0,0.0,0.0,0.0,0.0,0.0,0.0,0.0,0.0,0.0,0.0,0.0,0.0,0.0,0.0,0.0,0.0,0.0,0.0,0.0,0.0,0.0,0.0,0.0,0.0,0.0,0.0,0.0,0.0,0.0,0.0,0.0,0.0,0.0,0.0,0.0,0.0,0.0,0.0,0.0,0.0,0.0,0.0,0.0,0.0,0.0,0.0,0.0,0.0,0.0,0.0,0.0,0.0,0.0,0.0,0.0,0.0,0.0,0.0,0.0,0.0,0.0,0.0,0.0,0.0,0.0,0.0,0.0,0.0,0.0,0.0,0.0,0.0,0.0,0.0,0.0,0.0,0.0,0.0,0.0,0.0,0.0,0.0,0.0,0.0,0.0,0.0,0.0,0.0,0.0,0.0,0.0,0.0,0.0,0.0,0.0,0.0,0.0,0.0,0.0,0.0,0.0,0.0,0.0,0.0,0.0,0.0,0.0,0.0,0.0,0.0,0.0,0.0,0.0,0.0,0.0,0.0,0.0,0.0,0.0,0.0,0.0,0.0,0.0,0.0,0.0,0.0,0.0,0.0,0.0,0.0,0.0,0.0,0.0,0.0,0.0,0.0,0.0,0.0,0.0,0.0,0.0,0.0,0.0,0.0,0.0,0.0,0.0,0.0,0.0,0.0,0.0,0.0,0.0,0.0,0.0,0.0,0.0,0.0,0.0,0.0,0.0,0.0,0.0,0.0,0.0,0.0,0.0,0.0,0.0,0.0,0.0,0.0,0.0,0.0,0.0,0.0,0.0,0.0,0.0,0.0,0.0,0.0,0.0,0.0,0.0,0.0,0.0,0.0,0.0,0.0,0.0,0.0,0.0,0.0,0.0,0.0,0.0,0.0,0.0,0.0,0.0,0.0,0.0,0.0,0.0,0.0,0.0,0.0,0.0,0.0,0.0,0.0,0.0,0.0,0.0,0.0,0.0,0.0,0.0,0.0,0.0,0.0,0.0,0.0,0.0
0.0,0.0,0.0,0.0,0.0,0.0,0.0,0.0,0.0,0.0,0.0,0.0,0.0,0.0,0.0,0.0,0.0,0.0,0.0,0.0,0.0,0.0,0.0,0.0,0.0,0.0,0.0,0.0,0.0,0.0,0.0,0.0,0.0,0.0,0.0,0.0,0.0,0.0,0.0,0.0,0.0,0.0,0.0,0.0,0.0,0.0,0.0,0.0,0.0,0.0,0.0,0.0,0.0,0.0,0.0,0.0,0.0,0.0,0.0,0.0,0.0,0.0,0.0,0.0,0.0,0.0,0.0,0.0,0.0,0.0,0.0,0.0,0.0,0.0,0.0,0.0,0.0,0.0,0.0,0.0,0.0,0.0,0.0,0.0,0.0,0.0,0.0,0.0,0.0,0.0,0.0,0.0,0.0,0.0,0.0,0.0,0.0,0.0,0.0,0.0,0.0,0.0,0.0,0.0,0.0,0.0,0.0,0.0,0.0,0.0,0.0,0.0,0.0,0.0,0.0,0.0,0.0,0.0,0.0,0.0,0.0,0.0,0.0,0.0,0.0,0.0,0.0,0.0,0.0,0.0,0.0,0.0,0.0,0.0,0.0,0.0,0.0,0.0,0.0,0.0,0.0,0.0,0.0,0.0,0.0,0.0,0.0,0.0,0.0,0.0,0.0,0.0,0.0,0.0,0.0,0.0,0.0,0.0,0.0,0.0,0.0,0.0,0.0,0.0,0.0,0.0,0.0,0.0,0.0,0.0,0.0,0.0,0.0,0.0,0.0,0.0,0.0,0.0,0.0,0.0,0.0,0.0,0.0,0.0,0.0,0.0,0.0,0.0,0.0,0.0,0.0,0.0,0.0,0.0,0.0,0.0,0.0,0.0,0.0,0.0,0.0,0.0,0.0,0.0,0.0,0.0,0.0,0.0,0.0,0.0,0.0,0.0,0.0,0.0,0.0,0.0,0.0,0.0,0.0,0.0,0.0,0.0,0.0,0.0,0.0,0.0,0.0,0.0,0.0,0.0,0.0,0.0,0.0,0.0,0.0,0.0,0.0,0.0,0.0,0.0,0.0,0.0,0.0,0.0,0.0,0.0,0.0,0.0,0.0,0.0,0.0,0.0,0.0,0.0,0.0,0.0,0.0,0.0,0.0,0.0,0.0,0.0,0.0,0.0,0.0,0.0,0.0,0.0,0.0,0.0,0.0,0.0,0.0,0.0,0.0,0.0,0.0,0.0,0.0,0.0,0.0,0.0,0.0,0.0,0.0,0.0,0.0,0.0,0.0,0.0,0.0,0.0,0.0,0.0,0.0,0.0,0.0,0.0,0.0,0.0
0.0,0.0,0.0,0.0,0.0,0.0,0.0,0.0,0.0,0.0,0.0,0.0,0.0,0.0,0.0,0.0,0.0,0.0,0.0,0.0,0.0,0.0,0.0,0.0,0.0,0.0,0.0,0.0,0.0,0.0,0.0,0.0,0.0,0.0,0.0,0.0,0.0,0.0,0.0,0.0,0.0,0.0,0.0,0.0,0.0,0.0,0.0,0.0,0.0,0.0,0.0,0.0,0.0,0.0,0.0,0.0,0.0,0.0,0.0,0.0,0.0,0.0,0.0,0.0,0.0,0.0,0.0,0.0,0.0,0.0,0.0,0.0,0.0,0.0,0.0,0.0,0.0,0.0,0.0,0.0,0.0,0.0,0.0,0.0,0.0,0.0,0.0,0.0,0.0,0.0,0.0,0.0,0.0,0.0,0.0,0.0,0.0,0.0,0.0,0.0,0.0,0.0,0.0,0.0,0.0,0.0,0.0,0.0,0.0,0.0,0.0,0.0,0.0,0.0,0.0,0.0,0.0,0.0,0.0,0.0,0.0,0.0,0.0,0.0,0.0,0.0,0.0,0.0,0.0,0.0,0.0,0.0,0.0,0.0,0.0,0.0,0.0,0.0,0.0,0.0,0.0,0.0,0.0,0.0,0.0,0.0,0.0,0.0,0.0,0.0,0.0,0.0,0.0,0.0,0.0,0.0,0.0,0.0,0.0,0.0,0.0,0.0,0.0,0.0,0.0,0.0,0.0,0.0,0.0,0.0,0.0,0.0,0.0,0.0,0.0,0.0,0.0,0.0,0.0,0.0,0.0,0.0,0.0,0.0,0.0,0.0,0.0,0.0,0.0,0.0,0.0,0.0,0.0,0.0,0.0,0.0,0.0,0.0,0.0,0.0,0.0,0.0,0.0,0.0,0.0,0.0,0.0,0.0,0.0,0.0,0.0,0.0,0.0,0.0,0.0,0.0,0.0,0.0,0.0,0.0,0.0,0.0,0.0,0.0,0.0,0.0,0.0,0.0,0.0,0.0,0.0,0.0,0.0,0.0,0.0,0.0,0.0,0.0,0.0,0.0,0.0,0.0,0.0,0.0,0.0,0.0,0.0,0.0,0.0,0.0,0.0,0.0,0.0,0.0,0.0,0.0,0.0,0.0,0.0,0.0,0.0,0.0,0.0,0.0,0.0,0.0,0.0,0.0,0.0,0.0,0.0,0.0,0.0,0.0,0.0,0.0,0.0,0.0,0.0,0.0,0.0,0.0,0.0,0.0,0.0,0.0,0.0,0.0,0.0,0.0,0.0,0.0,0.0,0.0,0.0,0.0,0.0,0.0,0.0,0.0
0.0,0.0,0.0,0.0,0.0,0.0,0.0,0.0,0.0,0.0,0.0,0.0,0.0,0.0,0.0,0.0,0.0,0.0,0.0,0.0,0.0,0.0,0.0,0.0,0.0,0.0,0.0,0.0,0.0,0.0,0.0,0.0,0.0,0.0,0.0,0.0,0.0,0.0,0.0,0.0,0.0,0.0,0.0,0.0,0.0,0.0,0.0,0.0,0.0,0.0,0.0,0.0,0.0,0.0,0.0,0.0,0.0,0.0,0.0,0.0,0.0,0.0,0.0,0.0,0.0,0.0,0.0,0.0,0.0,0.0,0.0,0.0,0.0,0.0,0.0,0.0,0.0,0.0,0.0,0.0,0.0,0.0,0.0,0.0,0.0,0.0,0.0,0.0,0.0,0.0,0.0,0.0,0.0,0.0,0.0,0.0,0.0,0.0,0.0,0.0,0.0,0.0,0.0,0.0,0.0,0.0,0.0,0.0,0.0,0.0,0.0,0.0,0.0,0.0,0.0,0.0,0.0,0.0,0.0,0.0,0.0,0.0,0.0,0.0,0.0,0.0,0.0,0.0,0.0,0.0,0.0,0.0,0.0,0.0,0.0,0.0,0.0,0.0,0.0,0.0,0.0,0.0,0.0,0.0,0.0,0.0,0.0,0.0,0.0,0.0,0.0,0.0,0.0,0.0,0.0,0.0,0.0,0.0,0.0,0.0,0.0,0.0,0.0,0.0,0.0,0.0,0.0,0.0,0.0,0.0,0.0,0.0,0.0,0.0,0.0,0.0,0.0,0.0,0.0,0.0,0.0,0.0,0.0,0.0,0.0,0.0,0.0,0.0,0.0,0.0,0.0,0.0,0.0,0.0,0.0,0.0,0.0,0.0,0.0,0.0,0.0,0.0,0.0,0.0,0.0,0.0,0.0,0.0,0.0,0.0,0.0,0.0,0.0,0.0,0.0,0.0,0.0,0.0,0.0,0.0,0.0,0.0,0.0,0.0,0.0,0.0,0.0,0.0,0.0,0.0,0.0,0.0,0.0,0.0,0.0,0.0,0.0,0.0,0.0,0.0,0.0,0.0,0.0,0.0,0.0,0.0,0.0,0.0,0.0,0.0,0.0,0.0,0.0,0.0,0.0,0.0,0.0,0.0,0.0,0.0,0.0,0.0,0.0,0.0,0.0,0.0,0.0,0.0,0.0,0.0,0.0,0.0,0.0,0.0,0.0,0.0,0.0,0.0,0.0,0.0,0.0,0.0,0.0,0.0,0.0,0.0,0.0,0.0,0.0,0.0,0.0,0.0,0.0,0.0,0.0,0.0,0.0,0.0,0.0,0.0
0.0,0.0,0.0,0.0,0.0,0.0,0.0,0.0,0.0,0.0,0.0,0.0,0.0,0.0,0.0,0.0,0.0,0.0,0.0,0.0,0.0,0.0,0.0,0.0,0.0,0.0,0.0,0.0,0.0,0.0,0.0,0.0,0.0,0.0,0.0,0.0,0.0,0.0,0.0,0.0,0.0,0.0,0.0,0.0,0.0,0.0,0.0,0.0,0.0,0.0,0.0,0.0,0.0,0.0,0.0,0.0,0.0,0.0,0.0,0.0,0.0,0.0,0.0,0.0,0.0,0.0,0.0,0.0,0.0,0.0,0.0,0.0,0.0,0.0,0.0,0.0,0.0,0.0,0.0,0.0,0.0,0.0,0.0,0.0,0.0,0.0,0.0,0.0,0.0,0.0,0.0,0.0,0.0,0.0,0.0,0.0,0.0,0.0,0.0,0.0,0.0,0.0,0.0,0.0,0.0,0.0,0.0,0.0,0.0,0.0,0.0,0.0,0.0,0.0,0.0,0.0,0.0,0.0,0.0,0.0,0.0,0.0,0.0,0.0,0.0,0.0,0.0,0.0,0.0,0.0,0.0,0.0,0.0,0.0,0.0,0.0,0.0,0.0,0.0,0.0,0.0,0.0,0.0,0.0,0.0,0.0,0.0,0.0,0.0,0.0,0.0,0.0,0.0,0.0,0.0,0.0,0.0,0.0,0.0,0.0,0.0,0.0,0.0,0.0,0.0,0.0,0.0,0.0,0.0,0.0,0.0,0.0,0.0,0.0,0.0,0.0,0.0,0.0,0.0,0.0,0.0,0.0,0.0,0.0,0.0,0.0,0.0,0.0,0.0,0.0,0.0,0.0,0.0,0.0,0.0,0.0,0.0,0.0,0.0,0.0,0.0,0.0,0.0,0.0,0.0,0.0,0.0,0.0,0.0,0.0,0.0,0.0,0.0,0.0,0.0,0.0,0.0,0.0,0.0,0.0,0.0,0.0,0.0,0.0,0.0,0.0,0.0,0.0,0.0,0.0,0.0,0.0,0.0,0.0,0.0,0.0,0.0,0.0,0.0,0.0,0.0,0.0,0.0,0.0,0.0,0.0,0.0,0.0,0.0,0.0,0.0,0.0,0.0,0.0,0.0,0.0,0.0,0.0,0.0,0.0,0.0,0.0,0.0,0.0,0.0,0.0,0.0,0.0,0.0,0.0,0.0,0.0,0.0,0.0,0.0,0.0,0.0,0.0,0.0,0.0,0.0,0.0,0.0,0.0,0.0,0.0,0.0,0.0,0.0,0.0,0.0,0.0,0.0,0.0,0.0,0.0,0.0,0.0,0.0,0.0
0.0,0.0,0.0,0.0,0.0,0.0,0.0,0.0,0.0,0.0,0.0,0.0,0.0,0.0,0.0,0.0,0.0,0.0,0.0,0.0,0.0,0.0,0.0,0.0,0.0,0.0,0.0,0.0,0.0,0.0,0.0,0.0,0.0,0.0,0.0,0.0,0.0,0.0,0.0,0.0,0.0,0.0,0.0,0.0,0.0,0.0,0.0,0.0,0.0,0.0,0.0,0.0,0.0,0.0,0.0,0.0,0.0,0.0,0.0,0.0,0.0,0.0,0.0,0.0,0.0,0.0,0.0,0.0,0.0,0.0,0.0,0.0,0.0,0.0,0.0,0.0,0.0,0.0,0.0,0.0,0.0,0.0,0.0,0.0,0.0,0.0,0.0,0.0,0.0,0.0,0.0,0.0,0.0,0.0,0.0,0.0,0.0,0.0,0.0,0.0,0.0,0.0,0.0,0.0,0.0,0.0,0.0,0.0,0.0,0.0,0.0,0.0,0.0,0.0,0.0,0.0,0.0,0.0,0.0,0.0,0.0,0.0,0.0,0.0,0.0,0.0,0.0,0.0,0.0,0.0,0.0,0.0,0.0,0.0,0.0,0.0,0.0,0.0,0.0,0.0,0.0,0.0,0.0,0.0,0.0,0.0,0.0,0.0,0.0,0.0,0.0,0.0,0.0,0.0,0.0,0.0,0.0,0.0,0.0,0.0,0.0,0.0,0.0,0.0,0.0,0.0,0.0,0.0,0.0,0.0,0.0,0.0,0.0,0.0,0.0,0.0,0.0,0.0,0.0,0.0,0.0,0.0,0.0,0.0,0.0,0.0,0.0,0.0,0.0,0.0,0.0,0.0,0.0,0.0,0.0,0.0,0.0,0.0,0.0,0.0,0.0,0.0,0.0,0.0,0.0,0.0,0.0,0.0,0.0,0.0,0.0,0.0,0.0,0.0,0.0,0.0,0.0,0.0,0.0,0.0,0.0,0.0,0.0,0.0,0.0,0.0,0.0,0.0,0.0,0.0,0.0,0.0,0.0,0.0,0.0,0.0,0.0,0.0,0.0,0.0,0.0,0.0,0.0,0.0,0.0,0.0,0.0,0.0,0.0,0.0,0.0,0.0,0.0,0.0,0.0,0.0,0.0,0.0,0.0,0.0,0.0,0.0,0.0,0.0,0.0,0.0,0.0,0.0,0.0,0.0,0.0,0.0,0.0,0.0,0.0,0.0,0.0,0.0,0.0,0.0,0.0,0.0,0.0,0.0,0.0,0.0,0.0,0.0,0.0,0.0,0.0,0.0,0.0,0.0,0.0,0.0,0.0,0.0,0.0,0.0
0.0,0.0,0.0,0.0,0.0,0.0,0.0,0.0,0.0,0.0,0.0,0.0,0.0,0.0,0.0,0.0,0.0,0.0,0.0,0.0,0.0,0.0,0.0,0.0,0.0,0.0,0.0,0.0,0.0,0.0,0.0,0.0,0.0,0.0,0.0,0.0,0.0,0.0,0.0,0.0,0.0,0.0,0.0,0.0,0.0,0.0,0.0,0.0,0.0,0.0,0.0,0.0,0.0,0.0,0.0,0.0,0.0,0.0,0.0,0.0,0.0,0.0,0.0,0.0,0.0,0.0,0.0,0.0,0.0,0.0,0.0,0.0,0.0,0.0,0.0,0.0,0.0,0.0,0.0,0.0,0.0,0.0,0.0,0.0,0.0,0.0,0.0,0.0,0.0,0.0,0.0,0.0,0.0,0.0,0.0,0.0,0.0,0.0,0.0,0.0,0.0,0.0,0.0,0.0,0.0,0.0,0.0,0.0,0.0,0.0,0.0,0.0,0.0,0.0,0.0,0.0,0.0,0.0,0.0,0.0,0.0,0.0,0.0,0.0,0.0,0.0,0.0,0.0,0.0,0.0,0.0,0.0,0.0,0.0,0.0,0.0,0.0,0.0,0.0,0.0,0.0,0.0,0.0,0.0,0.0,0.0,0.0,0.0,0.0,0.0,0.0,0.0,0.0,0.0,0.0,0.0,0.0,0.0,0.0,0.0,0.0,0.0,0.0,0.0,0.0,0.0,0.0,0.0,0.0,0.0,0.0,0.0,0.0,0.0,0.0,0.0,0.0,0.0,0.0,0.0,0.0,0.0,0.0,0.0,0.0,0.0,0.0,0.0,0.0,0.0,0.0,0.0,0.0,0.0,0.0,0.0,0.0,0.0,0.0,0.0,0.0,0.0,0.0,0.0,0.0,0.0,0.0,0.0,0.0,0.0,0.0,0.0,0.0,0.0,0.0,0.0,0.0,0.0,0.0,0.0,0.0,0.0,0.0,0.0,0.0,0.0,0.0,0.0,0.0,0.0,0.0,0.0,0.0,0.0,0.0,0.0,0.0,0.0,0.0,0.0,0.0,0.0,0.0,0.0,0.0,0.0,0.0,0.0,0.0,0.0,0.0,0.0,0.0,0.0,0.0,0.0,0.0,0.0,0.0,0.0,0.0,0.0,0.0,0.0,0.0,0.0,0.0,0.0,0.0,0.0,0.0,0.0,0.0,0.0,0.0,0.0,0.0,0.0,0.0,0.0,0.0,0.0,0.0,0.0,0.0,0.0,0.0,0.0,0.0,0.0,0.0,0.0,0.0,0.0,0.0,0.0,0.0,0.0,0.0,0.0
0.0,0.0,0.0,0.0,0.0,0.0,0.0,0.0,0.0,0.0,0.0,0.0,0.0,0.0,0.0,0.0,0.0,0.0,0.0,0.0,0.0,0.0,0.0,0.0,0.0,0.0,0.0,0.0,0.0,0.0,0.0,0.0,0.0,0.0,0.0,0.0,0.0,0.0,0.0,0.0,0.0,0.0,0.0,0.0,0.0,0.0,0.0,0.0,0.0,0.0,0.0,0.0,0.0,0.0,0.0,0.0,0.0,0.0,0.0,0.0,0.0,0.0,0.0,0.0,0.0,0.0,0.0,0.0,0.0,0.0,0.0,0.0,0.0,0.0,0.0,0.0,0.0,0.0,0.0,0.0,0.0,0.0,0.0,0.0,0.0,0.0,0.0,0.0,0.0,0.0,0.0,0.0,0.0,0.0,0.0,0.0,0.0,0.0,0.0,0.0,0.0,0.0,0.0,0.0,0.0,0.0,0.0,0.0,0.0,0.0,0.0,0.0,0.0,0.0,0.0,0.0,0.0,0.0,0.0,0.0,0.0,0.0,0.0,0.0,0.0,0.0,0.0,0.0,0.0,0.0,0.0,0.0,0.0,0.0,0.0,0.0,0.0,0.0,0.0,0.0,0.0,0.0,0.0,0.0,0.0,0.0,0.0,0.0,0.0,0.0,0.0,0.0,0.0,0.0,0.0,0.0,0.0,0.0,0.0,0.0,0.0,0.0,0.0,0.0,0.0,0.0,0.0,0.0,0.0,0.0,0.0,0.0,0.0,0.0,0.0,0.0,0.0,0.0,0.0,0.0,0.0,0.0,0.0,0.0,0.0,0.0,0.0,0.0,0.0,0.0,0.0,0.0,0.0,0.0,0.0,0.0,0.0,0.0,0.0,0.0,0.0,0.0,0.0,0.0,0.0,0.0,0.0,0.0,0.0,0.0,0.0,0.0,0.0,0.0,0.0,0.0,0.0,0.0,0.0,0.0,0.0,0.0,0.0,0.0,0.0,0.0,0.0,0.0,0.0,0.0,0.0,0.0,0.0,0.0,0.0,0.0,0.0,0.0,0.0,0.0,0.0,0.0,0.0,0.0,0.0,0.0,0.0,0.0,0.0,0.0,0.0,0.0,0.0,0.0,0.0,0.0,0.0,0.0,0.0,0.0,0.0,0.0,0.0,0.0,0.0,0.0,0.0,0.0,0.0,0.0,0.0,0.0,0.0,0.0,0.0,0.0,0.0,0.0,0.0,0.0,0.0,0.0,0.0,0.0,0.0,0.0,0.0,0.0,0.0,0.0,0.0,0.0,0.0,0.0,0.0,0.0,0.0,0.0,0.0,0.0
0.0,0.0,0.0,0.0,0.0,0.0,0.0,0.0,0.0,0.0,0.0,0.0,0.0,0.0,0.0,0.0,0.0,0.0,0.0,0.0,0.0,0.0,0.0,0.0,0.0,0.0,0.0,0.0,0.0,0.0,0.0,0.0,0.0,0.0,0.0,0.0,0.0,0.0,0.0,0.0,0.0,0.0,0.0,0.0,0.0,0.0,0.0,0.0,0.0,0.0,0.0,0.0,0.0,0.0,0.0,0.0,0.0,0.0,0.0,0.0,0.0,0.0,0.0,0.0,0.0,0.0,0.0,0.0,0.0,0.0,0.0,0.0,0.0,0.0,0.0,0.0,0.0,0.0,0.0,0.0,0.0,0.0,0.0,0.0,0.0,0.0,0.0,0.0,0.0,0.0,0.0,0.0,0.0,0.0,0.0,0.0,0.0,0.0,0.0,0.0,0.0,0.0,0.0,0.0,0.0,0.0,0.0,0.0,0.0,0.0,0.0,0.0,0.0,0.0,0.0,0.0,0.0,0.0,0.0,0.0,0.0,0.0,0.0,0.0,0.0,0.0,0.0,0.0,0.0,0.0,0.0,0.0,0.0,0.0,0.0,0.0,0.0,0.0,0.0,0.0,0.0,0.0,0.0,0.0,0.0,0.0,0.0,0.0,0.0,0.0,0.0,0.0,0.0,0.0,0.0,0.0,0.0,0.0,0.0,0.0,0.0,0.0,0.0,0.0,0.0,0.0,0.0,0.0,0.0,0.0,0.0,0.0,0.0,0.0,0.0,0.0,0.0,0.0,0.0,0.0,0.0,0.0,0.0,0.0,0.0,0.0,0.0,0.0,0.0,0.0,0.0,0.0,0.0,0.0,0.0,0.0,0.0,0.0,0.0,0.0,0.0,0.0,0.0,0.0,0.0,0.0,0.0,0.0,0.0,0.0,0.0,0.0,0.0,0.0,0.0,0.0,0.0,0.0,0.0,0.0,0.0,0.0,0.0,0.0,0.0,0.0,0.0,0.0,0.0,0.0,0.0,0.0,0.0,0.0,0.0,0.0,0.0,0.0,0.0,0.0,0.0,0.0,0.0,0.0,0.0,0.0,0.0,0.0,0.0,0.0,0.0,0.0,0.0,0.0,0.0,0.0,0.0,0.0,0.0,0.0,0.0,0.0,0.0,0.0,0.0,0.0,0.0,0.0,0.0,0.0,0.0,0.0,0.0,0.0,0.0,0.0,0.0,0.0,0.0,0.0,0.0,0.0,0.0,0.0,0.0,0.0,0.0,0.0,0.0,0.0,0.0,0.0,0.0,0.0,0.0,0.0,0.0,0.0,0.0,0.0
0.0,0.0,0.0,0.0,0.0,0.0,0.0,0.0,0.0,0.0,0.0,0.0,0.0,0.0,0.0,0.0,0.0,0.0,0.0,0.0,0.0,0.0,0.0,0.0,0.0,0.0,0.0,0.0,0.0,0.0,0.0,0.0,0.0,0.0,0.0,0.0,0.0,0.0,0.0,0.0,0.0,0.0,0.0,0.0,0.0,0.0,0.0,0.0,0.0,0.0,0.0,0.0,0.0,0.0,0.0,0.0,0.0,0.0,0.0,0.0,0.0,0.0,0.0,0.0,0.0,0.0,0.0,0.0,0.0,0.0,0.0,0.0,0.0,0.0,0.0,0.0,0.0,0.0,0.0,0.0,0.0,0.0,0.0,0.0,0.0,0.0,0.0,0.0,0.0,0.0,0.0,0.0,0.0,0.0,0.0,0.0,0.0,0.0,0.0,0.0,0.0,0.0,0.0,0.0,0.0,0.0,0.0,0.0,0.0,0.0,0.0,0.0,0.0,0.0,0.0,0.0,0.0,0.0,0.0,0.0,0.0,0.0,0.0,0.0,0.0,0.0,0.0,0.0,0.0,0.0,0.0,0.0,0.0,0.0,0.0,0.0,0.0,0.0,0.0,0.0,0.0,0.0,0.0,0.0,0.0,0.0,0.0,0.0,0.0,0.0,0.0,0.0,0.0,0.0,0.0,0.0,0.0,0.0,0.0,0.0,0.0,0.0,0.0,0.0,0.0,0.0,0.0,0.0,0.0,0.0,0.0,0.0,0.0,0.0,0.0,0.0,0.0,0.0,0.0,0.0,0.0,0.0,0.0,0.0,0.0,0.0,0.0,0.0,0.0,0.0,0.0,0.0,0.0,0.0,0.0,0.0,0.0,0.0,0.0,0.0,0.0,0.0,0.0,0.0,0.0,0.0,0.0,0.0,0.0,0.0,0.0,0.0,0.0,0.0,0.0,0.0,0.0,0.0,0.0,0.0,0.0,0.0,0.0,0.0,0.0,0.0,0.0,0.0,0.0,0.0,0.0,0.0,0.0,0.0,0.0,0.0,0.0,0.0,0.0,0.0,0.0,0.0,0.0,0.0,0.0,0.0,0.0,0.0,0.0,0.0,0.0,0.0,0.0,0.0,0.0,0.0,0.0,0.0,0.0,0.0,0.0,0.0,0.0,0.0,0.0,0.0,0.0,0.0,0.0,0.0,0.0,0.0,0.0,0.0,0.0,0.0,0.0,0.0,0.0,0.0,0.0,0.0,0.0,0.0,0.0,0.0,0.0,0.0,0.0,0.0,0.0,0.0,0.0,0.0,0.0,0.0,0.0,0.0,0.0,0.0
,,,,,,,,,,,,,,,,,,,,,,,,,,,,,,,,,,,,,,,,,,,,,,,,,,,,,,,,,,,,,,,,,,,,,,,,,,,0.0,0.0,0.0,0.0,0.0,0.0,0.0,0.0,0.0,0.0,0.0,0.0,0.0,0.0,0.0,0.0,0.0,0.0,0.0,0.0,0.0,0.0,0.0,0.0,0.0,0.0,0.0,0.0,0.0,0.0,0.0,0.0,0.0,0.0,0.0,0.0,0.0,0.0,0.0,0.0,0.0,0.0,0.0,0.0,0.0,0.0,0.0,0.0,0.0,0.0,0.0,0.0,0.0,0.0,0.0,0.0,0.0,0.0,0.0,0.0,0.0,0.0,0.0,0.0,0.0,0.0,0.0,0.0,0.0,0.0,0.0,0.0,0.0,0.0,0.0,0.0,0.0,0.0,0.0,0.0,0.0,0.0,0.0,0.0,0.0,0.0,0.0,0.0,0.0,0.0,0.0,0.0,0.0,0.0,0.0,0.0,0.0,0.0,0.0,0.0,0.0,0.0,0.0,0.0,0.0,0.0,0.0,0.0,0.0,0.0,0.0,0.0,0.0,0.0,0.0,0.0,0.0,0.0,0.0,0.0,0.0,0.0,0.0,0.0,0.0,0.0,0.0,0.0,0.0,0.0,0.0,0.0,0.0,0.0,0.0,0.0,0.0,0.0,0.0,0.0,0.0,0.0,0.0,0.0,0.0,0.0,0.0,0.0,0.0,0.0,0.0,0.0,0.0,0.0,0.0,0.0,0.0,0.0,0.0,0.0,0.0,0.0,0.0,0.0,0.0,0.0,0.0,0.0,0.0,0.0,0.0,0.0,0.0,0.0,0.0,0.0,0.0,0.0,0.0,0.0,0.0,0.0,0.0,0.0,0.0,0.0,0.0,0.0,0.0,0.0,0.0,0.0,0.0,0.0,0.0,0.0,0.0,0.0,0.0,0.0,0.0,0.0,0.0,0.0,0.0,0.0,0.0,0.0,0.0,0.0,0.0,0.0,0.0,0.0,0.0,0.0,0.0,0.0,0.0,0.0,0.0,0.0,0.0,0.0,0.0
,,,,,,,,,,,,,,,,,,,,,,,,,,,,,,,,,,,,,,,,,,,,,,,,,,,,,,,,,,,,,,,,,,,,,,,,,,,0.0,0.0,0.0,0.0,0.0,0.0,0.0,0.0,0.0,0.0,0.0,0.0,0.0,0.0,0.0,0.0,0.0,0.0,0.0,0.0,0.0,0.0,0.0,0.0,0.0,0.0,0.0,0.0,0.0,0.0,0.0,0.0,0.0,0.0,0.0,0.0,0.0,0.0,0.0,0.0,0.0,0.0,0.0,0.0,0.0,0.0,0.0,0.0,0.0,0.0,0.0,0.0,0.0,0.0,0.0,0.0,0.0,0.0,0.0,0.0,0.0,0.0,0.0,0.0,0.0,0.0,0.0,0.0,0.0,0.0,0.0,0.0,0.0,0.0,0.0,0.0,0.0,0.0,0.0,0.0,0.0,0.0,0.0,0.0,0.0,0.0,0.0,0.0,0.0,0.0,0.0,0.0,0.0,0.0,0.0,0.0,0.0,0.0,0.0,0.0,0.0,0.0,0.0,0.0,0.0,0.0,0.0,0.0,0.0,0.0,0.0,0.0,0.0,0.0,0.0,0.0,0.0,0.0,0.0,0.0,0.0,0.0,0.0,0.0,0.0,0.0,0.0,0.0,0.0,0.0,0.0,0.0,0.0,0.0,0.0,0.0,0.0,0.0,0.0,0.0,0.0,0.0,0.0,0.0,0.0,0.0,0.0,0.0,0.0,0.0,0.0,0.0,0.0,0.0,0.0,0.0,0.0,0.0,0.0,0.0,0.0,0.0,0.0,0.0,0.0,0.0,0.0,0.0,0.0,0.0,0.0,0.0,0.0,0.0,0.0,0.0,0.0,0.0,0.0,0.0,0.0,0.0,0.0,0.0,0.0,0.0,0.0,0.0,0.0,0.0,0.0,0.0,0.0,0.0,0.0,0.0,0.0,0.0,0.0,0.0,0.0,0.0,0.0,0.0,0.0,0.0,0.0,0.0,0.0,0.0,0.0,0.0,0.0,0.0,0.0,0.0,0.0,0.0,0.0,0.0,0.0,0.0,0.0,0.0,0.0
,,,,,,,,,,,,,,,,,,,,,,,,,,,,,,,,,,,,,,,,,,,,,,,,,,,,,,,,,,,,,,,,,,,,,,,,,,,0.0,0.0,0.0,0.0,0.0,0.0,0.0,0.0,0.0,0.0,0.0,0.0,0.0,0.0,0.0,0.0,0.0,0.0,0.0,0.0,0.0,0.0,0.0,0.0,0.0,0.0,0.0,0.0,0.0,0.0,0.0,0.0,0.0,0.0,0.0,0.0,0.0,0.0,0.0,0.0,0.0,0.0,0.0,0.0,0.0,0.0,0.0,0.0,0.0,0.0,0.0,0.0,0.0,0.0,0.0,0.0,0.0,0.0,0.0,0.0,0.0,0.0,0.0,0.0,0.0,0.0,0.0,0.0,0.0,0.0,0.0,0.0,0.0,0.0,0.0,0.0,0.0,0.0,0.0,0.0,0.0,0.0,0.0,0.0,0.0,0.0,0.0,0.0,0.0,0.0,0.0,0.0,0.0,0.0,0.0,0.0,0.0,0.0,0.0,0.0,0.0,0.0,0.0,0.0,0.0,0.0,0.0,0.0,0.0,0.0,0.0,0.0,0.0,0.0,0.0,0.0,0.0,0.0,0.0,0.0,0.0,0.0,0.0,0.0,0.0,0.0,0.0,0.0,0.0,0.0,0.0,0.0,0.0,0.0,0.0,0.0,0.0,0.0,0.0,0.0,0.0,0.0,0.0,0.0,0.0,0.0,0.0,0.0,0.0,0.0,0.0,0.0,0.0,0.0,0.0,0.0,0.0,0.0,0.0,0.0,0.0,0.0,0.0,0.0,0.0,0.0,0.0,0.0,0.0,0.0,0.0,0.0,0.0,0.0,0.0,0.0,0.0,0.0,0.0,0.0,0.0,0.0,0.0,0.0,0.0,0.0,0.0,0.0,0.0,0.0,0.0,0.0,0.0,0.0,0.0,0.0,0.0,0.0,0.0,0.0,0.0,0.0,0.0,0.0,0.0,0.0,0.0,0.0,0.0,0.0,0.0,0.0,0.0,0.0,0.0,0.0,0.0,0.0,0.0,0.0,0.0,0.0,0.0,0.0,0.0
,,,,,,,,,,,,,,,,,,,,,,,,,,,,,,,,,,,,,,,,,,,,,,,,,,,,,,,,,,,,,,,,,,,,,,,,,,,0.0,0.0,0.0,0.0,0.0,0.0,0.0,0.0,0.0,0.0,0.0,0.0,0.0,0.0,0.0,0.0,0.0,0.0,0.0,0.0,0.0,0.0,0.0,0.0,0.0,0.0,0.0,0.0,0.0,0.0,0.0,0.0,0.0,0.0,0.0,0.0,0.0,0.0,0.0,0.0,0.0,0.0,0.0,0.0,0.0,0.0,0.0,0.0,0.0,0.0,0.0,0.0,0.0,0.0,0.0,0.0,0.0,0.0,0.0,0.0,0.0,0.0,0.0,0.0,0.0,0.0,0.0,0.0,0.0,0.0,0.0,0.0,0.0,0.0,0.0,0.0,0.0,0.0,0.0,0.0,0.0,0.0,0.0,0.0,0.0,0.0,0.0,0.0,0.0,0.0,0.0,0.0,0.0,0.0,0.0,0.0,0.0,0.0,0.0,0.0,0.0,0.0,0.0,0.0,0.0,0.0,0.0,0.0,0.0,0.0,0.0,0.0,0.0,0.0,0.0,0.0,0.0,0.0,0.0,0.0,0.0,0.0,0.0,0.0,0.0,0.0,0.0,0.0,0.0,0.0,0.0,0.0,0.0,0.0,0.0,0.0,0.0,0.0,0.0,0.0,0.0,0.0,0.0,0.0,0.0,0.0,0.0,0.0,0.0,0.0,0.0,0.0,0.0,0.0,0.0,0.0,0.0,0.0,0.0,0.0,0.0,0.0,0.0,0.0,0.0,0.0,0.0,0.0,0.0,0.0,0.0,0.0,0.0,0.0,0.0,0.0,0.0,0.0,0.0,0.0,0.0,0.0,0.0,0.0,0.0,0.0,0.0,0.0,0.0,0.0,0.0,0.0,0.0,0.0,0.0,0.0,0.0,0.0,0.0,0.0,0.0,0.0,0.0,0.0,0.0,0.0,0.0,0.0,0.0,0.0,0.0,0.0,0.0,0.0,0.0,0.0,0.0,0.0,0.0,0.0,0.0,0.0,0.0,0.0,0.0
,,,,,,,,,,,,,,,,,,,,,,,,,,,,,,,,,,,,,,,,,,,,,,,,,,,,,,,,,,,,,,,,,,,,,,,,,,,0.0,0.0,0.0,0.0,0.0,0.0,0.0,0.0,0.0,0.0,0.0,0.0,0.0,0.0,0.0,0.0,0.0,0.0,0.0,0.0,0.0,0.0,0.0,0.0,0.0,0.0,0.0,0.0,0.0,0.0,0.0,0.0,0.0,0.0,0.0,0.0,0.0,0.0,0.0,0.0,0.0,0.0,0.0,0.0,0.0,0.0,0.0,0.0,0.0,0.0,0.0,0.0,0.0,0.0,0.0,0.0,0.0,0.0,0.0,0.0,0.0,0.0,0.0,0.0,0.0,0.0,0.0,0.0,0.0,0.0,0.0,0.0,0.0,0.0,0.0,0.0,0.0,0.0,0.0,0.0,0.0,0.0,0.0,0.0,0.0,0.0,0.0,0.0,0.0,0.0,0.0,0.0,0.0,0.0,0.0,0.0,0.0,0.0,0.0,0.0,0.0,0.0,0.0,0.0,0.0,0.0,0.0,0.0,0.0,0.0,0.0,0.0,0.0,0.0,0.0,0.0,0.0,0.0,0.0,0.0,0.0,0.0,0.0,0.0,0.0,0.0,0.0,0.0,0.0,0.0,0.0,0.0,0.0,0.0,0.0,0.0,0.0,0.0,0.0,0.0,0.0,0.0,0.0,0.0,0.0,0.0,0.0,0.0,0.0,0.0,0.0,0.0,0.0,0.0,0.0,0.0,0.0,0.0,0.0,0.0,0.0,0.0,0.0,0.0,0.0,0.0,0.0,0.0,0.0,0.0,0.0,0.0,0.0,0.0,0.0,0.0,0.0,0.0,0.0,0.0,0.0,0.0,0.0,0.0,0.0,0.0,0.0,0.0,0.0,0.0,0.0,0.0,0.0,0.0,0.0,0.0,0.0,0.0,0.0,0.0,0.0,0.0,0.0,0.0,0.0,0.0,0.0,0.0,0.0,0.0,0.0,0.0,0.0,0.0,0.0,0.0,0.0,0.0,0.0,0.0,0.0,0.0,0.0,0.0,0.0
,,,,,,,,,,,,,,,,,,,,,,,,,,,,,,,,,,,,,,,,,,,,,,,,,,,,,,,,,,,,,,,,,,,,,,,,,,,0.0,0.0,0.0,0.0,0.0,0.0,0.0,0.0,0.0,0.0,0.0,0.0,0.0,0.0,0.0,0.0,0.0,0.0,0.0,0.0,0.0,0.0,0.0,0.0,0.0,0.0,0.0,0.0,0.0,0.0,0.0,0.0,0.0,0.0,0.0,0.0,0.0,0.0,0.0,0.0,0.0,0.0,0.0,0.0,0.0,0.0,0.0,0.0,0.0,0.0,0.0,0.0,0.0,0.0,0.0,0.0,0.0,0.0,0.0,0.0,0.0,0.0,0.0,0.0,0.0,0.0,0.0,0.0,0.0,0.0,0.0,0.0,0.0,0.0,0.0,0.0,0.0,0.0,0.0,0.0,0.0,0.0,0.0,0.0,0.0,0.0,0.0,0.0,0.0,0.0,0.0,0.0,0.0,0.0,0.0,0.0,0.0,0.0,0.0,0.0,0.0,0.0,0.0,0.0,0.0,0.0,0.0,0.0,0.0,0.0,0.0,0.0,0.0,0.0,0.0,0.0,0.0,0.0,0.0,0.0,0.0,0.0,0.0,0.0,0.0,0.0,0.0,0.0,0.0,0.0,0.0,0.0,0.0,0.0,0.0,0.0,0.0,0.0,0.0,0.0,0.0,0.0,0.0,0.0,0.0,0.0,0.0,0.0,0.0,0.0,0.0,0.0,0.0,0.0,0.0,0.0,0.0,0.0,0.0,0.0,0.0,0.0,0.0,0.0,0.0,0.0,0.0,0.0,0.0,0.0,0.0,0.0,0.0,0.0,0.0,0.0,0.0,0.0,0.0,0.0,0.0,0.0,0.0,0.0,0.0,0.0,0.0,0.0,0.0,0.0,0.0,0.0,0.0,0.0,0.0,0.0,0.0,0.0,0.0,0.0,0.0,0.0,0.0,0.0,0.0,0.0,0.0,0.0,0.0,0.0,0.0,0.0,0.0,0.0,0.0,0.0,0.0,0.0,0.0,0.0,0.0,0.0,0.0,0.0,0.0
,,,,,,,,,,,,,,,,,,,,,,,,,,,,,,,,,,,,,,,,,,,,,,,,,,,,,,,,,,,,,,,,,,,,,,,,,,,0.0,0.0,0.0,0.0,0.0,0.0,0.0,0.0,0.0,0.0,0.0,0.0,0.0,0.0,0.0,0.0,0.0,0.0,0.0,0.0,0.0,0.0,0.0,0.0,0.0,0.0,0.0,0.0,0.0,0.0,0.0,0.0,0.0,0.0,0.0,0.0,0.0,0.0,0.0,0.0,0.0,0.0,0.0,0.0,0.0,0.0,0.0,0.0,0.0,0.0,0.0,0.0,0.0,0.0,0.0,0.0,0.0,0.0,0.0,0.0,0.0,0.0,0.0,0.0,0.0,0.0,0.0,0.0,0.0,0.0,0.0,0.0,0.0,0.0,0.0,0.0,0.0,0.0,0.0,0.0,0.0,0.0,0.0,0.0,0.0,0.0,0.0,0.0,0.0,0.0,0.0,0.0,0.0,0.0,0.0,0.0,0.0,0.0,0.0,0.0,0.0,0.0,0.0,0.0,0.0,0.0,0.0,0.0,0.0,0.0,0.0,0.0,0.0,0.0,0.0,0.0,0.0,0.0,0.0,0.0,0.0,0.0,0.0,0.0,0.0,0.0,0.0,0.0,0.0,0.0,0.0,0.0,0.0,0.0,0.0,0.0,0.0,0.0,0.0,0.0,0.0,0.0,0.0,0.0,0.0,0.0,0.0,0.0,0.0,0.0,0.0,0.0,0.0,0.0,0.0,0.0,0.0,0.0,0.0,0.0,0.0,0.0,0.0,0.0,0.0,0.0,0.0,0.0,0.0,0.0,0.0,0.0,0.0,0.0,0.0,0.0,0.0,0.0,0.0,0.0,0.0,0.0,0.0,0.0,0.0,0.0,0.0,0.0,0.0,0.0,0.0,0.0,0.0,0.0,0.0,0.0,0.0,0.0,0.0,0.0,0.0,0.0,0.0,0.0,0.0,0.0,0.0,0.0,0.0,0.0,0.0,0.0,0.0,0.0,0.0,0.0,0.0,0.0,0.0,0.0,0.0,0.0,0.0,0.0,0.0
,,,,,,,,,,,,,,,,,,,,,,,,,,,,,,,,,,,,,,,,,,,,,,,,,,,,,,,,,,,,,,,,,,,,,,,,,,,0.0,0.0,0.0,0.0,0.0,0.0,0.0,0.0,0.0,0.0,0.0,0.0,0.0,0.0,0.0,0.0,0.0,0.0,0.0,0.0,0.0,0.0,0.0,0.0,0.0,0.0,0.0,0.0,0.0,0.0,0.0,0.0,0.0,0.0,0.0,0.0,0.0,0.0,0.0,0.0,0.0,0.0,0.0,0.0,0.0,0.0,0.0,0.0,0.0,0.0,0.0,0.0,0.0,0.0,0.0,0.0,0.0,0.0,0.0,0.0,0.0,0.0,0.0,0.0,0.0,0.0,0.0,0.0,0.0,0.0,0.0,0.0,0.0,0.0,0.0,0.0,0.0,0.0,0.0,0.0,0.0,0.0,0.0,0.0,0.0,0.0,0.0,0.0,0.0,0.0,0.0,0.0,0.0,0.0,0.0,0.0,0.0,0.0,0.0,0.0,0.0,0.0,0.0,0.0,0.0,0.0,0.0,0.0,0.0,0.0,0.0,0.0,0.0,0.0,0.0,0.0,0.0,0.0,0.0,0.0,0.0,0.0,0.0,0.0,0.0,0.0,0.0,0.0,0.0,0.0,0.0,0.0,0.0,0.0,0.0,0.0,0.0,0.0,0.0,0.0,0.0,0.0,0.0,0.0,0.0,0.0,0.0,0.0,0.0,0.0,0.0,0.0,0.0,0.0,0.0,0.0,0.0,0.0,0.0,0.0,0.0,0.0,0.0,0.0,0.0,0.0,0.0,0.0,0.0,0.0,0.0,0.0,0.0,0.0,0.0,0.0,0.0,0.0,0.0,0.0,0.0,0.0,0.0,0.0,0.0,0.0,0.0,0.0,0.0,0.0,0.0,0.0,0.0,0.0,0.0,0.0,0.0,0.0,0.0,0.0,0.0,0.0,0.0,0.0,0.0,0.0,0.0,0.0,0.0,0.0,0.0,0.0,0.0,0.0,0.0,0.0,0.0,0.0,0.0,0.0,0.0,0.0,0.0,0.0,0.0
,,,,,,,,,,,,,,,,,,,,,,,,,,,,,,,,,,,,,,,,,,,,,,,,,,,,,,,,,,,,,,,,,,,,,,,,,,,0.0,0.0,0.0,0.0,0.0,0.0,0.0,0.0,0.0,0.0,0.0,0.0,0.0,0.0,0.0,0.0,0.0,0.0,0.0,0.0,0.0,0.0,0.0,0.0,0.0,0.0,0.0,0.0,0.0,0.0,0.0,0.0,0.0,0.0,0.0,0.0,0.0,0.0,0.0,0.0,0.0,0.0,0.0,0.0,0.0,0.0,0.0,0.0,0.0,0.0,0.0,0.0,0.0,0.0,0.0,0.0,0.0,0.0,0.0,0.0,0.0,0.0,0.0,0.0,0.0,0.0,0.0,0.0,0.0,0.0,0.0,0.0,0.0,0.0,0.0,0.0,0.0,0.0,0.0,0.0,0.0,0.0,0.0,0.0,0.0,0.0,0.0,0.0,0.0,0.0,0.0,0.0,0.0,0.0,0.0,0.0,0.0,0.0,0.0,0.0,0.0,0.0,0.0,0.0,0.0,0.0,0.0,0.0,0.0,0.0,0.0,0.0,0.0,0.0,0.0,0.0,0.0,0.0,0.0,0.0,0.0,0.0,0.0,0.0,0.0,0.0,0.0,0.0,0.0,0.0,0.0,0.0,0.0,0.0,0.0,0.0,0.0,0.0,0.0,0.0,0.0,0.0,0.0,0.0,0.0,0.0,0.0,0.0,0.0,0.0,0.0,0.0,0.0,0.0,0.0,0.0,0.0,0.0,0.0,0.0,0.0,0.0,0.0,0.0,0.0,0.0,0.0,0.0,0.0,0.0,0.0,0.0,0.0,0.0,0.0,0.0,0.0,0.0,0.0,0.0,0.0,0.0,0.0,0.0,0.0,0.0,0.0,0.0,0.0,0.0,0.0,0.0,0.0,0.0,0.0,0.0,0.0,0.0,0.0,0.0,0.0,0.0,0.0,0.0,0.0,0.0,0.0,0.0,0.0,0.0,0.0,0.0,0.0,0.0,0.0,0.0,0.0,0.0,0.0,0.0,0.0,0.0,0.0,0.0,0.0
,,,,,,,,,,,,,,,,,,,,,,,,,,,,,,,,,,,,,,,,,,,,,,,,,,,,,,,,,,,,,,,,,,,,,,,,,,,0.0,0.0,0.0,0.0,0.0,0.0,0.0,0.0,0.0,0.0,0.0,0.0,0.0,0.0,0.0,0.0,0.0,0.0,0.0,0.0,0.0,0.0,0.0,0.0,0.0,0.0,0.0,0.0,0.0,0.0,0.0,0.0,0.0,0.0,0.0,0.0,0.0,0.0,0.0,0.0,0.0,0.0,0.0,0.0,0.0,0.0,0.0,0.0,0.0,0.0,0.0,0.0,0.0,0.0,0.0,0.0,0.0,0.0,0.0,0.0,0.0,0.0,0.0,0.0,0.0,0.0,0.0,0.0,0.0,0.0,0.0,0.0,0.0,0.0,0.0,0.0,0.0,0.0,0.0,0.0,0.0,0.0,0.0,0.0,0.0,0.0,0.0,0.0,0.0,0.0,0.0,0.0,0.0,0.0,0.0,0.0,0.0,0.0,0.0,0.0,0.0,0.0,0.0,0.0,0.0,0.0,0.0,0.0,0.0,0.0,0.0,0.0,0.0,0.0,0.0,0.0,0.0,0.0,0.0,0.0,0.0,0.0,0.0,0.0,0.0,0.0,0.0,0.0,0.0,0.0,0.0,0.0,0.0,0.0,0.0,0.0,0.0,0.0,0.0,0.0,0.0,0.0,0.0,0.0,0.0,0.0,0.0,0.0,0.0,0.0,0.0,0.0,0.0,0.0,0.0,0.0,0.0,0.0,0.0,0.0,0.0,0.0,0.0,0.0,0.0,0.0,0.0,0.0,0.0,0.0,0.0,0.0,0.0,0.0,0.0,0.0,0.0,0.0,0.0,0.0,0.0,0.0,0.0,0.0,0.0,0.0,0.0,0.0,0.0,0.0,0.0,0.0,0.0,0.0,0.0,0.0,0.0,0.0,0.0,0.0,0.0,0.0,0.0,0.0,0.0,0.0,0.0,0.0,0.0,0.0,0.0,0.0,0.0,0.0,0.0,0.0,0.0,0.0,0.0,0.0,0.0,0.0,0.0,0.0,0.0
,,,,,,,,,,,,,,,,,,,,,,,,,,,,,,,,,,,,,,,,,,,,,,,,,,,,,,,,,,,,,,,,,,,,,,,,,,,0.0,0.0,0.0,0.0,0.0,0.0,0.0,0.0,0.0,0.0,0.0,0.0,0.0,0.0,0.0,0.0,0.0,0.0,0.0,0.0,0.0,0.0,0.0,0.0,0.0,0.0,0.0,0.0,0.0,0.0,0.0,0.0,0.0,0.0,0.0,0.0,0.0,0.0,0.0,0.0,0.0,0.0,0.0,0.0,0.0,0.0,0.0,0.0,0.0,0.0,0.0,0.0,0.0,0.0,0.0,0.0,0.0,0.0,0.0,0.0,0.0,0.0,0.0,0.0,0.0,0.0,0.0,0.0,0.0,0.0,0.0,0.0,0.0,0.0,0.0,0.0,0.0,0.0,0.0,0.0,0.0,0.0,0.0,0.0,0.0,0.0,0.0,0.0,0.0,0.0,0.0,0.0,0.0,0.0,0.0,0.0,0.0,0.0,0.0,0.0,0.0,0.0,0.0,0.0,0.0,0.0,0.0,0.0,0.0,0.0,0.0,0.0,0.0,0.0,0.0,0.0,0.0,0.0,0.0,0.0,0.0,0.0,0.0,0.0,0.0,0.0,0.0,0.0,0.0,0.0,0.0,0.0,0.0,0.0,0.0,0.0,0.0,0.0,0.0,0.0,0.0,0.0,0.0,0.0,0.0,0.0,0.0,0.0,0.0,0.0,0.0,0.0,0.0,0.0,0.0,0.0,0.0,0.0,0.0,0.0,0.0,0.0,0.0,0.0,0.0,0.0,0.0,0.0,0.0,0.0,0.0,0.0,0.0,0.0,0.0,0.0,0.0,0.0,0.0,0.0,0.0,0.0,0.0,0.0,0.0,0.0,0.0,0.0,0.0,0.0,0.0,0.0,0.0,0.0,0.0,0.0,0.0,0.0,0.0,0.0,0.0,0.0,0.0,0.0,0.0,0.0,0.0,0.0,0.0,0.0,0.0,0.0,0.0,0.0,0.0,0.0,0.0,0.0,0.0,0.0,0.0,0.0,0.0,0.0,0.0
,,,,,,,,,,,,,,,,,,,,,,,,,,,,,,,,,,,,,,,,,,,,,,,,,,,,,,,,,,,,,,,,,,,,,,,,,,,0.0,0.0,0.0,0.0,0.0,0.0,0.0,0.0,0.0,0.0,0.0,0.0,0.0,0.0,0.0,0.0,0.0,0.0,0.0,0.0,0.0,0.0,0.0,0.0,0.0,0.0,0.0,0.0,0.0,0.0,0.0,0.0,0.0,0.0,0.0,0.0,0.0,0.0,0.0,0.0,0.0,0.0,0.0,0.0,0.0,0.0,0.0,0.0,0.0,0.0,0.0,0.0,0.0,0.0,0.0,0.0,0.0,0.0,0.0,0.0,0.0,0.0,0.0,0.0,0.0,0.0,0.0,0.0,0.0,0.0,0.0,0.0,0.0,0.0,0.0,0.0,0.0,0.0,0.0,0.0,0.0,0.0,0.0,0.0,0.0,0.0,0.0,0.0,0.0,0.0,0.0,0.0,0.0,0.0,0.0,0.0,0.0,0.0,0.0,0.0,0.0,0.0,0.0,0.0,0.0,0.0,0.0,0.0,0.0,0.0,0.0,0.0,0.0,0.0,0.0,0.0,0.0,0.0,0.0,0.0,0.0,0.0,0.0,0.0,0.0,0.0,0.0,0.0,0.0,0.0,0.0,0.0,0.0,0.0,0.0,0.0,0.0,0.0,0.0,0.0,0.0,0.0,0.0,0.0,0.0,0.0,0.0,0.0,0.0,0.0,0.0,0.0,0.0,0.0,0.0,0.0,0.0,0.0,0.0,0.0,0.0,0.0,0.0,0.0,0.0,0.0,0.0,0.0,0.0,0.0,0.0,0.0,0.0,0.0,0.0,0.0,0.0,0.0,0.0,0.0,0.0,0.0,0.0,0.0,0.0,0.0,0.0,0.0,0.0,0.0,0.0,0.0,0.0,0.0,0.0,0.0,0.0,0.0,0.0,0.0,0.0,0.0,0.0,0.0,0.0,0.0,0.0,0.0,0.0,0.0,0.0,0.0,0.0,0.0,0.0,0.0,0.0,0.0,0.0,0.0,0.0,0.0,0.0,0.0,0.0
,,,,,,,,,,,,,,,,,,,,,,,,,,,,,,,,,,,,,,,,,,,,,,,,,,,,,,,,,,,,,,,,,,,,,,,,,,,0.0,0.0,0.0,0.0,0.0,0.0,0.0,0.0,0.0,0.0,0.0,0.0,0.0,0.0,0.0,0.0,0.0,0.0,0.0,0.0,0.0,0.0,0.0,0.0,0.0,0.0,0.0,0.0,0.0,0.0,0.0,0.0,0.0,0.0,0.0,0.0,0.0,0.0,0.0,0.0,0.0,0.0,0.0,0.0,0.0,0.0,0.0,0.0,0.0,0.0,0.0,0.0,0.0,0.0,0.0,0.0,0.0,0.0,0.0,0.0,0.0,0.0,0.0,0.0,0.0,0.0,0.0,0.0,0.0,0.0,0.0,0.0,0.0,0.0,0.0,0.0,0.0,0.0,0.0,0.0,0.0,0.0,0.0,0.0,0.0,0.0,0.0,0.0,0.0,0.0,0.0,0.0,0.0,0.0,0.0,0.0,0.0,0.0,0.0,0.0,0.0,0.0,0.0,0.0,0.0,0.0,0.0,0.0,0.0,0.0,0.0,0.0,0.0,0.0,0.0,0.0,0.0,0.0,0.0,0.0,0.0,0.0,0.0,0.0,0.0,0.0,0.0,0.0,0.0,0.0,0.0,0.0,0.0,0.0,0.0,0.0,0.0,0.0,0.0,0.0,0.0,0.0,0.0,0.0,0.0,0.0,0.0,0.0,0.0,0.0,0.0,0.0,0.0,0.0,0.0,0.0,0.0,0.0,0.0,0.0,0.0,0.0,0.0,0.0,0.0,0.0,0.0,0.0,0.0,0.0,0.0,0.0,0.0,0.0,0.0,0.0,0.0,0.0,0.0,0.0,0.0,0.0,0.0,0.0,0.0,0.0,0.0,0.0,0.0,0.0,0.0,0.0,0.0,0.0,0.0,0.0,0.0,0.0,0.0,0.0,0.0,0.0,0.0,0.0,0.0,0.0,0.0,0.0,0.0,0.0,0.0,0.0,0.0,0.0,0.0,0.0,0.0,0.0,0.0,0.0,0.0,0.0,0.0,0.0,0.0
,,,,,,,,,,,,,,,,,,,,,,,,,,,,,,,,,,,,,,,,,,,,,,,,,,,,,,,,,,,,,,,,,,,,,,,,,,,0.0,0.0,0.0,0.0,0.0,0.0,0.0,0.0,0.0,0.0,0.0,0.0,0.0,0.0,0.0,0.0,0.0,0.0,0.0,0.0,0.0,0.0,0.0,0.0,0.0,0.0,0.0,0.0,0.0,0.0,0.0,0.0,0.0,0.0,0.0,0.0,0.0,0.0,0.0,0.0,0.0,0.0,0.0,0.0,0.0,0.0,0.0,0.0,0.0,0.0,0.0,0.0,0.0,0.0,0.0,0.0,0.0,0.0,0.0,0.0,0.0,0.0,0.0,0.0,0.0,0.0,0.0,0.0,0.0,0.0,0.0,0.0,0.0,0.0,0.0,0.0,0.0,0.0,0.0,0.0,0.0,0.0,0.0,0.0,0.0,0.0,0.0,0.0,0.0,0.0,0.0,0.0,0.0,0.0,0.0,0.0,0.0,0.0,0.0,0.0,0.0,0.0,0.0,0.0,0.0,0.0,0.0,0.0,0.0,0.0,0.0,0.0,0.0,0.0,0.0,0.0,0.0,0.0,0.0,0.0,0.0,0.0,0.0,0.0,0.0,0.0,0.0,0.0,0.0,0.0,0.0,0.0,0.0,0.0,0.0,0.0,0.0,0.0,0.0,0.0,0.0,0.0,0.0,0.0,0.0,0.0,0.0,0.0,0.0,0.0,0.0,0.0,0.0,0.0,0.0,0.0,0.0,0.0,0.0,0.0,0.0,0.0,0.0,0.0,0.0,0.0,0.0,0.0,0.0,0.0,0.0,0.0,0.0,0.0,0.0,0.0,0.0,0.0,0.0,0.0,0.0,0.0,0.0,0.0,0.0,0.0,0.0,0.0,0.0,0.0,0.0,0.0,0.0,0.0,0.0,0.0,0.0,0.0,0.0,0.0,0.0,0.0,0.0,0.0,0.0,0.0,0.0,0.0,0.0,0.0,0.0,0.0,0.0,0.0,0.0,0.0,0.0,0.0,0.0,0.0,0.0,0.0,0.0,0.0,0.0
,,,,,,,,,,,,,,,,,,,,,,,,,,,,,,,,,,,,,,,,,,,,,,,,,,,,,,,,,,,,,,,,,,,,,,,,,,,0.0,0.0,0.0,0.0,0.0,0.0,0.0,0.0,0.0,0.0,0.0,0.0,0.0,0.0,0.0,0.0,0.0,0.0,0.0,0.0,0.0,0.0,0.0,0.0,0.0,0.0,0.0,0.0,0.0,0.0,0.0,0.0,0.0,0.0,0.0,0.0,0.0,0.0,0.0,0.0,0.0,0.0,0.0,0.0,0.0,0.0,0.0,0.0,0.0,0.0,0.0,0.0,0.0,0.0,0.0,0.0,0.0,0.0,0.0,0.0,0.0,0.0,0.0,0.0,0.0,0.0,0.0,0.0,0.0,0.0,0.0,0.0,0.0,0.0,0.0,0.0,0.0,0.0,0.0,0.0,0.0,0.0,0.0,0.0,0.0,0.0,0.0,0.0,0.0,0.0,0.0,0.0,0.0,0.0,0.0,0.0,0.0,0.0,0.0,0.0,0.0,0.0,0.0,0.0,0.0,0.0,0.0,0.0,0.0,0.0,0.0,0.0,0.0,0.0,0.0,0.0,0.0,0.0,0.0,0.0,0.0,0.0,0.0,0.0,0.0,0.0,0.0,0.0,0.0,0.0,0.0,0.0,0.0,0.0,0.0,0.0,0.0,0.0,0.0,0.0,0.0,0.0,0.0,0.0,0.0,0.0,0.0,0.0,0.0,0.0,0.0,0.0,0.0,0.0,0.0,0.0,0.0,0.0,0.0,0.0,0.0,0.0,0.0,0.0,0.0,0.0,0.0,0.0,0.0,0.0,0.0,0.0,0.0,0.0,0.0,0.0,0.0,0.0,0.0,0.0,0.0,0.0,0.0,0.0,0.0,0.0,0.0,0.0,0.0,0.0,0.0,0.0,0.0,0.0,0.0,0.0,0.0,0.0,0.0,0.0,0.0,0.0,0.0,0.0,0.0,0.0,0.0,0.0,0.0,0.0,0.0,0.0,0.0,0.0,0.0,0.0,0.0,0.0,0.0,0.0,0.0,0.0,0.0,0.0,0.0
,,,,,,,,,,,,,,,,,,,,,,,,,,,,,,,,,,,,,,,,,,,,,,,,,,,,,,,,,,,,,,,,,,,,,,,,,,,0.0,0.0,0.0,0.0,0.0,0.0,0.0,0.0,0.0,0.0,0.0,0.0,0.0,0.0,0.0,0.0,0.0,0.0,0.0,0.0,0.0,0.0,0.0,0.0,0.0,0.0,0.0,0.0,0.0,0.0,0.0,0.0,0.0,0.0,0.0,0.0,0.0,0.0,0.0,0.0,0.0,0.0,0.0,0.0,0.0,0.0,0.0,0.0,0.0,0.0,0.0,0.0,0.0,0.0,0.0,0.0,0.0,0.0,0.0,0.0,0.0,0.0,0.0,0.0,0.0,0.0,0.0,0.0,0.0,0.0,0.0,0.0,0.0,0.0,0.0,0.0,0.0,0.0,0.0,0.0,0.0,0.0,0.0,0.0,0.0,0.0,0.0,0.0,0.0,0.0,0.0,0.0,0.0,0.0,0.0,0.0,0.0,0.0,0.0,0.0,0.0,0.0,0.0,0.0,0.0,0.0,0.0,0.0,0.0,0.0,0.0,0.0,0.0,0.0,0.0,0.0,0.0,0.0,0.0,0.0,0.0,0.0,0.0,0.0,0.0,0.0,0.0,0.0,0.0,0.0,0.0,0.0,0.0,0.0,0.0,0.0,0.0,0.0,0.0,0.0,0.0,0.0,0.0,0.0,0.0,0.0,0.0,0.0,0.0,0.0,0.0,0.0,0.0,0.0,0.0,0.0,0.0,0.0,0.0,0.0,0.0,0.0,0.0,0.0,0.0,0.0,0.0,0.0,0.0,0.0,0.0,0.0,0.0,0.0,0.0,0.0,0.0,0.0,0.0,0.0,0.0,0.0,0.0,0.0,0.0,0.0,0.0,0.0,0.0,0.0,0.0,0.0,0.0,0.0,0.0,0.0,0.0,0.0,0.0,0.0,0.0,0.0,0.0,0.0,0.0,0.0,0.0,0.0,0.0,0.0,0.0,0.0,0.0,0.0,0.0,0.0,0.0,0.0,0.0,0.0,0.0,0.0,0.0,0.0,0.0
,,,,,,,,,,,,,,,,,,,,,,,,,,,,,,,,,,,,,,,,,,,,,,,,,,,,,,,,,,,,,,,,,,,,,,,,,,,0.0,0.0,0.0,0.0,0.0,0.0,0.0,0.0,0.0,0.0,0.0,0.0,0.0,0.0,0.0,0.0,0.0,0.0,0.0,0.0,0.0,0.0,0.0,0.0,0.0,0.0,0.0,0.0,0.0,0.0,0.0,0.0,0.0,0.0,0.0,0.0,0.0,0.0,0.0,0.0,0.0,0.0,0.0,0.0,0.0,0.0,0.0,0.0,0.0,0.0,0.0,0.0,0.0,0.0,0.0,0.0,0.0,0.0,0.0,0.0,0.0,0.0,0.0,0.0,0.0,0.0,0.0,0.0,0.0,0.0,0.0,0.0,0.0,0.0,0.0,0.0,0.0,0.0,0.0,0.0,0.0,0.0,0.0,0.0,0.0,0.0,0.0,0.0,0.0,0.0,0.0,0.0,0.0,0.0,0.0,0.0,0.0,0.0,0.0,0.0,0.0,0.0,0.0,0.0,0.0,0.0,0.0,0.0,0.0,0.0,0.0,0.0,0.0,0.0,0.0,0.0,0.0,0.0,0.0,0.0,0.0,0.0,0.0,0.0,0.0,0.0,0.0,0.0,0.0,0.0,0.0,0.0,0.0,0.0,0.0,0.0,0.0,0.0,0.0,0.0,0.0,0.0,0.0,0.0,0.0,0.0,0.0,0.0,0.0,0.0,0.0,0.0,0.0,0.0,0.0,0.0,0.0,0.0,0.0,0.0,0.0,0.0,0.0,0.0,0.0,0.0,0.0,0.0,0.0,0.0,0.0,0.0,0.0,0.0,0.0,0.0,0.0,0.0,0.0,0.0,0.0,0.0,0.0,0.0,0.0,0.0,0.0,0.0,0.0,0.0,0.0,0.0,0.0,0.0,0.0,0.0,0.0,0.0,0.0,0.0,0.0,0.0,0.0,0.0,0.0,0.0,0.0,0.0,0.0,0.0,0.0,0.0,0.0,0.0,0.0,0.0,0.0,0.0,0.0,0.0,0.0,0.0,0.0,0.0,0.0
,,,,,,,,,,,,,,,,,,,,,,,,,,,,,,,,,,,,,,,,,,,,,,,,,,,,,,,,,,,,,,,,,,,,,,,,,,,0.0,0.0,0.0,0.0,0.0,0.0,0.0,0.0,0.0,0.0,0.0,0.0,0.0,0.0,0.0,0.0,0.0,0.0,0.0,0.0,0.0,0.0,0.0,0.0,0.0,0.0,0.0,0.0,0.0,0.0,0.0,0.0,0.0,0.0,0.0,0.0,0.0,0.0,0.0,0.0,0.0,0.0,0.0,0.0,0.0,0.0,0.0,0.0,0.0,0.0,0.0,0.0,0.0,0.0,0.0,0.0,0.0,0.0,0.0,0.0,0.0,0.0,0.0,0.0,0.0,0.0,0.0,0.0,0.0,0.0,0.0,0.0,0.0,0.0,0.0,0.0,0.0,0.0,0.0,0.0,0.0,0.0,0.0,0.0,0.0,0.0,0.0,0.0,0.0,0.0,0.0,0.0,0.0,0.0,0.0,0.0,0.0,0.0,0.0,0.0,0.0,0.0,0.0,0.0,0.0,0.0,0.0,0.0,0.0,0.0,0.0,0.0,0.0,0.0,0.0,0.0,0.0,0.0,0.0,0.0,0.0,0.0,0.0,0.0,0.0,0.0,0.0,0.0,0.0,0.0,0.0,0.0,0.0,0.0,0.0,0.0,0.0,0.0,0.0,0.0,0.0,0.0,0.0,0.0,0.0,0.0,0.0,0.0,0.0,0.0,0.0,0.0,0.0,0.0,0.0,0.0,0.0,0.0,0.0,0.0,0.0,0.0,0.0,0.0,0.0,0.0,0.0,0.0,0.0,0.0,0.0,0.0,0.0,0.0,0.0,0.0,0.0,0.0,0.0,0.0,0.0,0.0,0.0,0.0,0.0,0.0,0.0,0.0,0.0,0.0,0.0,0.0,0.0,0.0,0.0,0.0,0.0,0.0,0.0,0.0,0.0,0.0,0.0,0.0,0.0,0.0,0.0,0.0,0.0,0.0,0.0,0.0,0.0,0.0,0.0,0.0,0.0,0.0,0.0,0.0,0.0,0.0,0.0,0.0,0.0
,,,,,,,,,,,,,,,,,,,,,,,,,,,,,,,,,,,,,,,,,,,,,,,,,,,,,,,,,,,,,,,,,,,,,,,,,,,0.0,0.0,0.0,0.0,0.0,0.0,0.0,0.0,0.0,0.0,0.0,0.0,0.0,0.0,0.0,0.0,0.0,0.0,0.0,0.0,0.0,0.0,0.0,0.0,0.0,0.0,0.0,0.0,0.0,0.0,0.0,0.0,0.0,0.0,0.0,0.0,0.0,0.0,0.0,0.0,0.0,0.0,0.0,0.0,0.0,0.0,0.0,0.0,0.0,0.0,0.0,0.0,0.0,0.0,0.0,0.0,0.0,0.0,0.0,0.0,0.0,0.0,0.0,0.0,0.0,0.0,0.0,0.0,0.0,0.0,0.0,0.0,0.0,0.0,0.0,0.0,0.0,0.0,0.0,0.0,0.0,0.0,0.0,0.0,0.0,0.0,0.0,0.0,0.0,0.0,0.0,0.0,0.0,0.0,0.0,0.0,0.0,0.0,0.0,0.0,0.0,0.0,0.0,0.0,0.0,0.0,0.0,0.0,0.0,0.0,0.0,0.0,0.0,0.0,0.0,0.0,0.0,0.0,0.0,0.0,0.0,0.0,0.0,0.0,0.0,0.0,0.0,0.0,0.0,0.0,0.0,0.0,0.0,0.0,0.0,0.0,0.0,0.0,0.0,0.0,0.0,0.0,0.0,0.0,0.0,0.0,0.0,0.0,0.0,0.0,0.0,0.0,0.0,0.0,0.0,0.0,0.0,0.0,0.0,0.0,0.0,0.0,0.0,0.0,0.0,0.0,0.0,0.0,0.0,0.0,0.0,0.0,0.0,0.0,0.0,0.0,0.0,0.0,0.0,0.0,0.0,0.0,0.0,0.0,0.0,0.0,0.0,0.0,0.0,0.0,0.0,0.0,0.0,0.0,0.0,0.0,0.0,0.0,0.0,0.0,0.0,0.0,0.0,0.0,0.0,0.0,0.0,0.0,0.0,0.0,0.0,0.0,0.0,0.0,0.0,0.0,0.0,0.0,0.0,0.0,0.0,0.0,0.0,0.0,0.0
,,,,,,,,,,,,,,,,,,,,,,,,,,,,,,,,,,,,,,,,,,,,,,,,,,,,,,,,,,,,,,,,,,,,,,,,,,,0.0,0.0,0.0,0.0,0.0,0.0,0.0,0.0,0.0,0.0,0.0,0.0,0.0,0.0,0.0,0.0,0.0,0.0,0.0,0.0,0.0,0.0,0.0,0.0,0.0,0.0,0.0,0.0,0.0,0.0,0.0,0.0,0.0,0.0,0.0,0.0,0.0,0.0,0.0,0.0,0.0,0.0,0.0,0.0,0.0,0.0,0.0,0.0,0.0,0.0,0.0,0.0,0.0,0.0,0.0,0.0,0.0,0.0,0.0,0.0,0.0,0.0,0.0,0.0,0.0,0.0,0.0,0.0,0.0,0.0,0.0,0.0,0.0,0.0,0.0,0.0,0.0,0.0,0.0,0.0,0.0,0.0,0.0,0.0,0.0,0.0,0.0,0.0,0.0,0.0,0.0,0.0,0.0,0.0,0.0,0.0,0.0,0.0,0.0,0.0,0.0,0.0,0.0,0.0,0.0,0.0,0.0,0.0,0.0,0.0,0.0,0.0,0.0,0.0,0.0,0.0,0.0,0.0,0.0,0.0,0.0,0.0,0.0,0.0,0.0,0.0,0.0,0.0,0.0,0.0,0.0,0.0,0.0,0.0,0.0,0.0,0.0,0.0,0.0,0.0,0.0,0.0,0.0,0.0,0.0,0.0,0.0,0.0,0.0,0.0,0.0,0.0,0.0,0.0,0.0,0.0,0.0,0.0,0.0,0.0,0.0,0.0,0.0,0.0,0.0,0.0,0.0,0.0,0.0,0.0,0.0,0.0,0.0,0.0,0.0,0.0,0.0,0.0,0.0,0.0,0.0,0.0,0.0,0.0,0.0,0.0,0.0,0.0,0.0,0.0,0.0,0.0,0.0,0.0,0.0,0.0,0.0,0.0,0.0,0.0,0.0,0.0,0.0,0.0,0.0,0.0,0.0,0.0,0.0,0.0,0.0,0.0,0.0,0.0,0.0,0.0,0.0,0.0,0.0,0.0,0.0,0.0,0.0,0.0,0.0
,,,,,,,,,,,,,,,,,,,,,,,,,,,,,,,,,,,,,,,,,,,,,,,,,,,,,,,,,,,,,,,,,,,,,,,,,,,0.0,0.0,0.0,0.0,0.0,0.0,0.0,0.0,0.0,0.0,0.0,0.0,0.0,0.0,0.0,0.0,0.0,0.0,0.0,0.0,0.0,0.0,0.0,0.0,0.0,0.0,0.0,0.0,0.0,0.0,0.0,0.0,0.0,0.0,0.0,0.0,0.0,0.0,0.0,0.0,0.0,0.0,0.0,0.0,0.0,0.0,0.0,0.0,0.0,0.0,0.0,0.0,0.0,0.0,0.0,0.0,0.0,0.0,0.0,0.0,0.0,0.0,0.0,0.0,0.0,0.0,0.0,0.0,0.0,0.0,0.0,0.0,0.0,0.0,0.0,0.0,0.0,0.0,0.0,0.0,0.0,0.0,0.0,0.0,0.0,0.0,0.0,0.0,0.0,0.0,0.0,0.0,0.0,0.0,0.0,0.0,0.0,0.0,0.0,0.0,0.0,0.0,0.0,0.0,0.0,0.0,0.0,0.0,0.0,0.0,0.0,0.0,0.0,0.0,0.0,0.0,0.0,0.0,0.0,0.0,0.0,0.0,0.0,0.0,0.0,0.0,0.0,0.0,0.0,0.0,0.0,0.0,0.0,0.0,0.0,0.0,0.0,0.0,0.0,0.0,0.0,0.0,0.0,0.0,0.0,0.0,0.0,0.0,0.0,0.0,0.0,0.0,0.0,0.0,0.0,0.0,0.0,0.0,0.0,0.0,0.0,0.0,0.0,0.0,0.0,0.0,0.0,0.0,0.0,0.0,0.0,0.0,0.0,0.0,0.0,0.0,0.0,0.0,0.0,0.0,0.0,0.0,0.0,0.0,0.0,0.0,0.0,0.0,0.0,0.0,0.0,0.0,0.0,0.0,0.0,0.0,0.0,0.0,0.0,0.0,0.0,0.0,0.0,0.0,0.0,0.0,0.0,0.0,0.0,0.0,0.0,0.0,0.0,0.0,0.0,0.0,0.0,0.0,0.0,0.0,0.0,0.0,0.0,0.0,0.0
,,,,,,,,,,,,,,,,,,,,,,,,,,,,,,,,,,,,,,,,,,,,,,,,,,,,,,,,,,,,,,,,,,,,,,,,,,,0.0,0.0,0.0,0.0,0.0,0.0,0.0,0.0,0.0,0.0,0.0,0.0,0.0,0.0,0.0,0.0,0.0,0.0,0.0,0.0,0.0,0.0,0.0,0.0,0.0,0.0,0.0,0.0,0.0,0.0,0.0,0.0,0.0,0.0,0.0,0.0,0.0,0.0,0.0,0.0,0.0,0.0,0.0,0.0,0.0,0.0,0.0,0.0,0.0,0.0,0.0,0.0,0.0,0.0,0.0,0.0,0.0,0.0,0.0,0.0,0.0,0.0,0.0,0.0,0.0,0.0,0.0,0.0,0.0,0.0,0.0,0.0,0.0,0.0,0.0,0.0,0.0,0.0,0.0,0.0,0.0,0.0,0.0,0.0,0.0,0.0,0.0,0.0,0.0,0.0,0.0,0.0,0.0,0.0,0.0,0.0,0.0,0.0,0.0,0.0,0.0,0.0,0.0,0.0,0.0,0.0,0.0,0.0,0.0,0.0,0.0,0.0,0.0,0.0,0.0,0.0,0.0,0.0,0.0,0.0,0.0,0.0,0.0,0.0,0.0,0.0,0.0,0.0,0.0,0.0,0.0,0.0,0.0,0.0,0.0,0.0,0.0,0.0,0.0,0.0,0.0,0.0,0.0,0.0,0.0,0.0,0.0,0.0,0.0,0.0,0.0,0.0,0.0,0.0,0.0,0.0,0.0,0.0,0.0,0.0,0.0,0.0,0.0,0.0,0.0,0.0,0.0,0.0,0.0,0.0,0.0,0.0,0.0,0.0,0.0,0.0,0.0,0.0,0.0,0.0,0.0,0.0,0.0,0.0,0.0,0.0,0.0,0.0,0.0,0.0,0.0,0.0,0.0,0.0,0.0,0.0,0.0,0.0,0.0,0.0,0.0,0.0,0.0,0.0,0.0,0.0,0.0,0.0,0.0,0.0,0.0,0.0,0.0,0.0,0.0,0.0,0.0,0.0,0.0,0.0,0.0,0.0,0.0,0.0,0.0
,,,,,,,,,,,,,,,,,,,,,,,,,,,,,,,,,,,,,,,,,,,,,,,,,,,,,,,,,,,,,,,,,,,,,,,,,,,0.0,0.0,0.0,0.0,0.0,0.0,0.0,0.0,0.0,0.0,0.0,0.0,0.0,0.0,0.0,0.0,0.0,0.0,0.0,0.0,0.0,0.0,0.0,0.0,0.0,0.0,0.0,0.0,0.0,0.0,0.0,0.0,0.0,0.0,0.0,0.0,0.0,0.0,0.0,0.0,0.0,0.0,0.0,0.0,0.0,0.0,0.0,0.0,0.0,0.0,0.0,0.0,0.0,0.0,0.0,0.0,0.0,0.0,0.0,0.0,0.0,0.0,0.0,0.0,0.0,0.0,0.0,0.0,0.0,0.0,0.0,0.0,0.0,0.0,0.0,0.0,0.0,0.0,0.0,0.0,0.0,0.0,0.0,0.0,0.0,0.0,0.0,0.0,0.0,0.0,0.0,0.0,0.0,0.0,0.0,0.0,0.0,0.0,0.0,0.0,0.0,0.0,0.0,0.0,0.0,0.0,0.0,0.0,0.0,0.0,0.0,0.0,0.0,0.0,0.0,0.0,0.0,0.0,0.0,0.0,0.0,0.0,0.0,0.0,0.0,0.0,0.0,0.0,0.0,0.0,0.0,0.0,0.0,0.0,0.0,0.0,0.0,0.0,0.0,0.0,0.0,0.0,0.0,0.0,0.0,0.0,0.0,0.0,0.0,0.0,0.0,0.0,0.0,0.0,0.0,0.0,0.0,0.0,0.0,0.0,0.0,0.0,0.0,0.0,0.0,0.0,0.0,0.0,0.0,0.0,0.0,0.0,0.0,0.0,0.0,0.0,0.0,0.0,0.0,0.0,0.0,0.0,0.0,0.0,0.0,0.0,0.0,0.0,0.0,0.0,0.0,0.0,0.0,0.0,0.0,0.0,0.0,0.0,0.0,0.0,0.0,0.0,0.0,0.0,0.0,0.0,0.0,0.0,0.0,0.0,0.0,0.0,0.0,0.0,0.0,0.0,0.0,0.0,0.0,0.0,0.0,0.0,0.0,0.0,0.0
,,,,,,,,,,,,,,,,,,,,,,,,,,,,,,,,,,,,,,,,,,,,,,,,,,,,,,,,,,,,,,,,,,,,,,,,,,,0.0,0.0,0.0,0.0,0.0,0.0,0.0,0.0,0.0,0.0,0.0,0.0,0.0,0.0,0.0,0.0,0.0,0.0,0.0,0.0,0.0,0.0,0.0,0.0,0.0,0.0,0.0,0.0,0.0,0.0,0.0,0.0,0.0,0.0,0.0,0.0,0.0,0.0,0.0,0.0,0.0,0.0,0.0,0.0,0.0,0.0,0.0,0.0,0.0,0.0,0.0,0.0,0.0,0.0,0.0,0.0,0.0,0.0,0.0,0.0,0.0,0.0,0.0,0.0,0.0,0.0,0.0,0.0,0.0,0.0,0.0,0.0,0.0,0.0,0.0,0.0,0.0,0.0,0.0,0.0,0.0,0.0,0.0,0.0,0.0,0.0,0.0,0.0,0.0,0.0,0.0,0.0,0.0,0.0,0.0,0.0,0.0,0.0,0.0,0.0,0.0,0.0,0.0,0.0,0.0,0.0,0.0,0.0,0.0,0.0,0.0,0.0,0.0,0.0,0.0,0.0,0.0,0.0,0.0,0.0,0.0,0.0,0.0,0.0,0.0,0.0,0.0,0.0,0.0,0.0,0.0,0.0,0.0,0.0,0.0,0.0,0.0,0.0,0.0,0.0,0.0,0.0,0.0,0.0,0.0,0.0,0.0,0.0,0.0,0.0,0.0,0.0,0.0,0.0,0.0,0.0,0.0,0.0,0.0,0.0,0.0,0.0,0.0,0.0,0.0,0.0,0.0,0.0,0.0,0.0,0.0,0.0,0.0,0.0,0.0,0.0,0.0,0.0,0.0,0.0,0.0,0.0,0.0,0.0,0.0,0.0,0.0,0.0,0.0,0.0,0.0,0.0,0.0,0.0,0.0,0.0,0.0,0.0,0.0,0.0,0.0,0.0,0.0,0.0,0.0,0.0,0.0,0.0,0.0,0.0,0.0,0.0,0.0,0.0,0.0,0.0,0.0,0.0,0.0,0.0,0.0,0.0,0.0,0.0,0.0
,,,,,,,,,,,,,,,,,,,,,,,,,,,,,,,,,,,,,,,,,,,,,,,,,,,,,,,,,,,,,,,,,,,,,,,,,,,0.0,0.0,0.0,0.0,0.0,0.0,0.0,0.0,0.0,0.0,0.0,0.0,0.0,0.0,0.0,0.0,0.0,0.0,0.0,0.0,0.0,0.0,0.0,0.0,0.0,0.0,0.0,0.0,0.0,0.0,0.0,0.0,0.0,0.0,0.0,0.0,0.0,0.0,0.0,0.0,0.0,0.0,0.0,0.0,0.0,0.0,0.0,0.0,0.0,0.0,0.0,0.0,0.0,0.0,0.0,0.0,0.0,0.0,0.0,0.0,0.0,0.0,0.0,0.0,0.0,0.0,0.0,0.0,0.0,0.0,0.0,0.0,0.0,0.0,0.0,0.0,0.0,0.0,0.0,0.0,0.0,0.0,0.0,0.0,0.0,0.0,0.0,0.0,0.0,0.0,0.0,0.0,0.0,0.0,0.0,0.0,0.0,0.0,0.0,0.0,0.0,0.0,0.0,0.0,0.0,0.0,0.0,0.0,0.0,0.0,0.0,0.0,0.0,0.0,0.0,0.0,0.0,0.0,0.0,0.0,0.0,0.0,0.0,0.0,0.0,0.0,0.0,0.0,0.0,0.0,0.0,0.0,0.0,0.0,0.0,0.0,0.0,0.0,0.0,0.0,0.0,0.0,0.0,0.0,0.0,0.0,0.0,0.0,0.0,0.0,0.0,0.0,0.0,0.0,0.0,0.0,0.0,0.0,0.0,0.0,0.0,0.0,0.0,0.0,0.0,0.0,0.0,0.0,0.0,0.0,0.0,0.0,0.0,0.0,0.0,0.0,0.0,0.0,0.0,0.0,0.0,0.0,0.0,0.0,0.0,0.0,0.0,0.0,0.0,0.0,0.0,0.0,0.0,0.0,0.0,0.0,0.0,0.0,0.0,0.0,0.0,0.0,0.0,0.0,0.0,0.0,0.0,0.0,0.0,0.0,0.0,0.0,0.0,0.0,0.0,0.0,0.0,0.0,0.0,0.0,0.0,0.0,0.0,0.0,0.0
,,,,,,,,,,,,,,,,,,,,,,,,,,,,,,,,,,,,,,,,,,,,,,,,,,,,,,,,,,,,,,,,,,,,,,,,,,,0.0,0.0,0.0,0.0,0.0,0.0,0.0,0.0,0.0,0.0,0.0,0.0,0.0,0.0,0.0,0.0,0.0,0.0,0.0,0.0,0.0,0.0,0.0,0.0,0.0,0.0,0.0,0.0,0.0,0.0,0.0,0.0,0.0,0.0,0.0,0.0,0.0,0.0,0.0,0.0,0.0,0.0,0.0,0.0,0.0,0.0,0.0,0.0,0.0,0.0,0.0,0.0,0.0,0.0,0.0,0.0,0.0,0.0,0.0,0.0,0.0,0.0,0.0,0.0,0.0,0.0,0.0,0.0,0.0,0.0,0.0,0.0,0.0,0.0,0.0,0.0,0.0,0.0,0.0,0.0,0.0,0.0,0.0,0.0,0.0,0.0,0.0,0.0,0.0,0.0,0.0,0.0,0.0,0.0,0.0,0.0,0.0,0.0,0.0,0.0,0.0,0.0,0.0,0.0,0.0,0.0,0.0,0.0,0.0,0.0,0.0,0.0,0.0,0.0,0.0,0.0,0.0,0.0,0.0,0.0,0.0,0.0,0.0,0.0,0.0,0.0,0.0,0.0,0.0,0.0,0.0,0.0,0.0,0.0,0.0,0.0,0.0,0.0,0.0,0.0,0.0,0.0,0.0,0.0,0.0,0.0,0.0,0.0,0.0,0.0,0.0,0.0,0.0,0.0,0.0,0.0,0.0,0.0,0.0,0.0,0.0,0.0,0.0,0.0,0.0,0.0,0.0,0.0,0.0,0.0,0.0,0.0,0.0,0.0,0.0,0.0,0.0,0.0,0.0,0.0,0.0,0.0,0.0,0.0,0.0,0.0,0.0,0.0,0.0,0.0,0.0,0.0,0.0,0.0,0.0,0.0,0.0,0.0,0.0,0.0,0.0,0.0,0.0,0.0,0.0,0.0,0.0,0.0,0.0,0.0,0.0,0.0,0.0,0.0,0.0,0.0,0.0,0.0,0.0,0.0,0.0,0.0,0.0,0.0,0.0
,,,,,,,,,,,,,,,,,,,,,,,,,,,,,,,,,,,,,,,,,,,,,,,,,,,,,,,,,,,,,,,,,,,,,,,,,,,0.0,0.0,0.0,0.0,0.0,0.0,0.0,0.0,0.0,0.0,0.0,0.0,0.0,0.0,0.0,0.0,0.0,0.0,0.0,0.0,0.0,0.0,0.0,0.0,0.0,0.0,0.0,0.0,0.0,0.0,0.0,0.0,0.0,0.0,0.0,0.0,0.0,0.0,0.0,0.0,0.0,0.0,0.0,0.0,0.0,0.0,0.0,0.0,0.0,0.0,0.0,0.0,0.0,0.0,0.0,0.0,0.0,0.0,0.0,0.0,0.0,0.0,0.0,0.0,0.0,0.0,0.0,0.0,0.0,0.0,0.0,0.0,0.0,0.0,0.0,0.0,0.0,0.0,0.0,0.0,0.0,0.0,0.0,0.0,0.0,0.0,0.0,0.0,0.0,0.0,0.0,0.0,0.0,0.0,0.0,0.0,0.0,0.0,0.0,0.0,0.0,0.0,0.0,0.0,0.0,0.0,0.0,0.0,0.0,0.0,0.0,0.0,0.0,0.0,0.0,0.0,0.0,0.0,0.0,0.0,0.0,0.0,0.0,0.0,0.0,0.0,0.0,0.0,0.0,0.0,0.0,0.0,0.0,0.0,0.0,0.0,0.0,0.0,0.0,0.0,0.0,0.0,0.0,0.0,0.0,0.0,0.0,0.0,0.0,0.0,0.0,0.0,0.0,0.0,0.0,0.0,0.0,0.0,0.0,0.0,0.0,0.0,0.0,0.0,0.0,0.0,0.0,0.0,0.0,0.0,0.0,0.0,0.0,0.0,0.0,0.0,0.0,0.0,0.0,0.0,0.0,0.0,0.0,0.0,0.0,0.0,0.0,0.0,0.0,0.0,0.0,0.0,0.0,0.0,0.0,0.0,0.0,0.0,0.0,0.0,0.0,0.0,0.0,0.0,0.0,0.0,0.0,0.0,0.0,0.0,0.0,0.0,0.0,0.0,0.0,0.0,0.0,0.0,0.0,0.0,0.0,0.0,0.0,0.0,0.0
,,,,,,,,,,,,,,,,,,,,,,,,,,,,,,,,,,,,,,,,,,,,,,,,,,,,,,,,,,,,,,,,,,,,,,,,,,,0.0,0.0,0.0,0.0,0.0,0.0,0.0,0.0,0.0,0.0,0.0,0.0,0.0,0.0,0.0,0.0,0.0,0.0,0.0,0.0,0.0,0.0,0.0,0.0,0.0,0.0,0.0,0.0,0.0,0.0,0.0,0.0,0.0,0.0,0.0,0.0,0.0,0.0,0.0,0.0,0.0,0.0,0.0,0.0,0.0,0.0,0.0,0.0,0.0,0.0,0.0,0.0,0.0,0.0,0.0,0.0,0.0,0.0,0.0,0.0,0.0,0.0,0.0,0.0,0.0,0.0,0.0,0.0,0.0,0.0,0.0,0.0,0.0,0.0,0.0,0.0,0.0,0.0,0.0,0.0,0.0,0.0,0.0,0.0,0.0,0.0,0.0,0.0,0.0,0.0,0.0,0.0,0.0,0.0,0.0,0.0,0.0,0.0,0.0,0.0,0.0,0.0,0.0,0.0,0.0,0.0,0.0,0.0,0.0,0.0,0.0,0.0,0.0,0.0,0.0,0.0,0.0,0.0,0.0,0.0,0.0,0.0,0.0,0.0,0.0,0.0,0.0,0.0,0.0,0.0,0.0,0.0,0.0,0.0,0.0,0.0,0.0,0.0,0.0,0.0,0.0,0.0,0.0,0.0,0.0,0.0,0.0,0.0,0.0,0.0,0.0,0.0,0.0,0.0,0.0,0.0,0.0,0.0,0.0,0.0,0.0,0.0,0.0,0.0,0.0,0.0,0.0,0.0,0.0,0.0,0.0,0.0,0.0,0.0,0.0,0.0,0.0,0.0,0.0,0.0,0.0,0.0,0.0,0.0,0.0,0.0,0.0,0.0,0.0,0.0,0.0,0.0,0.0,0.0,0.0,0.0,0.0,0.0,0.0,0.0,0.0,0.0,0.0,0.0,0.0,0.0,0.0,0.0,0.0,0.0,0.0,0.0,0.0,0.0,0.0,0.0,0.0,0.0,0.0,0.0,0.0,0.0,0.0,0.0,0.0
,,,,,,,,,,,,,,,,,,,,,,,,,,,,,,,,,,,,,,,,,,,,,,,,,,,,,,,,,,,,,,,,,,,,,,,,,,,0.0,0.0,0.0,0.0,0.0,0.0,0.0,0.0,0.0,0.0,0.0,0.0,0.0,0.0,0.0,0.0,0.0,0.0,0.0,0.0,0.0,0.0,0.0,0.0,0.0,0.0,0.0,0.0,0.0,0.0,0.0,0.0,0.0,0.0,0.0,0.0,0.0,0.0,0.0,0.0,0.0,0.0,0.0,0.0,0.0,0.0,0.0,0.0,0.0,0.0,0.0,0.0,0.0,0.0,0.0,0.0,0.0,0.0,0.0,0.0,0.0,0.0,0.0,0.0,0.0,0.0,0.0,0.0,0.0,0.0,0.0,0.0,0.0,0.0,0.0,0.0,0.0,0.0,0.0,0.0,0.0,0.0,0.0,0.0,0.0,0.0,0.0,0.0,0.0,0.0,0.0,0.0,0.0,0.0,0.0,0.0,0.0,0.0,0.0,0.0,0.0,0.0,0.0,0.0,0.0,0.0,0.0,0.0,0.0,0.0,0.0,0.0,0.0,0.0,0.0,0.0,0.0,0.0,0.0,0.0,0.0,0.0,0.0,0.0,0.0,0.0,0.0,0.0,0.0,0.0,0.0,0.0,0.0,0.0,0.0,0.0,0.0,0.0,0.0,0.0,0.0,0.0,0.0,0.0,0.0,0.0,0.0,0.0,0.0,0.0,0.0,0.0,0.0,0.0,0.0,0.0,0.0,0.0,0.0,0.0,0.0,0.0,0.0,0.0,0.0,0.0,0.0,0.0,0.0,0.0,0.0,0.0,0.0,0.0,0.0,0.0,0.0,0.0,0.0,0.0,0.0,0.0,0.0,0.0,0.0,0.0,0.0,0.0,0.0,0.0,0.0,0.0,0.0,0.0,0.0,0.0,0.0,0.0,0.0,0.0,0.0,0.0,0.0,0.0,0.0,0.0,0.0,0.0,0.0,0.0,0.0,0.0,0.0,0.0,0.0,0.0,0.0,0.0,0.0,0.0,0.0,0.0,0.0,0.0,0.0
,,,,,,,,,,,,,,,,,,,,,,,,,,,,,,,,,,,,,,,,,,,,,,,,,,,,,,,,,,,,,,,,,,,,,,,,,,,0.0,0.0,0.0,0.0,0.0,0.0,0.0,0.0,0.0,0.0,0.0,0.0,0.0,0.0,0.0,0.0,0.0,0.0,0.0,0.0,0.0,0.0,0.0,0.0,0.0,0.0,0.0,0.0,0.0,0.0,0.0,0.0,0.0,0.0,0.0,0.0,0.0,0.0,0.0,0.0,0.0,0.0,0.0,0.0,0.0,0.0,0.0,0.0,0.0,0.0,0.0,0.0,0.0,0.0,0.0,0.0,0.0,0.0,0.0,0.0,0.0,0.0,0.0,0.0,0.0,0.0,0.0,0.0,0.0,0.0,0.0,0.0,0.0,0.0,0.0,0.0,0.0,0.0,0.0,0.0,0.0,0.0,0.0,0.0,0.0,0.0,0.0,0.0,0.0,0.0,0.0,0.0,0.0,0.0,0.0,0.0,0.0,0.0,0.0,0.0,0.0,0.0,0.0,0.0,0.0,0.0,0.0,0.0,0.0,0.0,0.0,0.0,0.0,0.0,0.0,0.0,0.0,0.0,0.0,0.0,0.0,0.0,0.0,0.0,0.0,0.0,0.0,0.0,0.0,0.0,0.0,0.0,0.0,0.0,0.0,0.0,0.0,0.0,0.0,0.0,0.0,0.0,0.0,0.0,0.0,0.0,0.0,0.0,0.0,0.0,0.0,0.0,0.0,0.0,0.0,0.0,0.0,0.0,0.0,0.0,0.0,0.0,0.0,0.0,0.0,0.0,0.0,0.0,0.0,0.0,0.0,0.0,0.0,0.0,0.0,0.0,0.0,0.0,0.0,0.0,0.0,0.0,0.0,0.0,0.0,0.0,0.0,0.0,0.0,0.0,0.0,0.0,0.0,0.0,0.0,0.0,0.0,0.0,0.0,0.0,0.0,0.0,0.0,0.0,0.0,0.0,0.0,0.0,0.0,0.0,0.0,0.0,0.0,0.0,0.0,0.0,0.0,0.0,0.0,0.0,0.0,0.0,0.0,0.0,0.0
,,,,,,,,,,,,,,,,,,,,,,,,,,,,,,,,,,,,,,,,,,,,,,,,,,,,,,,,,,,,,,,,,,,,,,,,,,,0.0,0.0,0.0,0.0,0.0,0.0,0.0,0.0,0.0,0.0,0.0,0.0,0.0,0.0,0.0,0.0,0.0,0.0,0.0,0.0,0.0,0.0,0.0,0.0,0.0,0.0,0.0,0.0,0.0,0.0,0.0,0.0,0.0,0.0,0.0,0.0,0.0,0.0,0.0,0.0,0.0,0.0,0.0,0.0,0.0,0.0,0.0,0.0,0.0,0.0,0.0,0.0,0.0,0.0,0.0,0.0,0.0,0.0,0.0,0.0,0.0,0.0,0.0,0.0,0.0,0.0,0.0,0.0,0.0,0.0,0.0,0.0,0.0,0.0,0.0,0.0,0.0,0.0,0.0,0.0,0.0,0.0,0.0,0.0,0.0,0.0,0.0,0.0,0.0,0.0,0.0,0.0,0.0,0.0,0.0,0.0,0.0,0.0,0.0,0.0,0.0,0.0,0.0,0.0,0.0,0.0,0.0,0.0,0.0,0.0,0.0,0.0,0.0,0.0,0.0,0.0,0.0,0.0,0.0,0.0,0.0,0.0,0.0,0.0,0.0,0.0,0.0,0.0,0.0,0.0,0.0,0.0,0.0,0.0,0.0,0.0,0.0,0.0,0.0,0.0,0.0,0.0,0.0,0.0,0.0,0.0,0.0,0.0,0.0,0.0,0.0,0.0,0.0,0.0,0.0,0.0,0.0,0.0,0.0,0.0,0.0,0.0,0.0,0.0,0.0,0.0,0.0,0.0,0.0,0.0,0.0,0.0,0.0,0.0,0.0,0.0,0.0,0.0,0.0,0.0,0.0,0.0,0.0,0.0,0.0,0.0,0.0,0.0,0.0,0.0,0.0,0.0,0.0,0.0,0.0,0.0,0.0,0.0,0.0,0.0,0.0,0.0,0.0,0.0,0.0,0.0,0.0,0.0,0.0,0.0,0.0,0.0,0.0,0.0,0.0,0.0,0.0,0.0,0.0,0.0,0.0,0.0,0.0,0.0,0.0
,,,,,,,,,,,,,,,,,,,,,,,,,,,,,,,,,,,,,,,,,,,,,,,,,,,,,,,,,,,,,,,,,,,,,,,,,,,0.0,0.0,0.0,0.0,0.0,0.0,0.0,0.0,0.0,0.0,0.0,0.0,0.0,0.0,0.0,0.0,0.0,0.0,0.0,0.0,0.0,0.0,0.0,0.0,0.0,0.0,0.0,0.0,0.0,0.0,0.0,0.0,0.0,0.0,0.0,0.0,0.0,0.0,0.0,0.0,0.0,0.0,0.0,0.0,0.0,0.0,0.0,0.0,0.0,0.0,0.0,0.0,0.0,0.0,0.0,0.0,0.0,0.0,0.0,0.0,0.0,0.0,0.0,0.0,0.0,0.0,0.0,0.0,0.0,0.0,0.0,0.0,0.0,0.0,0.0,0.0,0.0,0.0,0.0,0.0,0.0,0.0,0.0,0.0,0.0,0.0,0.0,0.0,0.0,0.0,0.0,0.0,0.0,0.0,0.0,0.0,0.0,0.0,0.0,0.0,0.0,0.0,0.0,0.0,0.0,0.0,0.0,0.0,0.0,0.0,0.0,0.0,0.0,0.01,0.07,0.15,0.07,0.01,0.0,0.0,0.0,0.0,0.0,0.0,0.0,0.0,0.0,0.0,0.0,0.0,0.0,0.0,0.0,0.01,0.07,0.15,0.07,0.01,0.0,0.0,0.0,0.0,0.0,0.0,0.0,0.0,0.0,0.0,0.0,0.0,0.0,0.0,0.0,0.0,0.0,0.0,0.0,0.0,0.0,0.0,0.0,0.0,0.0,0.0,0.0,0.0,0.0,0.0,0.0,0.0,0.0,0.0,0.0,0.0,0.0,0.0,0.0,0.0,0.0,0.0,0.0,0.0,0.0,0.0,0.0,0.0,0.0,0.0,0.0,0.0,0.0,0.0,0.0,0.0,0.0,0.0,0.0,0.0,0.0,0.0,0.0,0.0,0.0,0.0,0.0,0.0,0.0,0.0,0.01,0.07,0.15,0.07,0.01,0.0,0.0,0.0,0.0,0.0,0.01,0.07,0.15,0.07,0.01,0.0,0.0
,,,,,,,,,,,,,,,,,,,,,,,,,,,,,,,,,,,,,,,,,,,,,,,,,,,,,,,,,,,,,,,,,,,,,,,,,,,0.0,0.0,0.0,0.0,0.0,0.0,0.0,0.0,0.0,0.0,0.0,0.0,0.0,0.0,0.0,0.0,0.0,0.0,0.0,0.0,0.0,0.0,0.0,0.0,0.0,0.0,0.0,0.0,0.0,0.0,0.0,0.0,0.0,0.0,0.0,0.0,0.0,0.0,0.0,0.0,0.0,0.0,0.0,0.0,0.0,0.0,0.0,0.0,0.0,0.0,0.0,0.0,0.0,0.0,0.0,0.0,0.0,0.0,0.0,0.0,0.0,0.0,0.0,0.0,0.0,0.0,0.0,0.0,0.0,0.0,0.0,0.0,0.0,0.0,0.0,0.0,0.0,0.0,0.0,0.0,0.0,0.0,0.0,0.0,0.0,0.0,0.0,0.0,0.0,0.0,0.0,0.0,0.0,0.0,0.0,0.0,0.0,0.0,0.0,0.0,0.0,0.0,0.0,0.0,0.0,0.0,0.0,0.0,0.0,0.0,0.0,0.0,0.01,0.32,2.73,5.61,2.73,0.32,0.01,0.0,0.0,0.0,0.0,0.0,0.0,0.0,0.0,0.0,0.0,0.0,0.0,0.0,0.01,0.32,2.73,5.61,2.73,0.32,0.01,0.0,0.0,0.0,0.0,0.0,0.0,0.0,0.0,0.0,0.0,0.0,0.0,0.0,0.0,0.0,0.0,0.0,0.0,0.0,0.0,0.0,0.0,0.0,0.0,0.0,0.0,0.0,0.0,0.0,0.0,0.0,0.0,0.0,0.0,0.0,0.0,0.0,0.0,0.0,0.0,0.0,0.0,0.0,0.0,0.0,0.0,0.0,0.0,0.0,0.0,0.0,0.0,0.0,0.0,0.0,0.0,0.0,0.0,0.0,0.0,0.0,0.0,0.0,0.0,0.0,0.0,0.0,0.0,0.01,0.32,2.73,5.61,2.73,0.32,0.01,0.0,0.0,0.0,0.01,0.32,2.73,5.61,2.73,0.32,0.01,0.0
,,,,,,,,,,,,,,,,,,,,,,,,,,,,,,,,,,,,,,,,,,,,,,,,,,,,,,,,,,,,,,,,,,,,,,,,,,,0.0,0.0,0.0,0.0,0.0,0.0,0.0,0.0,0.0,0.0,0.0,0.0,0.0,0.0,0.0,0.0,0.0,0.0,0.0,0.0,0.0,0.0,0.0,0.0,0.0,0.0,0.0,0.0,0.0,0.0,0.0,0.0,0.0,0.0,0.0,0.0,0.0,0.0,0.0,0.0,0.0,0.0,0.0,0.0,0.0,0.0,0.0,0.0,0.0,0.0,0.0,0.0,0.0,0.0,0.0,0.0,0.0,0.0,0.0,0.0,0.0,0.0,0.0,0.0,0.0,0.0,0.0,0.0,0.0,0.0,0.0,0.0,0.0,0.0,0.0,0.0,0.0,0.0,0.0,0.0,0.0,0.0,0.0,0.0,0.0,0.0,0.0,0.0,0.0,0.0,0.0,0.0,0.0,0.0,0.0,0.0,0.0,0.0,0.0,0.0,0.0,0.0,0.0,0.0,0.0,0.0,0.0,0.0,0.0,0.0,0.0,0.0,0.07,2.73,23.69,48.68,23.69,2.73,0.07,0.0,0.0,0.0,0.0,0.0,0.0,0.0,0.0,0.0,0.0,0.0,0.0,0.0,0.07,2.73,23.69,48.68,23.69,2.73,0.07,0.0,0.0,0.0,0.0,0.0,0.0,0.0,0.0,0.0,0.0,0.0,0.0,0.0,0.0,0.0,0.0,0.0,0.0,0.0,0.0,0.0,0.0,0.0,0.0,0.0,0.0,0.0,0.0,0.0,0.0,0.0,0.0,0.0,0.0,0.0,0.0,0.0,0.0,0.0,0.0,0.0,0.0,0.0,0.0,0.0,0.0,0.0,0.0,0.0,0.0,0.0,0.0,0.0,0.0,0.0,0.0,0.0,0.0,0.0,0.0,0.0,0.0,0.0,0.0,0.0,0.0,0.0,0.0,0.07,2.73,23.69,48.68,23.69,2.73,0.07,0.0,0.0,0.0,0.07,2.73,23.69,48.68,23.69,2.73,0.07,0.0
,,,,,,,,,,,,,,,,,,,,,,,,,,,,,,,,,,,,,,,,,,,,,,,,,,,,,,,,,,,,,,,,,,,,,,,,,,,0.0,0.0,0.0,0.0,0.0,0.0,0.0,0.0,0.0,0.0,0.0,0.0,0.0,0.0,0.0,0.0,0.0,0.0,0.0,0.0,0.0,0.0,0.0,0.0,0.0,0.0,0.0,0.0,0.0,0.0,0.0,0.0,0.0,0.0,0.0,0.0,0.0,0.0,0.0,0.0,0.0,0.0,0.0,0.0,0.0,0.0,0.0,0.0,0.0,0.0,0.0,0.0,0.0,0.0,0.0,0.0,0.0,0.0,0.0,0.0,0.0,0.0,0.0,0.0,0.0,0.0,0.0,0.0,0.0,0.0,0.0,0.0,0.0,0.0,0.0,0.0,0.0,0.0,0.0,0.0,0.0,0.0,0.0,0.0,0.0,0.0,0.0,0.0,0.0,0.0,0.0,0.0,0.0,0.0,0.0,0.0,0.0,0.0,0.0,0.0,0.0,0.0,0.0,0.0,0.0,0.0,0.0,0.0,0.0,0.0,0.0,0.0,0.15,5.61,48.68,100.0,48.68,5.61,0.15,0.0,0.0,0.0,0.0,0.0,0.0,0.0,0.0,0.0,0.0,0.0,0.0,0.0,0.15,5.61,48.68,100.0,48.68,5.61,0.15,0.0,0.0,0.0,0.0,0.0,0.0,0.0,0.0,0.0,0.0,0.0,0.0,0.0,0.0,0.0,0.0,0.0,0.0,0.0,0.0,0.0,0.0,0.0,0.0,0.0,0.0,0.0,0.0,0.0,0.0,0.0,0.0,0.0,0.0,0.0,0.0,0.0,0.0,0.0,0.0,0.0,0.0,0.0,0.0,0.0,0.0,0.0,0.0,0.0,0.0,0.0,0.0,0.0,0.0,0.0,0.0,0.0,0.0,0.0,0.0,0.0,0.0,0.0,0.0,0.0,0.0,0.0,0.0,0.15,5.61,48.68,100.0,48.68,5.61,0.15,0.0,0.0,0.0,0.15,5.61,48.68,100.0,48.68,5.61,0.15,0.0
,,,,,,,,,,,,,,,,,,,,,,,,,,,,,,,,,,,,,,,,,,,,,,,,,,,,,,,,,,,,,,,,,,,,,,,,,,,0.0,0.0,0.0,0.0,0.0,0.0,0.0,0.0,0.0,0.0,0.0,0.0,0.0,0.0,0.0,0.0,0.0,0.0,0.0,0.0,0.0,0.0,0.0,0.0,0.0,0.0,0.0,0.0,0.0,0.0,0.0,0.0,0.0,0.0,0.0,0.0,0.0,0.0,0.0,0.0,0.0,0.0,0.0,0.0,0.0,0.0,0.0,0.0,0.0,0.0,0.0,0.0,0.0,0.0,0.0,0.0,0.0,0.0,0.0,0.0,0.0,0.0,0.0,0.0,0.0,0.0,0.0,0.0,0.0,0.0,0.0,0.0,0.0,0.0,0.0,0.0,0.0,0.0,0.0,0.0,0.0,0.0,0.0,0.0,0.0,0.0,0.0,0.0,0.0,0.0,0.0,0.0,0.0,0.0,0.0,0.0,0.0,0.0,0.0,0.0,0.0,0.0,0.0,0.0,0.0,0.0,0.0,0.0,0.0,0.0,0.0,0.0,0.07,2.73,23.69,48.68,23.69,2.73,0.07,0.0,0.0,0.0,0.0,0.0,0.0,0.0,0.0,0.0,0.0,0.0,0.0,0.0,0.07,2.73,23.69,48.68,23.69,2.73,0.07,0.0,0.0,0.0,0.0,0.0,0.0,0.0,0.0,0.0,0.0,0.0,0.0,0.0,0.0,0.0,0.0,0.0,0.0,0.0,0.0,0.0,0.0,0.0,0.0,0.0,0.0,0.0,0.0,0.0,0.0,0.0,0.0,0.0,0.0,0.0,0.0,0.0,0.0,0.0,0.0,0.0,0.0,0.0,0.0,0.0,0.0,0.0,0.0,0.0,0.0,0.0,0.0,0.0,0.0,0.0,0.0,0.0,0.0,0.0,0.0,0.0,0.0,0.0,0.0,0.0,0.0,0.0,0.0,0.07,2.73,23.69,48.68,23.69,2.73,0.07,0.0,0.0,0.0,0.07,2.73,23.69,48.68,23.69,2.73,0.07,0.0
,,,,,,,,,,,,,,,,,,,,,,,,,,,,,,,,,,,,,,,,,,,,,,,,,,,,,,,,,,,,,,,,,,,,,,,,,,,0.0,0.0,0.0,0.0,0.0,0.0,0.0,0.0,0.0,0.0,0.0,0.0,0.0,0.0,0.0,0.0,0.0,0.0,0.0,0.0,0.0,0.0,0.0,0.0,0.0,0.0,0.0,0.0,0.0,0.0,0.0,0.0,0.0,0.0,0.0,0.0,0.0,0.0,0.0,0.0,0.0,0.0,0.0,0.0,0.0,0.0,0.0,0.0,0.0,0.0,0.0,0.0,0.0,0.0,0.0,0.0,0.0,0.0,0.0,0.0,0.0,0.0,0.0,0.0,0.0,0.0,0.0,0.0,0.0,0.0,0.0,0.0,0.0,0.0,0.0,0.0,0.0,0.0,0.0,0.0,0.0,0.0,0.0,0.0,0.0,0.0,0.0,0.0,0.0,0.0,0.0,0.0,0.0,0.0,0.0,0.0,0.0,0.0,0.0,0.0,0.0,0.0,0.0,0.0,0.0,0.0,0.0,0.0,0.0,0.0,0.0,0.0,0.01,0.32,2.73,5.61,2.73,0.32,0.01,0.0,0.0,0.0,0.0,0.0,0.0,0.0,0.0,0.0,0.0,0.0,0.0,0.0,0.01,0.32,2.73,5.61,2.73,0.32,0.01,0.0,0.0,0.0,0.0,0.0,0.0,0.0,0.0,0.0,0.0,0.0,0.0,0.0,0.0,0.0,0.0,0.0,0.0,0.0,0.0,0.0,0.0,0.0,0.0,0.0,0.0,0.0,0.0,0.0,0.0,0.0,0.0,0.0,0.0,0.0,0.0,0.0,0.0,0.0,0.0,0.0,0.0,0.0,0.0,0.0,0.0,0.0,0.0,0.0,0.0,0.0,0.0,0.0,0.0,0.0,0.0,0.0,0.0,0.0,0.0,0.0,0.0,0.0,0.0,0.0,0.0,0.0,0.0,0.01,0.32,2.73,5.61,2.73,0.32,0.01,0.0,0.0,0.0,0.01,0.32,2.73,5.61,2.73,0.32,0.01,0.0
,,,,,,,,,,,,,,,,,,,,,,,,,,,,,,,,,,,,,,,,,,,,,,,,,,,,,,,,,,,,,,,,,,,,,,,,,,,0.0,0.0,0.0,0.0,0.0,0.0,0.0,0.0,0.0,0.0,0.0,0.0,0.0,0.0,0.0,0.0,0.0,0.0,0.0,0.0,0.0,0.0,0.0,0.0,0.0,0.0,0.0,0.0,0.0,0.0,0.0,0.0,0.0,0.0,0.0,0.0,0.0,0.0,0.0,0.0,0.0,0.0,0.0,0.0,0.0,0.0,0.0,0.0,0.0,0.0,0.0,0.0,0.0,0.0,0.0,0.0,0.0,0.0,0.0,0.0,0.0,0.0,0.0,0.0,0.0,0.0,0.0,0.0,0.0,0.0,0.0,0.0,0.0,0.0,0.0,0.0,0.0,0.0,0.0,0.0,0.0,0.0,0.0,0.0,0.0,0.0,0.0,0.0,0.0,0.0,0.0,0.0,0.0,0.0,0.0,0.0,0.0,0.0,0.0,0.0,0.0,0.0,0.0,0.0,0.0,0.0,0.0,0.0,0.0,0.0,0.0,0.0,0.0,0.01,0.07,0.15,0.07,0.01,0.0,0.0,0.0,0.0,0.0,0.0,0.0,0.0,0.0,0.0,0.0,0.0,0.0,0.0,0.0,0.01,0.07,0.15,0.07,0.01,0.0,0.0,0.0,0.0,0.0,0.0,0.0,0.0,0.0,0.0,0.0,0.0,0.0,0.0,0.0,0.0,0.0,0.0,0.0,0.0,0.0,0.0,0.0,0.0,0.0,0.0,0.0,0.0,0.0,0.0,0.0,0.0,0.0,0.0,0.0,0.0,0.0,0.0,0.0,0.0,0.0,0.0,0.0,0.0,0.0,0.0,0.0,0.0,0.0,0.0,0.0,0.0,0.0,0.0,0.0,0.0,0.0,0.0,0.0,0.0,0.0,0.0,0.0,0.0,0.0,0.0,0.0,0.0,0.0,0.0,0.01,0.07,0.15,0.07,0.01,0.0,0.0,0.0,0.0,0.0,0.01,0.07,0.15,0.07,0.01,0.0,0.0
,,,,,,,,,,,,,,,,,,,,,,,,,,,,,,,,,,,,,,,,,,,,,,,,,,,,,,,,,,,,,,,,,,,,,,,,,,,0.0,0.0,0.0,0.0,0.0,0.0,0.0,0.0,0.0,0.0,0.0,0.0,0.0,0.0,0.0,0.0,0.0,0.0,0.0,0.0,0.0,0.0,0.0,0.0,0.0,0.0,0.0,0.0,0.0,0.0,0.0,0.0,0.0,0.0,0.0,0.0,0.0,0.0,0.0,0.0,0.0,0.0,0.0,0.0,0.0,0.0,0.0,0.0,0.0,0.0,0.0,0.0,0.0,0.0,0.0,0.0,0.0,0.0,0.0,0.0,0.0,0.0,0.0,0.0,0.0,0.0,0.0,0.0,0.0,0.0,0.0,0.0,0.0,0.0,0.0,0.0,0.0,0.0,0.0,0.0,0.0,0.0,0.0,0.0,0.0,0.0,0.0,0.0,0.0,0.0,0.0,0.0,0.0,0.0,0.0,0.0,0.0,0.0,0.0,0.0,0.0,0.0,0.0,0.0,0.0,0.0,0.0,0.0,0.0,0.0,0.0,0.0,0.0,0.0,0.0,0.0,0.0,0.0,0.0,0.0,0.0,0.0,0.0,0.0,0.0,0.0,0.0,0.0,0.0,0.0,0.0,0.0,0.0,0.0,0.0,0.0,0.0,0.0,0.0,0.0,0.0,0.0,0.0,0.0,0.0,0.0,0.0,0.0,0.0,0.0,0.0,0.0,0.0,0.0,0.0,0.0,0.0,0.0,0.0,0.0,0.0,0.0,0.0,0.0,0.0,0.0,0.0,0.0,0.0,0.0,0.0,0.0,0.0,0.0,0.0,0.0,0.0,0.0,0.0,0.0,0.0,0.0,0.0,0.0,0.0,0.0,0.0,0.0,0.0,0.0,0.0,0.0,0.0,0.0,0.0,0.0,0.0,0.0,0.0,0.0,0.0,0.0,0.0,0.0,0.0,0.0,0.0,0.0,0.0,0.0,0.0,0.0,0.0,0.0,0.0,0.0,0.0,0.0,0.0,0.0,0.0,0.0,0.0,0.0,0.0
,,,,,,,,,,,,,,,,,,,,,,,,,,,,,,,,,,,,,,,,,,,,,,,,,,,,,,,,,,,,,,,,,,,,,,,,,,,0.0,0.0,0.0,0.0,0.0,0.0,0.0,0.0,0.0,0.0,0.0,0.0,0.0,0.0,0.0,0.0,0.0,0.0,0.0,0.0,0.0,0.0,0.0,0.0,0.0,0.0,0.0,0.0,0.0,0.0,0.0,0.0,0.0,0.0,0.0,0.0,0.0,0.0,0.0,0.0,0.0,0.0,0.0,0.0,0.0,0.0,0.0,0.0,0.0,0.0,0.0,0.0,0.0,0.0,0.0,0.0,0.0,0.0,0.0,0.0,0.0,0.0,0.0,0.0,0.0,0.0,0.0,0.0,0.0,0.0,0.0,0.0,0.0,0.0,0.0,0.0,0.0,0.0,0.0,0.0,0.0,0.0,0.0,0.0,0.0,0.0,0.0,0.0,0.0,0.0,0.0,0.0,0.0,0.0,0.0,0.0,0.0,0.0,0.0,0.0,0.0,0.0,0.0,0.0,0.0,0.0,0.0,0.0,0.0,0.0,0.0,0.0,0.0,0.0,0.0,0.0,0.0,0.0,0.0,0.0,0.0,0.0,0.0,0.0,0.0,0.0,0.0,0.0,0.0,0.0,0.0,0.0,0.0,0.0,0.0,0.0,0.0,0.0,0.0,0.0,0.0,0.0,0.0,0.0,0.0,0.0,0.0,0.0,0.0,0.0,0.0,0.0,0.0,0.0,0.0,0.0,0.0,0.0,0.0,0.0,0.0,0.0,0.0,0.0,0.0,0.0,0.0,0.0,0.0,0.0,0.0,0.0,0.0,0.0,0.0,0.0,0.0,0.0,0.0,0.0,0.0,0.0,0.0,0.0,0.0,0.0,0.0,0.0,0.0,0.0,0.0,0.0,0.0,0.0,0.0,0.0,0.0,0.0,0.0,0.0,0.0,0.0,0.0,0.0,0.0,0.0,0.0,0.0,0.0,0.0,0.0,0.0,0.0,0.0,0.0,0.0,0.0,0.0,0.0,0.0,0.0,0.0,0.0,0.0,0.0
,,,,,,,,,,,,,,,,,,,,,,,,,,,,,,,,,,,,,,,,,,,,,,,,,,,,,,,,,,,,,,,,,,,,,,,,,,,0.0,0.0,0.0,0.0,0.0,0.0,0.0,0.0,0.0,0.0,0.0,0.0,0.0,0.0,0.0,0.0,0.0,0.0,0.0,0.0,0.0,0.0,0.0,0.0,0.0,0.0,0.0,0.0,0.0,0.0,0.0,0.0,0.0,0.0,0.0,0.0,0.0,0.0,0.0,0.0,0.0,0.0,0.0,0.0,0.0,0.0,0.0,0.0,0.0,0.0,0.0,0.0,0.0,0.0,0.0,0.0,0.0,0.0,0.0,0.0,0.0,0.0,0.0,0.0,0.0,0.0,0.0,0.0,0.0,0.0,0.0,0.0,0.0,0.0,0.0,0.0,0.0,0.0,0.0,0.0,0.0,0.0,0.0,0.0,0.0,0.0,0.0,0.0,0.0,0.0,0.0,0.0,0.0,0.0,0.0,0.0,0.0,0.0,0.0,0.0,0.0,0.0,0.0,0.0,0.0,0.0,0.0,0.0,0.0,0.0,0.0,0.0,0.0,0.0,0.0,0.0,0.0,0.0,0.0,0.0,0.0,0.0,0.0,0.0,0.0,0.0,0.0,0.0,0.0,0.0,0.0,0.0,0.0,0.0,0.0,0.0,0.0,0.0,0.0,0.0,0.0,0.0,0.0,0.0,0.0,0.0,0.0,0.0,0.0,0.0,0.0,0.0,0.0,0.0,0.0,0.0,0.0,0.0,0.0,0.0,0.0,0.0,0.0,0.0,0.0,0.0,0.0,0.0,0.0,0.0,0.0,0.0,0.0,0.0,0.0,0.0,0.0,0.0,0.0,0.0,0.0,0.0,0.0,0.0,0.0,0.0,0.0,0.0,0.0,0.0,0.0,0.0,0.0,0.0,0.0,0.0,0.0,0.0,0.0,0.0,0.0,0.0,0.0,0.0,0.0,0.0,0.0,0.0,0.0,0.0,0.0,0.0,0.0,0.0,0.0,0.0,0.0,0.0,0.0,0.0,0.0,0.0,0.0,0.0,0.0
,,,,,,,,,,,,,,,,,,,,,,,,,,,,,,,,,,,,,,,,,,,,,,,,,,,,,,,,,,,,,,,,,,,,,,,,,,,0.0,0.0,0.0,0.0,0.0,0.0,0.0,0.0,0.0,0.0,0.0,0.0,0.0,0.0,0.0,0.0,0.0,0.0,0.0,0.0,0.0,0.0,0.0,0.0,0.0,0.0,0.0,0.0,0.0,0.0,0.0,0.0,0.0,0.0,0.0,0.0,0.0,0.0,0.0,0.0,0.0,0.0,0.0,0.0,0.0,0.0,0.0,0.0,0.0,0.0,0.0,0.0,0.0,0.0,0.0,0.0,0.0,0.0,0.0,0.0,0.0,0.0,0.0,0.0,0.0,0.0,0.0,0.0,0.0,0.0,0.0,0.0,0.0,0.0,0.0,0.0,0.0,0.0,0.0,0.0,0.0,0.0,0.0,0.0,0.0,0.0,0.0,0.0,0.0,0.0,0.0,0.0,0.0,0.0,0.0,0.0,0.0,0.0,0.0,0.0,0.0,0.0,0.0,0.0,0.0,0.0,0.0,0.0,0.0,0.0,0.0,0.0,0.0,0.0,0.0,0.0,0.0,0.0,0.0,0.0,0.0,0.0,0.0,0.0,0.0,0.0,0.0,0.0,0.0,0.0,0.0,0.0,0.0,0.0,0.0,0.0,0.0,0.0,0.0,0.0,0.0,0.0,0.0,0.0,0.0,0.0,0.0,0.0,0.0,0.0,0.0,0.0,0.0,0.0,0.0,0.0,0.0,0.0,0.0,0.0,0.0,0.0,0.0,0.0,0.0,0.0,0.0,0.0,0.0,0.0,0.0,0.0,0.0,0.0,0.0,0.0,0.0,0.0,0.0,0.0,0.0,0.0,0.0,0.0,0.0,0.0,0.0,0.0,0.0,0.0,0.0,0.0,0.0,0.0,0.0,0.0,0.0,0.0,0.0,0.0,0.0,0.0,0.0,0.0,0.0,0.0,0.0,0.0,0.0,0.0,0.0,0.0,0.0,0.0,0.0,0.0,0.0,0.0,0.0,0.0,0.0,0.0,0.0,0.0,0.0
,,,,,,,,,,,,,,,,,,,,,,,,,,,,,,,,,,,,,,,,,,,,,,,,,,,,,,,,,,,,,,,,,,,,,,,,,,,0.0,0.0,0.0,0.0,0.0,0.0,0.0,0.0,0.0,0.0,0.0,0.0,0.0,0.0,0.0,0.0,0.0,0.0,0.0,0.0,0.0,0.0,0.0,0.0,0.0,0.0,0.0,0.0,0.0,0.0,0.0,0.0,0.0,0.0,0.0,0.0,0.0,0.0,0.0,0.0,0.0,0.0,0.0,0.0,0.0,0.0,0.0,0.0,0.0,0.0,0.0,0.0,0.0,0.0,0.0,0.0,0.0,0.0,0.0,0.0,0.0,0.0,0.0,0.0,0.0,0.0,0.0,0.0,0.0,0.0,0.0,0.0,0.0,0.0,0.0,0.0,0.0,0.0,0.0,0.0,0.0,0.0,0.0,0.0,0.0,0.0,0.0,0.0,0.0,0.0,0.0,0.0,0.0,0.0,0.0,0.0,0.0,0.0,0.0,0.0,0.0,0.0,0.0,0.0,0.0,0.0,0.0,0.0,0.0,0.0,0.0,0.0,0.0,0.0,0.0,0.0,0.0,0.0,0.0,0.0,0.0,0.0,0.0,0.0,0.0,0.0,0.0,0.0,0.0,0.0,0.0,0.0,0.0,0.0,0.0,0.0,0.0,0.0,0.0,0.0,0.0,0.0,0.0,0.0,0.0,0.0,0.0,0.0,0.0,0.0,0.0,0.0,0.0,0.0,0.0,0.0,0.0,0.0,0.0,0.0,0.0,0.0,0.0,0.0,0.0,0.0,0.0,0.0,0.0,0.0,0.0,0.0,0.0,0.0,0.0,0.0,0.0,0.0,0.0,0.0,0.0,0.0,0.0,0.0,0.0,0.0,0.0,0.0,0.0,0.0,0.0,0.0,0.0,0.0,0.0,0.0,0.0,0.0,0.0,0.0,0.0,0.0,0.0,0.0,0.0,0.0,0.0,0.0,0.0,0.0,0.0,0.0,0.0,0.0,0.0,0.0,0.0,0.0,0.0,0.0,0.0,0.0,0.0,0.0,0.0
,,,,,,,,,,,,,,,,,,,,,,,,,,,,,,,,,,,,,,,,,,,,,,,,,,,,,,,,,,,,,,,,,,,,,,,,,,,0.0,0.0,0.0,0.0,0.0,0.0,0.0,0.0,0.0,0.0,0.0,0.0,0.0,0.0,0.0,0.0,0.0,0.0,0.0,0.0,0.0,0.0,0.0,0.0,0.0,0.0,0.0,0.0,0.0,0.0,0.0,0.0,0.0,0.0,0.0,0.0,0.0,0.0,0.0,0.0,0.0,0.0,0.0,0.0,0.0,0.0,0.0,0.0,0.0,0.0,0.0,0.0,0.0,0.0,0.0,0.0,0.0,0.0,0.0,0.0,0.0,0.0,0.0,0.0,0.0,0.0,0.0,0.0,0.0,0.0,0.0,0.0,0.0,0.0,0.0,0.0,0.0,0.0,0.0,0.0,0.0,0.0,0.0,0.0,0.0,0.0,0.0,0.0,0.0,0.0,0.0,0.0,0.0,0.0,0.0,0.0,0.0,0.0,0.0,0.0,0.0,0.0,0.0,0.0,0.0,0.0,0.0,0.0,0.0,0.0,0.0,0.0,0.0,0.0,0.0,0.0,0.0,0.0,0.0,0.0,0.0,0.0,0.0,0.0,0.0,0.0,0.0,0.0,0.0,0.0,0.0,0.0,0.0,0.0,0.0,0.0,0.0,0.0,0.0,0.0,0.0,0.0,0.0,0.0,0.0,0.0,0.0,0.0,0.0,0.0,0.0,0.0,0.0,0.0,0.0,0.0,0.0,0.0,0.0,0.0,0.0,0.0,0.0,0.0,0.0,0.0,0.0,0.0,0.0,0.0,0.0,0.0,0.0,0.0,0.0,0.0,0.0,0.0,0.0,0.0,0.0,0.0,0.0,0.0,0.0,0.0,0.0,0.0,0.0,0.0,0.0,0.0,0.0,0.0,0.0,0.0,0.0,0.0,0.0,0.0,0.0,0.0,0.0,0.0,0.0,0.0,0.0,0.0,0.0,0.0,0.0,0.0,0.0,0.0,0.0,0.0,0.0,0.0,0.0,0.0,0.0,0.0,0.0,0.0,0.0
,,,,,,,,,,,,,,,,,,,,,,,,,,,,,,,,,,,,,,,,,,,,,,,,,,,,,,,,,,,,,,,,,,,,,,,,,,,0.0,0.0,0.0,0.0,0.0,0.0,0.0,0.0,0.0,0.0,0.0,0.0,0.0,0.0,0.0,0.0,0.0,0.0,0.0,0.0,0.0,0.0,0.0,0.0,0.0,0.0,0.0,0.0,0.0,0.0,0.0,0.0,0.0,0.0,0.0,0.0,0.0,0.0,0.0,0.0,0.0,0.0,0.0,0.0,0.0,0.0,0.0,0.0,0.0,0.0,0.0,0.0,0.0,0.0,0.0,0.0,0.0,0.0,0.0,0.0,0.0,0.0,0.0,0.0,0.0,0.0,0.0,0.0,0.0,0.0,0.0,0.0,0.0,0.0,0.0,0.0,0.0,0.0,0.0,0.0,0.0,0.0,0.0,0.0,0.0,0.0,0.0,0.0,0.0,0.0,0.0,0.0,0.0,0.0,0.0,0.0,0.0,0.0,0.0,0.0,0.0,0.0,0.0,0.0,0.0,0.0,0.0,0.0,0.0,0.0,0.0,0.0,0.0,0.0,0.0,0.0,0.0,0.0,0.0,0.0,0.0,0.0,0.0,0.0,0.0,0.0,0.0,0.0,0.0,0.0,0.0,0.0,0.0,0.0,0.0,0.0,0.0,0.0,0.0,0.0,0.0,0.0,0.0,0.0,0.0,0.0,0.0,0.0,0.0,0.0,0.0,0.0,0.0,0.0,0.0,0.0,0.0,0.0,0.0,0.0,0.0,0.0,0.0,0.0,0.0,0.0,0.0,0.0,0.0,0.0,0.0,0.0,0.0,0.0,0.0,0.0,0.0,0.0,0.0,0.0,0.0,0.0,0.0,0.0,0.0,0.0,0.0,0.0,0.0,0.0,0.0,0.0,0.0,0.0,0.0,0.0,0.0,0.0,0.0,0.0,0.0,0.0,0.0,0.0,0.0,0.0,0.0,0.0,0.0,0.0,0.0,0.0,0.0,0.0,0.0,0.0,0.0,0.0,0.0,0.0,0.0,0.0,0.0,0.0,0.0
,,,,,,,,,,,,,,,,,,,,,,,,,,,,,,,,,,,,,,,,,,,,,,,,,,,,,,,,,,,,,,,,,,,,,,,,,,,0.0,0.0,0.0,0.0,0.0,0.0,0.0,0.0,0.0,0.0,0.0,0.0,0.0,0.0,0.0,0.0,0.0,0.0,0.0,0.0,0.0,0.0,0.0,0.0,0.0,0.0,0.0,0.0,0.0,0.0,0.0,0.0,0.0,0.0,0.0,0.0,0.0,0.0,0.0,0.0,0.0,0.0,0.0,0.0,0.0,0.0,0.0,0.0,0.0,0.0,0.0,0.0,0.0,0.0,0.0,0.0,0.0,0.0,0.0,0.0,0.0,0.0,0.0,0.0,0.0,0.0,0.0,0.0,0.0,0.0,0.0,0.0,0.0,0.0,0.0,0.0,0.0,0.0,0.0,0.0,0.0,0.0,0.0,0.0,0.0,0.0,0.0,0.0,0.0,0.0,0.0,0.0,0.0,0.0,0.0,0.0,0.0,0.0,0.0,0.0,0.0,0.0,0.0,0.0,0.0,0.0,0.0,0.0,0.0,0.0,0.0,0.0,0.0,0.0,0.0,0.0,0.0,0.0,0.0,0.0,0.0,0.0,0.0,0.0,0.0,0.0,0.0,0.0,0.0,0.0,0.0,0.0,0.0,0.0,0.0,0.0,0.0,0.0,0.0,0.0,0.0,0.0,0.0,0.0,0.0,0.0,0.0,0.0,0.0,0.0,0.0,0.0,0.0,0.0,0.0,0.0,0.0,0.0,0.0,0.0,0.0,0.0,0.0,0.0,0.0,0.0,0.0,0.0,0.0,0.0,0.0,0.0,0.0,0.0,0.0,0.0,0.0,0.0,0.0,0.0,0.0,0.0,0.0,0.0,0.0,0.0,0.0,0.0,0.0,0.0,0.0,0.0,0.0,0.0,0.0,0.0,0.0,0.0,0.0,0.0,0.0,0.0,0.0,0.0,0.0,0.0,0.0,0.0,0.0,0.0,0.0,0.0,0.0,0.0,0.0,0.0,0.0,0.0,0.0,0.0,0.0,0.0,0.0,0.0,0.0
,,,,,,,,,,,,,,,,,,,,,,,,,,,,,,,,,,,,,,,,,,,,,,,,,,,,,,,,,,,,,,,,,,,,,,,,,,,0.0,0.0,0.0,0.0,0.0,0.0,0.0,0.0,0.0,0.0,0.0,0.0,0.0,0.0,0.0,0.0,0.0,0.0,0.0,0.0,0.0,0.0,0.0,0.0,0.0,0.0,0.0,0.0,0.0,0.0,0.0,0.0,0.0,0.0,0.0,0.0,0.0,0.0,0.0,0.0,0.0,0.0,0.0,0.0,0.0,0.0,0.0,0.0,0.0,0.0,0.0,0.0,0.0,0.0,0.0,0.0,0.0,0.0,0.0,0.0,0.0,0.0,0.0,0.0,0.0,0.0,0.0,0.0,0.0,0.0,0.0,0.0,0.0,0.0,0.0,0.0,0.0,0.0,0.0,0.0,0.0,0.0,0.0,0.0,0.0,0.0,0.0,0.0,0.0,0.0,0.0,0.0,0.0,0.0,0.0,0.0,0.0,0.0,0.0,0.0,0.0,0.0,0.0,0.0,0.0,0.0,0.0,0.0,0.0,0.0,0.0,0.0,0.0,0.0,0.0,0.0,0.0,0.0,0.0,0.0,0.0,0.0,0.0,0.0,0.0,0.0,0.0,0.0,0.0,0.0,0.0,0.0,0.0,0.0,0.0,0.0,0.0,0.0,0.0,0.0,0.0,0.0,0.0,0.0,0.0,0.0,0.0,0.0,0.0,0.0,0.0,0.0,0.0,0.0,0.0,0.0,0.0,0.0,0.0,0.0,0.0,0.0,0.0,0.0,0.0,0.0,0.0,0.0,0.0,0.0,0.0,0.0,0.0,0.0,0.0,0.0,0.0,0.0,0.0,0.0,0.0,0.0,0.0,0.0,0.0,0.0,0.0,0.0,0.0,0.0,0.0,0.0,0.0,0.0,0.0,0.0,0.0,0.0,0.0,0.0,0.0,0.0,0.0,0.0,0.0,0.0,0.0,0.0,0.0,0.0,0.0,0.0,0.0,0.0,0.0,0.0,0.0,0.0,0.0,0.0,0.0,0.0,0.0,0.0,0.0
,,,,,,,,,,,,,,,,,,,,,,,,,,,,,,,,,,,,,,,,,,,,,,,,,,,,,,,,,,,,,,,,,,,,,,,,,,,0.0,0.0,0.0,0.0,0.0,0.0,0.0,0.0,0.0,0.0,0.0,0.0,0.0,0.0,0.0,0.0,0.0,0.0,0.0,0.0,0.0,0.0,0.0,0.0,0.0,0.0,0.0,0.0,0.0,0.0,0.0,0.0,0.0,0.0,0.0,0.0,0.0,0.0,0.0,0.0,0.0,0.0,0.0,0.0,0.0,0.0,0.0,0.0,0.0,0.0,0.0,0.0,0.0,0.0,0.0,0.0,0.0,0.0,0.0,0.0,0.0,0.0,0.0,0.0,0.0,0.0,0.0,0.0,0.0,0.0,0.0,0.0,0.0,0.0,0.0,0.0,0.0,0.0,0.0,0.0,0.0,0.0,0.0,0.0,0.0,0.0,0.0,0.0,0.0,0.0,0.0,0.0,0.0,0.0,0.0,0.0,0.0,0.0,0.0,0.0,0.0,0.0,0.0,0.0,0.0,0.0,0.0,0.0,0.0,0.0,0.0,0.0,0.0,0.0,0.0,0.0,0.0,0.0,0.0,0.0,0.0,0.0,0.0,0.0,0.0,0.0,0.0,0.0,0.0,0.0,0.0,0.0,0.0,0.0,0.0,0.0,0.0,0.0,0.0,0.0,0.0,0.0,0.0,0.0,0.0,0.0,0.0,0.0,0.0,0.0,0.0,0.0,0.0,0.0,0.0,0.0,0.0,0.0,0.0,0.0,0.0,0.0,0.0,0.0,0.0,0.0,0.0,0.0,0.0,0.0,0.0,0.0,0.0,0.0,0.0,0.0,0.0,0.0,0.0,0.0,0.0,0.0,0.0,0.0,0.0,0.0,0.0,0.0,0.0,0.0,0.0,0.0,0.0,0.0,0.0,0.0,0.0,0.0,0.0,0.0,0.0,0.0,0.0,0.0,0.0,0.0,0.0,0.0,0.0,0.0,0.0,0.0,0.0,0.0,0.0,0.0,0.0,0.0,0.0,0.0,0.0,0.0,0.0,0.0,0.0
,,,,,,,,,,,,,,,,,,,,,,,,,,,,,,,,,,,,,,,,,,,,,,,,,,,,,,,,,,,,,,,,,,,,,,,,,,,0.0,0.0,0.0,0.0,0.0,0.0,0.0,0.0,0.0,0.0,0.0,0.0,0.0,0.0,0.0,0.0,0.0,0.0,0.0,0.0,0.0,0.0,0.0,0.0,0.0,0.0,0.0,0.0,0.0,0.0,0.0,0.0,0.0,0.0,0.0,0.0,0.0,0.0,0.0,0.0,0.0,0.0,0.0,0.0,0.0,0.0,0.0,0.0,0.0,0.0,0.0,0.0,0.0,0.0,0.0,0.0,0.0,0.0,0.0,0.0,0.0,0.0,0.0,0.0,0.0,0.0,0.0,0.0,0.0,0.0,0.0,0.0,0.0,0.0,0.0,0.0,0.0,0.0,0.0,0.0,0.0,0.0,0.0,0.0,0.0,0.0,0.0,0.0,0.0,0.0,0.0,0.0,0.0,0.0,0.0,0.0,0.0,0.0,0.0,0.0,0.0,0.0,0.0,0.0,0.0,0.0,0.0,0.0,0.0,0.0,0.0,0.0,0.0,0.0,0.0,0.0,0.0,0.0,0.0,0.0,0.0,0.0,0.0,0.0,0.0,0.0,0.0,0.0,0.0,0.0,0.0,0.0,0.0,0.0,0.0,0.0,0.0,0.0,0.0,0.0,0.0,0.0,0.0,0.0,0.0,0.0,0.0,0.0,0.0,0.0,0.0,0.0,0.0,0.0,0.0,0.0,0.0,0.0,0.0,0.0,0.0,0.0,0.0,0.0,0.0,0.0,0.0,0.0,0.0,0.0,0.0,0.0,0.0,0.0,0.0,0.0,0.0,0.0,0.0,0.0,0.0,0.0,0.0,0.0,0.0,0.0,0.0,0.0,0.0,0.0,0.0,0.0,0.0,0.0,0.0,0.0,0.0,0.0,0.0,0.0,0.0,0.0,0.0,0.0,0.0,0.0,0.0,0.0,0.0,0.0,0.0,0.0,0.0,0.0,0.0,0.0,0.0,0.0,0.0,0.0,0.0,0.0,0.0,0.0,0.0
,,,,,,,,,,,,,,,,,,,,,,,,,,,,,,,,,,,,,,,,,,,,,,,,,,,,,,,,,,,,,,,,,,,,,,,,,,,0.0,0.0,0.0,0.0,0.0,0.0,0.0,0.0,0.0,0.0,0.0,0.0,0.0,0.0,0.0,0.0,0.0,0.0,0.0,0.0,0.0,0.0,0.0,0.0,0.0,0.0,0.0,0.0,0.0,0.0,0.0,0.0,0.0,0.0,0.0,0.0,0.0,0.0,0.01,0.02,0.03,0.02,0.01,0.0,0.0,0.0,0.0,0.0,0.0,0.0,0.0,0.0,0.0,0.0,0.0,0.0,0.0,0.0,0.0,0.0,0.0,0.0,0.0,0.0,0.0,0.0,0.0,0.0,0.0,0.0,0.0,0.0,0.0,0.0,0.0,0.0,0.0,0.0,0.0,0.0,0.0,0.0,0.0,0.0,0.0,0.0,0.0,0.0,0.0,0.0,0.0,0.0,0.0,0.0,0.0,0.0,0.0,0.0,0.0,0.0,0.0,0.0,0.0,0.0,0.0,0.0,0.0,0.0,0.0,0.0,0.0,0.0,0.0,0.0,0.0,0.0,0.0,0.0,0.0,0.0,0.0,0.0,0.0,0.0,0.0,0.0,0.0,0.0,0.0,0.0,0.0,0.0,0.0,0.0,0.0,0.0,0.0,0.0,0.0,0.0,0.0,0.0,0.0,0.0,0.0,0.0,0.0,0.0,0.0,0.0,0.0,0.0,0.0,0.0,0.0,0.0,0.0,0.0,0.0,0.0,0.0,0.0,0.0,0.0,0.0,0.0,0.0,0.0,0.0,0.0,0.0,0.0,0.0,0.0,0.0,0.0,0.0,0.0,0.0,0.0,0.0,0.0,0.0,0.0,0.0,0.0,0.0,0.0,0.0,0.0,0.0,0.0,0.0,0.0,0.0,0.0,0.0,0.0,0.0,0.0,0.0,0.0,0.0,0.0,0.0,0.0,0.0,0.0,0.0,0.0,0.0,0.0,0.0,0.0,0.0,0.0,0.0,0.0,0.0,0.0,0.0,0.0,0.0,0.0,0.0
,,,,,,,,,,,,,,,,,,,,,,,,,,,,,,,,,,,,,,,,,,,,,,,,,,,,,,,,,,,,,,,,,,,,,,,,,,,,,,,,,,,,,,,,,,,,,,,,,,,,,,,,,,,,,,,,,,,,,,,,,,,,,,,,,,,,,,,,,,,,,,,,,,,,,,,,,,,,,,,,,,,,,,,,,,,,,,,,,,,,,,,,,,,,,,,,,,,,,,,,,,,,,,,,,,,,,,,,,,,,,,,,,,,,,,,,,,,,,,,,,,,,,,,,,,,,,,,,,,,,,,,,,,,,,,,,,,,,,,,,,,,,,,,,,,,,,,,,,,,
,,,,,,,,,,,,,,,,,,,,,,,,,,,,,,,,,,,,,,,,,,,,,,,,,,,,,,,,,,,,,,,,,,,,,,,,,,,,,,,,,,,,,,,,,,,,,,,,,,,,,,,,,,,,,,,,,,,,,,,,,,,,,,,,,,,,,,,,,,,,,,,,,,,,,,,,,,,,,,,,,,,,,,,,,,,,,,,,,,,,,,,,,,,,,,,,,,,,,,,,,,,,,,,,,,,,,,,,,,,,,,,,,,,,,,,,,,,,,,,,,,,,,,,,,,,,,,,,,,,,,,,,,,,,,,,,,,,,,,,,,,,,,,,,,,,,,,,,,,,
,,,,,,,,,,,,,,,,,,,,,,,,,,,,,,,,,,,,,,,,,,,,,,,,,,,,,,,,,,,,,,,,,,,,,,,,,,,,,,,,,,,,,,,,,,,,,,,,,,,,,,,,,,,,,,,,,,,,,,,,,,,,,,,,,,,,,,,,,,,,,,,,,,,,,,,,,,,,,,,,,,,,,,,,,,,,,,,,,,,,,,,,,,,,,,,,,,,,,,,,,,,,,,,,,,,,,,,,,,,,,,,,,,,,,,,,,,,,,,,,,,,,,,,,,,,,,,,,,,,,,,,,,,,,,,,,,,,,,,,,,,,,,,,,,,,,,,,,,,,
,,,,,,,,,,,,,,,,,,,,,,,,,,,,,,,,,,,,,,,,,,,,,,,,,,,,,,,,,,,,,,,,,,,,,,,,,,,,,,,,,,,,,,,,,,,,,,,,,,,,,,,,,,,,,,,,,,,,,,,,,,,,,,,,,,,,,,,,,,,,,,,,,,,,,,,,,,,,,,,,,,,,,,,,,,,,,,,,,,,,,,,,,,,,,,,,,,,,,,,,,,,,,,,,,,,,,,,,,,,,,,,,,,,,,,,,,,,,,,,,,,,,,,,,,,,,,,,,,,,,,,,,,,,,,,,,,,,,,,,,,,,,,,,,,,,,,,,,,,,
,,,,,,,,,,,,,,,,,,,,,,,,,,,,,,,,,,,,,,,,,,,,,,,,,,,,,,,,,,,,,,,,,,,,,,,,,,,,,,,,,,,,,,,,,,,,,,,,,,,,,,,,,,,,,,,,,,,,,,,,,,,,,,,,,,,,,,,,,,,,,,,,,,,,,,,,,,,,,,,,,,,,,,,,,,,,,,,,,,,,,,,,,,,,,,,,,,,,,,,,,,,,,,,,,,,,,,,,,,,,,,,,,,,,,,,,,,,,,,,,,,,,,,,,,,,,,,,,,,,,,,,,,,,,,,,,,,,,,,,,,,,,,,,,,,,,,,,,,,,
,,,,,,,,,,,,,,,,,,,,,,,,,,,,,,,,,,,,,,,,,,,,,,,,,,,,,,,,,,,,,,,,,,,,,,,,,,,,,,,,,,,,,,,,,,,,,,,,,,,,,,,,,,,,,,,,,,,,,,,,,,,,,,,,,,,,,,,,,,,,,,,,,,,,,,,,,,,,,,,,,,,,,,,,,,,,,,,,,,,,,,,,,,,,,,,,,,,,,,,,,,,,,,,,,,,,,,,,,,,,,,,,,,,,,,,,,,,,,,,,,,,,,,,,,,,,,,,,,,,,,,,,,,,,,,,,,,,,,,,,,,,,,,,,,,,,,,,,,,,
,,,,,,,,,,,,,,,,,,,,,,,,,,,,,,,,,,,,,,,,,,,,,,,,,,,,,,,,,,,,,,,,,,,,,,,,,,,,,,,,,,,,,,,,,,,,,,,,,,,,,,,,,,,,,,,,,,,,,,,,,,,,,,,,,,,,,,,,,,,,,,,,,,,,,,,,,,,,,,,,,,,,,,,,,,,,,,,,,,,,,,,,,,,,,,,,,,,,,,,,,,,,,,,,,,,,,,,,,,,,,,,,,,,,,,,,,,,,,,,,,,,,,,,,,,,,,,,,,,,,,,,,,,,,,,,,,,,,,,,,,,,,,,,,,,,,,,,,,,,
,,,,,,,,,,,,,,,,,,,,,,,,,,,,,,,,,,,,,,,,,,,,,,,,,,,,,,,,,,,,,,,,,,,,,,,,,,,,,,,,,,,,,,,,,,,,,,,,,,,,,,,,,,,,,,,,,,,,,,,,,,,,,,,,,,,,,,,,,,,,,,,,,,,,,,,,,,,,,,,,,,,,,,,,,,,,,,,,,,,,,,,,,,,,,,,,,,,,,,,,,,,,,,,,,,,,,,,,,,,,,,,,,,,,,,,,,,,,,,,,,,,,,,,,,,,,,,,,,,,,,,,,,,,,,,,,,,,,,,,,,,,,,,,,,,,,,,,,,,,
,,,,,,,,,,,,,,,,,,,,,,,,,,,,,,,,,,,,,,,,,,,,,,,,,,,,,,,,,,,,,,,,,,,,,,,,,,,,,,,,,,,,,,,,,,,,,,,,,,,,,,,,,,,,,,,,,,,,,,,,,,,,,,,,,,,,,,,,,,,,,,,,,,,,,,,,,,,,,,,,,,,,,,,,,,,,,,,,,,,,,,,,,,,,,,,,,,,,,,,,,,,,,,,,,,,,,,,,,,,,,,,,,,,,,,,,,,,,,,,,,,,,,,,,,,,,,,,,,,,,,,,,,,,,,,,,,,,,,,,,,,,,,,,,,,,,,,,,,,,
,,,,,,,,,,,,,,,,,,,,,,,,,,,,,,,,,,,,,,,,,,,,,,,,,,,,,,,,,,,,,,,,,,,,,,,,,,,,,,,,,,,,,,,,,,,,,,,,,,,,,,,,,,,,,,,,,,,,,,,,,,,,,,,,,,,,,,,,,,,,,,,,,,,,,,,,,,,,,,,,,,,,,,,,,,,,,,,,,,,,,,,,,,,,,,,,,,,,,,,,,,,,,,,,,,,,,,,,,,,,,,,,,,,,,,,,,,,,,,,,,,,,,,,,,,,,,,,,,,,,,,,,,,,,,,,,,,,,,,,,,,,,,,,,,,,,,,,,,,,
,,,,,,,,,,,,,,,,,,,,,,,,,,,,,,,,,,,,,,,,,,,,,,,,,,,,,,,,,,,,,,,,,,,,,,,,,,,,,,,,,,,,,,,,,,,,,,,,,,,,,,,,,,,,,,,,,,,,,,,,,,,,,,,,,,,,,,,,,,,,,,,,,,,,,,,,,,,,,,,,,,,,,,,,,,,,,,,,,,,,,,,,,,,,,,,,,,,,,,,,,,,,,,,,,,,,,,,,,,,,,,,,,,,,,,,,,,,,,,,,,,,,,,,,,,,,,,,,,,,,,,,,,,,,,,,,,,,,,,,,,,,,,,,,,,,,,,,,,,,
,,,,,,,,,,,,,,,,,,,,,,,,,,,,,,,,,,,,,,,,,,,,,,,,,,,,,,,,,,,,,,,,,,,,,,,,,,,,,,,,,,,,,,,,,,,,,,,,,,,,,,,,,,,,,,,,,,,,,,,,,,,,,,,,,,,,,,,,,,,,,,,,,,,,,,,,,,,,,,,,,,,,,,,,,,,,,,,,,,,,,,,,,,,,,,,,,,,,,,,,,,,,,,,,,,,,,,,,,,,,,,,,,,,,,,,,,,,,,,,,,,,,,,,,,,,,,,,,,,,,,,,,,,,,,,,,,,,,,,,,,,,,,,,,,,,,,,,,,,,
,,,,,,,,,,,,,,,,,,,,,,,,,,,,,,,,,,,,,,,,,,,,,,,,,,,,,,,,,,,,,,,,,,,,,,,,,,,,,,,,,,,,,,,,,,,,,,,,,,,,,,,,,,,,,,,,,,,,,,,,,,,,,,,,,,,,,,,,,,,,,,,,,,,,,,,,,,,,,,,,,,,,,,,,,,,,,,,,,,,,,,,,,,,,,,,,,,,,,,,,,,,,,,,,,,,,,,,,,,,,,,,,,,,,,,,,,,,,,,,,,,,,,,,,,,,,,,,,,,,,,,,,,,,,,,,,,,,,,,,,,,,,,,,,,,,,,,,,,,,
,,,,,,,,,,,,,,,,,,,,,,,,,,,,,,,,,,,,,,,,,,,,,,,,,,,,,,,,,,,,,,,,,,,,,,,,,,,,,,,,,,,,,,,,,,,,,,,,,,,,,,,,,,,,,,,,,,,,,,,,,,,,,,,,,,,,,,,,,,,,,,,,,,,,,,,,,,,,,,,,,,,,,,,,,,,,,,,,,,,,,,,,,,,,,,,,,,,,,,,,,,,,,,,,,,,,,,,,,,,,,,,,,,,,,,,,,,,,,,,,,,,,,,,,,,,,,,,,,,,,,,,,,,,,,,,,,,,,,,,,,,,,,,,,,,,,,,,,,,,
,,,,,,,,,,,,,,,,,,,,,,,,,,,,,,,,,,,,,,,,,,,,,,,,,,,,,,,,,,,,,,,,,,,,,,,,,,,,,,,,,,,,,,,,,,,,,,,,,,,,,,,,,,,,,,,,,,,,,,,,,,,,,,,,,,,,,,,,,,,,,,,,,,,,,,,,,,,,,,,,,,,,,,,,,,,,,,,,,,,,,,,,,,,,,,,,,,,,,,,,,,,,,,,,,,,,,,,,,,,,,,,,,,,,,,,,,,,,,,,,,,,,,,,,,,,,,,,,,,,,,,,,,,,,,,,,,,,,,,,,,,,,,,,,,,,,,,,,,,,
,,,,,,,,,,,,,,,,,,,,,,,,,,,,,,,,,,,,,,,,,,,,,,,,,,,,,,,,,,,,,,,,,,,,,,,,,,,,,,,,,,,,,,,,,,,,,,,,,,,,,,,,,,,,,,,,,,,,,,,,,,,,,,,,,,,,,,,,,,,,,,,,,,,,,,,,,,,,,,,,,,,,,,,,,,,,,,,,,,,,,,,,,,,,,,,,,,,,,,,,,,,,,,,,,,,,,,,,,,,,,,,,,,,,,,,,,,,,,,,,,,,,,,,,,,,,,,,,,,,,,,,,,,,,,,,,,,,,,,,,,,,,,,,,,,,,,,,,,,,
,,,,,,,,,,,,,,,,,,,,,,,,,,,,,,,,,,,,,,,,,,,,,,,,,,,,,,,,,,,,,,,,,,,,,,,,,,,,,,,,,,,,,,,,,,,,,,,,,,,,,,,,,,,,,,,,,,,,,,,,,,,,,,,,,,,,,,,,,,,,,,,,,,,,,,,,,,,,,,,,,,,,,,,,,,,,,,,,,,,,,,,,,,,,,,,,,,,,,,,,,,,,,,,,,,,,,,,,,,,,,,,,,,,,,,,,,,,,,,,,,,,,,,,,,,,,,,,,,,,,,,,,,,,,,,,,,,,,,,,,,,,,,,,,,,,,,,,,,,,
,,,,,,,,,,,,,,,,,,,,,,,,,,,,,,,,,,,,,,,,,,,,,,,,,,,,,,,,,,,,,,,,,,,,,,,,,,,,,,,,,,,,,,,,,,,,,,,,,,,,,,,,,,,,,,,,,,,,,,,,,,,,,,,,,,,,,,,,,,,,,,,,,,,,,,,,,,,,,,,,,,,,,,,,,,,,,,,,,,,,,,,,,,,,,,,,,,,,,,,,,,,,,,,,,,,,,,,,,,,,,,,,,,,,,,,,,,,,,,,,,,,,,,,,,,,,,,,,,,,,,,,,,,,,,,,,,,,,,,,,,,,,,,,,,,,,,,,,,,,
,,,,,,,,,,,,,,,,,,,,,,,,,,,,,,,,,,,,,,,,,,,,,,,,,,,,,,,,,,,,,,,,,,,,,,,,,,,,,,,,,,,,,,,,,,,,,,,,,,,,,,,,,,,,,,,,,,,,,,,,,,,,,,,,,,,,,,,,,,,,,,,,,,,,,,,,,,,,,,,,,,,,,,,,,,,,,,,,,,,,,,,,,,,,,,,,,,,,,,,,,,,,,,,,,,,,,,,,,,,,,,,,,,,,,,,,,,,,,,,,,,,,,,,,,,,,,,,,,,,,,,,,,,,,,,,,,,,,,,,,,,,,,,,,,,,,,,,,,,,
,,,,,,,,,,,,,,,,,,,,,,,,,,,,,,,,,,,,,,,,,,,,,,,,,,,,,,,,,,,,,,,,,,,,,,,,,,,,,,,,,,,,,,,,,,,,,,,,,,,,,,,,,,,,,,,,,,,,,,,,,,,,,,,,,,,,,,,,,,,,,,,,,,,,,,,,,,,,,,,,,,,,,,,,,,,,,,,,,,,,,,,,,,,,,,,,,,,,,,,,,,,,,,,,,,,,,,,,,,,,,,,,,,,,,,,,,,,,,,,,,,,,,,,,,,,,,,,,,,,,,,,,,,,,,,,,,,,,,,,,,,,,,,,,,,,,,,,,,,,
,,,,,,,,,,,,,,,,,,,,,,,,,,,,,,,,,,,,,,,,,,,,,,,,,,,,,,,,,,,,,,,,,,,,,,,,,,,,,,,,,,,,,,,,,,,,,,,,,,,,,,,,,,,,,,,,,,,,,,,,,,,,,,,,,,,,,,,,,,,,,,,,,,,,,,,,,,,,,,,,,,,,,,,,,,,,,,,,,,,,,,,,,,,,,,,,,,,,,,,,,,,,,,,,,,,,,,,,,,,,,,,,,,,,,,,,,,,,,,,,,,,,,,,,,,,,,,,,,,,,,,,,,,,,,,,,,,,,,,,,,,,,,,,,,,,,,,,,,,,
,,,,,,,,,,,,,,,,,,,,,,,,,,,,,,,,,,,,,,,,,,,,,,,,,,,,,,,,,,,,,,,,,,,,,,,,,,,,,,,,,,,,,,,,,,,,,,,,,,,,,,,,,,,,,,,,,,,,,,,,,,,,,,,,,,,,,,,,,,,,,,,,,,,,,,,,,,,,,,,,,,,,,,,,,,,,,,,,,,,,,,,,,,,,,,,,,,,,,,,,,,,,,,,,,,,,,,,,,,,,,,,,,,,,,,,,,,,,,,,,,,,,,,,,,,,,,,,,,,,,,,,,,,,,,,,,,,,,,,,,,,,,,,,,,,,,,,,,,,,
,,,,,,,,,,,,,,,,,,,,,,,,,,,,,,,,,,,,,,,,,,,,,,,,,,,,,,,,,,,,,,,,,,,,,,,,,,,,,,,,,,,,,,,,,,,,,,,,,,,,,,,,,,,,,,,,,,,,,,,,,,,,,,,,,,,,,,,,,,,,,,,,,,,,,,,,,,,,,,,,,,,,,,,,,,,,,,,,,,,,,,,,,,,,,,,,,,,,,,,,,,,,,,,,,,,,,,,,,,,,,,,,,,,,,,,,,,,,,,,,,,,,,,,,,,,,,,,,,,,,,,,,,,,,,,,,,,,,,,,,,,,,,,,,,,,,,,,,,,,
,,,,,,,,,,,,,,,,,,,,,,,,,,,,,,,,,,,,,,,,,,,,,,,,,,,,,,,,,,,,,,,,,,,,,,,,,,,,,,,,,,,,,,,,,,,,,,,,,,,,,,,,,,,,,,,,,,,,,,,,,,,,,,,,,,,,,,,,,,,,,,,,,,,,,,,,,,,,,,,,,,,,,,,,,,,,,,,,,,,,,,,,,,,,,,,,,,,,,,,,,,,,,,,,,,,,,,,,,,,,,,,,,,,,,,,,,,,,,,,,,,,,,,,,,,,,,,,,,,,,,,,,,,,,,,,,,,,,,,,,,,,,,,,,,,,,,,,,,,,
,,,,,,,,,,,,,,,,,,,,,,,,,,,,,,,,,,,,,,,,,,,,,,,,,,,,,,,,,,,,,,,,,,,,,,,,,,,,,,,,,,,,,,,,,,,,,,,,,,,,,,,,,,,,,,,,,,,,,,,,,,,,,,,,,,,,,,,,,,,,,,,,,,,,,,,,,,,,,,,,,,,,,,,,,,,,,,,,,,,,,,,,,,,,,,,,,,,,,,,,,,,,,,,,,,,,,,,,,,,,,,,,,,,,,,,,,,,,,,,,,,,,,,,,,,,,,,,,,,,,,,,,,,,,,,,,,,,,,,,,,,,,,,,,,,,,,,,,,,,
,,,,,,,,,,,,,,,,,,,,,,,,,,,,,,,,,,,,,,,,,,,,,,,,,,,,,,,,,,,,,,,,,,,,,,,,,,,,,,,,,,,,,,,,,,,,,,,,,,,,,,,,,,,,,,,,,,,,,,,,,,,,,,,,,,,,,,,,,,,,,,,,,,,,,,,,,,,,,,,,,,,,,,,,,,,,,,,,,,,,,,,,,,,,,,,,,,,,,,,,,,,,,,,,,,,,,,,,,,,,,,,,,,,,,,,,,,,,,,,,,,,,,,,,,,,,,,,,,,,,,,,,,,,,,,,,,,,,,,,,,,,,,,,,,,,,,,,,,,,
,,,,,,,,,,,,,,,,,,,,,,,,,,,,,,,,,,,,,,,,,,,,,,,,,,,,,,,,,,,,,,,,,,,,,,,,,,,,,,,,,,,,,,,,,,,,,,,,,,,,,,,,,,,,,,,,,,,,,,,,,,,,,,,,,,,,,,,,,,,,,,,,,,,,,,,,,,,,,,,,,,,,,,,,,,,,,,,,,,,,,,,,,,,,,,,,,,,,,,,,,,,,,,,,,,,,,,,,,,,,,,,,,,,,,,,,,,,,,,,,,,,,,,,,,,,,,,,,,,,,,,,,,,,,,,,,,,,,,,,,,,,,,,,,,,,,,,,,,,,
,,,,,,,,,,,,,,,,,,,,,,,,,,,,,,,,,,,,,,,,,,,,,,,,,,,,,,,,,,,,,,,,,,,,,,,,,,,,,,,,,,,,,,,,,,,,,,,,,,,,,,,,,,,,,,,,,,,,,,,,,,,,,,,,,,,,,,,,,,,,,,,,,,,,,,,,,,,,,,,,,,,,,,,,,,,,,,,,,,,,,,,,,,,,,,,,,,,,,,,,,,,,,,,,,,,,,,,,,,,,,,,,,,,,,,,,,,,,,,,,,,,,,,,,,,,,,,,,,,,,,,,,,,,,,,,,,,,,,,,,,,,,,,,,,,,,,,,,,,,
,,,,,,,,,,,,,,,,,,,,,,,,,,,,,,,,,,,,,,,,,,,,,,,,,,,,,,,,,,,,,,,,,,,,,,,,,,,,,,,,,,,,,,,,,,,,,,,,,,,,,,,,,,,,,,,,,,,,,,,,,,,,,,,,,,,,,,,,,,,,,,,,,,,,,,,,,,,,,,,,,,,,,,,,,,,,,,,,,,,,,,,,,,,,,,,,,,,,,,,,,,,,,,,,,,,,,,,,,,,,,,,,,,,,,,,,,,,,,,,,,,,,,,,,,,,,,,,,,,,,,,,,,,,,,,,,,,,,,,,,,,,,,,,,,,,,,,,,,,,
,,,,,,,,,,,,,,,,,,,,,,,,,,,,,,,,,,,,,,,,,,,,,,,,,,,,,,,,,,,,,,,,,,,,,,,,,,,,,,,,,,,,,,,,,,,,,,,,,,,,,,,,,,,,,,,,,,,,,,,,,,,,,,,,,,,,,,,,,,,,,,,,,,,,,,,,,,,,,,,,,,,,,,,,,,,,,,,,,,,,,,,,,,,,,,,,,,,,,,,,,,,,,,,,,,,,,,,,,,,,,,,,,,,,,,,,,,,,,,,,,,,,,,,,,,,,,,,,,,,,,,,,,,,,,,,,,,,,,,,,,,,,,,,,,,,,,,,,,,,
,,,,,,,,,,,,,,,,,,,,,,,,,,,,,,,,,,,,,,,,,,,,,,,,,,,,,,,,,,,,,,,,,,,,,,,,,,,,,,,,,,,,,,,,,,,,,,,,,,,,,,,,,,,,,,,,,,,,,,,,,,,,,,,,,,,,,,,,,,,,,,,,,,,,,,,,,,,,,,,,,,,,,,,,,,,,,,,,,,,,,,,,,,,,,,,,,,,,,,,,,,,,,,,,,,,,,,,,,,,,,,,,,,,,,,,,,,,,,,,,,,,,,,,,,,,,,,,,,,,,,,,,,,,,,,,,,,,,,,,,,,,,,,,,,,,,,,,,,,,
,,,,,,,,,,,,,,,,,,,,,,,,,,,,,,,,,,,,,,,,,,,,,,,,,,,,,,,,,,,,,,,,,,,,,,,,,,,,,,,,,,,,,,,,,,,,,,,,,,,,,,,,,,,,,,,,,,,,,,,,,,,,,,,,,,,,,,,,,,,,,,,,,,,,,,,,,,,,,,,,,,,,,,,,,,,,,,,,,,,,,,,,,,,,,,,,,,,,,,,,,,,,,,,,,,,,,,,,,,,,,,,,,,,,,,,,,,,,,,,,,,,,,,,,,,,,,,,,,,,,,,,,,,,,,,,,,,,,,,,,,,,,,,,,,,,,,,,,,,,
,,,,,,,,,,,,,,,,,,,,,,,,,,,,,,,,,,,,,,,,,,,,,,,,,,,,,,,,,,,,,,,,,,,,,,,,,,,,,,,,,,,,,,,,,,,,,,,,,,,,,,,,,,,,,,,,,,,,,,,,,,,,,,,,,,,,,,,,,,,,,,,,,,,,,,,,,,,,,,,,,,,,,,,,,,,,,,,,,,,,,,,,,,,,,,,,,,,,,,,,,,,,,,,,,,,,,,,,,,,,,,,,,,,,,,,,,,,,,,,,,,,,,,,,,,,,,,,,,,,,,,,,,,,,,,,,,,,,,,,,,,,,,,,,,,,,,,,,,,,
,,,,,,,,,,,,,,,,,,,,,,,,,,,,,,,,,,,,,,,,,,,,,,,,,,,,,,,,,,,,,,,,,,,,,,,,,,,,,,,,,,,,,,,,,,,,,,,,,,,,,,,,,,,,,,,,,,,,,,,,,,,,,,,,,,,,,,,,,,,,,,,,,,,,,,,,,,,,,,,,,,,,,,,,,,,,,,,,,,,,,,,,,,,,,,,,,,,,,,,,,,,,,,,,,,,,,,,,,,,,,,,,,,,,,,,,,,,,,,,,,,,,,,,,,,,,,,,,,,,,,,,,,,,,,,,,,,,,,,,,,,,,,,,,,,,,,,,,,,,
,,,,,,,,,,,,,,,,,,,,,,,,,,,,,,,,,,,,,,,,,,,,,,,,,,,,,,,,,,,,,,,,,,,,,,,,,,,,,,,,,,,,,,,,,,,,,,,,,,,,,,,,,,,,,,,,,,,,,,,,,,,,,,,,,,,,,,,,,,,,,,,,,,,,,,,,,,,,,,,,,,,,,,,,,,,,,,,,,,,,,,,,,,,,,,,,,,,,,,,,,,,,,,,,,,,,,,,,,,,,,,,,,,,,,,,,,,,,,,,,,,,,,,,,,,,,,,,,,,,,,,,,,,,,,,,,,,,,,,,,,,,,,,,,,,,,,,,,,,,
,,,,,,,,,,,,,,,,,,,,,,,,,,,,,,,,,,,,,,,,,,,,,,,,,,,,,,,,,,,,,,,,,,,,,,,,,,,,,,,,,,,,,,,,,,,,,,,,,,,,,,,,,,,,,,,,,,,,,,,,,,,,,,,,,,,,,,,,,,,,,,,,,,,,,,,,,,,,,,,,,,,,,,,,,,,,,,,,,,,,,,,,,,,,,,,,,,,,,,,,,,,,,,,,,,,,,,,,,,,,,,,,,,,,,,,,,,,,,,,,,,,,,,,,,,,,,,,,,,,,,,,,,,,,,,,,,,,,,,,,,,,,,,,,,,,,,,,,,,,
,,,,,,,,,,,,,,,,,,,,,,,,,,,,,,,,,,,,,,,,,,,,,,,,,,,,,,,,,,,,,,,,,,,,,,,,,,,,,,,,,,,,,,,,,,,,,,,,,,,,,,,,,,,,,,,,,,,,,,,,,,,,,,,,,,,,,,,,,,,,,,,,,,,,,,,,,,,,,,,,,,,,,,,,,,,,,,,,,,,,,,,,,,,,,,,,,,,,,,,,,,,,,,,,,,,,,,,,,,,,,,,,,,,,,,,,,,,,,,,,,,,,,,,,,,,,,,,,,,,,,,,,,,,,,,,,,,,,,,,,,,,,,,,,,,,,,,,,,,,
,,,,,,,,,,,,,,,,,,,,,,,,,,,,,,,,,,,,,,,,,,,,,,,,,,,,,,,,,,,,,,,,,,,,,,,,,,,,,,,,,,,,,,,,,,,,,,,,,,,,,,,,,,,,,,,,,,,,,,,,,,,,,,,,,,,,,,,,,,,,,,,,,,,,,,,,,,,,,,,,,,,,,,,,,,,,,,,,,,,,,,,,,,,,,,,,,,,,,,,,,,,,,,,,,,,,,,,,,,,,,,,,,,,,,,,,,,,,,,,,,,,,,,,,,,,,,,,,,,,,,,,,,,,,,,,,,,,,,,,,,,,,,,,,,,,,,,,,,,,
,,,,,,,,,,,,,,,,,,,,,,,,,,,,,,,,,,,,,,,,,,,,,,,,,,,,,,,,,,,,,,,,,,,,,,,,,,,,,,,,,,,,,,,,,,,,,,,,,,,,,,,,,,,,,,,,,,,,,,,,,,,,,,,,,,,,,,,,,,,,,,,,,,,,,,,,,,,,,,,,,,,,,,,,,,,,,,,,,,,,,,,,,,,,,,,,,,,,,,,,,,,,,,,,,,,,,,,,,,,,,,,,,,,,,,,,,,,,,,,,,,,,,,,,,,,,,,,,,,,,,,,,,,,,,,,,,,,,,,,,,,,,,,,,,,,,,,,,,,,
,,,,,,,,,,,,,,,,,,,,,,,,,,,,,,,,,,,,,,,,,,,,,,,,,,,,,,,,,,,,,,,,,,,,,,,,,,,,,,,,,,,,,,,,,,,,,,,,,,,,,,,,,,,,,,,,,,,,,,,,,,,,,,,,,,,,,,,,,,,,,,,,,,,,,,,,,,,,,,,,,,,,,,,,,,,,,,,,,,,,,,,,,,,,,,,,,,,,,,,,,,,,,,,,,,,,,,,,,,,,,,,,,,,,,,,,,,,,,,,,,,,,,,,,,,,,,,,,,,,,,,,,,,,,,,,,,,,,,,,,,,,,,,,,,,,,,,,,,,,
0.0,0.0,0.0,0.0,0.0,0.0,0.0,0.0,0.0,0.0,0.0,0.0,0.0,0.0,0.0,0.0,0.0,0.0,0.0,0.0,0.0,0.0,0.0,0.0,0.0,0.0,0.0,0.0,0.0,0.0,0.0,0.0,0.0,0.0,0.0,0.0,0.0,0.0,0.0,0.0,0.0,0.0,0.0,0.0,0.0,0.0,0.0,0.0,0.0,0.0,0.0,0.0,0.0,0.0,0.0,0.0,0.0,0.0,0.0,0.0,0.0,0.0,0.0,0.0,0.0,0.0,0.0,0.0,0.0,0.0,0.0,0.0,0.0,0.0,0.0,0.0,0.0,0.0,0.0,0.0,0.0,0.0,0.0,0.0,0.0,0.0,0.0,0.0,0.0,0.0,0.0,0.0,0.0,0.0,0.0,0.0,0.0,0.0,0.0,0.0,0.0,0.0,0.0,0.0,0.0,0.0,0.0,0.0,0.0,0.0,0.0,0.0,0.0,0.0,0.0,0.0,0.0,0.0,0.0,0.0,0.0,0.0,0.0,0.0,0.0,0.0,0.0,0.0,0.0,0.0,0.0,0.0,0.0,0.0,0.0,0.0,0.0,0.0,0.0,0.0,0.0,0.0,0.0,0.0,0.0,0.0,0.0,0.0,0.0,0.0,0.0,0.0,0.0,0.01,0.01,0.01,0.01,0.01,0.02,0.02,0.02,0.02,0.03,0.03,0.03,0.03,0.03,0.03,0.04,0.04,0.04,0.04,0.04,0.03,0.03,0.03,0.03,0.03,0.03,0.02,0.02,0.02,0.02,0.02,0.02,0.02,0.02,0.02,0.02,0.03,0.03,0.03,0.04,0.04,0.05,0.05,0.07,0.08,0.11,0.16,0.24,0.36,0.55,0.83,1.26,1.87,2.75,3.96,5.6,7.77,10.57,14.11,18.46,23.68,29.78,36.71,44.36,52.55,61.03,69.47,77.51,84.79,90.91,95.56,98.46,99.45,98.46,95.56,90.92,84.8,77.54,69.51,61.1,52.67,44.54,36.97,30.17,24.24,19.25,15.21,12.07,9.77,8.21,7.32,6.97,7.08,7.55,8.29,9.21,10.23,11.25,12.21,13.03,13.67,14.06,14.19,14.05,13.63,12.97,12.09,11.05,9.91,8.7,7.49,6.33,5.24,4.25,3.38,2.63,2.01,1.51,1.11,0.8,0.56,0.39,0.26,0.18,0.11,0.07,0.05,0.03,0.02,0.01,0.01,0.0,0.0,0.0,0.0,0.0,0.0,0.0,0.0,0.0,0.0,0.0,0.0,0.0,0.0,0.0,0.0
0.0,0.0,0.0,0.0,0.0,0.0,0.0,0.0,0.0,0.0,0.0,0.0,0.0,0.0,0.0,0.0,0.0,0.0,0.0,0.0,0.0,0.0,0.0,0.0,0.0,0.0,0.0,0.0,0.0,0.0,0.0,0.0,0.0,0.0,0.0,0.0,0.0,0.0,0.0,0.0,0.0,0.0,0.0,0.0,0.0,0.0,0.0,0.0,0.0,0.0,0.0,0.0,0.0,0.0,0.0,0.0,0.0,0.0,0.0,0.0,0.0,0.0,0.0,0.0,0.0,0.0,0.0,0.0,0.0,0.0,0.0,0.0,0.0,0.0,0.0,0.0,0.0,0.0,0.0,0.0,0.0,0.0,0.0,0.0,0.0,0.0,0.0,0.0,0.0,0.0,0.0,0.0,0.0,0.0,0.0,0.0,0.0,0.0,0.0,0.0,0.0,0.0,0.0,0.0,0.0,0.0,0.0,0.0,0.0,0.0,0.0,0.0,0.0,0.0,0.0,0.0,0.0,0.0,0.0,0.0,0.0,0.0,0.0,0.0,0.0,0.0,0.0,0.0,0.0,0.0,0.0,0.0,0.0,0.0,0.0,0.0,0.0,0.0,0.0,0.0,0.0,0.0,0.0,0.0,0.0,0.0,0.0,0.0,0.0,0.0,0.0,0.01,0.01,0.01,0.01,0.02,0.02,0.02,0.03,0.03,0.04,0.04,0.04,0.05,0.05,0.06,0.06,0.06,0.06,0.06,0.06,0.06,0.06,0.06,0.06,0.06,0.05,0.05,0.05,0.04,0.04,0.04,0.04,0.03,0.03,0.03,0.04,0.04,0.04,0.05,0.05,0.06,0.06,0.07,0.08,0.09,0.1,0.12,0.15,0.21,0.29,0.42,0.63,0.94,1.41,2.09,3.05,4.39,6.2,8.6,11.7,15.61,20.42,26.2,32.94,40.61,49.07,58.12,67.49,76.83,85.73,93.77,100.55,105.68,108.89,109.98,108.9,105.69,100.56,93.79,85.76,76.89,67.59,58.27,49.29,40.94,33.44,26.92,21.45,17.04,13.65,11.21,9.62,8.78,8.57,8.89,9.64,10.69,11.95,13.32,14.68,15.96,17.04,17.88,18.4,18.57,18.38,17.84,16.97,15.83,14.47,12.97,11.39,9.81,8.28,6.85,5.56,4.42,3.44,2.63,1.97,1.45,1.04,0.74,0.51,0.34,0.23,0.15,0.1,0.06,0.04,0.02,0.01,0.01,0.0,0.0,0.0,0.0,0.0,0.0,0.0,0.0,0.0,0.0,0.0,0.0,0.0,0.0,0.0,0.0
0.0,0.0,0.0,0.0,0.0,0.0,0.0,0.0,0.0,0.0,0.0,0.0,0.0,0.0,0.0,0.0,0.0,0.0,0.0,0.0,0.0,0.0,0.0,0.0,0.0,0.0,0.0,0.0,0.0,0.0,0.0,0.0,0.0,0.0,0.0,0.0,0.0,0.0,0.0,0.0,0.0,0.0,0.0,0.0,0.0,0.0,0.0,0.0,0.0,0.0,0.0,0.0,0.0,0.0,0.0,0.0,0.0,0.0,0.0,0.0,0.0,0.0,0.0,0.0,0.0,0.0,0.0,0.0,0.0,0.0,0.0,0.0,0.0,0.0,0.0,0.0,0.0,0.0,0.0,0.0,0.0,0.0,0.0,0.0,0.0,0.0,0.0,0.0,0.0,0.0,0.0,0.0,0.0,0.0,0.0,0.0,0.0,0.0,0.0,0.0,0.0,0.0,0.0,0.0,0.0,0.0,0.0,0.0,0.0,0.0,0.0,0.0,0.0,0.0,0.0,0.0,0.0,0.0,0.0,0.0,0.0,0.0,0.0,0.0,0.0,0.0,0.0,0.0,0.0,0.0,0.0,0.0,0.0,0.0,0.0,0.0,0.0,0.0,0.0,0.0,0.0,0.0,0.0,0.0,0.0,0.0,0.0,0.0,0.0,0.01,0.01,0.01,0.01,0.02,0.02,0.03,0.03,0.04,0.05,0.05,0.06,0.07,0.08,0.08,0.09,0.1,0.1,0.1,0.11,0.11,0.11,0.11,0.11,0.1,0.1,0.1,0.09,0.09,0.08,0.08,0.07,0.07,0.06,0.06,0.06,0.06,0.06,0.07,0.07,0.08,0.09,0.1,0.11,0.12,0.13,0.14,0.16,0.18,0.22,0.27,0.36,0.5,0.73,1.07,1.57,2.31,3.35,4.81,6.78,9.39,12.77,17.03,22.27,28.57,35.92,44.27,53.5,63.37,73.58,83.76,93.46,102.23,109.62,115.22,118.72,119.91,118.72,115.23,109.63,102.26,93.51,83.83,73.7,63.56,53.78,44.71,36.56,29.49,23.59,18.86,15.27,12.73,11.15,10.42,10.41,11.02,12.1,13.55,15.23,17.02,18.8,20.44,21.85,22.93,23.6,23.83,23.58,22.89,21.77,20.3,18.56,16.63,14.61,12.58,10.62,8.79,7.13,5.67,4.42,3.38,2.53,1.86,1.34,0.94,0.65,0.44,0.29,0.19,0.12,0.08,0.05,0.03,0.02,0.01,0.01,0.0,0.0,0.0,0.0,0.0,0.0,0.0,0.0,0.0,0.0,0.0,0.0,0.0,0.0,0.0
0.0,0.0,0.0,0.0,0.0,0.0,0.0,0.0,0.0,0.0,0.0,0.0,0.0,0.0,0.0,0.0,0.0,0.0,0.0,0.0,0.0,0.0,0.0,0.0,0.0,0.0,0.0,0.0,0.0,0.0,0.0,0.0,0.0,0.0,0.0,0.0,0.0,0.0,0.0,0.0,0.0,0.0,0.0,0.0,0.0,0.0,0.0,0.0,0.0,0.0,0.0,0.0,0.0,0.0,0.0,0.0,0.0,0.0,0.0,0.0,0.0,0.0,0.0,0.0,0.0,0.0,0.0,0.0,0.0,0.0,0.0,0.0,0.0,0.0,0.0,0.0,0.0,0.0,0.0,0.0,0.0,0.0,0.0,0.0,0.0,0.0,0.0,0.0,0.0,0.0,0.0,0.0,0.0,0.0,0.0,0.0,0.0,0.0,0.0,0.0,0.0,0.0,0.0,0.0,0.0,0.0,0.0,0.0,0.0,0.0,0.0,0.0,0.0,0.0,0.0,0.0,0.0,0.0,0.0,0.0,0.0,0.0,0.0,0.0,0.0,0.0,0.0,0.0,0.0,0.0,0.0,0.0,0.0,0.0,0.0,0.0,0.0,0.0,0.0,0.0,0.0,0.0,0.0,0.0,0.0,0.0,0.0,0.0,0.01,0.01,0.01,0.02,0.02,0.03,0.04,0.05,0.06,0.07,0.08,0.09,0.11,0.12,0.13,0.14,0.15,0.16,0.17,0.18,0.18,0.18,0.19,0.18,0.18,0.18,0.17,0.16,0.16,0.15,0.14,0.13,0.12,0.11,0.11,0.1,0.1,0.1,0.11,0.11,0.12,0.14,0.15,0.16,0.18,0.2,0.21,0.23,0.25,0.28,0.31,0.37,0.47,0.62,0.85,1.21,1.75,2.53,3.65,5.21,7.32,10.13,13.75,18.33,23.97,30.73,38.63,47.62,57.54,68.15,79.14,90.08,100.52,109.95,117.89,123.92,127.68,128.96,127.68,123.93,117.91,109.98,100.57,90.18,79.29,68.39,57.9,48.16,39.44,31.89,25.61,20.62,16.88,14.3,12.8,12.24,12.5,13.45,14.95,16.86,19.04,21.33,23.6,25.68,27.47,28.83,29.68,29.96,29.66,28.78,27.38,25.53,23.34,20.92,18.38,15.82,13.36,11.05,8.97,7.13,5.56,4.25,3.18,2.34,1.68,1.19,0.82,0.56,0.37,0.24,0.15,0.1,0.06,0.04,0.02,0.01,0.01,0.0,0.0,0.0,0.0,0.0,0.0,0.0,0.0,0.0,0.0,0.0,0.0,0.0,0.0,0.0
0.0,0.0,0.0,0.0,0.0,0.0,0.0,0.0,0.0,0.0,0.0,0.0,0.0,0.0,0.0,0.0,0.0,0.0,0.0,0.0,0.0,0.0,0.0,0.0,0.0,0.0,0.0,0.0,0.0,0.0,0.0,0.0,0.0,0.0,0.0,0.0,0.0,0.0,0.0,0.0,0.0,0.0,0.0,0.0,0.0,0.0,0.0,0.0,0.0,0.0,0.0,0.0,0.0,0.0,0.0,0.0,0.0,0.0,0.0,0.0,0.0,0.0,0.0,0.0,0.0,0.0,0.0,0.0,0.0,0.0,0.0,0.0,0.0,0.0,0.0,0.0,0.0,0.0,0.0,0.0,0.0,0.0,0.0,0.0,0.0,0.0,0.0,0.0,0.0,0.0,0.0,0.0,0.0,0.0,0.0,0.0,0.0,0.0,0.0,0.0,0.0,0.0,0.0,0.0,0.0,0.0,0.0,0.0,0.0,0.0,0.0,0.0,0.0,0.0,0.0,0.0,0.0,0.0,0.0,0.0,0.0,0.0,0.0,0.0,0.0,0.0,0.0,0.0,0.0,0.0,0.0,0.0,0.0,0.0,0.0,0.0,0.0,0.0,0.0,0.0,0.0,0.0,0.0,0.0,0.0,0.0,0.01,0.01,0.01,0.02,0.02,0.03,0.04,0.05,0.06,0.08,0.09,0.11,0.13,0.15,0.17,0.2,0.22,0.24,0.25,0.27,0.28,0.29,0.3,0.31,0.31,0.31,0.3,0.3,0.29,0.27,0.26,0.25,0.23,0.21,0.2,0.19,0.18,0.17,0.17,0.17,0.18,0.19,0.21,0.23,0.25,0.27,0.3,0.32,0.35,0.37,0.4,0.43,0.47,0.53,0.62,0.77,1.01,1.39,1.95,2.77,3.95,5.59,7.83,10.79,14.64,19.49,25.47,32.65,41.03,50.57,61.1,72.37,84.03,95.65,106.73,116.74,125.17,131.57,135.56,136.92,135.57,131.58,125.2,116.78,106.79,95.76,84.21,72.65,61.53,51.23,42.01,34.06,27.48,22.3,18.46,15.91,14.54,14.21,14.8,16.17,18.16,20.61,23.36,26.23,29.04,31.64,33.84,35.53,36.58,36.93,36.56,35.48,33.75,31.48,28.78,25.79,22.65,19.51,16.47,13.63,11.05,8.79,6.85,5.24,3.92,2.88,2.07,1.46,1.01,0.69,0.46,0.3,0.19,0.12,0.07,0.04,0.03,0.01,0.01,0.0,0.0,0.0,0.0,0.0,0.0,0.0,0.0,0.0,0.0,0.0,0.0,0.0,0.0,0.0
0.0,0.0,0.0,0.0,0.0,0.0,0.0,0.0,0.0,0.0,0.0,0.0,0.0,0.0,0.0,0.0,0.0,0.0,0.0,0.0,0.0,0.0,0.0,0.0,0.0,0.0,0.0,0.0,0.0,0.0,0.0,0.0,0.0,0.0,0.0,0.0,0.0,0.0,0.0,0.0,0.0,0.0,0.0,0.0,0.0,0.0,0.0,0.0,0.0,0.0,0.0,0.0,0.0,0.0,0.0,0.0,0.0,0.0,0.0,0.0,0.0,0.0,0.0,0.0,0.0,0.0,0.0,0.0,0.0,0.0,0.0,0.0,0.0,0.0,0.0,0.0,0.0,0.0,0.0,0.0,0.0,0.0,0.0,0.0,0.0,0.0,0.0,0.0,0.0,0.0,0.0,0.0,0.0,0.0,0.0,0.0,0.0,0.0,0.0,0.0,0.0,0.0,0.0,0.0,0.0,0.0,0.0,0.0,0.0,0.0,0.0,0.0,0.0,0.0,0.0,0.0,0.0,0.0,0.0,0.0,0.0,0.0,0.0,0.0,0.0,0.0,0.0,0.0,0.0,0.0,0.0,0.0,0.0,0.0,0.0,0.0,0.0,0.0,0.0,0.0,0.0,0.0,0.0,0.0,0.0,0.01,0.01,0.01,0.02,0.03,0.03,0.05,0.06,0.08,0.1,0.12,0.15,0.18,0.22,0.25,0.28,0.32,0.35,0.39,0.41,0.44,0.46,0.48,0.49,0.5,0.5,0.5,0.49,0.48,0.47,0.45,0.42,0.4,0.37,0.35,0.32,0.3,0.29,0.28,0.27,0.28,0.29,0.31,0.34,0.37,0.4,0.44,0.48,0.52,0.56,0.6,0.63,0.66,0.7,0.76,0.86,1.0,1.24,1.62,2.19,3.04,4.25,5.96,8.29,11.39,15.41,20.49,26.75,34.27,43.06,53.06,64.1,75.92,88.15,100.33,111.95,122.46,131.3,138.01,142.2,143.63,142.21,138.03,131.33,122.5,112.04,100.47,88.36,76.26,64.62,53.85,44.23,35.96,29.16,23.85,19.99,17.53,16.34,16.31,17.29,19.14,21.67,24.73,28.11,31.62,35.06,38.21,40.88,42.93,44.2,44.63,44.18,42.87,40.79,38.04,34.77,31.16,27.38,23.58,19.9,16.47,13.36,10.62,8.28,6.33,4.74,3.48,2.5,1.77,1.22,0.83,0.55,0.36,0.23,0.14,0.09,0.05,0.03,0.02,0.01,0.01,0.0,0.0,0.0,0.0,0.0,0.0,0.0,0.0,0.0,0.0,0.0,0.0,0.0,0.0
0.0,0.0,0.0,0.0,0.0,0.0,0.0,0.0,0.0,0.0,0.0,0.0,0.0,0.0,0.0,0.0,0.0,0.0,0.0,0.0,0.0,0.0,0.0,0.0,0.0,0.0,0.0,0.0,0.0,0.0,0.0,0.0,0.0,0.0,0.0,0.0,0.0,0.0,0.0,0.0,0.0,0.0,0.0,0.0,0.0,0.0,0.0,0.0,0.0,0.0,0.0,0.0,0.0,0.0,0.0,0.0,0.0,0.0,0.0,0.0,0.0,0.0,0.0,0.0,0.0,0.0,0.0,0.0,0.0,0.0,0.0,0.0,0.0,0.0,0.0,0.0,0.0,0.0,0.0,0.0,0.0,0.0,0.0,0.0,0.0,0.0,0.0,0.0,0.0,0.0,0.0,0.0,0.0,0.0,0.0,0.0,0.0,0.0,0.0,0.0,0.0,0.0,0.0,0.0,0.0,0.0,0.0,0.0,0.0,0.0,0.0,0.0,0.0,0.0,0.0,0.0,0.0,0.0,0.0,0.0,0.0,0.0,0.0,0.0,0.0,0.0,0.0,0.0,0.0,0.0,0.0,0.0,0.0,0.0,0.0,0.0,0.0,0.0,0.0,0.0,0.0,0.0,0.0,0.0,0.01,0.01,0.01,0.02,0.03,0.04,0.06,0.07,0.1,0.13,0.16,0.2,0.24,0.29,0.34,0.4,0.45,0.51,0.56,0.62,0.66,0.7,0.74,0.77,0.78,0.8,0.8,0.8,0.79,0.77,0.74,0.71,0.68,0.64,0.6,0.56,0.52,0.49,0.46,0.44,0.44,0.44,0.46,0.49,0.54,0.59,0.65,0.71,0.77,0.83,0.89,0.94,0.99,1.03,1.07,1.12,1.21,1.35,1.57,1.94,2.51,3.36,4.59,6.34,8.73,11.92,16.06,21.32,27.79,35.58,44.69,55.05,66.49,78.74,91.42,104.06,116.1,126.99,136.17,143.12,147.47,148.95,147.47,143.14,136.2,127.05,116.2,104.21,91.67,79.13,67.09,55.96,46.05,37.56,30.61,25.24,21.43,19.11,18.17,18.48,19.9,22.27,25.41,29.12,33.19,37.39,41.49,45.23,48.42,50.84,52.36,52.87,52.33,50.79,48.32,45.06,41.19,36.92,32.43,27.93,23.58,19.51,15.82,12.58,9.81,7.49,5.61,4.12,2.97,2.09,1.45,0.98,0.65,0.42,0.27,0.17,0.1,0.06,0.04,0.02,0.01,0.01,0.0,0.0,0.0,0.0,0.0,0.0,0.0,0.0,0.0,0.0,0.0,0.0,0.0,0.0
0.0,0.0,0.0,0.0,0.0,0.0,0.0,0.0,0.0,0.0,0.0,0.0,0.0,0.0,0.0,0.0,0.0,0.0,0.0,0.0,0.0,0.0,0.0,0.0,0.0,0.0,0.0,0.0,0.0,0.0,0.0,0.0,0.0,0.0,0.0,0.0,0.0,0.0,0.0,0.0,0.0,0.0,0.0,0.0,0.0,0.0,0.0,0.0,0.0,0.0,0.0,0.0,0.0,0.0,0.0,0.0,0.0,0.0,0.0,0.0,0.0,0.0,0.0,0.0,0.0,0.0,0.0,0.0,0.0,0.0,0.0,0.0,0.0,0.0,0.0,0.0,0.0,0.0,0.0,0.0,0.0,0.0,0.0,0.0,0.0,0.0,0.0,0.0,0.0,0.0,0.0,0.0,0.0,0.0,0.0,0.0,0.0,0.0,0.0,0.0,0.0,0.0,0.0,0.0,0.0,0.0,0.0,0.0,0.0,0.0,0.0,0.0,0.0,0.0,0.0,0.0,0.0,0.0,0.0,0.0,0.0,0.0,0.0,0.0,0.0,0.0,0.0,0.0,0.0,0.0,0.0,0.0,0.0,0.0,0.0,0.0,0.0,0.0,0.0,0.0,0.0,0.0,0.0,0.01,0.01,0.02,0.02,0.03,0.05,0.06,0.09,0.12,0.15,0.2,0.25,0.31,0.38,0.46,0.54,0.62,0.71,0.8,0.88,0.96,1.04,1.1,1.15,1.2,1.23,1.25,1.26,1.25,1.23,1.2,1.17,1.12,1.06,1.0,0.94,0.87,0.81,0.76,0.72,0.69,0.68,0.69,0.72,0.77,0.84,0.92,1.01,1.11,1.21,1.3,1.39,1.47,1.53,1.58,1.62,1.67,1.73,1.85,2.05,2.39,2.93,3.76,4.99,6.74,9.15,12.39,16.61,21.97,28.59,36.56,45.89,56.5,68.23,80.79,93.8,106.75,119.11,130.28,139.69,146.82,151.28,152.8,151.29,146.84,139.72,130.34,119.22,106.93,94.08,81.24,68.92,57.54,47.43,38.81,31.8,26.45,22.75,20.62,19.97,20.66,22.56,25.49,29.26,33.66,38.44,43.36,48.14,52.5,56.21,59.03,60.79,61.39,60.77,58.97,56.11,52.32,47.83,42.87,37.66,32.43,27.38,22.65,18.38,14.61,11.39,8.7,6.52,4.79,3.44,2.43,1.68,1.14,0.76,0.49,0.32,0.2,0.12,0.07,0.04,0.02,0.01,0.01,0.0,0.0,0.0,0.0,0.0,0.0,0.0,0.0,0.0,0.0,0.0,0.0,0.0,0.0
0.0,0.0,0.0,0.0,0.0,0.0,0.0,0.0,0.0,0.0,0.0,0.0,0.0,0.0,0.0,0.0,0.0,0.0,0.0,0.0,0.0,0.0,0.0,0.0,0.0,0.0,0.0,0.0,0.0,0.0,0.0,0.0,0.0,0.0,0.0,0.0,0.0,0.0,0.0,0.0,0.0,0.0,0.0,0.0,0.0,0.0,0.0,0.0,0.0,0.0,0.0,0.0,0.0,0.0,0.0,0.0,0.0,0.0,0.0,0.0,0.0,0.0,0.0,0.0,0.0,0.0,0.0,0.0,0.0,0.0,0.0,0.0,0.0,0.0,0.0,0.0,0.0,0.0,0.0,0.0,0.0,0.0,0.0,0.0,0.0,0.0,0.0,0.0,0.0,0.0,0.0,0.0,0.0,0.0,0.0,0.0,0.0,0.0,0.0,0.0,0.0,0.0,0.0,0.0,0.0,0.0,0.0,0.0,0.0,0.0,0.0,0.0,0.0,0.0,0.0,0.0,0.0,0.0,0.0,0.0,0.0,0.0,0.0,0.0,0.0,0.0,0.0,0.0,0.0,0.0,0.0,0.0,0.0,0.0,0.0,0.0,0.0,0.0,0.0,0.0,0.0,0.0,0.01,0.01,0.02,0.02,0.03,0.05,0.07,0.1,0.13,0.18,0.24,0.3,0.38,0.48,0.58,0.7,0.83,0.96,1.09,1.23,1.36,1.48,1.59,1.69,1.77,1.84,1.89,1.92,1.93,1.92,1.89,1.85,1.79,1.72,1.63,1.54,1.44,1.34,1.25,1.17,1.1,1.06,1.05,1.07,1.11,1.19,1.29,1.41,1.55,1.7,1.85,2.0,2.13,2.24,2.33,2.39,2.43,2.46,2.5,2.58,2.74,3.03,3.52,4.3,5.48,7.19,9.59,12.82,17.06,22.46,29.15,37.21,46.66,57.42,69.31,82.05,95.24,108.39,120.93,132.27,141.82,149.06,153.59,155.13,153.6,149.08,141.86,132.34,121.05,108.58,95.55,82.53,70.06,58.56,48.36,39.7,32.71,27.45,23.9,22.0,21.67,22.78,25.17,28.67,33.08,38.16,43.66,49.3,54.76,59.74,63.97,67.19,69.2,69.87,69.17,67.13,63.87,59.56,54.45,48.8,42.87,36.92,31.16,25.79,20.92,16.63,12.97,9.91,7.42,5.45,3.92,2.77,1.91,1.3,0.86,0.56,0.36,0.22,0.14,0.08,0.05,0.03,0.02,0.01,0.0,0.0,0.0,0.0,0.0,0.0,0.0,0.0,0.0,0.0,0.0,0.0,0.0,0.0
0.0,0.0,0.0,0.0,0.0,0.0,0.0,0.0,0.0,0.0,0.0,0.0,0.0,0.0,0.0,0.0,0.0,0.0,0.0,0.0,0.0,0.0,0.0,0.0,0.0,0.0,0.0,0.0,0.0,0.0,0.0,0.0,0.0,0.0,0.0,0.0,0.0,0.0,0.0,0.0,0.0,0.0,0.0,0.0,0.0,0.0,0.0,0.0,0.0,0.0,0.0,0.0,0.0,0.0,0.0,0.0,0.0,0.0,0.0,0.0,0.0,0.0,0.0,0.0,0.0,0.0,0.0,0.0,0.0,0.0,0.0,0.0,0.0,0.0,0.0,0.0,0.0,0.0,0.0,0.0,0.0,0.0,0.0,0.0,0.0,0.0,0.0,0.0,0.0,0.0,0.0,0.0,0.0,0.0,0.0,0.0,0.0,0.0,0.0,0.0,0.0,0.0,0.0,0.0,0.0,0.0,0.0,0.0,0.0,0.0,0.0,0.0,0.0,0.0,0.0,0.0,0.0,0.0,0.0,0.0,0.0,0.0,0.0,0.0,0.0,0.0,0.0,0.0,0.0,0.0,0.0,0.0,0.0,0.0,0.0,0.0,0.0,0.0,0.0,0.0,0.0,0.01,0.01,0.02,0.02,0.03,0.05,0.07,0.11,0.15,0.2,0.27,0.35,0.46,0.58,0.72,0.88,1.05,1.24,1.44,1.64,1.85,2.04,2.23,2.39,2.54,2.67,2.77,2.84,2.88,2.9,2.89,2.85,2.78,2.69,2.58,2.45,2.31,2.16,2.01,1.88,1.76,1.66,1.6,1.58,1.6,1.67,1.78,1.94,2.12,2.33,2.56,2.79,3.0,3.2,3.36,3.48,3.56,3.6,3.61,3.62,3.64,3.73,3.93,4.34,5.03,6.12,7.76,10.08,13.25,17.44,22.81,29.48,37.54,47.0,57.78,69.71,82.5,95.75,108.96,121.55,132.94,142.54,149.82,154.36,155.91,154.37,149.84,142.58,133.01,121.67,109.15,96.07,83.01,70.51,59.0,48.82,40.21,33.31,28.19,24.84,23.21,23.22,24.73,27.61,31.67,36.7,42.45,48.63,54.95,61.07,66.64,71.37,74.96,77.21,77.97,77.19,74.91,71.26,66.46,60.76,54.45,47.83,41.19,34.77,28.77,23.34,18.56,14.47,11.05,8.28,6.08,4.38,3.09,2.14,1.45,0.96,0.63,0.4,0.25,0.15,0.09,0.05,0.03,0.02,0.01,0.01,0.0,0.0,0.0,0.0,0.0,0.0,0.0,0.0,0.0,0.0,0.0,0.0,0.0
0.0,0.0,0.0,0.0,0.0,0.0,0.0,0.0,0.0,0.0,0.0,0.0,0.0,0.0,0.0,0.0,0.0,0.0,0.0,0.0,0.0,0.0,0.0,0.0,0.0,0.0,0.0,0.0,0.0,0.0,0.0,0.0,0.0,0.0,0.0,0.0,0.0,0.0,0.0,0.0,0.0,0.0,0.0,0.0,0.0,0.0,0.0,0.0,0.0,0.0,0.0,0.0,0.0,0.0,0.0,0.0,0.0,0.0,0.0,0.0,0.0,0.0,0.0,0.0,0.0,0.0,0.0,0.0,0.0,0.0,0.0,0.0,0.0,0.0,0.0,0.0,0.0,0.0,0.0,0.0,0.0,0.0,0.0,0.0,0.0,0.0,0.0,0.0,0.0,0.0,0.0,0.0,0.0,0.0,0.0,0.0,0.0,0.0,0.0,0.0,0.0,0.0,0.0,0.0,0.0,0.0,0.0,0.0,0.0,0.0,0.0,0.0,0.0,0.0,0.0,0.0,0.0,0.0,0.0,0.0,0.0,0.0,0.0,0.0,0.0,0.0,0.0,0.0,0.0,0.0,0.0,0.0,0.0,0.0,0.0,0.0,0.0,0.0,0.0,0.0,0.01,0.01,0.01,0.02,0.03,0.05,0.08,0.11,0.16,0.22,0.3,0.4,0.52,0.67,0.85,1.06,1.3,1.56,1.83,2.13,2.43,2.72,3.01,3.28,3.53,3.75,3.93,4.08,4.19,4.25,4.28,4.26,4.2,4.1,3.97,3.81,3.62,3.41,3.19,2.97,2.77,2.59,2.45,2.36,2.33,2.36,2.46,2.63,2.86,3.13,3.44,3.78,4.11,4.43,4.71,4.95,5.12,5.22,5.26,5.24,5.19,5.13,5.11,5.2,5.47,6.03,6.98,8.48,10.66,13.71,17.78,23.03,29.6,37.55,46.91,57.6,69.45,82.15,95.31,108.44,120.97,132.29,141.84,149.07,153.59,155.13,153.6,149.09,141.87,132.36,121.08,108.63,95.63,82.66,70.25,58.85,48.78,40.31,33.58,28.65,25.53,24.19,24.53,26.45,29.78,34.36,39.95,46.3,53.12,60.06,66.77,72.88,78.06,81.99,84.45,85.28,84.43,81.94,77.95,72.7,66.46,59.56,52.32,45.06,38.04,31.47,25.53,20.3,15.82,12.09,9.06,6.65,4.79,3.38,2.34,1.58,1.05,0.69,0.44,0.27,0.17,0.1,0.06,0.03,0.02,0.01,0.01,0.0,0.0,0.0,0.0,0.0,0.0,0.0,0.0,0.0,0.0,0.0,0.0,0.0
0.0,0.0,0.0,0.0,0.0,0.0,0.0,0.0,0.0,0.0,0.0,0.0,0.0,0.0,0.0,0.0,0.0,0.0,0.0,0.0,0.0,0.0,0.0,0.0,0.0,0.0,0.0,0.0,0.0,0.0,0.0,0.0,0.0,0.0,0.0,0.0,0.0,0.0,0.0,0.0,0.0,0.0,0.0,0.0,0.0,0.0,0.0,0.0,0.0,0.0,0.0,0.0,0.0,0.0,0.0,0.0,0.0,0.0,0.0,0.0,0.0,0.0,0.0,0.0,0.0,0.0,0.0,0.0,0.0,0.0,0.0,0.0,0.0,0.0,0.0,0.0,0.0,0.0,0.0,0.0,0.0,0.0,0.0,0.0,0.0,0.0,0.0,0.0,0.0,0.0,0.0,0.0,0.0,0.0,0.0,0.0,0.0,0.0,0.0,0.0,0.0,0.0,0.0,0.0,0.0,0.0,0.0,0.0,0.0,0.0,0.0,0.0,0.0,0.0,0.0,0.0,0.0,0.0,0.0,0.0,0.0,0.0,0.0,0.0,0.0,0.0,0.0,0.0,0.0,0.0,0.0,0.0,0.0,0.0,0.0,0.0,0.0,0.0,0.0,0.0,0.01,0.01,0.02,0.03,0.05,0.07,0.11,0.16,0.23,0.31,0.43,0.57,0.76,0.97,1.23,1.54,1.88,2.25,2.65,3.08,3.51,3.94,4.36,4.75,5.11,5.42,5.69,5.9,6.05,6.15,6.18,6.16,6.07,5.93,5.74,5.5,5.23,4.93,4.61,4.3,4.0,3.75,3.54,3.42,3.37,3.42,3.56,3.8,4.13,4.53,4.98,5.46,5.94,6.4,6.81,7.14,7.38,7.52,7.55,7.49,7.36,7.18,7.02,6.94,7.03,7.39,8.14,9.42,11.4,14.24,18.11,23.16,29.52,37.27,46.42,56.9,68.52,81.0,93.94,106.85,119.18,130.32,139.72,146.84,151.29,152.81,151.3,146.86,139.75,130.38,119.28,107.02,94.23,81.48,69.29,58.1,48.26,40.0,33.49,28.8,25.94,24.88,25.54,27.82,31.56,36.59,42.67,49.54,56.89,64.35,71.56,78.13,83.69,87.91,90.55,91.44,90.53,87.85,83.58,77.95,71.26,63.86,56.1,48.31,40.78,33.75,27.38,21.77,16.97,12.97,9.71,7.13,5.13,3.62,2.5,1.7,1.13,0.74,0.47,0.29,0.18,0.11,0.06,0.04,0.02,0.01,0.01,0.0,0.0,0.0,0.0,0.0,0.0,0.0,0.0,0.0,0.0,0.0,0.0,0.0
0.0,0.0,0.0,0.0,0.0,0.0,0.0,0.0,0.0,0.0,0.0,0.0,0.0,0.0,0.0,0.0,0.01,0.01,0.02,0.02,0.02,0.02,0.02,0.01,0.01,0.0,0.0,0.0,0.0,0.0,0.0,0.0,0.0,0.0,0.0,0.0,0.0,0.0,0.0,0.0,0.0,0.0,0.0,0.0,0.0,0.0,0.0,0.0,0.0,0.0,0.0,0.0,0.0,0.0,0.0,0.0,0.0,0.0,0.0,0.0,0.0,0.0,0.0,0.0,0.0,0.0,0.0,0.0,0.0,0.0,0.0,0.0,0.0,0.0,0.0,0.0,0.0,0.0,0.0,0.0,0.0,0.0,0.0,0.0,0.0,0.0,0.0,0.0,0.0,0.0,0.0,0.0,0.0,0.0,0.0,0.0,0.0,0.0,0.0,0.0,0.0,0.0,0.0,0.0,0.0,0.0,0.0,0.0,0.0,0.0,0.0,0.0,0.0,0.0,0.0,0.0,0.0,0.0,0.0,0.0,0.0,0.0,0.0,0.0,0.0,0.0,0.0,0.0,0.0,0.0,0.0,0.0,0.0,0.0,0.0,0.0,0.0,0.0,0.0,0.01,0.01,0.02,0.03,0.05,0.07,0.1,0.16,0.22,0.32,0.44,0.61,0.81,1.07,1.38,1.75,2.18,2.66,3.19,3.76,4.36,4.97,5.58,6.17,6.73,7.24,7.69,8.06,8.36,8.58,8.71,8.76,8.73,8.61,8.41,8.14,7.8,7.41,6.98,6.53,6.09,5.67,5.31,5.02,4.84,4.78,4.85,5.05,5.39,5.85,6.42,7.06,7.74,8.42,9.07,9.64,10.11,10.45,10.63,10.66,10.54,10.29,9.96,9.61,9.3,9.13,9.21,9.68,10.68,12.37,14.92,18.49,23.24,29.29,36.73,45.55,55.68,66.95,79.07,91.65,104.21,116.21,127.06,136.21,143.15,147.49,148.96,147.49,143.16,136.23,127.1,116.28,104.35,91.89,79.48,67.63,56.77,47.23,39.27,33.04,28.62,26.03,25.24,26.2,28.78,32.85,38.24,44.71,51.98,59.73,67.6,75.2,82.11,87.95,92.4,95.17,96.11,95.15,92.34,87.85,81.93,74.9,67.13,58.97,50.78,42.87,35.47,28.77,22.88,17.83,13.63,10.21,7.49,5.39,3.81,2.63,1.78,1.19,0.77,0.49,0.31,0.19,0.11,0.07,0.04,0.02,0.01,0.01,0.0,0.0,0.0,0.0,0.0,0.0,0.0,0.0,0.0,0.0,0.0,0.0,0.0
0.0,0.0,0.0,0.0,0.0,0.0,0.0,0.0,0.0,0.0,0.0,0.0,0.0,0.0,0.01,0.02,0.03,0.05,0.06,0.08,0.08,0.08,0.06,0.05,0.03,0.02,0.01,0.0,0.0,0.0,0.0,0.0,0.0,0.0,0.0,0.0,0.0,0.0,0.0,0.0,0.0,0.0,0.0,0.0,0.0,0.0,0.0,0.0,0.0,0.0,0.0,0.0,0.0,0.0,0.0,0.0,0.0,0.0,0.0,0.0,0.0,0.0,0.0,0.0,0.0,0.0,0.0,0.0,0.0,0.0,0.0,0.0,0.0,0.0,0.0,0.0,0.0,0.0,0.0,0.0,0.0,0.0,0.0,0.0,0.0,0.0,0.0,0.0,0.0,0.0,0.0,0.0,0.0,0.0,0.0,0.0,0.0,0.0,0.0,0.0,0.0,0.0,0.0,0.0,0.0,0.0,0.0,0.0,0.0,0.0,0.0,0.0,0.0,0.0,0.0,0.0,0.0,0.0,0.0,0.0,0.0,0.0,0.0,0.0,0.0,0.0,0.0,0.0,0.0,0.0,0.0,0.0,0.0,0.0,0.0,0.0,0.0,0.0,0.01,0.01,0.02,0.03,0.04,0.06,0.1,0.15,0.22,0.31,0.44,0.62,0.84,1.13,1.49,1.92,2.43,3.02,3.69,4.43,5.22,6.06,6.91,7.76,8.58,9.35,10.06,10.68,11.2,11.62,11.92,12.11,12.18,12.12,11.96,11.68,11.31,10.84,10.3,9.7,9.08,8.46,7.88,7.38,6.98,6.73,6.64,6.73,7.02,7.49,8.13,8.92,9.8,10.75,11.7,12.6,13.4,14.04,14.5,14.75,14.77,14.57,14.18,13.64,13.02,12.41,11.9,11.63,11.72,12.33,13.63,15.79,18.96,23.31,28.95,35.95,44.33,53.99,64.77,76.4,88.48,100.56,112.11,122.56,131.37,138.05,142.23,143.65,142.23,138.05,131.37,122.57,112.14,100.64,88.64,76.69,65.29,54.86,45.72,38.12,32.21,28.09,25.77,25.24,26.44,29.26,33.58,39.22,45.94,53.48,61.5,69.62,77.46,84.59,90.62,95.2,98.06,99.03,98.04,95.14,90.52,84.42,77.18,69.16,60.76,52.32,44.17,36.55,29.65,23.58,18.38,14.04,10.52,7.72,5.56,3.92,2.71,1.84,1.22,0.8,0.51,0.32,0.2,0.12,0.07,0.04,0.02,0.01,0.01,0.0,0.0,0.0,0.0,0.0,0.0,0.0,0.0,0.0,0.0,0.0,0.0,0.0
0.0,0.0,0.0,0.0,0.0,0.0,0.0,0.0,0.0,0.0,0.0,0.0,0.01,0.02,0.03,0.06,0.11,0.17,0.22,0.26,0.28,0.26,0.22,0.17,0.11,0.06,0.03,0.02,0.01,0.0,0.0,0.0,0.0,0.0,0.0,0.0,0.0,0.0,0.0,0.0,0.0,0.0,0.0,0.0,0.0,0.0,0.0,0.0,0.0,0.0,0.0,0.0,0.0,0.0,0.0,0.0,0.0,0.0,0.0,0.0,0.0,0.0,0.0,0.0,0.0,0.0,0.0,0.0,0.0,0.0,0.0,0.0,0.0,0.0,0.0,0.0,0.0,0.0,0.0,0.0,0.0,0.0,0.0,0.0,0.0,0.0,0.0,0.0,0.0,0.0,0.0,0.0,0.0,0.0,0.0,0.0,0.0,0.0,0.0,0.0,0.0,0.0,0.0,0.0,0.0,0.0,0.0,0.0,0.0,0.0,0.0,0.0,0.0,0.0,0.0,0.0,0.0,0.0,0.0,0.0,0.0,0.0,0.0,0.0,0.0,0.0,0.0,0.0,0.0,0.0,0.0,0.0,0.0,0.0,0.0,0.0,0.0,0.0,0.01,0.01,0.02,0.03,0.05,0.09,0.13,0.2,0.29,0.42,0.6,0.84,1.15,1.54,2.03,2.61,3.31,4.12,5.03,6.03,7.11,8.25,9.41,10.56,11.68,12.74,13.7,14.54,15.26,15.83,16.24,16.49,16.58,16.51,16.29,15.91,15.4,14.76,14.02,13.21,12.36,11.52,10.73,10.05,9.51,9.16,9.04,9.17,9.56,10.2,11.07,12.14,13.35,14.64,15.93,17.16,18.24,19.12,19.74,20.06,20.07,19.77,19.19,18.39,17.44,16.43,15.49,14.75,14.35,14.47,15.27,16.92,19.59,23.43,28.54,34.99,42.8,51.87,62.04,73.04,84.5,95.97,106.94,116.88,125.27,131.63,135.6,136.95,135.59,131.61,125.24,116.86,106.92,95.96,84.53,73.16,62.31,52.4,43.74,36.56,31.03,27.22,25.17,24.86,26.25,29.23,33.7,39.46,46.3,53.95,62.07,70.29,78.22,85.42,91.52,96.15,99.04,100.02,99.02,96.1,91.42,85.26,77.95,69.85,61.37,52.85,44.61,36.92,29.94,23.81,18.56,14.18,10.62,7.8,5.61,3.96,2.74,1.86,1.23,0.8,0.51,0.32,0.2,0.12,0.07,0.04,0.02,0.01,0.01,0.0,0.0,0.0,0.0,0.0,0.0,0.0,0.0,0.0,0.0,0.0,0.0,0.0
0.0,0.0,0.0,0.0,0.0,0.0,0.0,0.0,0.0,0.0,0.0,0.01,0.02,0.05,0.1,0.2,0.33,0.5,0.68,0.81,0.86,0.81,0.68,0.5,0.33,0.2,0.1,0.05,0.02,0.01,0.0,0.0,0.0,0.0,0.0,0.0,0.0,0.0,0.0,0.0,0.0,0.0,0.0,0.0,0.0,0.0,0.0,0.0,0.0,0.0,0.0,0.0,0.0,0.0,0.0,0.0,0.0,0.0,0.0,0.0,0.0,0.0,0.0,0.0,0.0,0.0,0.0,0.0,0.0,0.0,0.0,0.0,0.0,0.0,0.0,0.0,0.0,0.0,0.0,0.0,0.0,0.0,0.0,0.0,0.0,0.0,0.0,0.0,0.0,0.0,0.0,0.0,0.0,0.0,0.0,0.0,0.0,0.0,0.0,0.0,0.0,0.0,0.0,0.0,0.0,0.0,0.0,0.0,0.0,0.0,0.0,0.0,0.0,0.0,0.0,0.0,0.0,0.0,0.0,0.0,0.0,0.0,0.0,0.0,0.0,0.0,0.0,0.0,0.0,0.0,0.0,0.0,0.0,0.0,0.0,0.0,0.0,0.01,0.01,0.02,0.03,0.05,0.07,0.11,0.18,0.27,0.39,0.57,0.81,1.12,1.53,2.06,2.7,3.49,4.42,5.5,6.72,8.06,9.5,11.01,12.56,14.1,15.6,17.0,18.29,19.42,20.37,21.13,21.68,22.02,22.14,22.05,21.75,21.25,20.56,19.71,18.72,17.64,16.51,15.38,14.33,13.41,12.69,12.23,12.07,12.24,12.76,13.62,14.78,16.21,17.82,19.54,21.27,22.9,24.35,25.52,26.34,26.76,26.76,26.33,25.52,24.38,23.0,21.5,20.01,18.69,17.69,17.19,17.37,18.4,20.44,23.64,28.11,33.9,41.01,49.37,58.81,69.06,79.77,90.51,100.81,110.14,118.02,124.0,127.73,129.0,127.72,123.96,117.97,110.07,100.71,90.4,79.64,68.94,58.75,49.44,41.33,34.63,29.49,26.01,24.21,24.1,25.61,28.68,33.18,38.94,45.76,53.36,61.42,69.58,77.43,84.57,90.61,95.19,98.06,99.02,98.04,95.14,90.52,84.42,77.18,69.16,60.76,52.32,44.17,36.55,29.65,23.58,18.38,14.04,10.52,7.72,5.56,3.92,2.71,1.84,1.22,0.8,0.51,0.32,0.2,0.12,0.07,0.04,0.02,0.01,0.01,0.0,0.0,0.0,0.0,0.0,0.0,0.0,0.0,0.0,0.0,0.0,0.0,0.0
0.0,0.0,0.0,0.0,0.0,0.0,0.0,0.0,0.0,0.0,0.01,0.02,0.05,0.13,0.28,0.53,0.91,1.37,1.84,2.19,2.32,2.19,1.84,1.37,0.91,0.53,0.28,0.13,0.05,0.02,0.01,0.0,0.0,0.0,0.0,0.0,0.0,0.0,0.0,0.0,0.0,0.0,0.0,0.0,0.0,0.0,0.0,0.0,0.0,0.0,0.0,0.0,0.0,0.0,0.0,0.0,0.0,0.0,0.0,0.0,0.0,0.0,0.0,0.0,0.0,0.0,0.0,0.0,0.0,0.0,0.0,0.0,0.0,0.0,0.0,0.0,0.0,0.0,0.0,0.0,0.0,0.0,0.0,0.0,0.0,0.0,0.0,0.0,0.0,0.0,0.0,0.0,0.0,0.0,0.0,0.0,0.0,0.0,0.0,0.0,0.0,0.0,0.0,0.0,0.0,0.0,0.0,0.0,0.0,0.0,0.0,0.0,0.0,0.0,0.0,0.0,0.0,0.0,0.0,0.0,0.0,0.0,0.0,0.0,0.0,0.0,0.0,0.0,0.0,0.0,0.0,0.0,0.0,0.0,0.0,0.0,0.0,0.01,0.01,0.02,0.04,0.06,0.1,0.15,0.23,0.35,0.51,0.74,1.05,1.47,2.01,2.69,3.54,4.57,5.79,7.2,8.79,10.54,12.43,14.41,16.44,18.46,20.41,22.25,23.94,25.41,26.66,27.65,28.37,28.81,28.97,28.85,28.46,27.81,26.91,25.79,24.5,23.08,21.6,20.13,18.75,17.55,16.61,16.0,15.79,16.02,16.7,17.82,19.35,21.22,23.33,25.58,27.83,29.97,31.86,33.39,34.46,35.0,34.98,34.4,33.3,31.75,29.85,27.75,25.59,23.55,21.81,20.56,19.98,20.26,21.56,24.01,27.72,32.73,39.05,46.58,55.17,64.56,74.41,84.33,93.84,102.48,109.78,115.32,118.79,119.95,118.76,115.27,109.69,102.35,93.65,84.07,74.07,64.14,54.68,46.05,38.54,32.36,27.65,24.5,22.94,22.98,24.57,27.63,32.06,37.7,44.35,51.75,59.58,67.51,75.14,82.07,87.93,92.39,95.17,96.11,95.15,92.34,87.85,81.93,74.9,67.13,58.97,50.78,42.87,35.47,28.77,22.88,17.83,13.63,10.21,7.49,5.39,3.81,2.63,1.78,1.19,0.77,0.49,0.31,0.19,0.11,0.07,0.04,0.02,0.01,0.01,0.0,0.0,0.0,0.0,0.0,0.0,0.0,0.0,0.0,0.0,0.0,0.0,0.0
0.0,0.0,0.0,0.0,0.0,0.0,0.0,0.0,0.0,0.0,0.02,0.05,0.13,0.32,0.68,1.29,2.19,3.31,4.44,5.29,5.61,5.29,4.44,3.31,2.19,1.29,0.68,0.32,0.13,0.05,0.02,0.0,0.0,0.0,0.0,0.0,0.0,0.0,0.0,0.0,0.0,0.0,0.0,0.0,0.0,0.0,0.0,0.0,0.0,0.0,0.0,0.0,0.0,0.0,0.0,0.0,0.0,0.0,0.0,0.0,0.0,0.0,0.0,0.0,0.0,0.0,0.0,0.0,0.0,0.0,0.0,0.0,0.0,0.0,0.0,0.0,0.0,0.0,0.0,0.0,0.0,0.0,0.0,0.0,0.0,0.0,0.0,0.0,0.0,0.0,0.0,0.0,0.0,0.0,0.0,0.0,0.0,0.0,0.0,0.0,0.0,0.0,0.0,0.0,0.0,0.0,0.0,0.0,0.0,0.0,0.0,0.0,0.0,0.0,0.0,0.0,0.0,0.0,0.0,0.0,0.0,0.0,0.0,0.0,0.0,0.0,0.0,0.0,0.0,0.0,0.0,0.0,0.0,0.0,0.0,0.0,0.01,0.01,0.02,0.03,0.05,0.08,0.12,0.19,0.3,0.45,0.66,0.95,1.35,1.89,2.58,3.45,4.54,5.86,7.42,9.23,11.27,13.53,15.95,18.49,21.09,23.68,26.19,28.55,30.71,32.6,34.2,35.47,36.4,36.96,37.17,37.02,36.51,35.67,34.52,33.09,31.43,29.62,27.72,25.83,24.06,22.52,21.31,20.53,20.26,20.55,21.42,22.86,24.82,27.22,29.93,32.81,35.71,38.45,40.87,42.83,44.2,44.89,44.85,44.08,42.64,40.59,38.07,35.25,32.29,29.4,26.78,24.64,23.18,22.58,23.0,24.58,27.42,31.55,36.96,43.57,51.21,59.65,68.56,77.56,86.22,94.1,100.76,105.82,108.98,110.04,108.94,105.74,100.62,93.89,85.91,77.12,67.96,58.86,50.19,42.3,35.44,29.81,25.54,22.73,21.39,21.54,23.14,26.12,30.39,35.79,42.14,49.2,56.67,64.22,71.48,78.08,83.66,87.89,90.54,91.44,90.52,87.85,83.58,77.95,71.26,63.86,56.1,48.31,40.78,33.75,27.38,21.77,16.97,12.97,9.71,7.13,5.13,3.62,2.5,1.7,1.13,0.74,0.47,0.29,0.18,0.11,0.06,0.04,0.02,0.01,0.01,0.0,0.0,0.0,0.0,0.0,0.0,0.0,0.0,0.0,0.0,0.0,0.0,0.0
0.0,0.0,0.0,0.0,0.0,0.0,0.0,0.0,0.0,0.01,0.03,0.1,0.28,0.68,1.45,2.77,4.71,7.1,9.53,11.36,12.05,11.36,9.53,7.1,4.71,2.77,1.45,0.68,0.28,0.1,0.03,0.01,0.0,0.0,0.0,0.0,0.0,0.0,0.0,0.0,0.0,0.0,0.0,0.0,0.0,0.0,0.0,0.0,0.0,0.0,0.0,0.0,0.0,0.0,0.0,0.0,0.0,0.0,0.0,0.0,0.0,0.0,0.0,0.0,0.0,0.0,0.0,0.0,0.0,0.0,0.0,0.0,0.0,0.0,0.0,0.0,0.0,0.0,0.0,0.0,0.0,0.0,0.0,0.0,0.0,0.0,0.0,0.0,0.0,0.0,0.0,0.0,0.0,0.0,0.0,0.0,0.0,0.0,0.0,0.0,0.0,0.0,0.0,0.0,0.0,0.0,0.0,0.0,0.0,0.0,0.0,0.0,0.0,0.0,0.0,0.0,0.0,0.0,0.0,0.0,0.0,0.0,0.0,0.0,0.0,0.0,0.0,0.0,0.0,0.0,0.0,0.0,0.0,0.0,0.0,0.0,0.01,0.01,0.02,0.04,0.06,0.1,0.15,0.24,0.37,0.56,0.83,1.2,1.7,2.37,3.24,4.34,5.71,7.37,9.34,11.61,14.18,17.01,20.06,23.25,26.52,29.78,32.93,35.91,38.62,41.0,43.01,44.61,45.77,46.49,46.75,46.55,45.92,44.86,43.41,41.61,39.53,37.24,34.86,32.48,30.26,28.32,26.8,25.82,25.48,25.85,26.94,28.75,31.22,34.23,37.64,41.26,44.9,48.35,51.4,53.86,55.57,56.43,56.37,55.39,53.54,50.92,47.68,44.01,40.12,36.25,32.61,29.45,26.97,25.36,24.8,25.41,27.27,30.42,34.85,40.45,47.07,54.47,62.36,70.38,78.13,85.19,91.18,95.73,98.57,99.52,98.51,95.61,90.99,84.9,77.69,69.74,61.46,53.24,45.42,38.29,32.11,27.06,23.24,20.75,19.62,19.85,21.41,24.24,28.26,33.32,39.26,45.86,52.83,59.88,66.66,72.81,78.02,81.97,84.44,85.27,84.42,81.93,77.95,72.7,66.46,59.56,52.32,45.06,38.04,31.47,25.53,20.3,15.82,12.09,9.06,6.65,4.79,3.38,2.34,1.58,1.05,0.69,0.44,0.27,0.17,0.1,0.06,0.03,0.02,0.01,0.01,0.0,0.0,0.0,0.0,0.0,0.0,0.0,0.0,0.0,0.0,0.0,0.0,0.0
0.0,0.0,0.0,0.0,0.0,0.0,0.0,0.0,0.0,0.02,0.06,0.2,0.53,1.29,2.77,5.29,8.98,13.56,18.19,21.69,23.01,21.69,18.19,13.56,8.98,5.29,2.77,1.29,0.53,0.2,0.06,0.02,0.0,0.0,0.0,0.0,0.0,0.0,0.0,0.0,0.0,0.0,0.0,0.0,0.0,0.0,0.0,0.0,0.0,0.0,0.0,0.0,0.0,0.0,0.0,0.0,0.0,0.0,0.0,0.0,0.0,0.0,0.0,0.0,0.0,0.0,0.0,0.0,0.0,0.0,0.0,0.0,0.0,0.0,0.0,0.0,0.0,0.0,0.0,0.0,0.0,0.0,0.0,0.0,0.0,0.0,0.0,0.0,0.0,0.0,0.0,0.0,0.0,0.0,0.0,0.0,0.0,0.0,0.0,0.0,0.0,0.0,0.0,0.0,0.0,0.0,0.0,0.0,0.0,0.0,0.0,0.0,0.0,0.0,0.0,0.0,0.0,0.0,0.0,0.0,0.0,0.0,0.0,0.0,0.0,0.0,0.0,0.0,0.0,0.0,0.0,0.0,0.0,0.0,0.0,0.0,0.01,0.01,0.03,0.04,0.07,0.12,0.19,0.3,0.46,0.69,1.02,1.48,2.1,2.92,3.99,5.35,7.04,9.09,11.51,14.31,17.48,20.97,24.73,28.67,32.7,36.71,40.6,44.26,47.61,50.55,53.03,55.0,56.43,57.31,57.63,57.39,56.61,55.3,53.52,51.3,48.73,45.91,42.97,40.04,37.3,34.91,33.04,31.83,31.41,31.86,33.21,35.45,38.48,42.2,46.4,50.87,55.36,59.61,63.36,66.39,68.5,69.56,69.47,68.25,65.94,62.67,58.61,53.98,49.04,44.05,39.27,34.95,31.33,28.61,26.96,26.49,27.3,29.4,32.77,37.3,42.85,49.18,56.0,63.0,69.8,76.02,81.3,85.32,87.82,88.66,87.76,85.17,81.04,75.62,69.2,62.12,54.75,47.43,40.47,34.14,28.66,24.18,20.81,18.64,17.69,17.96,19.44,22.07,25.77,30.42,35.87,41.9,48.29,54.73,60.93,66.56,71.32,74.94,77.2,77.96,77.18,74.91,71.26,66.46,60.76,54.45,47.83,41.19,34.77,28.78,23.34,18.56,14.47,11.05,8.28,6.08,4.38,3.09,2.14,1.45,0.96,0.63,0.4,0.25,0.15,0.09,0.05,0.03,0.02,0.01,0.01,0.0,0.0,0.0,0.0,0.0,0.0,0.0,0.0,0.0,0.0,0.0,0.0,0.0
0.0,0.0,0.0,0.0,0.0,0.0,0.0,0.0,0.01,0.03,0.11,0.33,0.91,2.19,4.71,8.98,15.25,23.01,30.87,36.82,39.05,36.82,30.87,23.01,15.25,8.98,4.71,2.19,0.91,0.33,0.11,0.03,0.01,0.0,0.0,0.0,0.0,0.0,0.0,0.0,0.0,0.0,0.0,0.0,0.0,0.0,0.0,0.0,0.0,0.0,0.0,0.0,0.0,0.0,0.0,0.0,0.0,0.0,0.0,0.0,0.0,0.0,0.0,0.0,0.0,0.0,0.0,0.0,0.0,0.0,0.0,0.0,0.0,0.0,0.0,0.0,0.0,0.0,0.0,0.0,0.0,0.0,0.0,0.0,0.0,0.0,0.0,0.0,0.0,0.0,0.0,0.0,0.0,0.0,0.0,0.0,0.0,0.0,0.0,0.0,0.0,0.0,0.0,0.0,0.0,0.0,0.0,0.0,0.0,0.0,0.0,0.0,0.0,0.0,0.0,0.0,0.0,0.0,0.0,0.0,0.0,0.0,0.0,0.0,0.0,0.0,0.0,0.0,0.0,0.0,0.0,0.0,0.0,0.0,0.0,0.01,0.01,0.02,0.03,0.05,0.09,0.14,0.23,0.36,0.55,0.83,1.23,1.78,2.54,3.53,4.83,6.47,8.51,10.98,13.91,17.3,21.12,25.34,29.88,34.64,39.51,44.36,49.06,53.49,57.53,61.08,64.08,66.46,68.19,69.25,69.64,69.35,68.41,66.83,64.67,62.0,58.89,55.49,51.93,48.39,45.08,42.19,39.93,38.47,37.96,38.5,40.14,42.84,46.51,50.99,56.07,61.47,66.9,72.03,76.57,80.23,82.78,84.04,83.94,82.44,79.62,75.63,70.67,65.0,58.91,52.69,46.65,41.08,36.21,32.28,29.46,27.85,27.54,28.54,30.8,34.23,38.67,43.9,49.65,55.61,61.45,66.81,71.38,74.87,77.04,77.76,76.96,74.68,71.06,66.3,60.67,54.47,48.01,41.6,35.5,29.96,25.17,21.26,18.33,16.46,15.67,15.96,17.32,19.71,23.04,27.23,32.12,37.54,43.27,49.05,54.6,59.65,63.92,67.16,69.18,69.86,69.17,67.13,63.86,59.56,54.45,48.8,42.87,36.92,31.16,25.79,20.92,16.63,12.97,9.91,7.42,5.45,3.92,2.77,1.91,1.3,0.86,0.56,0.36,0.22,0.14,0.08,0.05,0.03,0.02,0.01,0.0,0.0,0.0,0.0,0.0,0.0,0.0,0.0,0.0,0.0,0.0,0.0,0.0,0.0
0.0,0.0,0.0,0.0,0.0,0.0,0.0,0.0,0.01,0.05,0.17,0.5,1.37,3.31,7.1,13.56,23.01,34.72,46.58,55.56,58.92,55.56,46.58,34.72,23.01,13.56,7.1,3.31,1.37,0.5,0.17,0.05,0.01,0.0,0.0,0.0,0.0,0.0,0.0,0.0,0.0,0.0,0.0,0.0,0.0,0.0,0.0,0.0,0.0,0.0,0.0,0.0,0.0,0.0,0.0,0.0,0.0,0.0,0.0,0.0,0.0,0.0,0.0,0.0,0.0,0.0,0.0,0.0,0.0,0.0,0.0,0.0,0.0,0.0,0.0,0.0,0.0,0.0,0.0,0.0,0.0,0.0,0.0,0.0,0.0,0.0,0.0,0.0,0.0,0.0,0.0,0.0,0.0,0.0,0.0,0.0,0.0,0.0,0.0,0.0,0.0,0.0,0.0,0.0,0.0,0.0,0.0,0.0,0.0,0.0,0.0,0.0,0.0,0.0,0.0,0.0,0.0,0.0,0.0,0.0,0.0,0.0,0.0,0.0,0.0,0.0,0.0,0.0,0.0,0.0,0.0,0.0,0.0,0.0,0.0,0.01,0.01,0.02,0.04,0.06,0.1,0.17,0.27,0.43,0.66,0.99,1.46,2.11,3.0,4.18,5.72,7.66,10.08,13.01,16.48,20.49,25.02,30.02,35.4,41.04,46.81,52.55,58.12,63.37,68.15,72.36,75.91,78.73,80.78,82.04,82.5,82.15,81.04,79.17,76.61,73.44,69.76,65.73,61.51,57.33,53.4,49.98,47.3,45.57,44.97,45.61,47.55,50.74,55.09,60.4,66.42,72.82,79.24,85.33,90.7,95.04,98.05,99.55,99.41,97.63,94.28,89.52,83.59,76.8,69.47,61.95,54.58,47.67,41.5,36.29,32.24,29.45,27.98,27.85,29.0,31.32,34.65,38.79,43.47,48.41,53.3,57.83,61.7,64.66,66.5,67.1,66.4,64.43,61.3,57.2,52.34,46.99,41.42,35.89,30.64,25.87,21.74,18.38,15.88,14.29,13.63,13.93,15.15,17.26,20.21,23.9,28.2,32.97,38.0,43.08,47.97,52.4,56.15,59.0,60.77,61.38,60.76,58.97,56.1,52.32,47.84,42.87,37.66,32.43,27.38,22.66,18.38,14.61,11.39,8.7,6.52,4.79,3.45,2.43,1.68,1.14,0.76,0.49,0.32,0.2,0.12,0.07,0.04,0.02,0.01,0.01,0.0,0.0,0.0,0.0,0.0,0.0,0.0,0.0,0.0,0.0,0.0,0.0,0.0,0.0
0.0,0.0,0.0,0.0,0.0,0.0,0.0,0.0,0.02,0.06,0.22,0.68,1.84,4.44,9.53,18.19,30.87,46.58,62.49,74.54,79.05,74.54,62.49,46.58,30.87,18.19,9.53,4.44,1.84,0.68,0.22,0.06,0.02,0.0,0.0,0.0,0.0,0.0,0.0,0.0,0.0,0.0,0.0,0.0,0.0,0.0,0.0,0.0,0.0,0.0,0.0,0.0,0.0,0.0,0.0,0.0,0.0,0.0,0.0,0.0,0.0,0.0,0.0,0.0,0.0,0.0,0.0,0.0,0.0,0.0,0.0,0.0,0.0,0.0,0.0,0.0,0.0,0.0,0.0,0.0,0.0,0.0,0.0,0.0,0.0,0.0,0.0,0.0,0.0,0.0,0.0,0.0,0.0,0.0,0.0,0.0,0.0,0.0,0.0,0.0,0.0,0.0,0.0,0.0,0.0,0.0,0.0,0.0,0.0,0.0,0.0,0.0,0.0,0.0,0.0,0.0,0.0,0.0,0.0,0.0,0.0,0.0,0.0,0.0,0.0,0.0,0.0,0.0,0.0,0.0,0.0,0.0,0.0,0.0,0.0,0.01,0.01,0.02,0.04,0.07,0.12,0.2,0.32,0.5,0.76,1.15,1.7,2.46,3.49,4.86,6.64,8.9,11.7,15.11,19.13,23.79,29.06,34.86,41.1,47.65,54.35,61.03,67.49,73.58,79.14,84.03,88.15,91.42,93.81,95.27,95.8,95.4,94.1,91.93,88.96,85.28,81.01,76.33,71.43,66.57,62.01,58.04,54.92,52.92,52.22,52.97,55.21,58.93,63.98,70.14,77.13,84.56,92.02,99.08,105.32,110.35,113.85,115.59,115.43,113.35,109.43,103.88,96.96,89.01,80.41,71.55,62.8,54.52,47.01,40.51,35.21,31.22,28.6,27.35,27.4,28.63,30.89,33.96,37.61,41.56,45.54,49.27,52.47,54.93,56.46,56.95,56.34,54.66,52.0,48.51,44.39,39.86,35.14,30.45,26.0,21.95,18.46,15.62,13.51,12.18,11.65,11.93,13.0,14.83,17.38,20.56,24.28,28.38,32.72,37.1,41.3,45.13,48.35,50.8,52.34,52.85,52.33,50.79,48.32,45.06,41.2,36.92,32.43,27.93,23.58,19.51,15.83,12.59,9.81,7.5,5.62,4.12,2.97,2.09,1.45,0.98,0.65,0.43,0.27,0.17,0.1,0.06,0.04,0.02,0.01,0.01,0.0,0.0,0.0,0.0,0.0,0.0,0.0,0.0,0.0,0.0,0.0,0.0,0.0,0.0
0.0,0.0,0.0,0.0,0.0,0.0,0.0,0.0,0.02,0.08,0.26,0.81,2.19,5.29,11.36,21.69,36.82,55.56,74.54,88.91,94.29,88.91,74.54,55.56,36.82,21.69,11.36,5.29,2.19,0.81,0.26,0.08,0.02,0.0,0.0,0.0,0.0,0.0,0.0,0.0,0.0,0.0,0.0,0.0,0.0,0.0,0.0,0.0,0.0,0.0,0.0,0.0,0.0,0.0,0.0,0.0,0.0,0.0,0.0,0.0,0.0,0.0,0.0,0.0,0.0,0.0,0.0,0.0,0.0,0.0,0.0,0.0,0.0,0.0,0.0,0.0,0.0,0.0,0.0,0.0,0.0,0.0,0.0,0.0,0.0,0.0,0.0,0.0,0.0,0.0,0.0,0.0,0.0,0.0,0.0,0.0,0.0,0.0,0.0,0.0,0.0,0.0,0.0,0.0,0.0,0.0,0.0,0.0,0.0,0.0,0.0,0.0,0.0,0.0,0.0,0.0,0.0,0.0,0.0,0.0,0.0,0.0,0.0,0.0,0.0,0.0,0.0,0.0,0.0,0.0,0.0,0.0,0.0,0.0,0.0,0.01,0.02,0.03,0.05,0.08,0.14,0.23,0.36,0.56,0.87,1.31,1.93,2.8,3.97,5.53,7.56,10.13,13.32,17.2,21.78,27.08,33.08,39.68,46.79,54.25,61.87,69.47,76.83,83.76,90.08,95.65,100.34,104.07,106.78,108.44,109.05,108.6,107.12,104.65,101.27,97.08,92.22,86.88,81.31,75.78,70.59,66.06,62.52,60.24,59.44,60.29,62.85,67.08,72.82,79.85,87.8,96.25,104.75,112.79,119.89,125.62,129.6,131.57,131.38,129.0,124.54,118.19,110.28,101.19,91.32,81.13,71.02,61.38,52.54,44.76,38.24,33.08,29.34,27.01,26.0,26.2,27.44,29.51,32.19,35.22,38.35,41.32,43.91,45.89,47.13,47.51,46.99,45.58,43.36,40.45,37.01,33.23,29.29,25.39,21.68,18.31,15.4,13.04,11.29,10.2,9.77,10.02,10.94,12.5,14.66,17.35,20.49,23.96,27.62,31.32,34.87,38.09,40.82,42.89,44.18,44.62,44.17,42.87,40.79,38.04,34.78,31.17,27.38,23.58,19.91,16.48,13.37,10.63,8.29,6.33,4.74,3.48,2.51,1.77,1.23,0.83,0.55,0.36,0.23,0.14,0.09,0.05,0.03,0.02,0.01,0.01,0.0,0.0,0.0,0.0,0.0,0.0,0.0,0.0,0.0,0.0,0.0,0.0,0.0,0.0
0.0,0.0,0.0,0.0,0.0,0.0,0.0,0.0,0.02,0.08,0.28,0.86,2.32,5.61,12.05,23.01,39.05,58.92,79.05,94.29,100.0,94.29,79.05,58.92,39.05,23.01,12.05,5.61,2.32,0.86,0.28,0.08,0.02,0.0,0.0,0.0,0.0,0.0,0.0,0.0,0.0,0.0,0.0,0.0,0.0,0.0,0.0,0.0,0.0,0.0,0.0,0.0,0.0,0.0,0.0,0.0,0.0,0.0,0.0,0.0,0.0,0.0,0.0,0.0,0.0,0.0,0.0,0.0,0.0,0.0,0.0,0.0,0.0,0.0,0.0,0.0,0.0,0.0,0.0,0.0,0.0,0.0,0.0,0.0,0.0,0.0,0.0,0.0,0.0,0.0,0.0,0.0,0.0,0.0,0.0,0.0,0.0,0.0,0.0,0.0,0.0,0.0,0.0,0.0,0.0,0.0,0.0,0.0,0.0,0.0,0.0,0.0,0.0,0.0,0.0,0.0,0.0,0.0,0.0,0.0,0.0,0.0,0.0,0.0,0.0,0.0,0.0,0.0,0.0,0.0,0.0,0.0,0.0,0.0,0.01,0.01,0.02,0.03,0.05,0.09,0.15,0.25,0.4,0.63,0.97,1.46,2.15,3.12,4.43,6.17,8.43,11.31,14.87,19.19,24.3,30.22,36.91,44.28,52.21,60.53,69.04,77.51,85.73,93.46,100.52,106.73,111.97,116.13,119.15,121.01,121.68,121.18,119.53,116.78,113.0,108.32,102.9,96.95,90.73,84.55,78.77,73.72,69.76,67.22,66.33,67.28,70.13,74.85,81.26,89.1,97.97,107.4,116.88,125.86,133.78,140.17,144.61,146.81,146.59,143.93,138.94,131.84,122.99,112.8,101.73,90.26,78.86,67.93,57.84,48.85,41.17,34.92,30.13,26.79,24.8,24.05,24.34,25.5,27.29,29.48,31.83,34.12,36.14,37.7,38.67,38.95,38.51,37.34,35.52,33.13,30.32,27.22,23.99,20.79,17.76,15.0,12.63,10.7,9.27,8.38,8.04,8.26,9.03,10.33,12.12,14.35,16.95,19.82,22.85,25.91,28.85,31.52,33.78,35.49,36.56,36.93,36.56,35.48,33.76,31.48,28.78,25.8,22.67,19.52,16.48,13.64,11.07,8.8,6.86,5.25,3.93,2.89,2.08,1.47,1.02,0.69,0.46,0.3,0.19,0.12,0.07,0.04,0.03,0.02,0.01,0.0,0.0,0.0,0.0,0.0,0.0,0.0,0.0,0.0,0.0,0.0,0.0,0.0,0.0,0.0
0.0,0.0,0.0,0.0,0.0,0.0,0.0,0.0,0.02,0.08,0.26,0.81,2.19,5.29,11.36,21.69,36.82,55.56,74.54,88.91,94.29,88.91,74.54,55.56,36.82,21.69,11.36,5.29,2.19,0.81,0.26,0.08,0.02,0.0,0.0,0.0,0.0,0.0,0.0,0.0,0.0,0.0,0.0,0.0,0.0,0.0,0.0,0.0,0.0,0.0,0.0,0.0,0.0,0.0,0.0,0.0,0.0,0.0,0.0,0.0,0.0,0.0,0.0,0.0,0.0,0.0,0.0,0.0,0.0,0.0,0.0,0.0,0.0,0.0,0.0,0.0,0.0,0.0,0.0,0.0,0.0,0.0,0.0,0.0,0.0,0.0,0.0,0.0,0.0,0.0,0.0,0.0,0.0,0.0,0.0,0.0,0.0,0.0,0.0,0.0,0.0,0.0,0.0,0.0,0.0,0.0,0.0,0.0,0.0,0.0,0.0,0.0,0.0,0.0,0.0,0.0,0.0,0.0,0.0,0.0,0.0,0.0,0.0,0.0,0.0,0.0,0.0,0.0,0.0,0.0,0.0,0.0,0.0,0.0,0.01,0.01,0.02,0.03,0.06,0.1,0.17,0.28,0.44,0.69,1.06,1.6,2.36,3.41,4.85,6.75,9.23,12.37,16.26,20.99,26.58,33.06,40.37,48.43,57.11,66.21,75.52,84.79,93.77,102.23,109.95,116.75,122.47,127.02,130.33,132.36,133.1,132.55,130.74,127.73,123.61,118.49,112.56,106.05,99.24,92.49,86.16,80.64,76.31,73.52,72.55,73.59,76.71,81.87,88.89,97.46,107.16,117.48,127.85,137.66,146.33,153.32,158.18,160.58,160.34,157.42,151.95,144.18,134.47,123.29,111.14,98.52,85.95,73.86,62.64,52.56,43.85,36.61,30.88,26.63,23.77,22.16,21.62,21.96,22.96,24.41,26.07,27.76,29.27,30.46,31.19,31.38,31.01,30.06,28.58,26.66,24.39,21.9,19.3,16.73,14.29,12.07,10.16,8.62,7.47,6.76,6.5,6.68,7.31,8.37,9.82,11.63,13.74,16.08,18.54,21.02,23.41,25.57,27.4,28.79,29.66,29.96,29.66,28.79,27.39,25.55,23.36,20.94,18.4,15.85,13.38,11.08,8.99,7.15,5.58,4.27,3.2,2.35,1.7,1.2,0.83,0.56,0.38,0.25,0.16,0.1,0.06,0.04,0.02,0.01,0.01,0.0,0.0,0.0,0.0,0.0,0.0,0.0,0.0,0.0,0.0,0.0,0.0,0.0,0.0,0.0
0.0,0.0,0.0,0.0,0.0,0.0,0.0,0.0,0.02,0.06,0.22,0.68,1.84,4.44,9.53,18.19,30.87,46.58,62.49,74.54,79.05,74.54,62.49,46.58,30.87,18.19,9.53,4.44,1.84,0.68,0.22,0.06,0.02,0.0,0.0,0.0,0.0,0.0,0.0,0.0,0.0,0.0,0.0,0.0,0.0,0.0,0.0,0.0,0.0,0.0,0.0,0.0,0.0,0.0,0.0,0.0,0.0,0.0,0.0,0.0,0.0,0.0,0.0,0.0,0.0,0.0,0.0,0.0,0.0,0.0,0.0,0.0,0.0,0.0,0.0,0.0,0.0,0.0,0.0,0.0,0.0,0.0,0.0,0.0,0.0,0.0,0.0,0.0,0.0,0.0,0.0,0.0,0.0,0.0,0.0,0.0,0.0,0.0,0.0,0.0,0.0,0.0,0.0,0.0,0.0,0.0,0.0,0.0,0.0,0.0,0.0,0.0,0.0,0.0,0.0,0.0,0.0,0.0,0.0,0.0,0.0,0.0,0.0,0.0,0.0,0.0,0.0,0.0,0.0,0.0,0.0,0.0,0.0,0.0,0.01,0.01,0.02,0.04,0.06,0.11,0.18,0.3,0.47,0.74,1.14,1.71,2.53,3.66,5.2,7.24,9.89,13.26,17.44,22.51,28.51,35.45,43.29,51.93,61.24,70.99,80.97,90.91,100.55,109.62,117.9,125.18,131.32,136.2,139.75,141.92,142.71,142.12,140.19,136.96,132.54,127.05,120.69,113.71,106.41,99.17,92.38,86.46,81.82,78.83,77.79,78.91,82.25,87.78,95.31,104.5,114.9,125.97,137.09,147.61,156.9,164.39,169.6,172.18,171.92,168.79,162.91,154.57,144.14,132.13,119.06,105.48,91.92,78.85,66.67,55.67,46.08,38.0,31.48,26.46,22.85,20.51,19.26,18.9,19.22,20.02,21.1,22.26,23.34,24.2,24.73,24.85,24.53,23.77,22.6,21.07,19.28,17.31,15.26,13.22,11.29,9.54,8.04,6.81,5.91,5.35,5.15,5.3,5.8,6.65,7.81,9.25,10.93,12.78,14.74,16.72,18.61,20.34,21.79,22.9,23.59,23.83,23.59,22.9,21.79,20.33,18.59,16.67,14.65,12.62,10.66,8.83,7.17,5.71,4.46,3.41,2.56,1.89,1.36,0.96,0.67,0.46,0.31,0.2,0.13,0.08,0.05,0.03,0.02,0.01,0.01,0.0,0.0,0.0,0.0,0.0,0.0,0.0,0.0,0.0,0.0,0.0,0.0,0.0,0.0,0.0
0.0,0.0,0.0,0.0,0.0,0.0,0.0,0.0,0.01,0.05,0.17,0.5,1.37,3.31,7.1,13.56,23.01,34.72,46.58,55.56,58.92,55.56,46.58,34.72,23.01,13.56,7.1,3.31,1.37,0.5,0.17,0.05,0.01,0.0,0.0,0.0,0.0,0.0,0.0,0.0,0.0,0.0,0.0,0.0,0.0,0.0,0.0,0.0,0.0,0.0,0.0,0.0,0.0,0.0,0.0,0.0,0.0,0.0,0.0,0.0,0.0,0.0,0.0,0.0,0.0,0.0,0.0,0.0,0.0,0.0,0.0,0.0,0.0,0.0,0.0,0.0,0.0,0.0,0.0,0.0,0.0,0.0,0.0,0.0,0.0,0.0,0.0,0.0,0.0,0.0,0.0,0.0,0.0,0.0,0.0,0.0,0.0,0.0,0.0,0.0,0.0,0.0,0.0,0.0,0.0,0.0,0.0,0.0,0.0,0.0,0.0,0.0,0.0,0.0,0.0,0.0,0.0,0.0,0.0,0.0,0.0,0.0,0.0,0.0,0.0,0.0,0.0,0.0,0.0,0.0,0.0,0.0,0.0,0.0,0.01,0.01,0.02,0.04,0.07,0.12,0.19,0.31,0.5,0.78,1.2,1.8,2.66,3.85,5.46,7.61,10.4,13.94,18.33,23.66,29.96,37.26,45.5,54.59,64.36,74.62,85.11,95.56,105.69,115.22,123.92,131.58,138.03,143.16,146.89,149.18,150.0,149.39,147.35,143.96,139.31,133.54,126.86,119.52,111.85,104.24,97.1,90.88,86.0,82.86,81.77,82.94,86.46,92.27,100.18,109.84,120.77,132.41,144.09,155.15,164.92,172.79,178.27,180.97,180.69,177.4,171.22,162.44,151.47,138.82,125.06,110.74,96.43,82.61,69.69,57.99,47.71,38.98,31.83,26.2,21.99,19.06,17.22,16.28,16.05,16.31,16.9,17.62,18.34,18.93,19.29,19.35,19.08,18.47,17.56,16.37,14.97,13.44,11.85,10.27,8.77,7.41,6.24,5.29,4.6,4.16,4.01,4.13,4.52,5.18,6.08,7.21,8.52,9.97,11.49,13.03,14.51,15.86,16.99,17.86,18.4,18.59,18.41,17.87,17.01,15.87,14.52,13.02,11.45,9.88,8.35,6.92,5.63,4.49,3.51,2.69,2.03,1.5,1.08,0.77,0.54,0.37,0.25,0.17,0.11,0.07,0.04,0.03,0.02,0.01,0.01,0.0,0.0,0.0,0.0,0.0,0.0,0.0,0.0,0.0,0.0,0.0,0.0,0.0,0.0,0.0
0.0,0.0,0.0,0.0,0.0,0.0,0.0,0.0,0.01,0.03,0.11,0.33,0.91,2.19,4.71,8.98,15.25,23.01,30.87,36.82,39.05,36.82,30.87,23.01,15.25,8.98,4.71,2.19,0.91,0.33,0.11,0.03,0.01,0.0,0.0,0.0,0.0,0.0,0.0,0.0,0.0,0.0,0.0,0.0,0.0,0.0,0.0,0.0,0.0,0.0,0.0,0.0,0.0,0.0,0.0,0.0,0.0,0.0,0.0,0.0,0.0,0.0,0.0,0.0,0.0,0.0,0.0,0.0,0.0,0.0,0.0,0.0,0.0,0.0,0.0,0.0,0.0,0.0,0.0,0.0,0.0,0.0,0.0,0.0,0.0,0.0,0.0,0.0,0.0,0.0,0.0,0.0,0.0,0.0,0.0,0.0,0.0,0.0,0.0,0.0,0.0,0.0,0.0,0.0,0.0,0.0,0.0,0.0,0.0,0.0,0.0,0.0,0.0,0.0,0.0,0.0,0.0,0.0,0.0,0.0,0.0,0.0,0.0,0.0,0.0,0.0,0.0,0.0,0.0,0.0,0.0,0.0,0.0,0.0,0.01,0.01,0.02,0.04,0.07,0.12,0.2,0.32,0.51,0.8,1.23,1.86,2.74,3.97,5.63,7.85,10.72,14.37,18.89,24.38,30.88,38.39,46.89,56.25,66.32,76.89,87.69,98.46,108.89,118.72,127.68,135.57,142.22,147.5,151.35,153.7,154.56,153.92,151.82,148.33,143.53,137.59,130.7,123.14,115.25,107.4,100.05,93.64,88.61,85.38,84.25,85.45,89.08,95.07,103.22,113.17,124.44,136.42,148.46,159.86,169.92,178.04,183.67,186.46,186.18,182.78,176.41,167.35,156.04,142.99,128.79,114.01,99.22,84.92,71.52,59.35,48.62,39.44,31.85,25.78,21.13,17.75,15.47,14.08,13.4,13.24,13.43,13.81,14.23,14.6,14.82,14.83,14.6,14.13,13.42,12.51,11.44,10.27,9.05,7.84,6.7,5.66,4.77,4.04,3.51,3.18,3.06,3.15,3.45,3.96,4.65,5.51,6.51,7.62,8.78,9.96,11.1,12.13,13.0,13.66,14.08,14.23,14.1,13.69,13.04,12.17,11.15,10.01,8.81,7.61,6.44,5.35,4.36,3.49,2.74,2.11,1.6,1.19,0.87,0.62,0.44,0.31,0.21,0.14,0.09,0.06,0.04,0.03,0.02,0.01,0.01,0.0,0.0,0.0,0.0,0.0,0.0,0.0,0.0,0.0,0.0,0.0,0.0,0.0,0.0,0.0
0.0,0.0,0.0,0.0,0.0,0.0,0.0,0.0,0.0,0.02,0.06,0.2,0.53,1.29,2.77,5.29,8.98,13.56,18.19,21.69,23.01,21.69,18.19,13.56,8.98,5.29,2.77,1.29,0.53,0.2,0.06,0.02,0.0,0.0,0.0,0.0,0.0,0.0,0.0,0.0,0.0,0.0,0.0,0.0,0.0,0.0,0.0,0.0,0.0,0.0,0.0,0.0,0.0,0.0,0.0,0.0,0.0,0.0,0.0,0.0,0.0,0.0,0.0,0.0,0.0,0.0,0.0,0.0,0.0,0.0,0.0,0.0,0.0,0.0,0.0,0.0,0.0,0.0,0.0,0.0,0.0,0.0,0.0,0.0,0.0,0.0,0.0,0.0,0.0,0.0,0.0,0.0,0.0,0.0,0.0,0.0,0.0,0.0,0.0,0.0,0.0,0.0,0.0,0.0,0.0,0.0,0.0,0.0,0.0,0.0,0.0,0.0,0.0,0.0,0.0,0.0,0.0,0.0,0.0,0.0,0.0,0.0,0.0,0.0,0.0,0.0,0.0,0.0,0.0,0.0,0.0,0.0,0.0,0.0,0.01,0.01,0.02,0.04,0.07,0.12,0.2,0.33,0.52,0.82,1.25,1.88,2.77,4.01,5.7,7.93,10.83,14.52,19.09,24.63,31.19,38.78,47.36,56.81,66.99,77.66,88.57,99.45,109.99,119.91,128.96,136.93,143.64,148.98,152.86,155.24,156.11,155.46,153.34,149.81,144.97,138.97,132.01,124.38,116.4,108.48,101.05,94.57,89.5,86.23,85.09,86.31,89.97,96.02,104.25,114.3,125.68,137.79,149.95,161.46,171.63,179.82,185.51,188.33,188.04,184.61,178.17,169.02,157.59,144.4,130.03,115.08,100.11,85.62,72.03,59.65,48.71,39.31,31.47,25.14,20.22,16.55,13.95,12.24,11.24,10.76,10.64,10.75,10.95,11.14,11.25,11.23,11.04,10.67,10.12,9.43,8.62,7.74,6.82,5.91,5.05,4.27,3.59,3.04,2.64,2.39,2.3,2.37,2.59,2.97,3.49,4.13,4.88,5.71,6.59,7.47,8.32,9.1,9.76,10.26,10.58,10.7,10.61,10.31,9.83,9.19,8.43,7.59,6.7,5.8,4.93,4.12,3.38,2.72,2.15,1.68,1.28,0.97,0.72,0.53,0.38,0.27,0.19,0.13,0.09,0.06,0.04,0.03,0.02,0.01,0.01,0.01,0.0,0.0,0.0,0.0,0.0,0.0,0.0,0.0,0.0,0.0,0.0,0.0,0.0,0.0
0.0,0.0,0.0,0.0,0.0,0.0,0.0,0.0,0.0,0.01,0.03,0.1,0.28,0.68,1.45,2.77,4.71,7.1,9.53,11.36,12.05,11.36,9.53,7.1,4.71,2.77,1.45,0.68,0.28,0.1,0.03,0.01,0.0,0.0,0.0,0.0,0.0,0.0,0.0,0.0,0.0,0.0,0.0,0.0,0.0,0.0,0.0,0.0,0.0,0.0,0.0,0.0,0.0,0.0,0.0,0.0,0.0,0.0,0.0,0.0,0.0,0.0,0.0,0.0,0.0,0.0,0.0,0.0,0.0,0.0,0.0,0.0,0.0,0.0,0.0,0.0,0.0,0.0,0.0,0.0,0.0,0.0,0.0,0.0,0.0,0.0,0.0,0.0,0.0,0.0,0.0,0.0,0.0,0.0,0.0,0.0,0.0,0.0,0.0,0.0,0.0,0.0,0.0,0.0,0.0,0.0,0.0,0.0,0.0,0.0,0.0,0.0,0.0,0.0,0.0,0.0,0.0,0.0,0.0,0.0,0.0,0.0,0.0,0.0,0.0,0.0,0.0,0.0,0.0,0.0,0.0,0.0,0.0,0.0,0.01,0.02,0.03,0.04,0.07,0.12,0.2,0.33,0.52,0.81,1.24,1.87,2.75,3.98,5.65,7.86,10.74,14.38,18.91,24.39,30.89,38.41,46.9,56.26,66.33,76.89,87.7,98.47,108.9,118.72,127.68,135.57,142.22,147.5,151.35,153.7,154.56,153.92,151.82,148.33,143.53,137.59,130.7,123.14,115.25,107.4,100.05,93.64,88.61,85.38,84.25,85.45,89.08,95.07,103.22,113.17,124.44,136.42,148.46,159.86,169.92,178.04,183.67,186.46,186.17,182.77,176.4,167.33,156.01,142.94,128.71,113.89,99.04,84.66,71.16,58.85,47.94,38.54,30.66,24.26,19.22,15.4,12.62,10.71,9.49,8.79,8.46,8.37,8.4,8.47,8.5,8.45,8.29,7.99,7.58,7.06,6.45,5.79,5.1,4.42,3.77,3.19,2.68,2.27,1.97,1.78,1.71,1.75,1.91,2.19,2.57,3.04,3.59,4.2,4.85,5.5,6.13,6.71,7.2,7.57,7.82,7.92,7.87,7.67,7.33,6.88,6.33,5.72,5.08,4.43,3.8,3.2,2.65,2.17,1.74,1.38,1.08,0.83,0.64,0.48,0.36,0.26,0.19,0.14,0.1,0.07,0.05,0.03,0.02,0.02,0.01,0.01,0.0,0.0,0.0,0.0,0.0,0.0,0.0,0.0,0.0,0.0,0.0,0.0,0.0,0.0
0.02,0.02,0.02,0.01,0.01,0.0,0.0,0.0,0.0,0.0,0.02,0.05,0.13,0.32,0.68,1.29,2.19,3.31,4.44,5.29,5.61,5.29,4.44,3.31,2.19,1.29,0.68,0.32,0.13,0.05,0.02,0.0,0.0,0.0,0.0,0.0,0.0,0.0,0.0,0.0,0.0,0.0,0.0,0.0,0.0,0.0,0.0,0.0,0.0,0.0,0.0,0.0,0.0,0.0,0.0,0.0,0.0,0.0,0.0,0.0,0.0,0.0,0.0,0.0,0.0,0.0,0.0,0.0,0.0,0.0,0.0,0.0,0.0,0.0,0.0,0.0,0.0,0.0,0.0,0.0,0.0,0.0,0.0,0.0,0.0,0.0,0.0,0.0,0.0,0.0,0.0,0.0,0.0,0.0,0.0,0.0,0.0,0.0,0.0,0.0,0.0,0.0,0.0,0.0,0.0,0.0,0.0,0.0,0.0,0.0,0.0,0.0,0.0,0.0,0.0,0.0,0.0,0.0,0.0,0.0,0.0,0.0,0.0,0.0,0.0,0.0,0.0,0.0,0.0,0.0,0.0,0.0,0.0,0.01,0.01,0.02,0.03,0.05,0.08,0.13,0.2,0.33,0.52,0.8,1.22,1.83,2.69,3.88,5.5,7.65,10.44,13.98,18.37,23.69,30.0,37.29,45.53,54.61,64.38,74.64,85.12,95.57,105.7,115.23,123.93,131.58,138.03,143.16,146.89,149.18,150.01,149.39,147.35,143.96,139.31,133.54,126.86,119.52,111.85,104.24,97.1,90.88,86.0,82.86,81.77,82.94,86.46,92.27,100.18,109.84,120.77,132.41,144.09,155.15,164.92,172.79,178.26,180.96,180.69,177.39,171.2,162.4,151.4,138.72,124.9,110.5,96.08,82.1,68.97,56.98,46.34,37.15,29.43,23.12,18.12,14.28,11.45,9.44,8.1,7.27,6.81,6.59,6.51,6.49,6.47,6.4,6.26,6.03,5.71,5.32,4.86,4.36,3.84,3.32,2.84,2.4,2.01,1.7,1.47,1.32,1.26,1.28,1.39,1.59,1.86,2.2,2.6,3.04,3.51,3.98,4.44,4.87,5.23,5.52,5.71,5.8,5.79,5.67,5.45,5.15,4.78,4.36,3.92,3.46,3.01,2.59,2.19,1.83,1.51,1.24,1.0,0.8,0.63,0.49,0.38,0.29,0.22,0.17,0.12,0.09,0.07,0.05,0.03,0.02,0.02,0.01,0.01,0.0,0.0,0.0,0.0,0.0,0.0,0.0,0.0,0.0,0.0,0.0,0.0,0.0
0.08,0.08,0.06,0.05,0.03,0.02,0.01,0.0,0.0,0.0,0.01,0.02,0.05,0.13,0.28,0.53,0.91,1.37,1.84,2.19,2.32,2.19,1.84,1.37,0.91,0.53,0.28,0.13,0.05,0.02,0.01,0.0,0.0,0.0,0.0,0.0,0.0,0.0,0.0,0.0,0.0,0.0,0.0,0.0,0.0,0.0,0.0,0.0,0.0,0.0,0.0,0.0,0.0,0.0,0.0,0.0,0.0,0.0,0.0,0.0,0.0,0.0,0.0,0.0,0.0,0.0,0.0,0.0,0.0,0.0,0.0,0.0,0.0,0.0,0.0,0.0,0.0,0.0,0.0,0.0,0.0,0.0,0.0,0.0,0.0,0.0,0.0,0.0,0.0,0.0,0.0,0.0,0.0,0.0,0.0,0.0,0.0,0.0,0.0,0.0,0.0,0.0,0.0,0.0,0.0,0.0,0.0,0.0,0.0,0.0,0.0,0.0,0.0,0.0,0.0,0.0,0.0,0.0,0.0,0.0,0.0,0.0,0.0,0.0,0.0,0.0,0.0,0.0,0.0,0.0,0.0,0.0,0.0,0.01,0.01,0.02,0.03,0.05,0.08,0.13,0.21,0.33,0.51,0.78,1.18,1.76,2.58,3.72,5.26,7.31,9.96,13.33,17.5,22.57,28.56,35.5,43.34,51.98,61.27,71.02,81.0,90.93,100.57,109.63,117.91,125.19,131.33,136.2,139.75,141.93,142.71,142.13,140.19,136.96,132.54,127.05,120.69,113.71,106.41,99.17,92.38,86.46,81.82,78.83,77.79,78.91,82.25,87.78,95.31,104.5,114.9,125.97,137.09,147.61,156.9,164.39,169.6,172.17,171.9,168.76,162.87,154.5,144.04,131.97,118.81,105.11,91.38,78.06,65.55,54.12,43.97,35.19,27.79,21.73,16.91,13.18,10.4,8.41,7.04,6.16,5.63,5.34,5.2,5.13,5.08,5.0,4.88,4.69,4.44,4.13,3.77,3.38,2.98,2.58,2.2,1.85,1.55,1.31,1.12,0.99,0.94,0.94,1.01,1.14,1.33,1.57,1.85,2.16,2.5,2.85,3.18,3.5,3.77,4.0,4.16,4.26,4.28,4.23,4.12,3.94,3.72,3.46,3.17,2.87,2.57,2.27,1.99,1.72,1.47,1.25,1.05,0.87,0.72,0.58,0.47,0.37,0.29,0.22,0.17,0.13,0.09,0.07,0.05,0.03,0.02,0.02,0.01,0.01,0.0,0.0,0.0,0.0,0.0,0.0,0.0,0.0,0.0,0.0,0.0,0.0
0.28,0.26,0.22,0.17,0.11,0.06,0.03,0.02,0.01,0.0,0.0,0.01,0.02,0.05,0.1,0.2,0.33,0.5,0.68,0.81,0.86,0.81,0.68,0.5,0.33,0.2,0.1,0.05,0.02,0.01,0.0,0.0,0.0,0.0,0.0,0.0,0.0,0.0,0.0,0.0,0.0,0.0,0.0,0.0,0.0,0.0,0.0,0.0,0.0,0.0,0.0,0.0,0.0,0.0,0.0,0.0,0.0,0.0,0.0,0.0,0.0,0.0,0.0,0.0,0.0,0.0,0.0,0.0,0.0,0.0,0.0,0.0,0.0,0.0,0.0,0.0,0.0,0.0,0.0,0.0,0.0,0.0,0.0,0.0,0.0,0.0,0.0,0.0,0.0,0.0,0.0,0.0,0.0,0.0,0.0,0.0,0.0,0.0,0.0,0.0,0.0,0.0,0.0,0.0,0.0,0.0,0.0,0.0,0.0,0.0,0.0,0.0,0.0,0.0,0.0,0.0,0.0,0.0,0.0,0.0,0.0,0.0,0.0,0.0,0.0,0.0,0.0,0.0,0.0,0.0,0.0,0.0,0.01,0.01,0.02,0.02,0.04,0.06,0.09,0.14,0.21,0.33,0.5,0.76,1.14,1.69,2.46,3.52,4.96,6.87,9.34,12.48,16.38,21.1,26.68,33.15,40.45,48.51,57.17,66.26,75.56,84.82,93.8,102.26,109.97,116.76,122.48,127.03,130.34,132.36,133.1,132.55,130.74,127.73,123.61,118.49,112.56,106.05,99.24,92.49,86.16,80.64,76.31,73.52,72.55,73.59,76.71,81.87,88.89,97.46,107.16,117.48,127.85,137.66,146.33,153.32,158.17,160.57,160.32,157.39,151.9,144.09,134.33,123.07,110.8,98.02,85.21,72.79,61.11,50.44,40.96,32.75,25.83,20.15,15.63,12.12,9.49,7.59,6.27,5.41,4.87,4.57,4.41,4.32,4.26,4.19,4.07,3.91,3.7,3.44,3.14,2.82,2.48,2.15,1.83,1.54,1.28,1.07,0.9,0.79,0.72,0.71,0.74,0.82,0.95,1.11,1.31,1.53,1.77,2.02,2.28,2.52,2.74,2.93,3.08,3.2,3.27,3.29,3.27,3.2,3.1,2.97,2.82,2.64,2.45,2.25,2.05,1.84,1.64,1.45,1.26,1.08,0.92,0.76,0.63,0.51,0.41,0.32,0.24,0.18,0.14,0.1,0.07,0.05,0.03,0.02,0.02,0.01,0.01,0.0,0.0,0.0,0.0,0.0,0.0,0.0,0.0,0.0,0.0,0.0
0.86,0.81,0.68,0.5,0.33,0.2,0.1,0.05,0.02,0.01,0.0,0.0,0.01,0.02,0.03,0.06,0.11,0.17,0.22,0.26,0.28,0.26,0.22,0.17,0.11,0.06,0.03,0.02,0.01,0.0,0.0,0.0,0.0,0.0,0.0,0.0,0.0,0.0,0.0,0.0,0.0,0.0,0.0,0.0,0.0,0.0,0.0,0.0,0.0,0.0,0.0,0.0,0.0,0.0,0.0,0.0,0.0,0.0,0.0,0.0,0.0,0.0,0.0,0.0,0.0,0.0,0.0,0.0,0.0,0.0,0.0,0.0,0.0,0.0,0.0,0.0,0.0,0.0,0.0,0.0,0.0,0.0,0.0,0.0,0.0,0.0,0.0,0.0,0.0,0.0,0.0,0.0,0.0,0.0,0.0,0.0,0.0,0.0,0.0,0.0,0.0,0.0,0.0,0.0,0.0,0.0,0.0,0.0,0.0,0.0,0.0,0.0,0.0,0.0,0.0,0.0,0.0,0.0,0.0,0.0,0.0,0.0,0.0,0.0,0.0,0.0,0.0,0.0,0.0,0.0,0.0,0.01,0.01,0.01,0.02,0.03,0.05,0.07,0.1,0.15,0.23,0.34,0.51,0.75,1.11,1.61,2.32,3.3,4.62,6.37,8.63,11.5,15.06,19.37,24.47,30.38,37.05,44.4,52.31,60.62,69.11,77.57,85.78,93.5,100.55,106.75,111.98,116.14,119.16,121.01,121.68,121.18,119.53,116.78,113.0,108.32,102.9,96.95,90.73,84.55,78.77,73.72,69.76,67.22,66.33,67.28,70.13,74.85,81.26,89.1,97.97,107.4,116.88,125.85,133.78,140.16,144.6,146.79,146.57,143.89,138.87,131.73,122.81,112.51,101.3,89.61,77.9,66.54,55.87,46.12,37.45,29.95,23.63,18.44,14.31,11.11,8.71,6.98,5.78,5.0,4.52,4.24,4.1,4.03,3.97,3.91,3.81,3.66,3.46,3.22,2.94,2.63,2.32,2.01,1.7,1.43,1.18,0.98,0.81,0.69,0.61,0.57,0.57,0.61,0.69,0.79,0.93,1.09,1.27,1.46,1.65,1.85,2.05,2.23,2.4,2.55,2.67,2.77,2.85,2.89,2.91,2.89,2.85,2.78,2.68,2.56,2.41,2.24,2.05,1.86,1.65,1.45,1.25,1.06,0.89,0.72,0.58,0.46,0.36,0.27,0.2,0.15,0.11,0.07,0.05,0.03,0.02,0.02,0.01,0.01,0.0,0.0,0.0,0.0,0.0,0.0,0.0,0.0,0.0,0.0
2.32,2.19,1.84,1.37,0.91,0.53,0.28,0.13,0.05,0.02,0.01,0.0,0.0,0.0,0.01,0.02,0.03,0.05,0.06,0.08,0.08,0.08,0.06,0.05,0.03,0.02,0.01,0.0,0.0,0.0,0.0,0.0,0.0,0.0,0.0,0.0,0.0,0.0,0.0,0.0,0.0,0.0,0.0,0.0,0.0,0.0,0.0,0.0,0.0,0.0,0.0,0.0,0.0,0.0,0.0,0.0,0.0,0.0,0.0,0.0,0.0,0.0,0.0,0.0,0.0,0.0,0.0,0.0,0.0,0.0,0.0,0.0,0.0,0.0,0.0,0.0,0.0,0.0,0.0,0.0,0.0,0.0,0.0,0.0,0.0,0.0,0.0,0.0,0.0,0.0,0.0,0.0,0.0,0.0,0.0,0.0,0.0,0.0,0.0,0.0,0.0,0.0,0.0,0.0,0.0,0.0,0.0,0.0,0.0,0.0,0.0,0.0,0.0,0.0,0.0,0.0,0.0,0.0,0.0,0.0,0.0,0.0,0.0,0.0,0.0,0.0,0.0,0.0,0.0,0.0,0.01,0.01,0.01,0.02,0.03,0.04,0.06,0.09,0.13,0.18,0.26,0.37,0.53,0.76,1.09,1.56,2.2,3.09,4.28,5.85,7.88,10.45,13.63,17.49,22.05,27.33,33.3,39.88,46.96,54.39,61.99,69.56,76.91,83.82,90.13,95.69,100.37,104.09,106.79,108.45,109.05,108.6,107.12,104.65,101.27,97.08,92.22,86.88,81.31,75.78,70.59,66.06,62.52,60.24,59.44,60.29,62.85,67.08,72.82,79.85,87.8,96.25,104.75,112.79,119.89,125.61,129.59,131.55,131.35,128.95,124.45,118.05,110.06,100.84,90.79,80.32,69.83,59.66,50.11,41.38,33.63,26.93,21.3,16.69,13.02,10.2,8.1,6.6,5.58,4.94,4.56,4.36,4.27,4.24,4.21,4.16,4.06,3.91,3.7,3.45,3.15,2.83,2.49,2.15,1.82,1.52,1.26,1.03,0.84,0.69,0.58,0.51,0.48,0.49,0.52,0.59,0.68,0.8,0.94,1.09,1.27,1.45,1.65,1.85,2.05,2.25,2.45,2.65,2.82,2.98,3.12,3.22,3.28,3.31,3.29,3.22,3.1,2.95,2.75,2.53,2.28,2.03,1.76,1.51,1.27,1.04,0.84,0.67,0.52,0.4,0.3,0.22,0.16,0.11,0.08,0.05,0.03,0.02,0.01,0.01,0.01,0.0,0.0,0.0,0.0,0.0,0.0,0.0,0.0,0.0
5.61,5.29,4.44,3.31,2.19,1.29,0.68,0.32,0.13,0.05,0.02,0.0,0.0,0.0,0.0,0.0,0.01,0.01,0.02,0.02,0.02,0.02,0.02,0.01,0.01,0.0,0.0,0.0,0.0,0.0,0.0,0.0,0.0,0.0,0.0,0.0,0.0,0.0,0.0,0.0,0.0,0.0,0.0,0.0,0.0,0.0,0.0,0.0,0.0,0.0,0.0,0.0,0.0,0.0,0.0,0.0,0.0,0.0,0.0,0.0,0.0,0.0,0.0,0.0,0.0,0.0,0.0,0.0,0.0,0.0,0.0,0.0,0.0,0.0,0.0,0.0,0.0,0.0,0.0,0.0,0.0,0.0,0.0,0.0,0.0,0.0,0.0,0.0,0.0,0.0,0.0,0.0,0.0,0.0,0.0,0.0,0.0,0.0,0.0,0.0,0.0,0.0,0.0,0.0,0.0,0.0,0.0,0.0,0.0,0.0,0.0,0.0,0.0,0.0,0.0,0.0,0.0,0.0,0.0,0.0,0.0,0.0,0.0,0.0,0.0,0.0,0.0,0.0,0.0,0.01,0.01,0.01,0.02,0.03,0.04,0.06,0.09,0.12,0.17,0.23,0.31,0.43,0.59,0.81,1.12,1.55,2.13,2.92,3.98,5.37,7.15,9.41,12.2,15.57,19.57,24.19,29.42,35.18,41.37,47.88,54.54,61.18,67.62,73.68,79.21,84.08,88.19,91.45,93.83,95.28,95.81,95.41,94.1,91.94,88.97,85.28,81.01,76.33,71.43,66.57,62.01,58.04,54.92,52.92,52.22,52.97,55.21,58.93,63.98,70.14,77.13,84.56,92.02,99.08,105.32,110.35,113.84,115.57,115.39,113.28,109.33,103.71,96.69,88.6,79.77,70.58,61.38,52.46,44.09,36.45,29.68,23.84,18.95,14.97,11.82,9.43,7.69,6.48,5.7,5.24,5.01,4.94,4.94,4.97,4.98,4.95,4.86,4.69,4.45,4.14,3.79,3.4,2.99,2.59,2.2,1.83,1.5,1.22,0.98,0.78,0.64,0.53,0.46,0.44,0.44,0.48,0.54,0.63,0.75,0.89,1.07,1.26,1.48,1.73,2.0,2.28,2.58,2.89,3.19,3.48,3.75,3.97,4.15,4.27,4.32,4.3,4.2,4.04,3.81,3.53,3.2,2.86,2.5,2.15,1.81,1.49,1.21,0.96,0.75,0.57,0.43,0.31,0.23,0.16,0.11,0.07,0.05,0.03,0.02,0.01,0.01,0.0,0.0,0.0,0.0,0.0,0.0,0.0,0.0,0.0
12.05,11.36,9.53,7.1,4.71,2.77,1.45,0.68,0.28,0.1,0.03,0.01,0.0,0.0,0.0,0.0,0.0,0.0,0.0,0.0,0.0,0.0,0.0,0.0,0.0,0.0,0.0,0.0,0.0,0.0,0.0,0.0,0.0,0.0,0.0,0.0,0.0,0.0,0.0,0.0,0.0,0.0,0.0,0.0,0.0,0.0,0.0,0.0,0.0,0.0,0.0,0.0,0.0,0.0,0.0,0.0,0.0,0.0,0.0,0.0,0.0,0.0,0.0,0.0,0.0,0.0,0.0,0.0,0.0,0.0,0.0,0.0,0.0,0.0,0.0,0.0,0.0,0.0,0.0,0.0,0.0,0.0,0.0,0.0,0.0,0.0,0.0,0.0,0.0,0.0,0.0,0.0,0.0,0.0,0.0,0.0,0.0,0.0,0.0,0.0,0.0,0.0,0.0,0.0,0.0,0.0,0.0,0.0,0.0,0.0,0.0,0.0,0.0,0.0,0.0,0.0,0.0,0.0,0.0,0.0,0.0,0.0,0.0,0.0,0.0,0.0,0.0,0.0,0.01,0.01,0.02,0.02,0.03,0.05,0.07,0.09,0.13,0.17,0.23,0.3,0.4,0.53,0.7,0.92,1.22,1.61,2.15,2.85,3.78,4.98,6.52,8.46,10.85,13.74,17.16,21.12,25.58,30.51,35.82,41.4,47.1,52.79,58.31,63.52,68.26,72.45,75.97,78.78,80.81,82.06,82.51,82.16,81.04,79.17,76.61,73.44,69.77,65.73,61.51,57.33,53.4,49.98,47.3,45.57,44.97,45.61,47.55,50.74,55.09,60.4,66.42,72.82,79.24,85.33,90.7,95.03,98.04,99.52,99.37,97.56,94.16,89.32,83.28,76.31,68.72,60.82,52.91,45.26,38.08,31.55,25.78,20.83,16.7,13.38,10.8,8.88,7.54,6.67,6.17,5.95,5.92,6.01,6.14,6.27,6.34,6.34,6.24,6.03,5.73,5.35,4.89,4.4,3.87,3.35,2.84,2.37,1.94,1.57,1.25,0.99,0.78,0.62,0.52,0.45,0.42,0.44,0.48,0.56,0.68,0.83,1.02,1.26,1.53,1.85,2.21,2.61,3.05,3.5,3.96,4.41,4.83,5.2,5.51,5.73,5.86,5.87,5.78,5.58,5.29,4.92,4.48,4.01,3.52,3.02,2.55,2.11,1.71,1.36,1.06,0.81,0.6,0.44,0.32,0.23,0.16,0.11,0.07,0.05,0.03,0.02,0.01,0.01,0.0,0.0,0.0,0.0,0.0,0.0,0.0,0.0
23.01,21.69,18.19,13.56,8.98,5.29,2.77,1.29,0.53,0.2,0.06,0.02,0.0,0.0,0.0,0.0,0.0,0.0,0.0,0.0,0.0,0.0,0.0,0.0,0.0,0.0,0.0,0.0,0.0,0.0,0.0,0.0,0.0,0.0,0.0,0.0,0.0,0.0,0.0,0.0,0.0,0.0,0.0,0.0,0.0,0.0,0.0,0.0,0.0,0.0,0.0,0.0,0.0,0.0,0.0,0.0,0.0,0.0,0.0,0.0,0.0,0.0,0.0,0.0,0.0,0.0,0.0,0.0,0.0,0.0,0.0,0.0,0.0,0.0,0.0,0.0,0.0,0.0,0.0,0.0,0.0,0.0,0.0,0.0,0.0,0.0,0.0,0.0,0.0,0.0,0.0,0.0,0.0,0.0,0.0,0.0,0.0,0.0,0.0,0.0,0.0,0.0,0.0,0.0,0.0,0.0,0.0,0.0,0.0,0.0,0.0,0.0,0.0,0.0,0.0,0.0,0.0,0.0,0.0,0.0,0.0,0.0,0.0,0.0,0.0,0.0,0.0,0.01,0.01,0.02,0.02,0.03,0.05,0.07,0.1,0.14,0.19,0.25,0.33,0.42,0.54,0.69,0.88,1.12,1.42,1.8,2.28,2.91,3.72,4.75,6.06,7.69,9.69,12.11,14.96,18.26,21.99,26.1,30.53,35.19,39.97,44.73,49.36,53.72,57.71,61.22,64.18,66.53,68.24,69.29,69.66,69.37,68.42,66.84,64.68,62.0,58.89,55.49,51.93,48.39,45.08,42.19,39.93,38.47,37.96,38.5,40.14,42.84,46.51,50.99,56.07,61.47,66.89,72.03,76.56,80.22,82.76,84.01,83.89,82.36,79.49,75.41,70.32,64.44,58.05,51.4,44.75,38.33,32.32,26.87,22.08,18.01,14.66,12.01,10.02,8.61,7.71,7.22,7.06,7.13,7.35,7.65,7.95,8.19,8.35,8.38,8.27,8.01,7.63,7.12,6.52,5.86,5.17,4.47,3.8,3.17,2.6,2.09,1.66,1.3,1.02,0.8,0.64,0.53,0.47,0.46,0.5,0.58,0.71,0.89,1.12,1.42,1.78,2.2,2.69,3.25,3.85,4.49,5.15,5.81,6.42,6.98,7.44,7.78,7.98,8.04,7.94,7.69,7.3,6.8,6.21,5.56,4.88,4.2,3.54,2.93,2.37,1.89,1.47,1.12,0.84,0.62,0.44,0.31,0.22,0.15,0.1,0.06,0.04,0.03,0.02,0.01,0.01,0.0,0.0,0.0,0.0,0.0,0.0,0.0
39.05,36.82,30.87,23.01,15.25,8.98,4.71,2.19,0.91,0.33,0.11,0.03,0.01,0.0,0.0,0.0,0.0,0.0,0.0,0.0,0.0,0.0,0.0,0.0,0.0,0.0,0.0,0.0,0.0,0.0,0.0,0.0,0.0,0.0,0.0,0.0,0.0,0.0,0.0,0.0,0.0,0.0,0.0,0.0,0.0,0.0,0.0,0.0,0.0,0.0,0.0,0.0,0.0,0.0,0.0,0.0,0.0,0.0,0.0,0.0,0.0,0.0,0.0,0.0,0.0,0.0,0.0,0.0,0.0,0.0,0.0,0.0,0.0,0.0,0.0,0.0,0.0,0.0,0.0,0.0,0.0,0.0,0.0,0.0,0.0,0.0,0.0,0.0,0.0,0.0,0.0,0.0,0.0,0.0,0.0,0.0,0.0,0.0,0.0,0.0,0.0,0.0,0.0,0.0,0.0,0.0,0.0,0.0,0.0,0.0,0.0,0.0,0.0,0.0,0.0,0.0,0.0,0.0,0.0,0.0,0.0,0.0,0.0,0.0,0.0,0.0,0.01,0.01,0.01,0.02,0.03,0.05,0.07,0.11,0.15,0.2,0.27,0.36,0.47,0.6,0.76,0.95,1.17,1.44,1.76,2.14,2.6,3.17,3.88,4.76,5.85,7.19,8.83,10.78,13.09,15.76,18.78,22.11,25.71,29.49,33.38,37.27,41.04,44.61,47.87,50.75,53.17,55.1,56.5,57.36,57.66,57.41,56.62,55.31,53.52,51.31,48.74,45.92,42.97,40.05,37.3,34.91,33.04,31.83,31.41,31.86,33.21,35.45,38.48,42.2,46.4,50.87,55.36,59.6,63.36,66.38,68.48,69.52,69.42,68.16,65.78,62.42,58.21,53.36,48.09,42.61,37.15,31.88,26.98,22.56,18.72,15.5,12.91,10.94,9.55,8.68,8.26,8.2,8.42,8.84,9.37,9.92,10.43,10.84,11.09,11.17,11.04,10.72,10.21,9.54,8.75,7.87,6.94,6.01,5.11,4.27,3.5,2.83,2.24,1.76,1.37,1.06,0.83,0.67,0.58,0.55,0.58,0.67,0.82,1.05,1.35,1.73,2.21,2.78,3.44,4.2,5.03,5.91,6.82,7.73,8.59,9.36,10.01,10.5,10.8,10.89,10.77,10.44,9.93,9.25,8.45,7.57,6.65,5.73,4.83,4.0,3.24,2.58,2.01,1.54,1.15,0.84,0.61,0.43,0.3,0.2,0.13,0.09,0.06,0.03,0.02,0.01,0.01,0.0,0.0,0.0,0.0,0.0,0.0,0.0
58.92,55.56,46.58,34.72,23.01,13.56,7.1,3.31,1.37,0.5,0.17,0.05,0.01,0.0,0.0,0.0,0.0,0.0,0.0,0.0,0.0,0.0,0.0,0.0,0.0,0.0,0.0,0.0,0.0,0.0,0.0,0.0,0.0,0.0,0.0,0.0,0.0,0.0,0.0,0.0,0.0,0.0,0.0,0.0,0.0,0.0,0.0,0.0,0.0,0.0,0.0,0.0,0.0,0.0,0.0,0.0,0.0,0.0,0.0,0.0,0.0,0.0,0.0,0.0,0.0,0.0,0.0,0.0,0.0,0.0,0.0,0.0,0.0,0.0,0.0,0.0,0.0,0.0,0.0,0.0,0.0,0.0,0.0,0.0,0.0,0.0,0.0,0.0,0.0,0.0,0.0,0.0,0.0,0.0,0.0,0.0,0.0,0.0,0.0,0.0,0.0,0.0,0.0,0.0,0.0,0.0,0.0,0.0,0.0,0.0,0.0,0.0,0.0,0.0,0.0,0.0,0.0,0.0,0.0,0.0,0.0,0.0,0.0,0.0,0.0,0.01,0.01,0.01,0.02,0.03,0.05,0.08,0.11,0.15,0.22,0.29,0.4,0.52,0.67,0.86,1.07,1.32,1.6,1.92,2.29,2.7,3.16,3.7,4.33,5.08,5.98,7.05,8.34,9.88,11.67,13.75,16.09,18.69,21.5,24.48,27.53,30.6,33.59,36.41,39.01,41.29,43.23,44.77,45.88,46.56,46.8,46.59,45.94,44.88,43.42,41.62,39.53,37.25,34.86,32.48,30.26,28.32,26.8,25.82,25.48,25.85,26.94,28.75,31.22,34.23,37.64,41.26,44.9,48.35,51.39,53.85,55.55,56.4,56.32,55.29,53.37,50.65,47.25,43.33,39.08,34.67,30.29,26.09,22.2,18.75,15.79,13.38,11.53,10.23,9.45,9.14,9.24,9.66,10.33,11.16,12.05,12.92,13.69,14.29,14.68,14.8,14.66,14.24,13.58,12.7,11.65,10.49,9.27,8.04,6.84,5.72,4.7,3.8,3.02,2.37,1.84,1.43,1.11,0.89,0.76,0.7,0.73,0.83,1.02,1.31,1.7,2.2,2.83,3.59,4.47,5.48,6.59,7.78,9.01,10.23,11.4,12.45,13.33,14.0,14.41,14.55,14.39,13.96,13.28,12.38,11.32,10.14,8.91,7.67,6.47,5.36,4.34,3.45,2.69,2.06,1.54,1.13,0.81,0.57,0.4,0.27,0.18,0.12,0.07,0.05,0.03,0.02,0.01,0.01,0.0,0.0,0.0,0.0,0.0,0.0
79.05,74.54,62.49,46.58,30.87,18.19,9.53,4.44,1.84,0.68,0.22,0.06,0.02,0.0,0.0,0.0,0.0,0.0,0.0,0.0,0.0,0.0,0.0,0.0,0.0,0.0,0.0,0.0,0.0,0.0,0.0,0.0,0.0,0.0,0.0,0.0,0.0,0.0,0.0,0.0,0.0,0.0,0.0,0.0,0.0,0.0,0.0,0.0,0.0,0.0,0.0,0.0,0.0,0.0,0.0,0.0,0.0,0.0,0.0,0.0,0.0,0.0,0.0,0.0,0.0,0.0,0.0,0.0,0.0,0.0,0.0,0.0,0.0,0.0,0.0,0.0,0.0,0.0,0.0,0.0,0.0,0.0,0.0,0.0,0.0,0.0,0.0,0.0,0.0,0.0,0.0,0.0,0.0,0.0,0.0,0.0,0.0,0.0,0.0,0.0,0.0,0.0,0.0,0.0,0.0,0.0,0.0,0.0,0.0,0.0,0.0,0.0,0.0,0.0,0.0,0.0,0.0,0.0,0.0,0.0,0.0,0.0,0.0,0.0,0.0,0.01,0.01,0.02,0.03,0.05,0.07,0.11,0.16,0.22,0.31,0.42,0.57,0.74,0.96,1.21,1.51,1.84,2.22,2.62,3.06,3.53,4.03,4.57,5.16,5.81,6.54,7.37,8.35,9.48,10.8,12.32,14.04,15.96,18.04,20.26,22.55,24.86,27.13,29.29,31.27,33.02,34.51,35.7,36.55,37.07,37.24,37.07,36.54,35.69,34.53,33.1,31.44,29.62,27.72,25.83,24.06,22.52,21.31,20.53,20.26,20.55,21.42,22.86,24.82,27.22,29.93,32.81,35.71,38.45,40.87,42.82,44.18,44.85,44.79,43.98,42.46,40.3,37.61,34.52,31.17,27.71,24.29,21.04,18.08,15.49,13.35,11.7,10.56,9.92,9.77,10.05,10.71,11.67,12.84,14.14,15.47,16.72,17.8,18.65,19.19,19.38,19.21,18.68,17.83,16.69,15.33,13.81,12.22,10.61,9.05,7.58,6.25,5.06,4.04,3.18,2.48,1.92,1.5,1.2,1.01,0.93,0.94,1.07,1.31,1.67,2.17,2.83,3.65,4.64,5.8,7.12,8.59,10.15,11.77,13.39,14.92,16.31,17.48,18.37,18.92,19.1,18.91,18.34,17.45,16.27,14.87,13.33,11.71,10.08,8.51,7.04,5.71,4.54,3.54,2.71,2.03,1.49,1.07,0.76,0.52,0.35,0.24,0.15,0.1,0.06,0.04,0.02,0.01,0.01,0.0,0.0,0.0,0.0,0.0,0.0
94.29,88.91,74.54,55.56,36.82,21.69,11.36,5.29,2.19,0.81,0.26,0.08,0.02,0.0,0.0,0.0,0.0,0.0,0.0,0.0,0.0,0.0,0.0,0.0,0.0,0.0,0.0,0.0,0.0,0.0,0.0,0.0,0.0,0.0,0.0,0.0,0.0,0.0,0.0,0.0,0.0,0.0,0.0,0.0,0.0,0.0,0.0,0.0,0.0,0.0,0.0,0.0,0.0,0.0,0.0,0.0,0.0,0.0,0.0,0.0,0.0,0.0,0.0,0.0,0.0,0.0,0.0,0.0,0.0,0.0,0.0,0.0,0.0,0.0,0.0,0.0,0.0,0.0,0.0,0.0,0.0,0.0,0.0,0.0,0.0,0.0,0.01,0.01,0.02,0.02,0.02,0.02,0.02,0.01,0.01,0.0,0.0,0.0,0.0,0.0,0.0,0.0,0.0,0.0,0.0,0.0,0.0,0.0,0.01,0.01,0.02,0.02,0.02,0.02,0.02,0.01,0.01,0.0,0.0,0.0,0.0,0.0,0.0,0.0,0.01,0.01,0.02,0.03,0.05,0.07,0.1,0.15,0.22,0.32,0.44,0.6,0.8,1.05,1.35,1.7,2.11,2.56,3.06,3.59,4.15,4.72,5.3,5.87,6.45,7.03,7.62,8.25,8.93,9.7,10.57,11.57,12.71,13.99,15.4,16.92,18.51,20.14,21.75,23.3,24.73,26.01,27.1,27.97,28.59,28.97,29.08,28.92,28.51,27.83,26.93,25.8,24.51,23.09,21.61,20.13,18.76,17.55,16.61,16.0,15.79,16.02,16.7,17.82,19.35,21.21,23.33,25.57,27.83,29.97,31.86,33.38,34.44,34.96,34.92,34.29,33.11,31.44,29.36,26.98,24.41,21.78,19.2,16.79,14.64,12.84,11.44,10.5,10.04,10.06,10.53,11.43,12.7,14.25,16.01,17.85,19.69,21.39,22.85,23.99,24.72,24.99,24.79,24.13,23.04,21.59,19.85,17.91,15.87,13.8,11.8,9.91,8.19,6.66,5.33,4.21,3.3,2.57,2.01,1.61,1.35,1.23,1.24,1.39,1.68,2.14,2.78,3.62,4.67,5.94,7.44,9.15,11.03,13.05,15.15,17.23,19.22,21.02,22.53,23.67,24.39,24.63,24.38,23.66,22.51,20.99,19.19,17.2,15.11,13.01,10.98,9.09,7.37,5.86,4.57,3.49,2.61,1.92,1.38,0.97,0.67,0.46,0.3,0.2,0.13,0.08,0.05,0.03,0.02,0.01,0.01,0.0,0.0,0.0,0.0,0.0
100.0,94.29,79.05,58.92,39.05,23.01,12.05,5.61,2.32,0.86,0.28,0.08,0.02,0.0,0.0,0.0,0.0,0.0,0.0,0.0,0.0,0.0,0.0,0.0,0.0,0.0,0.0,0.0,0.0,0.0,0.0,0.0,0.0,0.0,0.0,0.0,0.0,0.0,0.0,0.0,0.0,0.0,0.0,0.0,0.0,0.0,0.0,0.0,0.0,0.0,0.0,0.0,0.0,0.0,0.0,0.0,0.0,0.0,0.0,0.0,0.0,0.0,0.0,0.0,0.0,0.0,0.0,0.0,0.0,0.0,0.0,0.0,0.0,0.0,0.0,0.0,0.0,0.0,0.0,0.0,0.0,0.0,0.0,0.0,0.01,0.02,0.03,0.05,0.06,0.08,0.08,0.08,0.06,0.05,0.03,0.02,0.01,0.0,0.0,0.0,0.0,0.0,0.0,0.0,0.0,0.0,0.01,0.02,0.03,0.05,0.06,0.08,0.08,0.08,0.06,0.05,0.03,0.02,0.01,0.01,0.0,0.0,0.0,0.01,0.01,0.02,0.03,0.04,0.06,0.1,0.14,0.21,0.31,0.44,0.61,0.83,1.11,1.45,1.87,2.35,2.91,3.53,4.19,4.9,5.62,6.34,7.04,7.7,8.3,8.84,9.33,9.78,10.2,10.62,11.07,11.58,12.16,12.84,13.62,14.49,15.44,16.44,17.45,18.45,19.39,20.25,20.98,21.57,21.99,22.23,22.28,22.14,21.81,21.29,20.58,19.72,18.73,17.64,16.51,15.39,14.33,13.41,12.69,12.23,12.07,12.24,12.76,13.62,14.78,16.21,17.82,19.54,21.27,22.9,24.34,25.51,26.32,26.72,26.69,26.22,25.33,24.06,22.5,20.72,18.81,16.87,15.01,13.32,11.88,10.77,10.06,9.78,9.97,10.63,11.76,13.31,15.23,17.45,19.85,22.33,24.74,26.97,28.88,30.36,31.31,31.69,31.46,30.65,29.29,27.47,25.29,22.85,20.28,17.68,15.14,12.76,10.57,8.63,6.94,5.52,4.34,3.4,2.67,2.14,1.8,1.62,1.62,1.79,2.15,2.72,3.52,4.57,5.9,7.51,9.4,11.56,13.95,16.51,19.16,21.8,24.32,26.6,28.52,29.97,30.88,31.19,30.88,29.97,28.51,26.59,24.31,21.78,19.13,16.48,13.91,11.51,9.34,7.42,5.79,4.42,3.31,2.43,1.75,1.23,0.85,0.58,0.38,0.25,0.16,0.1,0.06,0.04,0.02,0.01,0.01,0.0,0.0,0.0,0.0,0.0
94.29,88.91,74.54,55.56,36.82,21.69,11.36,5.29,2.19,0.81,0.26,0.08,0.02,0.0,0.0,0.0,0.0,0.0,0.0,0.0,0.0,0.0,0.0,0.0,0.0,0.0,0.0,0.0,0.0,0.0,0.0,0.0,0.0,0.0,0.0,0.0,0.0,0.0,0.0,0.0,0.0,0.0,0.0,0.0,0.0,0.0,0.0,0.0,0.0,0.0,0.0,0.0,0.0,0.0,0.0,0.0,0.0,0.0,0.0,0.0,0.0,0.0,0.0,0.0,0.0,0.0,0.0,0.0,0.0,0.0,0.0,0.0,0.0,0.0,0.0,0.0,0.0,0.0,0.0,0.0,0.0,0.0,0.01,0.02,0.03,0.06,0.11,0.17,0.22,0.26,0.28,0.26,0.22,0.17,0.11,0.06,0.03,0.02,0.01,0.0,0.0,0.0,0.0,0.0,0.01,0.02,0.03,0.06,0.11,0.17,0.22,0.26,0.28,0.26,0.22,0.17,0.11,0.06,0.03,0.02,0.01,0.0,0.01,0.01,0.01,0.02,0.03,0.05,0.09,0.13,0.2,0.29,0.42,0.6,0.83,1.13,1.51,1.98,2.54,3.19,3.94,4.77,5.67,6.6,7.55,8.48,9.35,10.14,10.81,11.36,11.77,12.06,12.23,12.33,12.37,12.4,12.45,12.55,12.73,12.99,13.33,13.74,14.21,14.71,15.2,15.67,16.09,16.42,16.66,16.78,16.78,16.64,16.37,15.97,15.43,14.78,14.04,13.22,12.37,11.53,10.74,10.05,9.51,9.16,9.04,9.17,9.56,10.2,11.07,12.14,13.35,14.64,15.93,17.15,18.23,19.11,19.71,20.02,20.0,19.65,19.0,18.07,16.93,15.64,14.28,12.92,11.66,10.59,9.76,9.27,9.17,9.52,10.33,11.64,13.43,15.68,18.31,21.25,24.38,27.56,30.65,33.48,35.9,37.77,38.99,39.49,39.24,38.26,36.6,34.37,31.68,28.68,25.5,22.28,19.14,16.18,13.46,11.04,8.92,7.13,5.65,4.45,3.52,2.83,2.37,2.13,2.1,2.3,2.73,3.42,4.4,5.7,7.34,9.33,11.68,14.37,17.33,20.52,23.82,27.1,30.24,33.07,35.46,37.26,38.39,38.78,38.39,37.26,35.45,33.06,30.22,27.09,23.79,20.49,17.3,14.31,11.61,9.23,7.2,5.5,4.12,3.02,2.18,1.54,1.06,0.72,0.48,0.31,0.2,0.12,0.08,0.05,0.03,0.02,0.01,0.0,0.0,0.0,0.0,0.0
79.05,74.54,62.49,46.58,30.87,18.19,9.53,4.44,1.84,0.68,0.22,0.06,0.02,0.0,0.0,0.0,0.0,0.0,0.0,0.0,0.0,0.0,0.0,0.0,0.0,0.0,0.0,0.0,0.0,0.0,0.0,0.0,0.0,0.0,0.0,0.0,0.0,0.0,0.0,0.0,0.0,0.0,0.0,0.0,0.0,0.0,0.0,0.0,0.0,0.0,0.0,0.0,0.0,0.0,0.0,0.0,0.0,0.0,0.0,0.0,0.0,0.0,0.0,0.0,0.0,0.0,0.0,0.0,0.0,0.0,0.0,0.0,0.0,0.0,0.0,0.0,0.0,0.0,0.0,0.0,0.0,0.01,0.02,0.05,0.1,0.2,0.33,0.5,0.68,0.81,0.86,0.81,0.68,0.5,0.33,0.2,0.1,0.05,0.02,0.01,0.0,0.0,0.0,0.01,0.02,0.05,0.1,0.2,0.33,0.5,0.68,0.81,0.86,0.81,0.68,0.5,0.33,0.2,0.1,0.05,0.02,0.01,0.01,0.01,0.02,0.03,0.05,0.07,0.11,0.18,0.26,0.39,0.56,0.8,1.11,1.51,2.01,2.64,3.38,4.26,5.25,6.35,7.53,8.77,10.0,11.2,12.31,13.28,14.07,14.66,15.03,15.17,15.12,14.88,14.52,14.08,13.6,13.13,12.72,12.38,12.14,12.0,11.95,11.98,12.07,12.19,12.31,12.42,12.48,12.5,12.44,12.3,12.07,11.76,11.35,10.87,10.31,9.71,9.08,8.46,7.88,7.38,6.98,6.73,6.64,6.73,7.02,7.49,8.13,8.91,9.8,10.75,11.7,12.59,13.39,14.03,14.48,14.71,14.7,14.45,13.99,13.33,12.53,11.64,10.72,9.84,9.08,8.52,8.23,8.28,8.74,9.67,11.1,13.05,15.53,18.51,21.91,25.64,29.56,33.53,37.36,40.87,43.87,46.2,47.73,48.38,48.12,46.96,44.98,42.29,39.05,35.42,31.57,27.66,23.84,20.23,16.9,13.93,11.33,9.11,7.26,5.76,4.58,3.71,3.11,2.77,2.7,2.91,3.41,4.24,5.42,6.99,8.98,11.41,14.27,17.54,21.17,25.05,29.08,33.09,36.92,40.38,43.29,45.5,46.88,47.35,46.88,45.5,43.29,40.37,36.91,33.08,29.06,25.02,21.12,17.48,14.18,11.27,8.79,6.72,5.03,3.69,2.66,1.88,1.3,0.88,0.58,0.38,0.24,0.15,0.09,0.06,0.03,0.02,0.01,0.01,0.0,0.0,0.0,0.0
58.92,55.56,46.58,34.72,23.01,13.56,7.1,3.31,1.37,0.5,0.17,0.05,0.01,0.0,0.0,0.0,0.0,0.0,0.0,0.0,0.0,0.0,0.0,0.0,0.0,0.0,0.0,0.0,0.0,0.0,0.0,0.0,0.0,0.0,0.0,0.0,0.0,0.0,0.0,0.0,0.0,0.0,0.0,0.0,0.0,0.0,0.0,0.0,0.0,0.0,0.0,0.0,0.0,0.0,0.0,0.0,0.0,0.0,0.0,0.0,0.0,0.0,0.0,0.0,0.0,0.0,0.0,0.0,0.0,0.0,0.0,0.0,0.0,0.0,0.0,0.0,0.0,0.0,0.0,0.0,0.01,0.02,0.05,0.13,0.28,0.53,0.91,1.37,1.84,2.19,2.32,2.19,1.84,1.37,0.91,0.53,0.28,0.13,0.05,0.02,0.01,0.0,0.01,0.02,0.05,0.13,0.28,0.53,0.91,1.37,1.84,2.19,2.32,2.19,1.84,1.37,0.91,0.54,0.28,0.13,0.06,0.02,0.01,0.01,0.02,0.04,0.06,0.1,0.15,0.23,0.34,0.51,0.74,1.04,1.45,1.97,2.63,3.45,4.42,5.56,6.86,8.3,9.84,11.44,13.03,14.57,15.98,17.19,18.15,18.82,19.17,19.19,18.91,18.35,17.57,16.64,15.62,14.58,13.57,12.64,11.82,11.14,10.59,10.18,9.87,9.66,9.51,9.4,9.32,9.22,9.11,8.96,8.76,8.51,8.2,7.84,7.43,6.99,6.54,6.09,5.67,5.31,5.02,4.84,4.78,4.85,5.05,5.39,5.85,6.42,7.06,7.74,8.42,9.07,9.64,10.1,10.43,10.59,10.59,10.43,10.11,9.67,9.13,8.56,7.99,7.5,7.16,7.03,7.2,7.74,8.71,10.19,12.22,14.82,18.01,21.75,25.96,30.54,35.34,40.17,44.82,49.08,52.72,55.56,57.45,58.28,58.02,56.69,54.37,51.21,47.37,43.06,38.48,33.83,29.27,24.94,20.95,17.36,14.2,11.5,9.23,7.38,5.91,4.8,4.03,3.57,3.44,3.65,4.22,5.18,6.57,8.44,10.81,13.71,17.14,21.05,25.4,30.06,34.89,39.7,44.29,48.44,51.94,54.59,56.25,56.81,56.24,54.59,51.93,48.43,44.28,39.68,34.86,30.02,25.34,20.97,17.01,13.53,10.54,8.06,6.03,4.43,3.19,2.25,1.56,1.05,0.7,0.46,0.29,0.18,0.11,0.07,0.04,0.02,0.01,0.01,0.0,0.0,0.0,0.0
39.05,36.82,30.87,23.01,15.25,8.98,4.71,2.19,0.91,0.33,0.11,0.03,0.01,0.0,0.0,0.0,0.0,0.0,0.0,0.0,0.0,0.0,0.0,0.0,0.0,0.0,0.0,0.0,0.0,0.0,0.0,0.0,0.0,0.0,0.0,0.0,0.0,0.0,0.0,0.0,0.0,0.0,0.0,0.0,0.0,0.0,0.0,0.0,0.0,0.0,0.0,0.0,0.0,0.0,0.0,0.0,0.0,0.0,0.0,0.0,0.0,0.0,0.0,0.0,0.0,0.0,0.0,0.0,0.0,0.0,0.0,0.0,0.0,0.0,0.0,0.0,0.0,0.0,0.0,0.0,0.02,0.05,0.13,0.32,0.68,1.29,2.19,3.31,4.44,5.29,5.61,5.29,4.44,3.31,2.19,1.29,0.68,0.32,0.13,0.05,0.02,0.01,0.02,0.05,0.13,0.32,0.68,1.29,2.19,3.31,4.44,5.29,5.61,5.29,4.44,3.31,2.19,1.29,0.68,0.32,0.13,0.05,0.03,0.02,0.03,0.05,0.08,0.12,0.19,0.29,0.44,0.65,0.94,1.34,1.86,2.53,3.38,4.42,5.67,7.13,8.8,10.64,12.6,14.64,16.68,18.63,20.41,21.93,23.11,23.89,24.24,24.15,23.64,22.74,21.54,20.1,18.51,16.86,15.24,13.7,12.3,11.07,10.03,9.17,8.48,7.95,7.55,7.24,7.0,6.8,6.62,6.45,6.26,6.06,5.82,5.55,5.26,4.94,4.62,4.3,4.01,3.75,3.55,3.42,3.37,3.42,3.56,3.8,4.13,4.53,4.98,5.46,5.94,6.4,6.8,7.13,7.36,7.49,7.49,7.39,7.19,6.91,6.58,6.25,5.97,5.79,5.79,6.03,6.59,7.56,9.01,11.01,13.63,16.89,20.8,25.33,30.39,35.87,41.6,47.35,52.89,57.96,62.31,65.72,68.01,69.06,68.83,67.33,64.68,61.03,56.59,51.58,46.24,40.79,35.44,30.35,25.63,21.37,17.61,14.36,11.62,9.36,7.55,6.16,5.17,4.56,4.34,4.53,5.15,6.24,7.84,10.02,12.8,16.2,20.23,24.84,29.96,35.45,41.14,46.81,52.22,57.12,61.24,64.37,66.32,66.98,66.32,64.36,61.23,57.11,52.21,46.79,41.1,35.4,29.88,24.73,20.06,15.95,12.43,9.5,7.11,5.22,3.76,2.65,1.83,1.24,0.83,0.54,0.34,0.22,0.13,0.08,0.05,0.03,0.02,0.01,0.0,0.0,0.0,0.0
23.01,21.69,18.19,13.56,8.98,5.29,2.77,1.29,0.53,0.2,0.06,0.02,0.0,0.0,0.0,0.0,0.0,0.0,0.0,0.0,0.0,0.0,0.0,0.0,0.0,0.0,0.0,0.0,0.0,0.0,0.0,0.0,0.0,0.0,0.0,0.0,0.0,0.0,0.0,0.0,0.0,0.0,0.0,0.0,0.0,0.0,0.0,0.0,0.0,0.0,0.0,0.0,0.0,0.0,0.0,0.0,0.0,0.0,0.0,0.0,0.0,0.0,0.0,0.0,0.0,0.0,0.0,0.0,0.0,0.0,0.0,0.0,0.0,0.0,0.0,0.0,0.0,0.0,0.0,0.01,0.03,0.1,0.28,0.68,1.45,2.77,4.71,7.1,9.53,11.36,12.05,11.36,9.53,7.1,4.71,2.77,1.45,0.68,0.28,0.1,0.04,0.02,0.04,0.1,0.28,0.68,1.45,2.77,4.71,7.1,9.53,11.36,12.05,11.36,9.53,7.1,4.71,2.77,1.45,0.68,0.28,0.11,0.05,0.03,0.04,0.06,0.1,0.15,0.24,0.37,0.56,0.82,1.19,1.68,2.34,3.18,4.25,5.56,7.13,8.97,11.06,13.37,15.84,18.4,20.95,23.39,25.61,27.49,28.93,29.86,30.24,30.05,29.3,28.05,26.39,24.4,22.21,19.93,17.66,15.49,13.48,11.69,10.14,8.84,7.78,6.93,6.27,5.76,5.37,5.07,4.83,4.63,4.44,4.26,4.07,3.87,3.65,3.43,3.2,2.98,2.77,2.59,2.45,2.36,2.33,2.36,2.46,2.63,2.86,3.13,3.44,3.78,4.11,4.43,4.71,4.94,5.1,5.19,5.2,5.15,5.03,4.88,4.71,4.58,4.52,4.59,4.86,5.41,6.32,7.68,9.57,12.07,15.26,19.17,23.81,29.15,35.1,41.52,48.21,54.94,61.41,67.35,72.46,76.49,79.23,80.54,80.37,78.74,75.78,71.66,66.61,60.9,54.79,48.54,42.37,36.48,30.99,26.02,21.6,17.75,14.48,11.75,9.54,7.82,6.57,5.76,5.42,5.56,6.21,7.41,9.23,11.71,14.91,18.83,23.49,28.82,34.74,41.1,47.7,54.27,60.55,66.22,71.0,74.62,76.89,77.66,76.88,74.62,70.99,66.21,60.53,54.24,47.65,41.04,34.64,28.67,23.25,18.49,14.41,11.01,8.25,6.06,4.36,3.08,2.13,1.44,0.96,0.62,0.4,0.25,0.15,0.09,0.05,0.03,0.02,0.01,0.01,0.0,0.0,0.0
12.05,11.36,9.53,7.1,4.71,2.77,1.45,0.68,0.28,0.1,0.03,0.01,0.0,0.0,0.0,0.0,0.0,0.0,0.0,0.0,0.0,0.0,0.0,0.0,0.0,0.0,0.0,0.0,0.0,0.0,0.0,0.0,0.0,0.0,0.0,0.0,0.0,0.0,0.0,0.0,0.0,0.0,0.0,0.0,0.0,0.0,0.0,0.0,0.0,0.0,0.0,0.0,0.0,0.0,0.0,0.0,0.0,0.0,0.0,0.0,0.0,0.0,0.0,0.0,0.0,0.0,0.0,0.0,0.0,0.0,0.0,0.0,0.0,0.0,0.0,0.0,0.0,0.0,0.0,0.02,0.06,0.2,0.53,1.29,2.77,5.29,8.98,13.56,18.19,21.69,23.01,21.69,18.19,13.56,8.98,5.29,2.77,1.29,0.54,0.2,0.07,0.04,0.07,0.2,0.54,1.29,2.77,5.29,8.98,13.56,18.19,21.69,23.01,21.69,18.19,13.56,8.98,5.29,2.77,1.29,0.54,0.21,0.08,0.04,0.05,0.07,0.12,0.19,0.3,0.46,0.69,1.01,1.46,2.07,2.88,3.92,5.24,6.85,8.79,11.06,13.63,16.47,19.52,22.67,25.81,28.81,31.53,33.82,35.58,36.7,37.12,36.82,35.83,34.21,32.05,29.49,26.67,23.71,20.75,17.91,15.27,12.9,10.83,9.08,7.63,6.46,5.55,4.84,4.3,3.89,3.59,3.34,3.15,2.97,2.81,2.65,2.5,2.34,2.18,2.02,1.88,1.76,1.66,1.6,1.58,1.6,1.67,1.78,1.94,2.12,2.33,2.56,2.79,3.0,3.19,3.35,3.47,3.53,3.55,3.53,3.48,3.42,3.38,3.39,3.51,3.78,4.28,5.09,6.31,8.01,10.31,13.3,17.04,21.59,26.97,33.13,39.97,47.35,55.03,62.76,70.2,77.05,82.96,87.65,90.88,92.5,92.43,90.72,87.49,82.94,77.32,70.93,64.07,57.02,50.03,43.33,37.06,31.33,26.21,21.72,17.86,14.61,11.95,9.83,8.26,7.21,6.7,6.75,7.4,8.7,10.71,13.49,17.1,21.55,26.83,32.9,39.65,46.89,54.41,61.91,69.06,75.53,80.98,85.11,87.69,88.57,87.69,85.11,80.97,75.52,69.04,61.87,54.35,46.81,39.51,32.7,26.52,21.09,16.44,12.56,9.41,6.91,4.97,3.51,2.43,1.64,1.09,0.71,0.45,0.28,0.17,0.11,0.06,0.04,0.02,0.01,0.01,0.0,0.0,0.0
5.61,5.29,4.44,3.31,2.19,1.29,0.68,0.32,0.13,0.05,0.02,0.0,0.0,0.0,0.0,0.0,0.0,0.0,0.0,0.0,0.0,0.0,0.0,0.0,0.0,0.0,0.0,0.0,0.0,0.0,0.0,0.0,0.0,0.0,0.0,0.0,0.0,0.0,0.0,0.0,0.0,0.0,0.0,0.0,0.0,0.0,0.0,0.0,0.0,0.0,0.0,0.0,0.0,0.0,0.0,0.0,0.0,0.0,0.0,0.0,0.0,0.0,0.0,0.0,0.0,0.0,0.0,0.0,0.0,0.0,0.0,0.0,0.0,0.0,0.0,0.0,0.0,0.0,0.01,0.03,0.11,0.33,0.91,2.19,4.71,8.98,15.25,23.01,30.87,36.82,39.05,36.82,30.87,23.01,15.25,8.98,4.71,2.19,0.91,0.34,0.12,0.06,0.12,0.34,0.91,2.19,4.71,8.98,15.25,23.01,30.87,36.82,39.05,36.82,30.87,23.01,15.25,8.98,4.71,2.19,0.91,0.34,0.13,0.06,0.06,0.09,0.14,0.23,0.36,0.55,0.83,1.22,1.77,2.5,3.48,4.74,6.33,8.28,10.62,13.36,16.47,19.91,23.58,27.39,31.18,34.8,38.07,40.83,42.94,44.27,44.74,44.35,43.1,41.09,38.42,35.25,31.75,28.08,24.4,20.86,17.56,14.59,11.98,9.76,7.92,6.43,5.25,4.34,3.65,3.14,2.76,2.47,2.25,2.08,1.93,1.8,1.68,1.57,1.46,1.35,1.25,1.17,1.11,1.07,1.05,1.07,1.11,1.19,1.29,1.41,1.55,1.7,1.85,2.0,2.13,2.23,2.31,2.36,2.39,2.4,2.39,2.41,2.46,2.58,2.83,3.27,3.96,5.0,6.47,8.5,11.18,14.61,18.89,24.07,30.16,37.13,44.86,53.19,61.88,70.61,79.05,86.82,93.56,98.94,102.71,104.68,104.79,103.05,99.62,94.69,88.57,81.56,73.99,66.18,58.41,50.9,43.84,37.35,31.49,26.31,21.81,17.98,14.8,12.23,10.28,8.93,8.2,8.12,8.73,10.09,12.27,15.33,19.32,24.28,30.19,36.99,44.54,52.67,61.1,69.51,77.54,84.8,90.92,95.56,98.46,99.45,98.46,95.56,90.91,84.79,77.51,69.47,61.02,52.55,44.36,36.71,29.78,23.68,18.46,14.1,10.56,7.76,5.58,3.94,2.72,1.85,1.23,0.8,0.51,0.32,0.2,0.12,0.07,0.04,0.02,0.01,0.01,0.0,0.0,0.0
2.32,2.19,1.84,1.37,0.91,0.53,0.28,0.13,0.05,0.02,0.01,0.0,0.0,0.0,0.0,0.0,0.0,0.0,0.0,0.0,0.0,0.0,0.0,0.0,0.0,0.0,0.0,0.0,0.0,0.0,0.0,0.0,0.0,0.0,0.0,0.0,0.0,0.0,0.0,0.0,0.0,0.0,0.0,0.0,0.0,0.0,0.0,0.0,0.0,0.0,0.0,0.0,0.0,0.0,0.0,0.0,0.0,0.0,0.0,0.0,0.0,0.0,0.0,0.0,0.0,0.0,0.0,0.0,0.0,0.0,0.0,0.0,0.0,0.0,0.0,0.0,0.0,0.0,0.01,0.05,0.17,0.5,1.37,3.31,7.1,13.56,23.01,34.72,46.58,55.56,58.92,55.56,46.58,34.72,23.01,13.56,7.1,3.31,1.37,0.51,0.18,0.1,0.18,0.51,1.37,3.31,7.1,13.56,23.01,34.72,46.58,55.56,58.92,55.56,46.58,34.72,23.01,13.56,7.1,3.31,1.38,0.52,0.19,0.09,0.08,0.11,0.17,0.27,0.42,0.65,0.98,1.45,2.09,2.97,4.12,5.61,7.49,9.81,12.58,15.83,19.51,23.58,27.93,32.44,36.93,41.21,45.08,48.34,50.83,52.39,52.93,52.44,50.93,48.51,45.31,41.5,37.3,32.89,28.47,24.2,20.22,16.63,13.47,10.77,8.53,6.72,5.28,4.17,3.32,2.7,2.24,1.9,1.66,1.48,1.34,1.22,1.13,1.04,0.96,0.89,0.82,0.76,0.72,0.69,0.69,0.69,0.72,0.77,0.84,0.92,1.01,1.11,1.21,1.3,1.39,1.46,1.52,1.56,1.59,1.61,1.65,1.71,1.83,2.05,2.4,2.97,3.82,5.05,6.76,9.07,12.1,15.96,20.74,26.52,33.3,41.05,49.64,58.91,68.57,78.3,87.72,96.42,104.0,110.11,114.45,116.84,117.17,115.49,111.94,106.74,100.2,92.65,84.46,75.96,67.45,59.17,51.34,44.07,37.46,31.55,26.37,21.9,18.13,15.05,12.65,10.94,9.93,9.66,10.18,11.56,13.87,17.18,21.53,26.97,33.47,40.96,49.3,58.27,67.59,76.89,85.77,93.79,100.56,105.69,108.9,109.98,108.89,105.68,100.55,93.77,85.73,76.83,67.49,58.12,49.06,40.6,32.93,26.19,20.41,15.6,11.68,8.58,6.17,4.36,3.01,2.04,1.36,0.88,0.56,0.35,0.22,0.13,0.08,0.04,0.03,0.01,0.01,0.0,0.0,0.0
0.86,0.81,0.68,0.5,0.33,0.2,0.1,0.05,0.02,0.01,0.0,0.0,0.0,0.0,0.0,0.0,0.0,0.0,0.0,0.0,0.0,0.0,0.0,0.0,0.0,0.0,0.0,0.0,0.0,0.0,0.0,0.0,0.0,0.0,0.0,0.0,0.0,0.0,0.0,0.0,0.0,0.0,0.0,0.0,0.0,0.0,0.0,0.0,0.0,0.0,0.0,0.0,0.0,0.0,0.0,0.0,0.0,0.0,0.0,0.0,0.0,0.0,0.0,0.0,0.0,0.0,0.0,0.0,0.0,0.0,0.0,0.0,0.0,0.0,0.0,0.0,0.0,0.0,0.02,0.06,0.22,0.68,1.84,4.44,9.53,18.19,30.87,46.58,62.49,74.54,79.05,74.54,62.49,46.58,30.87,18.19,9.53,4.44,1.84,0.68,0.24,0.13,0.24,0.68,1.84,4.44,9.53,18.19,30.87,46.58,62.49,74.54,79.05,74.54,62.49,46.58,30.87,18.19,9.53,4.44,1.85,0.69,0.25,0.11,0.09,0.12,0.2,0.32,0.49,0.76,1.14,1.68,2.43,3.44,4.79,6.52,8.7,11.39,14.61,18.38,22.65,27.38,32.43,37.66,42.87,47.84,52.34,56.12,59.0,60.8,61.42,60.83,59.07,56.23,52.48,48.03,43.11,37.95,32.77,27.78,23.11,18.89,15.18,12.01,9.37,7.22,5.53,4.21,3.22,2.48,1.94,1.56,1.28,1.09,0.94,0.84,0.75,0.68,0.62,0.57,0.53,0.49,0.46,0.44,0.44,0.44,0.46,0.49,0.54,0.59,0.65,0.71,0.77,0.83,0.89,0.94,0.98,1.02,1.05,1.09,1.15,1.25,1.43,1.71,2.15,2.82,3.8,5.2,7.11,9.68,13.03,17.27,22.53,28.86,36.29,44.77,54.19,64.34,74.94,85.63,96.0,105.62,114.04,120.89,125.85,128.69,129.34,127.8,124.23,118.87,112.02,104.06,95.35,86.25,77.07,68.09,59.51,51.48,44.11,37.45,31.53,26.37,21.96,18.3,15.39,13.24,11.89,11.38,11.77,13.11,15.5,19.0,23.67,29.54,36.58,44.72,53.79,63.56,73.71,83.84,93.51,102.26,109.63,115.23,118.72,119.91,118.72,115.22,109.62,102.23,93.46,83.76,73.58,63.36,53.49,44.26,35.9,28.55,22.25,17.0,12.74,9.35,6.73,4.75,3.28,2.23,1.48,0.96,0.62,0.39,0.24,0.14,0.08,0.05,0.03,0.02,0.01,0.0,0.0,0.0
0.28,0.26,0.22,0.17,0.11,0.06,0.03,0.02,0.01,0.0,0.0,0.0,0.0,0.0,0.0,0.0,0.0,0.0,0.0,0.0,0.0,0.0,0.0,0.0,0.0,0.0,0.0,0.0,0.0,0.0,0.0,0.0,0.0,0.0,0.0,0.0,0.0,0.0,0.0,0.0,0.0,0.0,0.0,0.0,0.0,0.0,0.0,0.0,0.0,0.0,0.0,0.0,0.0,0.0,0.0,0.0,0.0,0.0,0.0,0.0,0.0,0.0,0.0,0.0,0.0,0.0,0.0,0.0,0.0,0.0,0.0,0.0,0.0,0.0,0.0,0.0,0.0,0.0,0.02,0.08,0.26,0.81,2.19,5.29,11.36,21.69,36.82,55.56,74.54,88.91,94.29,88.91,74.54,55.56,36.82,21.69,11.36,5.29,2.19,0.81,0.28,0.15,0.28,0.81,2.19,5.29,11.36,21.69,36.82,55.56,74.54,88.91,94.29,88.91,74.54,55.56,36.82,21.69,11.37,5.3,2.2,0.82,0.29,0.13,0.1,0.14,0.23,0.36,0.56,0.86,1.3,1.91,2.77,3.92,5.45,7.42,9.91,12.97,16.63,20.92,25.79,31.16,36.92,42.87,48.8,54.46,59.57,63.88,67.14,69.19,69.89,69.21,67.19,63.94,59.66,54.58,48.95,43.05,37.13,31.41,26.07,21.24,16.99,13.35,10.33,7.87,5.92,4.41,3.26,2.42,1.81,1.37,1.06,0.85,0.7,0.59,0.51,0.45,0.41,0.37,0.34,0.31,0.29,0.28,0.28,0.28,0.29,0.31,0.34,0.37,0.4,0.44,0.48,0.52,0.56,0.59,0.63,0.66,0.69,0.75,0.83,0.96,1.17,1.5,2.01,2.77,3.86,5.39,7.49,10.28,13.91,18.51,24.18,31.02,39.04,48.2,58.38,69.35,80.83,92.43,103.7,114.2,123.45,131.05,136.64,140.01,141.03,139.74,136.27,130.87,123.86,115.61,106.51,96.93,87.18,77.56,68.29,59.53,51.4,43.97,37.29,31.39,26.28,21.97,18.48,15.84,14.09,13.27,13.46,14.72,17.13,20.78,25.71,31.94,39.46,48.18,57.91,68.39,79.29,90.18,100.58,109.98,117.91,123.93,127.68,128.96,127.68,123.92,117.89,109.95,100.52,90.08,79.13,68.15,57.53,47.6,38.61,30.71,23.93,18.29,13.7,10.06,7.24,5.11,3.53,2.39,1.59,1.04,0.66,0.41,0.25,0.15,0.09,0.05,0.03,0.02,0.01,0.0,0.0,0.0
0.08,0.08,0.06,0.05,0.03,0.02,0.01,0.0,0.0,0.0,0.0,0.0,0.0,0.0,0.0,0.0,0.0,0.0,0.0,0.0,0.0,0.0,0.0,0.0,0.0,0.0,0.0,0.0,0.0,0.0,0.0,0.0,0.0,0.0,0.0,0.0,0.0,0.0,0.0,0.0,0.0,0.0,0.0,0.0,0.0,0.0,0.0,0.0,0.0,0.0,0.0,0.0,0.0,0.0,0.0,0.0,0.0,0.0,0.0,0.0,0.0,0.0,0.0,0.0,0.0,0.0,0.0,0.0,0.0,0.0,0.0,0.0,0.0,0.0,0.0,0.0,0.0,0.0,0.02,0.08,0.28,0.86,2.32,5.61,12.05,23.01,39.05,58.92,79.05,94.29,100.0,94.29,79.05,58.92,39.05,23.01,12.05,5.61,2.33,0.86,0.3,0.16,0.3,0.86,2.33,5.61,12.05,23.01,39.05,58.92,79.05,94.29,100.0,94.29,79.05,58.92,39.05,23.01,12.06,5.62,2.33,0.87,0.31,0.14,0.11,0.16,0.25,0.4,0.63,0.96,1.45,2.14,3.09,4.38,6.08,8.28,11.05,14.47,18.56,23.34,28.78,34.77,41.19,47.84,54.45,60.76,66.46,71.27,74.91,77.19,77.97,77.2,74.94,71.31,66.52,60.84,54.55,47.95,41.33,34.93,28.95,23.54,18.78,14.71,11.32,8.56,6.37,4.68,3.4,2.45,1.77,1.28,0.94,0.71,0.55,0.44,0.36,0.31,0.27,0.24,0.21,0.2,0.18,0.17,0.17,0.17,0.18,0.19,0.21,0.23,0.25,0.27,0.3,0.32,0.35,0.37,0.4,0.43,0.47,0.53,0.62,0.77,1.01,1.39,1.95,2.77,3.96,5.61,7.85,10.84,14.71,19.61,25.66,32.94,41.49,51.25,62.11,73.83,86.1,98.53,110.65,121.97,132.02,140.36,146.61,150.54,152.03,151.07,147.82,142.52,135.5,127.12,117.77,107.83,97.64,87.48,77.58,68.13,59.26,51.05,43.59,36.91,31.04,26.03,21.91,18.71,16.49,15.31,15.24,16.35,18.73,22.46,27.58,34.12,42.04,51.25,61.54,72.66,84.21,95.76,106.8,116.78,125.2,131.58,135.57,136.92,135.56,131.57,125.17,116.74,106.72,95.64,84.02,72.35,61.08,50.54,41.0,32.6,25.41,19.42,14.54,10.68,7.69,5.42,3.75,2.54,1.69,1.1,0.7,0.44,0.27,0.16,0.1,0.06,0.03,0.02,0.01,0.01,0.0,0.0
0.02,0.02,0.02,0.01,0.01,0.0,0.0,0.0,0.0,0.0,0.0,0.0,0.0,0.0,0.0,0.0,0.0,0.0,0.0,0.0,0.0,0.0,0.0,0.0,0.0,0.0,0.0,0.0,0.0,0.0,0.0,0.0,0.0,0.0,0.0,0.0,0.0,0.0,0.0,0.0,0.0,0.0,0.0,0.0,0.0,0.0,0.0,0.0,0.0,0.0,0.0,0.0,0.0,0.0,0.0,0.0,0.0,0.0,0.0,0.0,0.0,0.0,0.0,0.0,0.0,0.0,0.0,0.0,0.0,0.0,0.0,0.0,0.0,0.0,0.0,0.0,0.0,0.0,0.02,0.08,0.26,0.81,2.19,5.29,11.36,21.69,36.82,55.56,74.54,88.91,94.29,88.91,74.54,55.56,36.82,21.69,11.36,5.29,2.19,0.81,0.28,0.15,0.28,0.81,2.19,5.29,11.36,21.69,36.82,55.56,74.54,88.91,94.29,88.91,74.54,55.56,36.82,21.7,11.37,5.3,2.2,0.83,0.3,0.14,0.12,0.17,0.28,0.44,0.69,1.05,1.58,2.34,3.38,4.79,6.65,9.06,12.09,15.82,20.3,25.53,31.47,38.04,45.06,52.32,59.56,66.46,72.7,77.95,81.94,84.43,85.27,84.43,81.95,77.98,72.73,66.51,59.62,52.39,45.14,38.13,31.59,25.66,20.44,15.98,12.26,9.24,6.84,4.98,3.58,2.54,1.79,1.26,0.89,0.64,0.47,0.35,0.27,0.22,0.18,0.16,0.14,0.13,0.11,0.11,0.11,0.11,0.11,0.12,0.12,0.14,0.15,0.17,0.18,0.2,0.21,0.23,0.25,0.28,0.32,0.39,0.49,0.66,0.93,1.33,1.93,2.81,4.06,5.81,8.18,11.32,15.4,20.56,26.92,34.58,43.58,53.86,65.3,77.67,90.64,103.81,116.69,128.78,139.58,148.63,155.55,160.09,162.1,161.58,158.68,153.61,146.72,138.36,128.92,118.77,108.25,97.65,87.21,77.12,67.54,58.57,50.31,42.83,36.18,30.42,25.61,21.8,19.07,17.47,17.08,17.99,20.28,24.02,29.26,36.02,44.26,53.86,64.63,76.26,88.37,100.47,112.04,122.51,131.33,138.02,142.21,143.62,142.2,138.01,131.3,122.45,111.95,100.32,88.13,75.9,64.07,53.02,43.01,34.2,26.66,20.37,15.26,11.2,8.06,5.69,3.93,2.67,1.77,1.15,0.74,0.46,0.28,0.17,0.1,0.06,0.03,0.02,0.01,0.01,0.0,0.0
0.0,0.0,0.0,0.0,0.0,0.0,0.0,0.0,0.0,0.0,0.0,0.0,0.0,0.0,0.0,0.0,0.0,0.0,0.0,0.0,0.0,0.0,0.0,0.0,0.0,0.0,0.0,0.0,0.0,0.0,0.0,0.0,0.0,0.0,0.0,0.0,0.0,0.0,0.0,0.0,0.0,0.0,0.0,0.0,0.0,0.0,0.0,0.0,0.0,0.0,0.0,0.0,0.0,0.0,0.0,0.0,0.0,0.0,0.0,0.0,0.0,0.0,0.0,0.0,0.0,0.0,0.0,0.0,0.0,0.0,0.0,0.0,0.0,0.0,0.0,0.0,0.0,0.0,0.02,0.06,0.22,0.68,1.84,4.44,9.53,18.19,30.87,46.58,62.49,74.54,79.05,74.54,62.49,46.58,30.87,18.19,9.53,4.44,1.84,0.68,0.24,0.13,0.24,0.68,1.84,4.44,9.53,18.19,30.87,46.58,62.49,74.54,79.05,74.54,62.49,46.58,30.87,18.19,9.53,4.44,1.85,0.7,0.26,0.13,0.13,0.18,0.29,0.47,0.74,1.13,1.7,2.5,3.62,5.13,7.13,9.71,12.97,16.97,21.77,27.38,33.75,40.78,48.31,56.1,63.86,71.26,77.95,83.58,87.85,90.52,91.43,90.53,87.86,83.6,77.97,71.29,63.9,56.15,48.37,40.85,33.83,27.46,21.87,17.08,13.08,9.84,7.27,5.27,3.77,2.65,1.85,1.28,0.88,0.61,0.43,0.31,0.23,0.18,0.14,0.11,0.1,0.08,0.08,0.07,0.07,0.07,0.07,0.07,0.07,0.08,0.09,0.1,0.11,0.12,0.13,0.14,0.16,0.19,0.24,0.31,0.42,0.6,0.88,1.3,1.93,2.85,4.16,5.98,8.45,11.72,15.96,21.32,27.94,35.9,45.26,55.97,67.9,80.81,94.37,108.16,121.71,134.48,145.97,155.7,163.29,168.45,171.04,171.05,168.59,163.9,157.29,149.1,139.71,129.49,118.77,107.85,96.96,86.31,76.06,66.36,57.31,49.01,41.56,35.02,29.49,25.04,21.74,19.68,18.93,19.59,21.73,25.42,30.71,37.62,46.08,55.98,67.1,79.14,91.67,104.21,116.2,127.05,136.2,143.14,147.47,148.95,147.47,143.12,136.16,126.99,116.09,104.04,91.4,78.71,66.44,54.98,44.6,35.46,27.64,21.12,15.82,11.62,8.36,5.9,4.08,2.77,1.84,1.2,0.76,0.48,0.29,0.18,0.1,0.06,0.03,0.02,0.01,0.01,0.0,0.0
0.0,0.0,0.0,0.0,0.0,0.0,0.0,0.0,0.0,0.0,0.0,0.0,0.0,0.0,0.0,0.0,0.0,0.0,0.0,0.0,0.0,0.0,0.0,0.0,0.0,0.0,0.0,0.0,0.0,0.0,0.0,0.0,0.0,0.0,0.0,0.0,0.0,0.0,0.0,0.0,0.0,0.0,0.0,0.0,0.0,0.0,0.0,0.0,0.0,0.0,0.0,0.0,0.0,0.0,0.0,0.0,0.0,0.0,0.0,0.0,0.0,0.0,0.0,0.0,0.0,0.0,0.0,0.0,0.0,0.0,0.0,0.0,0.0,0.0,0.0,0.0,0.0,0.0,0.01,0.05,0.17,0.5,1.37,3.31,7.1,13.56,23.01,34.72,46.58,55.56,58.92,55.56,46.58,34.72,23.01,13.56,7.1,3.31,1.37,0.51,0.18,0.1,0.18,0.51,1.37,3.31,7.1,13.56,23.01,34.72,46.58,55.56,58.92,55.56,46.58,34.72,23.01,13.56,7.1,3.31,1.38,0.53,0.2,0.12,0.13,0.19,0.31,0.49,0.77,1.19,1.78,2.63,3.81,5.39,7.49,10.21,13.63,17.83,22.88,28.77,35.47,42.87,50.78,58.97,67.13,74.9,81.93,87.85,92.34,95.14,96.1,95.15,92.35,87.86,81.95,74.92,67.15,59.0,50.82,42.92,35.53,28.85,22.96,17.93,13.73,10.32,7.61,5.52,3.93,2.76,1.92,1.32,0.9,0.62,0.43,0.3,0.22,0.16,0.12,0.1,0.08,0.07,0.06,0.05,0.05,0.04,0.04,0.04,0.05,0.05,0.05,0.06,0.06,0.07,0.08,0.09,0.11,0.14,0.18,0.26,0.37,0.56,0.85,1.29,1.94,2.89,4.24,6.11,8.65,12.01,16.37,21.88,28.68,36.88,46.52,57.55,69.84,83.18,97.21,111.52,125.61,138.97,151.07,161.43,169.65,175.44,178.65,179.25,177.34,173.14,166.93,159.05,149.87,139.72,128.93,117.79,106.55,95.41,84.57,74.17,64.36,55.27,47.02,39.71,33.45,28.33,24.45,21.89,20.75,21.11,23.05,26.64,31.91,38.87,47.47,57.56,68.93,81.24,94.08,106.93,119.22,130.34,139.72,146.84,151.29,152.8,151.28,146.82,139.68,130.27,119.09,106.73,93.76,80.74,68.16,56.4,45.75,36.38,28.36,21.67,16.23,11.92,8.58,6.05,4.19,2.84,1.89,1.23,0.78,0.49,0.3,0.18,0.11,0.06,0.04,0.02,0.01,0.01,0.0,0.0
0.0,0.0,0.0,0.0,0.0,0.0,0.0,0.0,0.0,0.0,0.0,0.0,0.0,0.0,0.0,0.0,0.0,0.0,0.0,0.0,0.0,0.0,0.0,0.0,0.0,0.0,0.0,0.0,0.0,0.0,0.0,0.0,0.0,0.0,0.0,0.0,0.0,0.0,0.0,0.0,0.0,0.0,0.0,0.0,0.0,0.0,0.0,0.0,0.0,0.0,0.0,0.0,0.0,0.0,0.0,0.0,0.0,0.0,0.0,0.0,0.0,0.0,0.0,0.0,0.0,0.0,0.0,0.0,0.0,0.0,0.0,0.0,0.0,0.0,0.0,0.0,0.0,0.0,0.01,0.03,0.11,0.33,0.91,2.19,4.71,8.98,15.25,23.01,30.87,36.82,39.05,36.82,30.87,23.01,15.25,8.98,4.71,2.19,0.91,0.34,0.12,0.06,0.12,0.34,0.91,2.19,4.71,8.98,15.25,23.01,30.87,36.82,39.05,36.82,30.87,23.01,15.25,8.99,4.71,2.2,0.92,0.36,0.15,0.1,0.13,0.2,0.32,0.51,0.8,1.22,1.84,2.71,3.92,5.56,7.72,10.52,14.04,18.38,23.58,29.65,36.55,44.17,52.32,60.76,69.16,77.18,84.42,90.52,95.14,98.03,99.01,98.03,95.15,90.53,84.43,77.2,69.19,60.79,52.37,44.22,36.61,29.72,23.66,18.48,14.15,10.64,7.86,5.7,4.07,2.87,1.99,1.38,0.95,0.65,0.45,0.32,0.23,0.17,0.13,0.1,0.08,0.06,0.05,0.04,0.04,0.03,0.03,0.03,0.03,0.03,0.03,0.03,0.04,0.04,0.05,0.06,0.08,0.11,0.15,0.23,0.35,0.54,0.83,1.28,1.95,2.92,4.29,6.19,8.77,12.19,16.63,22.23,29.16,37.5,47.32,58.56,71.11,84.74,99.11,113.8,128.33,142.16,154.77,165.69,174.5,180.9,184.74,185.97,184.68,181.05,175.36,167.92,159.05,149.1,138.37,127.14,115.65,104.12,92.76,81.74,71.23,61.39,52.37,44.31,37.33,31.55,27.08,24.02,22.47,22.5,24.2,27.63,32.82,39.76,48.4,58.58,70.07,82.54,95.55,108.58,121.05,132.34,141.86,149.08,153.59,155.13,153.58,149.06,141.81,132.26,120.91,108.36,95.19,81.97,69.2,57.26,46.45,36.93,28.79,22.0,16.48,12.1,8.71,6.14,4.25,2.88,1.91,1.25,0.8,0.5,0.31,0.18,0.11,0.06,0.04,0.02,0.01,0.01,0.0,0.0
0.0,0.0,0.0,0.0,0.0,0.0,0.0,0.0,0.0,0.0,0.0,0.0,0.0,0.0,0.0,0.0,0.0,0.0,0.0,0.0,0.0,0.0,0.0,0.0,0.0,0.0,0.0,0.0,0.0,0.0,0.0,0.0,0.0,0.0,0.0,0.0,0.0,0.0,0.0,0.0,0.0,0.0,0.0,0.0,0.0,0.0,0.0,0.0,0.0,0.0,0.0,0.0,0.0,0.0,0.0,0.0,0.0,0.0,0.0,0.0,0.0,0.0,0.0,0.0,0.0,0.0,0.0,0.0,0.0,0.0,0.0,0.0,0.0,0.0,0.0,0.0,0.0,0.0,0.0,0.02,0.06,0.2,0.53,1.29,2.77,5.29,8.98,13.56,18.19,21.69,23.01,21.69,18.19,13.56,8.98,5.29,2.77,1.29,0.54,0.2,0.07,0.04,0.07,0.2,0.54,1.29,2.77,5.29,8.98,13.56,18.19,21.69,23.01,21.69,18.19,13.56,8.98,5.29,2.78,1.3,0.55,0.22,0.1,0.09,0.12,0.2,0.32,0.51,0.8,1.23,1.86,2.74,3.96,5.61,7.8,10.62,14.18,18.56,23.81,29.94,36.92,44.61,52.85,61.37,69.85,77.95,85.26,91.42,96.09,99.01,100.01,99.02,96.1,91.44,85.28,77.97,69.89,61.41,52.9,44.68,37.0,30.05,23.93,18.7,14.34,10.79,7.99,5.81,4.17,2.95,2.07,1.45,1.01,0.71,0.51,0.37,0.27,0.21,0.16,0.12,0.1,0.08,0.06,0.05,0.04,0.03,0.03,0.02,0.02,0.02,0.02,0.02,0.02,0.03,0.03,0.04,0.06,0.09,0.13,0.21,0.33,0.52,0.82,1.27,1.95,2.92,4.3,6.22,8.81,12.26,16.72,22.36,29.34,37.75,47.65,59.0,71.68,85.47,100.04,114.98,129.8,143.97,156.99,168.36,177.69,184.67,189.12,191.0,190.36,187.37,182.28,175.36,166.93,157.29,146.73,135.52,123.89,112.08,100.3,88.75,77.63,67.11,57.39,48.62,40.97,34.56,29.54,25.99,24.02,23.71,25.15,28.37,33.42,40.27,48.85,59.02,70.52,83.02,96.07,109.15,121.67,133.01,142.58,149.83,154.37,155.9,154.35,149.81,142.52,132.92,121.52,108.9,95.67,82.38,69.55,57.55,46.68,37.12,28.93,22.11,16.56,12.16,8.75,6.17,4.27,2.9,1.92,1.25,0.8,0.5,0.31,0.18,0.11,0.06,0.04,0.02,0.01,0.01,0.0,0.0
0.0,0.0,0.0,0.0,0.0,0.0,0.0,0.0,0.0,0.0,0.0,0.0,0.0,0.0,0.0,0.0,0.0,0.0,0.0,0.0,0.0,0.0,0.0,0.0,0.0,0.0,0.0,0.0,0.0,0.0,0.0,0.0,0.0,0.0,0.0,0.0,0.0,0.0,0.0,0.0,0.0,0.0,0.0,0.0,0.0,0.0,0.0,0.0,0.0,0.0,0.0,0.0,0.0,0.0,0.0,0.0,0.0,0.0,0.0,0.0,0.0,0.0,0.0,0.0,0.0,0.0,0.0,0.0,0.0,0.0,0.0,0.0,0.0,0.0,0.0,0.0,0.0,0.0,0.0,0.01,0.03,0.1,0.28,0.68,1.45,2.77,4.71,7.1,9.53,11.36,12.05,11.36,9.53,7.1,4.71,2.77,1.45,0.68,0.28,0.1,0.04,0.02,0.04,0.1,0.28,0.68,1.45,2.77,4.71,7.1,9.53,11.36,12.05,11.36,9.53,7.1,4.71,2.77,1.46,0.68,0.29,0.13,0.07,0.08,0.12,0.2,0.32,0.51,0.8,1.22,1.84,2.71,3.92,5.56,7.72,10.52,14.04,18.38,23.58,29.65,36.55,44.17,52.32,60.76,69.16,77.18,84.42,90.52,95.14,98.03,99.02,98.04,95.15,90.53,84.44,77.21,69.21,60.82,52.4,44.27,36.67,29.8,23.75,18.58,14.27,10.78,8.01,5.86,4.24,3.04,2.17,1.55,1.12,0.81,0.6,0.46,0.35,0.28,0.22,0.17,0.14,0.11,0.09,0.07,0.05,0.04,0.03,0.02,0.02,0.02,0.02,0.02,0.02,0.02,0.02,0.03,0.05,0.08,0.12,0.2,0.32,0.51,0.81,1.26,1.93,2.9,4.28,6.18,8.77,12.2,16.65,22.27,29.23,37.62,47.5,58.85,71.53,85.35,99.98,115.01,129.97,144.35,157.63,169.36,179.11,186.59,191.61,194.11,194.13,191.81,187.37,181.05,173.14,163.91,153.63,142.54,130.9,118.93,106.85,94.88,83.24,72.16,61.83,52.45,44.2,37.24,31.69,27.69,25.33,24.69,25.84,28.83,33.68,40.37,48.82,58.86,70.26,82.66,95.63,108.63,121.08,132.36,141.87,149.09,153.6,155.13,153.58,149.06,141.81,132.26,120.91,108.36,95.19,81.97,69.2,57.26,46.45,36.93,28.79,22.0,16.48,12.1,8.71,6.14,4.25,2.88,1.91,1.25,0.8,0.5,0.31,0.18,0.11,0.06,0.04,0.02,0.01,0.01,0.0,0.0
0.0,0.0,0.0,0.0,0.0,0.0,0.0,0.0,0.0,0.0,0.0,0.0,0.0,0.0,0.0,0.0,0.0,0.0,0.0,0.0,0.0,0.0,0.0,0.0,0.0,0.0,0.0,0.0,0.0,0.0,0.0,0.0,0.0,0.0,0.0,0.0,0.0,0.0,0.0,0.0,0.0,0.0,0.0,0.0,0.0,0.0,0.0,0.0,0.0,0.0,0.0,0.0,0.0,0.0,0.0,0.0,0.0,0.0,0.0,0.0,0.0,0.0,0.0,0.0,0.0,0.0,0.0,0.0,0.0,0.0,0.0,0.0,0.0,0.0,0.0,0.0,0.0,0.0,0.0,0.0,0.02,0.05,0.13,0.32,0.68,1.29,2.19,3.31,4.44,5.29,5.61,5.29,4.44,3.31,2.19,1.29,0.68,0.32,0.13,0.05,0.02,0.01,0.02,0.05,0.13,0.32,0.68,1.29,2.19,3.31,4.44,5.29,5.61,5.29,4.44,3.31,2.19,1.29,0.68,0.32,0.14,0.07,0.05,0.07,0.12,0.19,0.31,0.49,0.77,1.19,1.78,2.63,3.81,5.39,7.49,10.21,13.63,17.83,22.88,28.77,35.47,42.87,50.78,58.97,67.13,74.9,81.93,87.85,92.34,95.15,96.1,95.15,92.36,87.88,81.97,74.96,67.2,59.07,50.91,43.02,35.67,29.01,23.16,18.15,13.99,10.61,7.94,5.87,4.3,3.15,2.3,1.7,1.27,0.97,0.75,0.59,0.48,0.39,0.31,0.26,0.21,0.16,0.13,0.1,0.08,0.06,0.04,0.03,0.02,0.02,0.01,0.01,0.01,0.01,0.02,0.03,0.04,0.07,0.11,0.19,0.31,0.5,0.79,1.24,1.9,2.85,4.21,6.09,8.64,12.03,16.41,21.96,28.83,37.12,46.88,58.1,70.66,84.36,98.89,113.86,128.81,143.23,156.65,168.59,178.65,186.54,192.06,195.13,195.78,194.13,190.36,184.68,177.34,168.6,158.69,147.84,136.3,124.29,112.04,99.8,87.79,76.27,65.46,55.59,46.85,39.42,33.45,29.05,26.33,25.37,26.24,28.98,33.6,40.06,48.29,58.12,69.3,81.48,94.23,107.02,119.28,130.38,139.75,146.85,151.29,152.8,151.28,146.82,139.68,130.27,119.09,106.73,93.76,80.74,68.16,56.4,45.75,36.38,28.36,21.67,16.23,11.92,8.58,6.05,4.19,2.84,1.89,1.23,0.78,0.49,0.3,0.18,0.11,0.06,0.04,0.02,0.01,0.01,0.0,0.0
0.0,0.0,0.0,0.0,0.0,0.0,0.0,0.0,0.0,0.0,0.0,0.0,0.0,0.0,0.0,0.0,0.0,0.0,0.0,0.0,0.0,0.0,0.0,0.0,0.0,0.0,0.0,0.0,0.0,0.0,0.0,0.0,0.0,0.0,0.0,0.0,0.0,0.0,0.0,0.0,0.0,0.0,0.0,0.0,0.0,0.0,0.0,0.0,0.0,0.0,0.0,0.0,0.0,0.0,0.0,0.0,0.0,0.0,0.0,0.0,0.0,0.0,0.0,0.0,0.0,0.0,0.0,0.0,0.0,0.0,0.0,0.0,0.0,0.0,0.0,0.0,0.0,0.0,0.0,0.0,0.01,0.02,0.05,0.13,0.28,0.53,0.91,1.37,1.84,2.19,2.32,2.19,1.84,1.37,0.91,0.53,0.28,0.13,0.05,0.02,0.01,0.0,0.01,0.02,0.05,0.13,0.28,0.53,0.91,1.37,1.84,2.19,2.32,2.19,1.84,1.37,0.91,0.54,0.28,0.14,0.07,0.04,0.04,0.07,0.11,0.18,0.29,0.47,0.74,1.13,1.7,2.5,3.62,5.13,7.13,9.71,12.97,16.97,21.77,27.38,33.75,40.78,48.31,56.1,63.86,71.26,77.95,83.58,87.86,90.53,91.44,90.54,87.88,83.62,78.01,71.35,63.98,56.25,48.51,41.03,34.05,27.74,22.2,17.46,13.53,10.34,7.82,5.87,4.4,3.3,2.5,1.93,1.51,1.21,0.98,0.81,0.67,0.56,0.46,0.38,0.31,0.25,0.2,0.15,0.12,0.09,0.06,0.05,0.03,0.02,0.02,0.01,0.01,0.01,0.02,0.02,0.04,0.06,0.11,0.18,0.3,0.48,0.77,1.2,1.85,2.78,4.1,5.94,8.43,11.73,16.01,21.43,28.14,36.24,45.79,56.77,69.07,82.51,96.79,111.53,126.3,140.61,154.0,166.0,176.24,184.41,190.33,193.9,195.13,194.11,191.0,185.97,179.25,171.05,161.59,151.09,139.77,127.86,115.6,103.23,91.02,79.22,68.09,57.88,48.79,41.0,34.69,29.98,26.96,25.72,26.32,28.79,33.14,39.33,47.27,56.78,67.64,79.49,91.89,104.35,116.28,127.1,136.23,143.16,147.48,148.95,147.47,143.12,136.16,126.99,116.09,104.04,91.4,78.71,66.44,54.98,44.6,35.46,27.64,21.12,15.82,11.62,8.36,5.9,4.08,2.77,1.84,1.2,0.76,0.48,0.29,0.18,0.1,0.06,0.03,0.02,0.01,0.01,0.0,0.0
0.0,0.0,0.0,0.0,0.0,0.0,0.0,0.0,0.0,0.0,0.0,0.0,0.0,0.0,0.0,0.0,0.0,0.0,0.0,0.0,0.0,0.0,0.0,0.0,0.0,0.0,0.0,0.0,0.0,0.0,0.0,0.0,0.0,0.0,0.0,0.0,0.0,0.0,0.0,0.0,0.0,0.0,0.0,0.0,0.0,0.0,0.0,0.0,0.0,0.0,0.0,0.0,0.0,0.0,0.0,0.0,0.0,0.0,0.0,0.0,0.0,0.0,0.0,0.0,0.0,0.0,0.0,0.0,0.0,0.0,0.0,0.0,0.0,0.0,0.0,0.0,0.0,0.0,0.0,0.0,0.0,0.01,0.02,0.05,0.1,0.2,0.33,0.5,0.68,0.81,0.86,0.81,0.68,0.5,0.33,0.2,0.1,0.05,0.02,0.01,0.0,0.0,0.0,0.01,0.02,0.05,0.1,0.2,0.33,0.5,0.68,0.81,0.86,0.81,0.68,0.5,0.34,0.2,0.11,0.05,0.03,0.03,0.04,0.06,0.1,0.17,0.27,0.44,0.69,1.05,1.58,2.34,3.38,4.79,6.65,9.06,12.09,15.82,20.3,25.53,31.47,38.04,45.06,52.32,59.56,66.46,72.7,77.95,81.94,84.43,85.28,84.45,81.98,78.02,72.79,66.59,59.73,52.55,45.35,38.41,31.93,26.08,20.96,16.58,12.95,10.02,7.7,5.92,4.56,3.56,2.82,2.28,1.87,1.57,1.33,1.13,0.96,0.82,0.69,0.57,0.47,0.38,0.3,0.23,0.18,0.13,0.1,0.07,0.05,0.04,0.02,0.02,0.01,0.01,0.02,0.02,0.04,0.06,0.1,0.17,0.29,0.46,0.74,1.16,1.78,2.68,3.96,5.73,8.13,11.32,15.45,20.69,27.16,34.99,44.23,54.86,66.78,79.82,93.69,108.05,122.46,136.49,149.67,161.58,171.84,180.17,186.36,190.33,192.06,191.61,189.12,184.74,178.65,171.04,162.11,152.04,141.07,129.39,117.27,104.95,92.71,80.82,69.56,59.17,49.87,41.88,35.35,30.42,27.18,25.7,26.06,28.26,32.31,38.18,45.75,54.87,65.3,76.7,88.65,100.64,112.14,122.57,131.37,138.05,142.22,143.63,142.2,138.01,131.3,122.45,111.95,100.32,88.13,75.9,64.07,53.02,43.01,34.2,26.66,20.37,15.26,11.2,8.06,5.69,3.93,2.67,1.77,1.15,0.74,0.46,0.28,0.17,0.1,0.06,0.03,0.02,0.01,0.01,0.0,0.0
0.02,0.02,0.02,0.01,0.01,0.0,0.0,0.0,0.0,0.0,0.0,0.0,0.0,0.0,0.0,0.0,0.0,0.0,0.0,0.0,0.0,0.0,0.0,0.0,0.0,0.0,0.0,0.0,0.0,0.0,0.0,0.0,0.0,0.0,0.0,0.0,0.0,0.0,0.0,0.0,0.0,0.0,0.0,0.0,0.0,0.0,0.0,0.0,0.0,0.0,0.0,0.0,0.0,0.0,0.0,0.0,0.0,0.0,0.0,0.0,0.0,0.0,0.0,0.0,0.0,0.0,0.0,0.0,0.0,0.0,0.0,0.0,0.0,0.0,0.0,0.0,0.0,0.0,0.0,0.0,0.0,0.0,0.01,0.02,0.03,0.06,0.11,0.17,0.22,0.26,0.28,0.26,0.22,0.17,0.11,0.06,0.03,0.02,0.01,0.0,0.0,0.0,0.0,0.0,0.01,0.02,0.03,0.06,0.11,0.17,0.22,0.26,0.28,0.26,0.22,0.17,0.11,0.07,0.04,0.02,0.02,0.02,0.03,0.05,0.09,0.15,0.25,0.4,0.63,0.96,1.45,2.14,3.09,4.38,6.08,8.28,11.05,14.47,18.56,23.34,28.77,34.77,41.19,47.84,54.45,60.76,66.47,71.27,74.92,77.2,77.98,77.23,74.98,71.37,66.6,60.96,54.71,48.18,41.63,35.33,29.46,24.17,19.54,15.61,12.35,9.73,7.66,6.07,4.87,3.97,3.31,2.8,2.41,2.1,1.83,1.6,1.39,1.19,1.01,0.85,0.7,0.56,0.45,0.35,0.26,0.2,0.15,0.1,0.07,0.05,0.04,0.02,0.02,0.02,0.02,0.02,0.03,0.06,0.1,0.16,0.27,0.44,0.71,1.11,1.7,2.56,3.77,5.46,7.76,10.8,14.74,19.74,25.93,33.41,42.23,52.4,63.82,76.32,89.63,103.44,117.34,130.92,143.73,155.38,165.5,173.83,180.17,184.41,186.54,186.59,184.67,180.9,175.44,168.45,160.1,150.56,140.04,128.75,116.93,104.84,92.76,80.97,69.76,59.37,50.05,42.0,35.39,30.33,26.95,25.3,25.44,27.38,31.12,36.62,43.77,52.42,62.32,73.16,84.54,95.96,106.92,116.86,125.24,131.61,135.58,136.93,135.56,131.57,125.17,116.74,106.72,95.64,84.02,72.35,61.08,50.54,41.0,32.6,25.41,19.42,14.54,10.68,7.69,5.42,3.75,2.54,1.69,1.1,0.7,0.44,0.27,0.16,0.1,0.06,0.03,0.02,0.01,0.01,0.0,0.0
0.08,0.08,0.06,0.05,0.03,0.02,0.01,0.0,0.0,0.0,0.0,0.0,0.0,0.0,0.0,0.0,0.0,0.0,0.0,0.0,0.0,0.0,0.0,0.0,0.0,0.0,0.0,0.0,0.0,0.0,0.0,0.0,0.0,0.0,0.0,0.0,0.0,0.0,0.0,0.0,0.0,0.0,0.0,0.0,0.0,0.0,0.0,0.0,0.0,0.0,0.0,0.0,0.0,0.0,0.0,0.0,0.0,0.0,0.0,0.0,0.0,0.0,0.0,0.0,0.0,0.0,0.0,0.0,0.0,0.0,0.0,0.0,0.0,0.0,0.0,0.0,0.0,0.0,0.0,0.0,0.0,0.0,0.0,0.0,0.01,0.02,0.03,0.05,0.07,0.08,0.08,0.08,0.06,0.05,0.03,0.02,0.01,0.0,0.0,0.0,0.0,0.0,0.0,0.0,0.0,0.0,0.01,0.02,0.03,0.05,0.06,0.08,0.08,0.08,0.06,0.05,0.03,0.02,0.01,0.01,0.01,0.02,0.03,0.05,0.08,0.14,0.22,0.36,0.56,0.86,1.3,1.91,2.77,3.92,5.45,7.42,9.91,12.97,16.63,20.92,25.79,31.16,36.92,42.87,48.8,54.46,59.57,63.88,67.15,69.2,69.91,69.24,67.23,64.02,59.77,54.74,49.19,43.38,37.57,31.98,26.8,22.14,18.08,14.65,11.82,9.56,7.78,6.43,5.4,4.63,4.04,3.57,3.19,2.86,2.56,2.27,2.0,1.73,1.48,1.24,1.02,0.83,0.66,0.51,0.39,0.29,0.21,0.15,0.11,0.08,0.05,0.04,0.02,0.02,0.02,0.02,0.03,0.05,0.09,0.15,0.26,0.42,0.66,1.04,1.6,2.41,3.56,5.15,7.31,10.18,13.89,18.61,24.44,31.5,39.84,49.44,60.24,72.07,84.69,97.8,111.03,123.99,136.27,147.49,157.32,165.5,171.84,176.24,178.65,179.11,177.69,174.5,169.65,163.29,155.56,146.63,136.67,125.9,114.54,102.86,91.13,79.63,68.66,58.47,49.29,41.34,34.77,29.72,26.28,24.51,24.47,26.16,29.58,34.68,41.36,49.46,58.76,68.95,79.65,90.4,100.71,110.07,117.96,123.95,127.7,128.97,127.68,123.92,117.89,109.95,100.52,90.08,79.13,68.15,57.53,47.6,38.61,30.71,23.93,18.29,13.7,10.06,7.24,5.11,3.53,2.39,1.59,1.04,0.66,0.41,0.25,0.15,0.09,0.05,0.03,0.02,0.01,0.0,0.0,0.0
0.28,0.26,0.22,0.17,0.11,0.06,0.03,0.02,0.01,0.0,0.0,0.0,0.0,0.0,0.0,0.0,0.0,0.0,0.0,0.0,0.0,0.0,0.0,0.0,0.0,0.0,0.0,0.0,0.0,0.0,0.0,0.0,0.0,0.0,0.0,0.0,0.0,0.0,0.0,0.0,0.0,0.0,0.0,0.0,0.0,0.0,0.0,0.0,0.0,0.0,0.0,0.0,0.0,0.0,0.0,0.0,0.0,0.0,0.0,0.0,0.0,0.0,0.0,0.0,0.0,0.0,0.0,0.0,0.0,0.0,0.0,0.0,0.0,0.0,0.0,0.0,0.0,0.0,0.0,0.0,0.0,0.0,0.0,0.0,0.01,0.01,0.01,0.02,0.02,0.02,0.02,0.02,0.02,0.01,0.01,0.0,0.0,0.0,0.0,0.0,0.0,0.0,0.0,0.0,0.0,0.0,0.0,0.0,0.01,0.01,0.02,0.02,0.02,0.02,0.02,0.01,0.01,0.01,0.0,0.01,0.01,0.01,0.02,0.04,0.07,0.12,0.2,0.32,0.49,0.76,1.14,1.68,2.43,3.44,4.79,6.52,8.7,11.39,14.61,18.38,22.65,27.38,32.43,37.66,42.87,47.84,52.33,56.12,59.0,60.81,61.44,60.87,59.13,56.32,52.63,48.25,43.43,38.39,33.37,28.56,24.12,20.14,16.71,13.82,11.47,9.61,8.16,7.07,6.24,5.6,5.1,4.68,4.3,3.94,3.57,3.21,2.84,2.47,2.12,1.78,1.47,1.19,0.95,0.74,0.56,0.42,0.31,0.22,0.16,0.11,0.07,0.05,0.03,0.02,0.02,0.02,0.03,0.05,0.09,0.14,0.24,0.39,0.62,0.97,1.49,2.24,3.31,4.79,6.8,9.47,12.93,17.31,22.75,29.32,37.09,46.05,56.12,67.17,78.97,91.25,103.67,115.86,127.45,138.1,147.49,155.38,161.58,166.0,168.59,169.36,168.36,165.69,161.43,155.71,148.64,140.37,131.07,120.94,110.19,99.08,87.87,76.86,66.31,56.49,47.63,39.93,33.54,28.59,25.18,23.36,23.18,24.64,27.73,32.4,38.56,46.06,54.68,64.14,74.08,84.07,93.65,102.35,109.68,115.26,118.74,119.92,118.72,115.22,109.62,102.23,93.46,83.76,73.58,63.36,53.49,44.26,35.9,28.55,22.25,17.0,12.74,9.35,6.73,4.75,3.28,2.23,1.48,0.96,0.62,0.39,0.24,0.14,0.08,0.05,0.03,0.02,0.01,0.0,0.0,0.0
0.86,0.81,0.68,0.5,0.33,0.2,0.1,0.05,0.02,0.01,0.0,0.0,0.0,0.0,0.0,0.0,0.0,0.0,0.0,0.0,0.0,0.0,0.0,0.0,0.0,0.0,0.0,0.0,0.0,0.0,0.0,0.0,0.0,0.0,0.0,0.0,0.0,0.0,0.0,0.0,0.0,0.0,0.0,0.0,0.0,0.0,0.0,0.0,0.0,0.0,0.0,0.0,0.0,0.0,0.0,0.0,0.0,0.0,0.0,0.0,0.0,0.0,0.0,0.0,0.0,0.0,0.0,0.0,0.0,0.0,0.0,0.0,0.0,0.0,0.0,0.0,0.0,0.0,0.0,0.0,0.0,0.0,0.0,0.01,0.01,0.02,0.02,0.02,0.02,0.02,0.02,0.01,0.01,0.01,0.0,0.0,0.0,0.0,0.0,0.0,0.0,0.0,0.0,0.0,0.0,0.0,0.0,0.0,0.0,0.0,0.0,0.0,0.0,0.0,0.0,0.0,0.0,0.0,0.0,0.0,0.01,0.01,0.02,0.04,0.06,0.1,0.17,0.27,0.42,0.65,0.98,1.45,2.09,2.97,4.12,5.61,7.49,9.81,12.58,15.83,19.51,23.58,27.93,32.43,36.92,41.2,45.08,48.34,50.83,52.39,52.95,52.48,51.0,48.63,45.5,41.79,37.71,33.47,29.26,25.26,21.58,18.33,15.55,13.25,11.42,9.99,8.91,8.1,7.49,7.01,6.59,6.21,5.82,5.4,4.96,4.48,3.98,3.48,2.99,2.52,2.08,1.68,1.34,1.04,0.8,0.6,0.44,0.32,0.22,0.15,0.1,0.07,0.05,0.03,0.03,0.03,0.03,0.05,0.08,0.13,0.22,0.35,0.57,0.89,1.36,2.05,3.03,4.39,6.24,8.69,11.86,15.89,20.88,26.92,34.06,42.3,51.57,61.74,72.62,83.96,95.44,106.74,117.52,127.45,136.27,143.73,149.68,154.0,156.65,157.63,156.99,154.78,151.07,145.97,139.59,132.04,123.47,114.08,104.07,93.68,83.16,72.79,62.84,53.55,45.15,37.83,31.75,27.01,23.71,21.9,21.61,22.86,25.62,29.85,35.46,42.31,50.2,58.86,67.96,77.12,85.91,93.88,100.61,105.72,108.91,109.99,108.9,105.69,100.55,93.77,85.73,76.83,67.49,58.12,49.06,40.6,32.93,26.19,20.41,15.6,11.68,8.58,6.17,4.36,3.01,2.04,1.36,0.88,0.56,0.35,0.22,0.13,0.08,0.04,0.03,0.01,0.01,0.0,0.0,0.0
2.32,2.19,1.84,1.37,0.91,0.53,0.28,0.13,0.05,0.02,0.01,0.0,0.0,0.0,0.0,0.0,0.0,0.0,0.0,0.0,0.0,0.0,0.0,0.0,0.0,0.0,0.0,0.0,0.0,0.0,0.0,0.0,0.0,0.0,0.0,0.0,0.0,0.0,0.0,0.0,0.0,0.0,0.0,0.0,0.0,0.0,0.0,0.0,0.0,0.0,0.0,0.0,0.0,0.0,0.0,0.0,0.0,0.0,0.0,0.0,0.0,0.0,0.0,0.0,0.0,0.0,0.0,0.0,0.0,0.0,0.0,0.0,0.0,0.0,0.0,0.0,0.0,0.0,0.0,0.0,0.0,0.01,0.02,0.03,0.05,0.06,0.08,0.08,0.08,0.07,0.05,0.03,0.02,0.01,0.0,0.0,0.0,0.0,0.0,0.0,0.0,0.0,0.0,0.0,0.0,0.0,0.0,0.0,0.0,0.0,0.0,0.0,0.0,0.0,0.0,0.0,0.0,0.0,0.0,0.0,0.01,0.01,0.02,0.03,0.05,0.09,0.14,0.23,0.36,0.55,0.83,1.22,1.77,2.5,3.48,4.74,6.33,8.28,10.62,13.36,16.47,19.9,23.58,27.38,31.17,34.79,38.06,40.82,42.93,44.26,44.76,44.38,43.18,41.22,38.64,35.6,32.27,28.82,25.43,22.24,19.35,16.84,14.74,13.07,11.77,10.82,10.13,9.63,9.26,8.94,8.63,8.27,7.85,7.36,6.79,6.17,5.5,4.82,4.14,3.49,2.88,2.34,1.86,1.45,1.11,0.83,0.61,0.44,0.31,0.21,0.15,0.1,0.06,0.04,0.03,0.03,0.03,0.05,0.07,0.12,0.2,0.32,0.51,0.8,1.23,1.86,2.74,3.97,5.64,7.86,10.73,14.38,18.89,24.36,30.83,38.29,46.7,55.93,65.81,76.12,86.57,96.88,106.74,115.86,123.99,130.92,136.49,140.62,143.24,144.35,143.97,142.16,138.97,134.49,128.79,121.98,114.22,105.65,96.47,86.92,77.22,67.63,58.41,49.8,41.99,35.17,29.48,25.04,21.92,20.17,19.82,20.87,23.31,27.1,32.14,38.31,45.42,53.24,61.46,69.74,77.68,84.89,90.97,95.59,98.48,99.45,98.46,95.56,90.91,84.79,77.51,69.47,61.03,52.55,44.36,36.71,29.78,23.68,18.46,14.1,10.56,7.76,5.58,3.94,2.72,1.85,1.23,0.8,0.51,0.32,0.2,0.12,0.07,0.04,0.02,0.01,0.01,0.0,0.0,0.0
5.61,5.29,4.44,3.31,2.19,1.29,0.68,0.32,0.13,0.05,0.02,0.0,0.0,0.0,0.0,0.0,0.0,0.0,0.0,0.0,0.0,0.0,0.0,0.0,0.0,0.0,0.0,0.0,0.0,0.0,0.0,0.0,0.0,0.0,0.0,0.0,0.0,0.0,0.0,0.0,0.0,0.0,0.0,0.0,0.0,0.0,0.0,0.0,0.0,0.0,0.0,0.0,0.0,0.0,0.0,0.0,0.0,0.0,0.0,0.0,0.0,0.0,0.0,0.0,0.0,0.0,0.0,0.0,0.0,0.0,0.0,0.0,0.0,0.0,0.0,0.0,0.0,0.0,0.0,0.01,0.02,0.03,0.06,0.11,0.17,0.22,0.26,0.28,0.26,0.22,0.17,0.11,0.06,0.03,0.02,0.01,0.0,0.0,0.0,0.0,0.0,0.0,0.0,0.0,0.0,0.0,0.0,0.0,0.0,0.0,0.0,0.0,0.0,0.0,0.0,0.0,0.0,0.0,0.0,0.0,0.0,0.01,0.01,0.03,0.04,0.07,0.12,0.19,0.3,0.46,0.69,1.01,1.46,2.07,2.88,3.92,5.24,6.85,8.79,11.06,13.63,16.47,19.51,22.66,25.8,28.8,31.51,33.8,35.56,36.68,37.11,36.84,35.89,34.34,32.3,29.9,27.29,24.63,22.04,19.65,17.55,15.79,14.4,13.37,12.66,12.2,11.94,11.78,11.67,11.53,11.31,10.97,10.5,9.9,9.18,8.35,7.46,6.54,5.63,4.75,3.93,3.18,2.53,1.97,1.51,1.13,0.83,0.6,0.42,0.29,0.2,0.13,0.09,0.06,0.04,0.03,0.03,0.04,0.07,0.11,0.18,0.29,0.46,0.72,1.1,1.65,2.44,3.54,5.03,7.0,9.56,12.81,16.84,21.72,27.48,34.14,41.65,49.89,58.73,67.95,77.32,86.57,95.44,103.67,111.03,117.34,122.46,126.3,128.81,129.97,129.8,128.33,125.62,121.71,116.69,110.65,103.72,96.03,87.76,79.13,70.34,61.64,53.26,45.41,38.29,32.06,26.86,22.78,19.89,18.25,17.86,18.75,20.88,24.21,28.68,34.15,40.48,47.44,54.75,62.12,69.19,75.61,81.03,85.14,87.71,88.58,87.7,85.11,80.97,75.52,69.04,61.87,54.35,46.81,39.51,32.7,26.52,21.09,16.44,12.56,9.41,6.91,4.97,3.51,2.43,1.64,1.09,0.71,0.45,0.28,0.17,0.11,0.06,0.04,0.02,0.01,0.01,0.0,0.0,0.0
12.05,11.37,9.53,7.1,4.71,2.77,1.45,0.68,0.28,0.1,0.03,0.01,0.0,0.0,0.0,0.0,0.0,0.0,0.0,0.0,0.0,0.0,0.0,0.0,0.0,0.0,0.0,0.0,0.0,0.0,0.0,0.0,0.0,0.0,0.0,0.0,0.0,0.0,0.0,0.0,0.0,0.0,0.0,0.0,0.0,0.0,0.0,0.0,0.0,0.0,0.0,0.0,0.0,0.0,0.0,0.0,0.0,0.0,0.0,0.0,0.0,0.0,0.0,0.0,0.0,0.0,0.0,0.0,0.0,0.0,0.0,0.0,0.0,0.0,0.0,0.0,0.0,0.0,0.01,0.02,0.05,0.1,0.2,0.33,0.5,0.68,0.81,0.86,0.81,0.68,0.5,0.33,0.2,0.1,0.05,0.02,0.01,0.0,0.0,0.0,0.0,0.0,0.0,0.0,0.0,0.0,0.0,0.0,0.0,0.0,0.0,0.0,0.0,0.0,0.0,0.0,0.0,0.0,0.0,0.0,0.0,0.01,0.01,0.02,0.04,0.06,0.1,0.15,0.24,0.37,0.56,0.82,1.19,1.68,2.34,3.18,4.25,5.56,7.13,8.97,11.06,13.36,15.83,18.39,20.93,23.37,25.58,27.45,28.89,29.82,30.21,30.04,29.34,28.17,26.64,24.85,22.93,21.01,19.2,17.61,16.29,15.29,14.62,14.26,14.15,14.24,14.43,14.65,14.81,14.86,14.74,14.41,13.87,13.12,12.19,11.11,9.94,8.72,7.51,6.33,5.24,4.25,3.38,2.63,2.01,1.51,1.11,0.8,0.56,0.39,0.26,0.18,0.12,0.08,0.05,0.04,0.03,0.04,0.06,0.1,0.16,0.25,0.4,0.63,0.96,1.45,2.14,3.1,4.41,6.14,8.39,11.24,14.77,19.05,24.12,29.96,36.56,43.8,51.58,59.69,67.95,76.12,83.96,91.25,97.8,103.44,108.05,111.54,113.86,115.01,114.98,113.81,111.52,108.17,103.81,98.53,92.43,85.65,78.33,70.66,62.85,55.1,47.63,40.62,34.25,28.67,24.0,20.33,17.72,16.21,15.82,16.55,18.39,21.29,25.18,29.97,35.51,41.6,48.01,54.47,60.67,66.29,71.04,74.65,76.9,77.66,76.89,74.62,70.99,66.21,60.53,54.24,47.65,41.04,34.64,28.67,23.25,18.49,14.41,11.01,8.25,6.06,4.36,3.08,2.13,1.44,0.96,0.62,0.4,0.25,0.15,0.09,0.05,0.03,0.02,0.01,0.01,0.0,0.0,0.0
23.01,21.7,18.19,13.56,8.99,5.29,2.77,1.29,0.53,0.2,0.06,0.02,0.0,0.0,0.0,0.0,0.0,0.0,0.0,0.0,0.0,0.0,0.0,0.0,0.0,0.0,0.0,0.0,0.0,0.0,0.0,0.0,0.0,0.0,0.0,0.0,0.0,0.0,0.0,0.0,0.0,0.0,0.0,0.0,0.0,0.0,0.0,0.0,0.0,0.0,0.0,0.0,0.0,0.0,0.0,0.0,0.0,0.0,0.0,0.0,0.0,0.0,0.0,0.0,0.0,0.0,0.0,0.0,0.0,0.0,0.0,0.0,0.0,0.0,0.0,0.0,0.0,0.01,0.02,0.05,0.13,0.28,0.53,0.91,1.37,1.84,2.19,2.32,2.19,1.84,1.37,0.91,0.53,0.28,0.13,0.05,0.02,0.01,0.0,0.0,0.0,0.0,0.0,0.0,0.0,0.0,0.0,0.0,0.0,0.0,0.0,0.0,0.0,0.0,0.0,0.0,0.0,0.0,0.0,0.0,0.0,0.01,0.01,0.02,0.03,0.05,0.08,0.12,0.19,0.29,0.44,0.65,0.94,1.34,1.86,2.53,3.38,4.42,5.67,7.13,8.79,10.63,12.59,14.63,16.66,18.6,20.36,21.86,23.03,23.8,24.16,24.08,23.62,22.81,21.75,20.53,19.27,18.06,17.0,16.18,15.64,15.41,15.48,15.81,16.34,17.0,17.68,18.3,18.78,19.03,19.0,18.67,18.03,17.09,15.9,14.51,12.99,11.41,9.82,8.29,6.85,5.56,4.42,3.45,2.63,1.97,1.45,1.04,0.74,0.51,0.35,0.23,0.15,0.1,0.06,0.05,0.04,0.04,0.05,0.08,0.13,0.22,0.35,0.54,0.83,1.25,1.85,2.68,3.8,5.3,7.24,9.7,12.75,16.44,20.82,25.87,31.56,37.83,44.55,51.58,58.73,65.81,72.63,78.98,84.69,89.64,93.69,96.79,98.89,99.98,100.04,99.11,97.21,94.37,90.64,86.1,80.83,74.94,68.58,61.9,55.08,48.31,41.76,35.62,30.04,25.14,21.04,17.8,15.49,14.14,13.77,14.36,15.92,18.41,21.75,25.87,30.64,35.89,41.42,46.99,52.33,57.18,61.28,64.39,66.33,66.99,66.32,64.36,61.24,57.11,52.21,46.79,41.1,35.4,29.88,24.73,20.06,15.95,12.43,9.5,7.11,5.22,3.76,2.65,1.83,1.24,0.83,0.54,0.34,0.22,0.13,0.08,0.05,0.03,0.02,0.01,0.0,0.0,0.0,0.0
39.07,36.84,30.88,23.02,15.25,8.99,4.71,2.19,0.91,0.33,0.11,0.03,0.01,0.0,0.0,0.0,0.0,0.0,0.0,0.0,0.0,0.0,0.0,0.0,0.0,0.0,0.0,0.0,0.0,0.0,0.0,0.0,0.0,0.0,0.0,0.0,0.0,0.0,0.0,0.0,0.0,0.0,0.0,0.0,0.0,0.0,0.0,0.0,0.0,0.0,0.0,0.0,0.0,0.0,0.01,0.01,0.02,0.02,0.02,0.02,0.02,0.01,0.01,0.0,0.0,0.0,0.0,0.0,0.0,0.0,0.0,0.0,0.0,0.0,0.0,0.0,0.0,0.02,0.05,0.13,0.32,0.68,1.29,2.19,3.31,4.44,5.29,5.61,5.29,4.44,3.31,2.19,1.29,0.68,0.32,0.13,0.05,0.02,0.0,0.0,0.0,0.0,0.0,0.0,0.0,0.0,0.0,0.0,0.0,0.0,0.0,0.0,0.0,0.0,0.0,0.0,0.0,0.0,0.0,0.0,0.0,0.0,0.01,0.01,0.02,0.04,0.06,0.1,0.15,0.23,0.34,0.51,0.74,1.04,1.45,1.97,2.63,3.45,4.42,5.56,6.85,8.29,9.82,11.41,12.99,14.51,15.9,17.09,18.03,18.67,19.0,19.03,18.78,18.3,17.68,17.0,16.34,15.81,15.48,15.41,15.64,16.18,17.0,18.06,19.27,20.53,21.75,22.81,23.62,24.08,24.16,23.8,23.03,21.86,20.36,18.6,16.66,14.63,12.59,10.63,8.79,7.13,5.67,4.42,3.38,2.53,1.86,1.34,0.94,0.65,0.44,0.29,0.19,0.12,0.08,0.05,0.04,0.04,0.05,0.07,0.12,0.18,0.29,0.46,0.71,1.06,1.57,2.27,3.23,4.49,6.14,8.23,10.82,13.95,17.66,21.95,26.79,32.12,37.83,43.81,49.9,55.93,61.75,67.17,72.07,76.32,79.82,82.52,84.37,85.35,85.47,84.74,83.18,80.81,77.67,73.83,69.35,64.33,58.9,53.18,47.34,41.53,35.91,30.63,25.83,21.62,18.08,15.29,13.29,12.11,11.76,12.25,13.55,15.64,18.47,21.96,26.0,30.45,35.13,39.85,44.38,48.5,51.97,54.61,56.26,56.81,56.25,54.59,51.93,48.43,44.28,39.68,34.86,30.02,25.34,20.97,17.01,13.53,10.54,8.06,6.03,4.43,3.19,2.25,1.56,1.05,0.7,0.46,0.29,0.18,0.11,0.07,0.04,0.02,0.01,0.01,0.0,0.0,0.0,0.0
59.0,55.63,46.64,34.76,23.04,13.57,7.11,3.31,1.37,0.5,0.17,0.05,0.01,0.0,0.0,0.0,0.0,0.0,0.0,0.0,0.0,0.0,0.0,0.0,0.0,0.0,0.0,0.0,0.0,0.0,0.0,0.0,0.0,0.0,0.0,0.0,0.0,0.0,0.0,0.0,0.0,0.0,0.0,0.0,0.0,0.0,0.0,0.0,0.0,0.0,0.0,0.0,0.01,0.02,0.03,0.05,0.06,0.08,0.08,0.08,0.06,0.05,0.03,0.02,0.01,0.0,0.0,0.0,0.0,0.0,0.0,0.0,0.0,0.0,0.0,0.0,0.01,0.03,0.1,0.28,0.68,1.45,2.77,4.71,7.1,9.53,11.36,12.05,11.36,9.53,7.1,4.71,2.77,1.45,0.68,0.28,0.1,0.03,0.01,0.0,0.0,0.0,0.0,0.0,0.0,0.0,0.0,0.0,0.0,0.0,0.0,0.0,0.0,0.0,0.0,0.0,0.0,0.0,0.0,0.0,0.0,0.0,0.01,0.01,0.02,0.03,0.05,0.07,0.11,0.18,0.26,0.39,0.56,0.8,1.11,1.51,2.01,2.63,3.38,4.25,5.24,6.33,7.51,8.72,9.94,11.11,12.19,13.12,13.87,14.41,14.74,14.86,14.81,14.65,14.43,14.24,14.15,14.26,14.62,15.29,16.29,17.61,19.2,21.01,22.93,24.85,26.64,28.17,29.34,30.04,30.21,29.82,28.89,27.45,25.58,23.37,20.93,18.39,15.83,13.36,11.06,8.97,7.13,5.56,4.25,3.18,2.34,1.68,1.19,0.82,0.56,0.37,0.24,0.16,0.1,0.07,0.05,0.04,0.05,0.06,0.1,0.15,0.25,0.38,0.59,0.89,1.31,1.89,2.69,3.75,5.12,6.86,9.02,11.63,14.73,18.31,22.35,26.79,31.57,36.56,41.65,46.7,51.57,56.13,60.25,63.83,66.79,69.08,70.67,71.54,71.69,71.12,69.85,67.9,65.3,62.1,58.36,54.16,49.61,44.81,39.9,35.01,30.28,25.83,21.78,18.23,15.24,12.88,11.18,10.17,9.86,10.25,11.33,13.06,15.41,18.31,21.68,25.38,29.29,33.22,37.0,40.42,43.32,45.52,46.89,47.36,46.88,45.5,43.29,40.37,36.91,33.08,29.06,25.02,21.12,17.48,14.18,11.27,8.79,6.72,5.03,3.69,2.66,1.88,1.3,0.88,0.58,0.38,0.24,0.15,0.09,0.06,0.03,0.02,0.01,0.01,0.0,0.0,0.0,0.0
79.33,74.8,62.71,46.74,30.98,18.25,9.56,4.45,1.84,0.68,0.22,0.06,0.02,0.0,0.0,0.0,0.0,0.0,0.0,0.0,0.0,0.0,0.0,0.0,0.0,0.0,0.0,0.0,0.0,0.0,0.0,0.0,0.0,0.0,0.0,0.0,0.0,0.0,0.0,0.0,0.0,0.0,0.0,0.0,0.0,0.0,0.0,0.0,0.0,0.0,0.01,0.02,0.03,0.06,0.11,0.17,0.22,0.26,0.28,0.26,0.22,0.17,0.11,0.06,0.03,0.02,0.01,0.0,0.0,0.0,0.0,0.0,0.0,0.0,0.0,0.0,0.02,0.06,0.2,0.53,1.29,2.77,5.29,8.98,13.56,18.19,21.69,23.01,21.69,18.19,13.56,8.98,5.29,2.77,1.29,0.53,0.2,0.06,0.02,0.0,0.0,0.0,0.0,0.0,0.0,0.0,0.0,0.0,0.0,0.0,0.0,0.0,0.0,0.0,0.0,0.0,0.0,0.0,0.0,0.0,0.0,0.0,0.0,0.01,0.01,0.02,0.03,0.05,0.09,0.13,0.2,0.29,0.42,0.6,0.83,1.13,1.51,1.97,2.53,3.18,3.93,4.75,5.63,6.54,7.46,8.35,9.18,9.9,10.5,10.97,11.31,11.53,11.67,11.78,11.94,12.2,12.66,13.37,14.4,15.79,17.55,19.65,22.04,24.63,27.29,29.9,32.3,34.34,35.89,36.84,37.11,36.68,35.56,33.8,31.51,28.8,25.8,22.66,19.51,16.47,13.63,11.06,8.79,6.85,5.24,3.92,2.88,2.07,1.46,1.01,0.69,0.46,0.3,0.19,0.12,0.08,0.05,0.04,0.04,0.05,0.08,0.13,0.2,0.31,0.48,0.73,1.07,1.55,2.2,3.07,4.19,5.62,7.39,9.53,12.07,15.0,18.31,21.96,25.87,29.97,34.15,38.3,42.31,46.06,49.45,52.41,54.87,56.78,58.11,58.86,59.01,58.57,57.55,55.97,53.85,51.24,48.17,44.72,40.97,37.02,32.97,28.94,25.03,21.36,18.01,15.07,12.6,10.64,9.23,8.38,8.12,8.42,9.3,10.71,12.63,15.0,17.75,20.79,23.98,27.2,30.3,33.1,35.47,37.27,38.4,38.78,38.39,37.26,35.45,33.06,30.22,27.08,23.79,20.49,17.3,14.31,11.61,9.23,7.2,5.5,4.12,3.02,2.18,1.54,1.06,0.72,0.48,0.31,0.2,0.12,0.08,0.05,0.03,0.02,0.01,0.0,0.0,0.0,0.0,0.0
95.15,89.72,75.21,56.06,37.15,21.89,11.47,5.34,2.21,0.81,0.27,0.08,0.02,0.0,0.0,0.0,0.0,0.0,0.0,0.0,0.0,0.0,0.0,0.0,0.0,0.0,0.0,0.0,0.0,0.0,0.0,0.0,0.0,0.0,0.0,0.0,0.0,0.0,0.0,0.0,0.0,0.0,0.0,0.0,0.0,0.0,0.0,0.0,0.0,0.01,0.02,0.05,0.1,0.2,0.33,0.5,0.68,0.81,0.86,0.81,0.68,0.5,0.33,0.2,0.1,0.05,0.02,0.01,0.0,0.0,0.0,0.0,0.0,0.0,0.0,0.01,0.03,0.11,0.33,0.91,2.19,4.71,8.98,15.25,23.01,30.87,36.82,39.05,36.82,30.87,23.01,15.25,8.98,4.71,2.19,0.91,0.33,0.11,0.03,0.01,0.0,0.0,0.0,0.0,0.0,0.0,0.0,0.0,0.0,0.0,0.0,0.0,0.0,0.0,0.0,0.0,0.0,0.0,0.0,0.0,0.0,0.0,0.0,0.01,0.01,0.02,0.03,0.04,0.06,0.1,0.14,0.21,0.31,0.44,0.61,0.83,1.11,1.45,1.86,2.34,2.88,3.49,4.14,4.82,5.5,6.17,6.79,7.36,7.85,8.27,8.63,8.94,9.26,9.63,10.13,10.82,11.77,13.07,14.74,16.84,19.35,22.24,25.43,28.82,32.27,35.6,38.64,41.22,43.18,44.38,44.76,44.26,42.93,40.82,38.06,34.79,31.17,27.38,23.58,19.9,16.47,13.36,10.62,8.28,6.33,4.74,3.48,2.5,1.77,1.22,0.83,0.55,0.36,0.23,0.15,0.09,0.06,0.04,0.04,0.05,0.07,0.1,0.16,0.25,0.39,0.58,0.86,1.25,1.77,2.47,3.37,4.52,5.94,7.67,9.71,12.07,14.74,17.68,20.83,24.13,27.5,30.85,34.08,37.11,39.86,42.26,44.25,45.81,46.9,47.52,47.66,47.33,46.52,45.26,43.57,41.47,39.0,36.22,33.19,29.99,26.72,23.45,20.29,17.31,14.6,12.21,10.21,8.62,7.47,6.78,6.55,6.79,7.49,8.62,10.16,12.07,14.28,16.72,19.29,21.88,24.36,26.62,28.53,29.97,30.88,31.18,30.87,29.96,28.5,26.58,24.3,21.78,19.13,16.48,13.91,11.51,9.34,7.42,5.79,4.42,3.31,2.43,1.75,1.23,0.85,0.58,0.38,0.25,0.16,0.1,0.06,0.04,0.02,0.01,0.01,0.0,0.0,0.0,0.0,0.0
102.32,96.48,80.89,60.29,39.95,23.54,12.33,5.74,2.38,0.88,0.29,0.08,0.02,0.0,0.0,0.0,0.0,0.0,0.0,0.0,0.0,0.0,0.0,0.0,0.0,0.0,0.0,0.0,0.0,0.0,0.0,0.0,0.0,0.0,0.0,0.0,0.0,0.0,0.0,0.0,0.0,0.0,0.0,0.0,0.0,0.0,0.0,0.0,0.01,0.02,0.05,0.13,0.28,0.53,0.91,1.37,1.84,2.19,2.32,2.19,1.84,1.37,0.91,0.53,0.28,0.13,0.05,0.02,0.01,0.0,0.0,0.0,0.0,0.0,0.0,0.01,0.05,0.17,0.5,1.37,3.31,7.1,13.56,23.01,34.72,46.58,55.56,58.92,55.56,46.58,34.72,23.01,13.56,7.1,3.31,1.37,0.5,0.17,0.05,0.01,0.0,0.0,0.0,0.0,0.0,0.0,0.0,0.0,0.0,0.0,0.0,0.0,0.0,0.0,0.0,0.0,0.0,0.0,0.0,0.0,0.0,0.0,0.0,0.0,0.01,0.01,0.02,0.03,0.05,0.07,0.1,0.15,0.22,0.32,0.44,0.6,0.8,1.04,1.34,1.68,2.08,2.52,2.99,3.48,3.98,4.48,4.96,5.4,5.82,6.21,6.59,7.01,7.49,8.1,8.91,9.99,11.42,13.25,15.55,18.33,21.58,25.26,29.26,33.47,37.71,41.79,45.5,48.63,51.0,52.48,52.95,52.39,50.83,48.34,45.08,41.2,36.92,32.43,27.93,23.58,19.51,15.83,12.58,9.81,7.49,5.61,4.12,2.97,2.09,1.45,0.98,0.65,0.43,0.27,0.17,0.11,0.07,0.05,0.04,0.04,0.06,0.08,0.13,0.2,0.31,0.46,0.68,0.99,1.4,1.95,2.67,3.57,4.7,6.06,7.68,9.54,11.65,13.97,16.47,19.08,21.75,24.4,26.96,29.36,31.54,33.45,35.03,36.28,37.15,37.66,37.78,37.53,36.9,35.91,34.58,32.92,30.96,28.76,26.36,23.83,21.23,18.64,16.12,13.76,11.6,9.7,8.11,6.84,5.93,5.38,5.19,5.38,5.92,6.81,8.03,9.53,11.28,13.2,15.23,17.27,19.23,21.02,22.52,23.66,24.38,24.62,24.37,23.65,22.5,20.99,19.19,17.19,15.11,13.01,10.98,9.09,7.37,5.86,4.57,3.49,2.61,1.92,1.38,0.97,0.67,0.46,0.3,0.2,0.13,0.08,0.05,0.03,0.02,0.01,0.01,0.0,0.0,0.0,0.0,0.0
99.91,94.2,78.97,58.86,39.01,22.98,12.04,5.61,2.32,0.86,0.28,0.08,0.02,0.0,0.0,0.0,0.0,0.0,0.0,0.0,0.0,0.0,0.0,0.0,0.0,0.0,0.0,0.0,0.0,0.0,0.0,0.0,0.0,0.0,0.0,0.0,0.0,0.0,0.0,0.0,0.0,0.0,0.0,0.0,0.0,0.0,0.0,0.0,0.02,0.05,0.13,0.32,0.68,1.29,2.19,3.31,4.44,5.29,5.61,5.29,4.44,3.31,2.19,1.29,0.68,0.32,0.13,0.05,0.02,0.0,0.0,0.0,0.0,0.0,0.0,0.02,0.06,0.22,0.68,1.84,4.44,9.53,18.19,30.87,46.58,62.49,74.54,79.05,74.54,62.49,46.58,30.87,18.19,9.53,4.44,1.84,0.68,0.22,0.06,0.02,0.0,0.0,0.0,0.0,0.0,0.0,0.0,0.0,0.0,0.0,0.0,0.0,0.0,0.0,0.0,0.0,0.0,0.0,0.0,0.0,0.0,0.0,0.0,0.0,0.0,0.01,0.01,0.02,0.03,0.05,0.07,0.11,0.16,0.22,0.31,0.42,0.56,0.74,0.95,1.19,1.47,1.78,2.12,2.47,2.84,3.21,3.57,3.94,4.3,4.68,5.1,5.6,6.24,7.07,8.16,9.61,11.47,13.82,16.71,20.14,24.12,28.56,33.37,38.39,43.43,48.25,52.63,56.32,59.13,60.87,61.44,60.81,59.0,56.12,52.33,47.84,42.87,37.66,32.43,27.38,22.65,18.38,14.61,11.39,8.7,6.52,4.79,3.44,2.43,1.68,1.14,0.76,0.49,0.32,0.2,0.12,0.08,0.05,0.04,0.04,0.05,0.07,0.1,0.16,0.24,0.36,0.53,0.77,1.09,1.52,2.07,2.77,3.65,4.71,5.96,7.41,9.05,10.85,12.79,14.82,16.89,18.95,20.95,22.81,24.51,26.0,27.23,28.2,28.89,29.29,29.39,29.2,28.72,27.95,26.92,25.63,24.11,22.4,20.53,18.56,16.54,14.52,12.56,10.72,9.04,7.56,6.32,5.33,4.61,4.18,4.04,4.18,4.6,5.28,6.22,7.39,8.74,10.23,11.8,13.38,14.9,16.28,17.45,18.34,18.89,19.08,18.89,18.33,17.44,16.26,14.87,13.32,11.7,10.08,8.51,7.04,5.71,4.54,3.54,2.7,2.03,1.49,1.07,0.76,0.52,0.35,0.24,0.15,0.1,0.06,0.04,0.02,0.01,0.01,0.0,0.0,0.0,0.0,0.0,0.0
91.1,85.9,72.01,53.68,35.57,20.96,10.98,5.11,2.12,0.78,0.26,0.07,0.02,0.0,0.0,0.0,0.0,0.0,0.0,0.0,0.0,0.0,0.0,0.0,0.0,0.0,0.0,0.0,0.0,0.0,0.0,0.0,0.0,0.0,0.0,0.0,0.0,0.0,0.0,0.0,0.0,0.0,0.0,0.0,0.0,0.0,0.0,0.01,0.03,0.1,0.28,0.68,1.45,2.77,4.71,7.1,9.53,11.36,12.05,11.36,9.53,7.1,4.71,2.77,1.45,0.68,0.28,0.1,0.03,0.01,0.0,0.0,0.0,0.0,0.0,0.02,0.08,0.26,0.81,2.19,5.29,11.36,21.69,36.82,55.56,74.54,88.91,94.29,88.91,74.54,55.56,36.82,21.69,11.36,5.29,2.19,0.81,0.26,0.08,0.02,0.0,0.0,0.0,0.0,0.0,0.0,0.0,0.0,0.0,0.0,0.0,0.0,0.0,0.0,0.0,0.0,0.0,0.0,0.0,0.0,0.0,0.0,0.0,0.0,0.0,0.01,0.01,0.01,0.02,0.03,0.05,0.08,0.11,0.15,0.21,0.29,0.39,0.51,0.65,0.83,1.02,1.24,1.48,1.73,2.0,2.27,2.56,2.86,3.19,3.57,4.04,4.63,5.4,6.43,7.78,9.56,11.82,14.65,18.08,22.14,26.8,31.98,37.57,43.38,49.19,54.74,59.77,64.02,67.23,69.24,69.91,69.2,67.15,63.88,59.57,54.46,48.8,42.87,36.92,31.16,25.79,20.92,16.63,12.97,9.91,7.42,5.45,3.92,2.77,1.91,1.3,0.86,0.56,0.36,0.23,0.14,0.09,0.06,0.04,0.03,0.04,0.05,0.08,0.12,0.18,0.27,0.4,0.59,0.83,1.16,1.58,2.12,2.79,3.6,4.55,5.66,6.91,8.29,9.77,11.32,12.9,14.48,16.0,17.43,18.72,19.86,20.8,21.54,22.07,22.37,22.45,22.31,21.94,21.36,20.56,19.58,18.42,17.11,15.69,14.18,12.64,11.09,9.6,8.19,6.91,5.78,4.82,4.07,3.52,3.19,3.08,3.18,3.5,4.02,4.73,5.62,6.65,7.78,8.97,10.18,11.33,12.38,13.27,13.94,14.36,14.5,14.36,13.94,13.26,12.37,11.3,10.13,8.9,7.66,6.47,5.35,4.34,3.45,2.69,2.06,1.54,1.13,0.81,0.57,0.4,0.27,0.18,0.12,0.07,0.05,0.03,0.02,0.01,0.01,0.0,0.0,0.0,0.0,0.0,0.0
81.93,77.25,64.76,48.27,31.99,18.85,9.87,4.6,1.9,0.7,0.23,0.07,0.02,0.0,0.0,0.0,0.0,0.0,0.0,0.0,0.0,0.0,0.0,0.0,0.0,0.0,0.0,0.0,0.0,0.0,0.0,0.0,0.0,0.0,0.0,0.0,0.0,0.0,0.0,0.0,0.0,0.0,0.0,0.0,0.0,0.0,0.0,0.02,0.06,0.2,0.53,1.29,2.77,5.29,8.98,13.56,18.19,21.69,23.01,21.69,18.19,13.56,8.98,5.29,2.77,1.29,0.53,0.2,0.06,0.02,0.0,0.0,0.0,0.0,0.0,0.02,0.08,0.28,0.86,2.32,5.61,12.05,23.01,39.05,58.92,79.05,94.29,100.0,94.29,79.05,58.92,39.05,23.01,12.05,5.61,2.32,0.86,0.28,0.08,0.02,0.01,0.0,0.0,0.0,0.0,0.0,0.0,0.0,0.0,0.0,0.0,0.0,0.0,0.0,0.0,0.0,0.0,0.0,0.0,0.0,0.0,0.0,0.0,0.0,0.0,0.0,0.01,0.01,0.01,0.02,0.03,0.05,0.07,0.1,0.15,0.2,0.26,0.35,0.45,0.56,0.7,0.85,1.01,1.19,1.39,1.6,1.83,2.1,2.41,2.8,3.3,3.97,4.87,6.07,7.66,9.73,12.35,15.61,19.54,24.17,29.46,35.33,41.63,48.18,54.71,60.96,66.6,71.37,74.98,77.23,77.98,77.2,74.92,71.27,66.47,60.76,54.45,47.84,41.19,34.77,28.78,23.34,18.56,14.47,11.05,8.28,6.08,4.38,3.09,2.14,1.45,0.96,0.63,0.4,0.25,0.16,0.1,0.06,0.04,0.03,0.03,0.04,0.06,0.09,0.14,0.21,0.3,0.44,0.63,0.87,1.19,1.6,2.1,2.71,3.43,4.26,5.21,6.24,7.36,8.52,9.72,10.9,12.04,13.12,14.09,14.94,15.65,16.2,16.59,16.81,16.87,16.75,16.47,16.03,15.43,14.69,13.82,12.83,11.76,10.63,9.47,8.31,7.19,6.14,5.17,4.33,3.61,3.05,2.64,2.39,2.3,2.38,2.61,3.0,3.53,4.19,4.96,5.8,6.69,7.59,8.45,9.24,9.9,10.4,10.71,10.82,10.71,10.4,9.89,9.23,8.43,7.56,6.64,5.72,4.83,3.99,3.24,2.58,2.01,1.53,1.15,0.84,0.61,0.43,0.3,0.2,0.13,0.09,0.06,0.03,0.02,0.01,0.01,0.0,0.0,0.0,0.0,0.0,0.0,0.0
78.09,73.64,61.73,46.01,30.49,17.97,9.41,4.38,1.82,0.67,0.22,0.06,0.02,0.0,0.0,0.0,0.0,0.0,0.0,0.0,0.0,0.0,0.0,0.0,0.0,0.0,0.0,0.0,0.0,0.0,0.0,0.0,0.0,0.0,0.0,0.0,0.0,0.0,0.0,0.0,0.0,0.0,0.0,0.0,0.0,0.0,0.01,0.03,0.11,0.33,0.91,2.19,4.71,8.98,15.25,23.01,30.87,36.82,39.05,36.82,30.87,23.01,15.25,8.98,4.71,2.19,0.91,0.33,0.11,0.03,0.01,0.0,0.0,0.0,0.0,0.02,0.08,0.26,0.81,2.19,5.29,11.36,21.69,36.82,55.56,74.54,88.91,94.29,88.91,74.54,55.56,36.82,21.69,11.36,5.29,2.19,0.81,0.26,0.08,0.02,0.01,0.0,0.0,0.0,0.0,0.0,0.0,0.0,0.0,0.0,0.0,0.0,0.0,0.0,0.0,0.0,0.0,0.0,0.0,0.0,0.0,0.0,0.0,0.0,0.0,0.0,0.0,0.01,0.01,0.02,0.02,0.03,0.05,0.07,0.1,0.13,0.18,0.23,0.3,0.38,0.47,0.57,0.69,0.82,0.96,1.13,1.33,1.57,1.87,2.27,2.82,3.56,4.56,5.91,7.7,10.02,12.95,16.58,20.95,26.08,31.93,38.41,45.35,52.55,59.73,66.59,72.79,78.02,81.98,84.45,85.28,84.43,81.94,77.95,72.7,66.46,59.56,52.32,45.06,38.04,31.48,25.53,20.3,15.83,12.09,9.06,6.65,4.79,3.38,2.34,1.58,1.05,0.69,0.44,0.28,0.17,0.1,0.06,0.04,0.03,0.03,0.03,0.05,0.07,0.1,0.16,0.23,0.33,0.47,0.65,0.89,1.19,1.57,2.02,2.56,3.19,3.89,4.66,5.49,6.36,7.25,8.13,8.98,9.77,10.49,11.12,11.64,12.04,12.32,12.47,12.5,12.41,12.19,11.85,11.4,10.84,10.19,9.46,8.66,7.83,6.97,6.12,5.29,4.51,3.8,3.18,2.65,2.24,1.93,1.75,1.69,1.74,1.91,2.2,2.59,3.07,3.63,4.25,4.9,5.56,6.19,6.76,7.24,7.61,7.84,7.92,7.84,7.61,7.24,6.75,6.17,5.53,4.86,4.18,3.53,2.92,2.37,1.89,1.47,1.12,0.84,0.62,0.44,0.31,0.22,0.15,0.1,0.06,0.04,0.03,0.02,0.01,0.01,0.0,0.0,0.0,0.0,0.0,0.0,0.0
81.93,77.25,64.76,48.27,31.99,18.85,9.87,4.6,1.9,0.7,0.23,0.07,0.02,0.0,0.0,0.0,0.0,0.0,0.0,0.0,0.0,0.0,0.0,0.0,0.0,0.0,0.0,0.0,0.0,0.0,0.0,0.0,0.0,0.0,0.0,0.0,0.0,0.0,0.0,0.0,0.0,0.0,0.0,0.0,0.0,0.0,0.01,0.05,0.17,0.5,1.37,3.31,7.1,13.56,23.01,34.72,46.58,55.56,58.92,55.56,46.58,34.72,23.01,13.56,7.1,3.31,1.37,0.5,0.17,0.05,0.01,0.0,0.0,0.0,0.0,0.02,0.06,0.22,0.68,1.84,4.44,9.53,18.19,30.87,46.58,62.49,74.54,79.05,74.54,62.49,46.58,30.87,18.19,9.53,4.44,1.84,0.68,0.23,0.07,0.02,0.01,0.0,0.0,0.0,0.0,0.0,0.0,0.0,0.0,0.0,0.0,0.0,0.0,0.0,0.0,0.0,0.0,0.0,0.0,0.0,0.0,0.0,0.0,0.0,0.0,0.0,0.0,0.0,0.01,0.01,0.01,0.02,0.03,0.05,0.06,0.09,0.11,0.15,0.19,0.25,0.31,0.38,0.46,0.56,0.67,0.81,0.98,1.2,1.51,1.92,2.5,3.3,4.39,5.87,7.82,10.34,13.53,17.46,22.19,27.73,34.05,41.02,48.5,56.25,63.98,71.35,78.01,83.62,87.88,90.54,91.44,90.53,87.86,83.58,77.95,71.26,63.86,56.1,48.31,40.79,33.75,27.38,21.77,16.97,12.97,9.71,7.13,5.13,3.62,2.51,1.7,1.13,0.74,0.47,0.3,0.18,0.11,0.07,0.04,0.03,0.03,0.03,0.04,0.05,0.08,0.12,0.17,0.25,0.35,0.49,0.67,0.9,1.18,1.52,1.93,2.39,2.92,3.5,4.12,4.77,5.43,6.08,6.71,7.29,7.82,8.27,8.64,8.92,9.11,9.2,9.21,9.12,8.93,8.67,8.32,7.9,7.41,6.87,6.29,5.67,5.05,4.42,3.82,3.26,2.74,2.29,1.91,1.61,1.39,1.26,1.21,1.25,1.37,1.58,1.86,2.2,2.61,3.05,3.52,3.99,4.44,4.85,5.2,5.46,5.63,5.68,5.63,5.46,5.2,4.85,4.43,3.97,3.49,3.0,2.54,2.1,1.7,1.35,1.05,0.81,0.6,0.44,0.32,0.23,0.16,0.11,0.07,0.05,0.03,0.02,0.01,0.01,0.0,0.0,0.0,0.0,0.0,0.0,0.0,0.0
91.1,85.9,72.01,53.68,35.57,20.96,10.98,5.11,2.12,0.78,0.26,0.07,0.02,0.0,0.0,0.0,0.0,0.0,0.0,0.0,0.0,0.0,0.0,0.0,0.0,0.0,0.0,0.0,0.0,0.0,0.0,0.0,0.0,0.0,0.0,0.0,0.0,0.0,0.0,0.0,0.0,0.0,0.0,0.0,0.0,0.0,0.02,0.06,0.22,0.68,1.84,4.44,9.53,18.19,30.87,46.58,62.49,74.54,79.05,74.54,62.49,46.58,30.87,18.19,9.53,4.44,1.84,0.68,0.22,0.06,0.02,0.0,0.0,0.0,0.0,0.01,0.05,0.17,0.5,1.37,3.31,7.1,13.56,23.01,34.73,46.59,55.58,58.94,55.58,46.59,34.73,23.02,13.56,7.11,3.31,1.38,0.52,0.18,0.07,0.03,0.02,0.02,0.01,0.01,0.01,0.0,0.0,0.01,0.01,0.01,0.02,0.02,0.02,0.02,0.02,0.01,0.01,0.0,0.0,0.0,0.0,0.0,0.0,0.0,0.0,0.0,0.0,0.0,0.0,0.01,0.01,0.01,0.02,0.03,0.04,0.06,0.07,0.1,0.13,0.16,0.2,0.25,0.31,0.38,0.47,0.59,0.75,0.96,1.27,1.69,2.3,3.14,4.3,5.86,7.93,10.61,13.99,18.15,23.15,29.0,35.66,43.02,50.9,59.06,67.2,74.96,81.97,87.88,92.36,95.15,96.1,95.15,92.34,87.85,81.93,74.91,67.13,58.97,50.78,42.87,35.48,28.78,22.88,17.84,13.63,10.21,7.5,5.4,3.81,2.63,1.79,1.19,0.78,0.5,0.31,0.19,0.12,0.07,0.05,0.03,0.03,0.03,0.03,0.04,0.06,0.09,0.14,0.19,0.27,0.38,0.52,0.7,0.91,1.18,1.49,1.85,2.25,2.7,3.17,3.67,4.17,4.66,5.13,5.56,5.94,6.27,6.52,6.71,6.82,6.86,6.83,6.73,6.57,6.35,6.07,5.73,5.36,4.95,4.52,4.06,3.61,3.15,2.72,2.32,1.95,1.63,1.35,1.14,0.98,0.89,0.86,0.88,0.97,1.11,1.31,1.55,1.83,2.15,2.48,2.81,3.13,3.42,3.66,3.85,3.96,4.0,3.96,3.84,3.66,3.41,3.12,2.79,2.46,2.11,1.78,1.48,1.2,0.95,0.74,0.57,0.42,0.31,0.22,0.16,0.11,0.07,0.05,0.03,0.02,0.01,0.01,0.0,0.0,0.0,0.0,0.0,0.0,0.0,0.0,0.0
99.91,94.2,78.97,58.86,39.01,22.98,12.04,5.61,2.32,0.86,0.28,0.08,0.02,0.0,0.0,0.0,0.0,0.0,0.0,0.0,0.0,0.0,0.0,0.0,0.0,0.0,0.0,0.0,0.0,0.0,0.0,0.0,0.0,0.0,0.0,0.0,0.0,0.0,0.0,0.0,0.0,0.0,0.0,0.0,0.0,0.0,0.02,0.08,0.26,0.81,2.19,5.29,11.36,21.69,36.82,55.56,74.54,88.91,94.29,88.91,74.54,55.56,36.82,21.69,11.36,5.29,2.19,0.81,0.26,0.08,0.02,0.0,0.0,0.0,0.0,0.01,0.03,0.11,0.33,0.91,2.2,4.72,9.0,15.28,23.05,30.93,36.89,39.13,36.89,30.93,23.06,15.28,9.01,4.73,2.22,0.94,0.38,0.17,0.11,0.09,0.08,0.06,0.05,0.03,0.02,0.01,0.01,0.02,0.03,0.05,0.06,0.08,0.08,0.08,0.06,0.05,0.03,0.02,0.01,0.0,0.0,0.0,0.0,0.0,0.0,0.0,0.0,0.0,0.0,0.0,0.01,0.01,0.01,0.02,0.03,0.03,0.05,0.06,0.08,0.1,0.13,0.17,0.21,0.27,0.34,0.45,0.59,0.8,1.1,1.54,2.16,3.03,4.23,5.85,8.0,10.77,14.27,18.57,23.74,29.79,36.67,44.26,52.4,60.82,69.21,77.21,84.44,90.53,95.15,98.04,99.02,98.03,95.15,90.52,84.42,77.18,69.17,60.76,52.33,44.18,36.56,29.65,23.58,18.38,14.05,10.52,7.73,5.56,3.93,2.72,1.84,1.23,0.8,0.51,0.32,0.2,0.12,0.08,0.05,0.03,0.03,0.03,0.03,0.04,0.06,0.08,0.12,0.16,0.23,0.32,0.43,0.58,0.76,0.97,1.23,1.53,1.86,2.22,2.61,3.01,3.41,3.8,4.16,4.49,4.78,5.01,5.18,5.29,5.33,5.32,5.25,5.13,4.96,4.74,4.5,4.21,3.91,3.58,3.25,2.91,2.57,2.23,1.92,1.63,1.37,1.14,0.95,0.79,0.68,0.62,0.59,0.61,0.67,0.77,0.9,1.07,1.27,1.48,1.71,1.94,2.16,2.36,2.53,2.66,2.74,2.76,2.73,2.65,2.53,2.36,2.15,1.93,1.7,1.46,1.23,1.02,0.83,0.66,0.51,0.39,0.29,0.22,0.16,0.11,0.08,0.05,0.03,0.02,0.01,0.01,0.01,0.0,0.0,0.0,0.0,0.0,0.0,0.0,0.0,0.0
102.32,96.48,80.89,60.29,39.95,23.54,12.33,5.74,2.38,0.88,0.29,0.08,0.02,0.0,0.0,0.0,0.0,0.0,0.0,0.0,0.0,0.0,0.0,0.0,0.0,0.0,0.0,0.0,0.0,0.0,0.0,0.0,0.0,0.0,0.0,0.0,0.0,0.0,0.0,0.0,0.0,0.0,0.0,0.0,0.0,0.0,0.02,0.08,0.28,0.86,2.32,5.61,12.05,23.01,39.05,58.92,79.05,94.29,100.0,94.29,79.05,58.92,39.05,23.01,12.05,5.61,2.32,0.86,0.28,0.08,0.02,0.0,0.0,0.0,0.0,0.0,0.02,0.07,0.2,0.54,1.31,2.81,5.36,9.09,13.72,18.41,21.96,23.29,21.96,18.41,13.72,9.1,5.37,2.84,1.37,0.65,0.36,0.29,0.28,0.29,0.27,0.22,0.17,0.11,0.07,0.05,0.05,0.07,0.11,0.17,0.22,0.26,0.28,0.26,0.22,0.17,0.11,0.06,0.03,0.02,0.01,0.0,0.0,0.0,0.0,0.0,0.0,0.0,0.0,0.0,0.0,0.01,0.01,0.01,0.02,0.02,0.03,0.04,0.05,0.07,0.09,0.11,0.14,0.19,0.26,0.35,0.49,0.69,0.99,1.43,2.05,2.93,4.15,5.79,7.97,10.78,14.32,18.68,23.92,30.03,36.99,44.67,52.89,61.4,69.88,77.97,85.28,91.44,96.1,99.02,100.01,99.02,96.1,91.43,85.27,77.96,69.87,61.38,52.86,44.62,36.93,29.96,23.82,18.57,14.19,10.63,7.81,5.62,3.97,2.75,1.87,1.24,0.81,0.52,0.33,0.21,0.13,0.08,0.06,0.04,0.03,0.03,0.04,0.04,0.06,0.08,0.11,0.16,0.22,0.3,0.4,0.54,0.7,0.9,1.14,1.41,1.71,2.04,2.39,2.75,3.1,3.44,3.75,4.02,4.25,4.41,4.52,4.56,4.55,4.47,4.35,4.19,3.98,3.75,3.5,3.23,2.96,2.67,2.39,2.11,1.85,1.59,1.36,1.14,0.95,0.79,0.65,0.55,0.47,0.42,0.4,0.41,0.45,0.52,0.61,0.73,0.86,1.0,1.16,1.31,1.46,1.6,1.71,1.8,1.85,1.87,1.85,1.8,1.71,1.59,1.46,1.31,1.15,0.99,0.83,0.69,0.56,0.45,0.35,0.27,0.2,0.15,0.1,0.07,0.05,0.03,0.02,0.02,0.01,0.01,0.0,0.0,0.0,0.0,0.0,0.0,0.0,0.0,0.0,0.0
95.15,89.72,75.21,56.06,37.15,21.89,11.47,5.34,2.21,0.81,0.27,0.08,0.02,0.0,0.0,0.0,0.0,0.0,0.0,0.0,0.0,0.0,0.0,0.0,0.0,0.0,0.0,0.0,0.0,0.0,0.0,0.0,0.0,0.0,0.0,0.0,0.0,0.0,0.0,0.0,0.0,0.0,0.0,0.0,0.0,0.0,0.02,0.08,0.26,0.81,2.19,5.29,11.36,21.69,36.82,55.56,74.54,88.91,94.29,88.91,74.54,55.56,36.82,21.69,11.36,5.29,2.19,0.81,0.26,0.08,0.02,0.0,0.0,0.0,0.0,0.0,0.01,0.04,0.11,0.3,0.72,1.56,2.97,5.04,7.61,10.2,12.17,12.91,12.17,10.21,7.61,5.06,3.02,1.66,0.92,0.63,0.61,0.71,0.82,0.86,0.81,0.68,0.51,0.34,0.22,0.15,0.15,0.22,0.34,0.51,0.68,0.81,0.86,0.81,0.68,0.5,0.33,0.2,0.1,0.05,0.02,0.01,0.0,0.0,0.0,0.0,0.0,0.0,0.0,0.0,0.0,0.0,0.0,0.01,0.01,0.01,0.02,0.02,0.03,0.04,0.06,0.08,0.1,0.14,0.2,0.29,0.42,0.62,0.91,1.34,1.96,2.83,4.04,5.67,7.82,10.61,14.12,18.45,23.64,29.7,36.59,44.2,52.35,60.78,69.18,77.19,84.43,90.53,95.15,98.04,99.02,98.04,95.15,90.53,84.43,77.19,69.18,60.78,52.34,44.19,36.57,29.67,23.6,18.4,14.06,10.54,7.74,5.58,3.94,2.73,1.86,1.24,0.81,0.53,0.34,0.22,0.14,0.09,0.07,0.05,0.04,0.04,0.05,0.06,0.07,0.09,0.13,0.17,0.24,0.32,0.43,0.58,0.75,0.96,1.21,1.49,1.81,2.15,2.51,2.88,3.23,3.57,3.87,4.12,4.31,4.44,4.49,4.48,4.4,4.26,4.06,3.83,3.57,3.29,3.0,2.7,2.41,2.13,1.87,1.62,1.39,1.18,0.99,0.82,0.67,0.55,0.45,0.38,0.32,0.28,0.27,0.28,0.3,0.35,0.41,0.48,0.57,0.67,0.77,0.87,0.97,1.06,1.14,1.19,1.23,1.24,1.23,1.19,1.13,1.06,0.97,0.87,0.76,0.66,0.55,0.46,0.37,0.3,0.23,0.18,0.13,0.1,0.07,0.05,0.03,0.02,0.02,0.01,0.01,0.0,0.0,0.0,0.0,0.0,0.0,0.0,0.0,0.0,0.0,0.0
79.33,74.8,62.71,46.74,30.98,18.25,9.56,4.45,1.84,0.68,0.22,0.06,0.02,0.0,0.0,0.0,0.0,0.0,0.0,0.0,0.0,0.0,0.0,0.0,0.0,0.0,0.0,0.0,0.0,0.0,0.0,0.0,0.0,0.0,0.0,0.0,0.0,0.0,0.0,0.0,0.0,0.0,0.0,0.0,0.0,0.0,0.02,0.06,0.22,0.68,1.84,4.44,9.53,18.19,30.87,46.58,62.49,74.54,79.05,74.54,62.49,46.58,30.87,18.19,9.53,4.44,1.84,0.68,0.22,0.06,0.02,0.0,0.0,0.0,0.0,0.0,0.01,0.02,0.07,0.18,0.45,0.96,1.83,3.1,4.68,6.27,7.49,7.94,7.49,6.28,4.7,3.15,1.96,1.24,0.98,1.09,1.44,1.86,2.2,2.33,2.19,1.84,1.38,0.93,0.59,0.41,0.41,0.59,0.93,1.38,1.84,2.19,2.32,2.19,1.84,1.37,0.91,0.53,0.28,0.13,0.05,0.02,0.01,0.0,0.0,0.0,0.0,0.0,0.0,0.0,0.0,0.0,0.0,0.0,0.01,0.01,0.01,0.01,0.02,0.03,0.04,0.05,0.08,0.11,0.16,0.24,0.37,0.56,0.84,1.26,1.85,2.7,3.87,5.46,7.55,10.26,13.68,17.88,22.92,28.81,35.5,42.89,50.8,58.98,67.14,74.91,81.94,87.86,92.35,95.15,96.11,95.16,92.36,87.87,81.96,74.93,67.16,59.01,50.82,42.91,35.51,28.82,22.92,17.87,13.67,10.24,7.53,5.43,3.84,2.66,1.81,1.22,0.8,0.53,0.34,0.23,0.15,0.11,0.08,0.07,0.06,0.06,0.07,0.08,0.09,0.12,0.16,0.21,0.29,0.39,0.52,0.69,0.9,1.15,1.44,1.78,2.15,2.55,2.97,3.39,3.8,4.18,4.51,4.77,4.96,5.07,5.08,5.01,4.85,4.63,4.34,4.02,3.66,3.29,2.92,2.56,2.22,1.91,1.62,1.36,1.13,0.94,0.77,0.62,0.5,0.4,0.32,0.26,0.22,0.19,0.18,0.18,0.2,0.23,0.26,0.31,0.37,0.43,0.5,0.57,0.63,0.69,0.74,0.78,0.8,0.81,0.8,0.78,0.74,0.69,0.63,0.56,0.5,0.43,0.36,0.3,0.24,0.19,0.15,0.11,0.09,0.06,0.05,0.03,0.02,0.02,0.01,0.01,0.0,0.0,0.0,0.0,0.0,0.0,0.0,0.0,0.0,0.0,0.0,0.0
59.0,55.63,46.64,34.76,23.04,13.57,7.11,3.31,1.37,0.5,0.17,0.05,0.01,0.0,0.0,0.0,0.0,0.0,0.0,0.0,0.0,0.0,0.0,0.0,0.0,0.0,0.0,0.0,0.0,0.0,0.0,0.0,0.0,0.0,0.0,0.0,0.0,0.0,0.0,0.0,0.0,0.0,0.0,0.0,0.0,0.0,0.01,0.05,0.17,0.5,1.37,3.31,7.1,13.56,23.01,34.72,46.58,55.56,58.92,55.56,46.58,34.72,23.01,13.56,7.1,3.31,1.37,0.5,0.17,0.05,0.01,0.0,0.0,0.0,0.0,0.0,0.01,0.02,0.07,0.18,0.45,0.96,1.83,3.1,4.68,6.28,7.49,7.94,7.49,6.29,4.73,3.23,2.14,1.63,1.74,2.38,3.38,4.46,5.3,5.62,5.29,4.44,3.32,2.24,1.42,0.99,0.99,1.42,2.24,3.32,4.44,5.29,5.61,5.29,4.44,3.31,2.19,1.29,0.68,0.32,0.13,0.05,0.02,0.0,0.0,0.0,0.0,0.0,0.0,0.0,0.0,0.0,0.0,0.0,0.0,0.0,0.01,0.01,0.01,0.02,0.03,0.04,0.06,0.09,0.14,0.21,0.33,0.51,0.77,1.17,1.74,2.54,3.66,5.17,7.16,9.74,12.99,16.99,21.79,27.39,33.76,40.8,48.33,56.11,63.87,71.27,77.96,83.59,87.87,90.54,91.45,90.55,87.89,83.62,78.0,71.32,63.92,56.17,48.38,40.85,33.82,27.45,21.84,17.04,13.03,9.77,7.19,5.19,3.67,2.56,1.75,1.18,0.79,0.53,0.35,0.24,0.18,0.13,0.11,0.1,0.1,0.1,0.1,0.12,0.14,0.17,0.22,0.29,0.38,0.51,0.68,0.89,1.16,1.48,1.85,2.28,2.75,3.26,3.79,4.32,4.83,5.3,5.7,6.01,6.22,6.32,6.3,6.16,5.92,5.58,5.18,4.72,4.23,3.73,3.24,2.78,2.34,1.95,1.61,1.31,1.05,0.84,0.66,0.52,0.4,0.31,0.24,0.19,0.16,0.13,0.12,0.12,0.13,0.15,0.17,0.2,0.24,0.28,0.32,0.36,0.4,0.44,0.47,0.5,0.51,0.52,0.51,0.5,0.47,0.44,0.4,0.36,0.32,0.27,0.23,0.19,0.15,0.12,0.1,0.07,0.05,0.04,0.03,0.02,0.01,0.01,0.01,0.0,0.0,0.0,0.0,0.0,0.0,0.0,0.0,0.0,0.0,0.0,0.0,0.0
39.07,36.84,30.88,23.02,15.25,8.99,4.71,2.19,0.91,0.33,0.11,0.03,0.01,0.0,0.0,0.0,0.0,0.0,0.0,0.0,0.0,0.0,0.0,0.0,0.0,0.0,0.0,0.0,0.0,0.0,0.0,0.0,0.0,0.0,0.0,0.0,0.0,0.0,0.0,0.0,0.0,0.0,0.0,0.0,0.0,0.0,0.01,0.03,0.11,0.33,0.91,2.19,4.71,8.98,15.25,23.01,30.87,36.82,39.05,36.82,30.87,23.01,15.25,8.98,4.71,2.19,0.91,0.33,0.11,0.03,0.01,0.0,0.0,0.0,0.0,0.0,0.01,0.04,0.11,0.3,0.72,1.56,2.97,5.04,7.61,10.2,12.17,12.91,12.18,10.24,7.71,5.32,3.65,3.01,3.5,5.01,7.21,9.56,11.37,12.06,11.37,9.54,7.14,4.81,3.05,2.13,2.13,3.05,4.81,7.14,9.54,11.37,12.05,11.36,9.53,7.1,4.71,2.77,1.45,0.68,0.28,0.1,0.03,0.01,0.0,0.0,0.0,0.0,0.0,0.0,0.0,0.0,0.0,0.0,0.0,0.0,0.0,0.01,0.01,0.01,0.02,0.03,0.05,0.07,0.12,0.19,0.29,0.46,0.71,1.08,1.61,2.36,3.4,4.81,6.67,9.07,12.11,15.84,20.31,25.54,31.49,38.05,45.07,52.33,59.57,66.47,72.71,77.97,81.96,84.45,85.31,84.47,81.99,78.02,72.78,66.55,59.66,52.43,45.17,38.15,31.6,25.65,20.42,15.94,12.2,9.16,6.75,4.88,3.47,2.42,1.67,1.14,0.78,0.53,0.37,0.27,0.21,0.18,0.16,0.15,0.15,0.15,0.16,0.18,0.2,0.24,0.31,0.39,0.52,0.69,0.91,1.19,1.54,1.96,2.45,3.02,3.64,4.31,5.01,5.7,6.37,6.97,7.49,7.88,8.14,8.24,8.18,7.97,7.62,7.15,6.58,5.95,5.28,4.6,3.94,3.32,2.75,2.24,1.8,1.43,1.11,0.86,0.65,0.49,0.37,0.28,0.21,0.15,0.12,0.1,0.08,0.08,0.08,0.09,0.11,0.13,0.15,0.17,0.2,0.23,0.25,0.28,0.3,0.31,0.32,0.32,0.32,0.31,0.29,0.27,0.25,0.23,0.2,0.17,0.14,0.12,0.1,0.08,0.06,0.05,0.03,0.03,0.02,0.01,0.01,0.01,0.0,0.0,0.0,0.0,0.0,0.0,0.0,0.0,0.0,0.0,0.0,0.0,0.0,0.0
23.01,21.7,18.19,13.56,8.99,5.29,2.77,1.29,0.53,0.2,0.06,0.02,0.0,0.0,0.0,0.0,0.0,0.0,0.0,0.0,0.0,0.0,0.0,0.0,0.0,0.0,0.0,0.0,0.0,0.0,0.0,0.0,0.0,0.0,0.0,0.0,0.0,0.0,0.0,0.0,0.0,0.0,0.0,0.0,0.0,0.0,0.0,0.02,0.06,0.2,0.53,1.29,2.77,5.29,8.98,13.56,18.19,21.69,23.01,21.69,18.19,13.56,8.98,5.29,2.77,1.29,0.53,0.2,0.06,0.02,0.0,0.0,0.0,0.0,0.0,0.0,0.02,0.07,0.2,0.54,1.31,2.81,5.36,9.09,13.72,18.41,21.96,23.29,21.98,18.47,13.92,9.63,6.65,5.58,6.6,9.52,13.75,18.25,21.71,23.01,21.7,18.21,13.62,9.18,5.83,4.06,4.06,5.83,9.18,13.62,18.21,21.7,23.01,21.69,18.19,13.56,8.98,5.29,2.77,1.29,0.53,0.2,0.06,0.02,0.0,0.0,0.0,0.0,0.0,0.0,0.0,0.0,0.0,0.0,0.0,0.0,0.0,0.0,0.01,0.01,0.01,0.02,0.04,0.06,0.1,0.16,0.26,0.41,0.64,0.97,1.46,2.15,3.1,4.39,6.09,8.29,11.06,14.48,18.57,23.35,28.78,34.78,41.2,47.85,54.47,60.78,66.49,71.3,74.95,77.23,78.02,77.26,75.01,71.38,66.6,60.91,54.62,48.02,41.38,34.97,28.98,23.54,18.76,14.66,11.24,8.45,6.25,4.53,3.24,2.28,1.59,1.11,0.78,0.56,0.42,0.33,0.28,0.25,0.24,0.23,0.23,0.24,0.25,0.27,0.3,0.36,0.43,0.55,0.71,0.93,1.22,1.59,2.06,2.61,3.27,4.02,4.85,5.74,6.66,7.58,8.46,9.26,9.93,10.45,10.77,10.89,10.8,10.5,10.01,9.36,8.59,7.73,6.82,5.91,5.02,4.19,3.44,2.77,2.19,1.7,1.3,0.98,0.73,0.53,0.39,0.28,0.2,0.14,0.1,0.08,0.06,0.06,0.06,0.06,0.07,0.08,0.09,0.11,0.12,0.14,0.15,0.17,0.18,0.19,0.2,0.2,0.2,0.19,0.18,0.17,0.15,0.14,0.12,0.1,0.09,0.07,0.06,0.05,0.04,0.03,0.02,0.02,0.01,0.01,0.01,0.0,0.0,0.0,0.0,0.0,0.0,0.0,0.0,0.0,0.0,0.0,0.0,0.0,0.0,0.0
12.05,11.37,9.53,7.1,4.71,2.77,1.45,0.68,0.28,0.1,0.03,0.01,0.0,0.0,0.0,0.0,0.0,0.0,0.0,0.0,0.0,0.0,0.0,0.0,0.0,0.0,0.0,0.0,0.0,0.0,0.0,0.0,0.0,0.0,0.0,0.0,0.0,0.0,0.0,0.0,0.0,0.0,0.0,0.0,0.0,0.0,0.0,0.01,0.03,0.1,0.28,0.68,1.45,2.77,4.71,7.1,9.53,11.36,12.05,11.36,9.53,7.1,4.71,2.77,1.45,0.68,0.28,0.1,0.03,0.01,0.0,0.0,0.0,0.0,0.0,0.01,0.03,0.11,0.33,0.91,2.2,4.72,9.0,15.28,23.05,30.93,36.9,39.14,36.93,31.04,23.39,16.19,11.19,9.42,11.18,16.16,23.34,30.98,36.85,39.06,36.83,30.9,23.12,15.58,9.89,6.9,6.9,9.89,15.58,23.12,30.9,36.83,39.05,36.82,30.87,23.01,15.25,8.98,4.71,2.19,0.91,0.33,0.11,0.03,0.01,0.0,0.0,0.0,0.0,0.0,0.0,0.0,0.0,0.0,0.0,0.0,0.0,0.0,0.0,0.01,0.01,0.02,0.03,0.05,0.09,0.14,0.23,0.37,0.57,0.87,1.3,1.92,2.77,3.93,5.45,7.43,9.91,12.97,16.64,20.92,25.8,31.17,36.93,42.89,48.82,54.48,59.61,63.92,67.2,69.26,69.97,69.31,67.29,64.06,59.78,54.7,49.07,43.16,37.23,31.48,26.11,21.24,16.95,13.28,10.21,7.7,5.72,4.18,3.01,2.15,1.53,1.1,0.81,0.62,0.5,0.42,0.39,0.37,0.36,0.36,0.36,0.37,0.39,0.41,0.45,0.52,0.62,0.76,0.97,1.26,1.64,2.12,2.73,3.47,4.33,5.32,6.41,7.58,8.8,10.01,11.17,12.21,13.1,13.77,14.2,14.35,14.21,13.8,13.15,12.28,11.24,10.09,8.88,7.67,6.5,5.4,4.4,3.52,2.76,2.13,1.61,1.2,0.88,0.63,0.45,0.31,0.22,0.15,0.1,0.07,0.05,0.04,0.04,0.04,0.04,0.05,0.06,0.06,0.07,0.08,0.09,0.1,0.11,0.11,0.12,0.12,0.12,0.11,0.11,0.1,0.09,0.08,0.07,0.06,0.05,0.04,0.04,0.03,0.02,0.02,0.01,0.01,0.01,0.0,0.0,0.0,0.0,0.0,0.0,0.0,0.0,0.0,0.0,0.0,0.0,0.0,0.0,0.0,0.0,0.0
5.61,5.29,4.44,3.31,2.19,1.29,0.68,0.32,0.13,0.05,0.02,0.0,0.0,0.0,0.0,0.0,0.0,0.0,0.0,0.0,0.0,0.0,0.0,0.0,0.0,0.0,0.0,0.0,0.0,0.0,0.0,0.0,0.0,0.0,0.0,0.0,0.0,0.0,0.0,0.0,0.0,0.0,0.0,0.0,0.0,0.0,0.0,0.0,0.02,0.05,0.13,0.32,0.68,1.29,2.19,3.31,4.44,5.29,5.61,5.29,4.44,3.31,2.19,1.29,0.68,0.32,0.13,0.05,0.02,0.0,0.0,0.0,0.0,0.0,0.0,0.01,0.05,0.17,0.5,1.37,3.31,7.1,13.56,23.01,34.73,46.59,55.58,58.95,55.63,46.76,35.23,24.38,16.87,14.21,16.86,24.38,35.22,46.74,55.61,58.94,55.57,46.62,34.88,23.51,14.93,10.41,10.41,14.93,23.51,34.88,46.62,55.57,58.92,55.56,46.58,34.72,23.01,13.56,7.1,3.31,1.37,0.5,0.17,0.05,0.01,0.0,0.0,0.0,0.0,0.0,0.0,0.0,0.0,0.0,0.0,0.0,0.0,0.0,0.0,0.01,0.01,0.02,0.03,0.05,0.08,0.12,0.2,0.32,0.5,0.76,1.14,1.68,2.43,3.45,4.79,6.52,8.71,11.39,14.62,18.38,22.66,27.39,32.45,37.69,42.91,47.89,52.4,56.2,59.09,60.91,61.56,60.99,59.24,56.42,52.68,48.23,43.31,38.13,32.93,27.89,23.18,18.9,15.13,11.89,9.18,6.97,5.22,3.86,2.82,2.06,1.52,1.14,0.89,0.73,0.63,0.58,0.55,0.55,0.55,0.56,0.57,0.58,0.6,0.62,0.67,0.75,0.87,1.05,1.32,1.68,2.17,2.8,3.58,4.53,5.65,6.93,8.35,9.88,11.46,13.03,14.54,15.9,17.05,17.92,18.47,18.66,18.48,17.94,17.08,15.93,14.58,13.07,11.5,9.91,8.38,6.95,5.65,4.5,3.52,2.7,2.03,1.5,1.09,0.78,0.54,0.37,0.25,0.17,0.11,0.08,0.05,0.04,0.03,0.03,0.03,0.03,0.03,0.04,0.04,0.05,0.05,0.06,0.06,0.07,0.07,0.07,0.07,0.07,0.06,0.06,0.05,0.05,0.04,0.04,0.03,0.03,0.02,0.02,0.01,0.01,0.01,0.01,0.0,0.0,0.0,0.0,0.0,0.0,0.0,0.0,0.0,0.0,0.0,0.0,0.0,0.0,0.0,0.0,0.0,0.0
2.32,2.19,1.84,1.37,0.91,0.53,0.28,0.13,0.05,0.02,0.01,0.0,0.0,0.0,0.0,0.0,0.0,0.0,0.0,0.0,0.0,0.0,0.0,0.0,0.0,0.0,0.0,0.0,0.0,0.0,0.0,0.0,0.0,0.0,0.0,0.0,0.0,0.0,0.0,0.0,0.0,0.0,0.0,0.0,0.0,0.0,0.0,0.0,0.01,0.02,0.05,0.13,0.28,0.53,0.91,1.37,1.84,2.19,2.32,2.19,1.84,1.37,0.91,0.53,0.28,0.13,0.05,0.02,0.01,0.0,0.0,0.0,0.0,0.0,0.0,0.02,0.06,0.22,0.68,1.84,4.44,9.53,18.19,30.87,46.58,62.49,74.55,79.07,74.61,62.71,47.26,32.71,22.63,19.05,22.62,32.7,47.25,62.71,74.6,79.07,74.56,62.55,46.8,31.54,20.02,13.96,13.96,20.02,31.54,46.8,62.55,74.55,79.05,74.54,62.49,46.58,30.87,18.19,9.53,4.44,1.84,0.68,0.22,0.06,0.02,0.0,0.0,0.0,0.0,0.0,0.0,0.0,0.0,0.0,0.0,0.0,0.0,0.0,0.0,0.0,0.01,0.01,0.02,0.04,0.06,0.11,0.17,0.27,0.43,0.65,0.98,1.45,2.1,2.97,4.12,5.62,7.5,9.81,12.59,15.84,19.52,23.6,27.96,32.48,36.98,41.28,45.17,48.46,50.97,52.56,53.14,52.68,51.21,48.81,45.62,41.82,37.6,33.17,28.71,24.38,20.33,16.64,13.39,10.59,8.24,6.33,4.8,3.61,2.71,2.05,1.58,1.25,1.04,0.91,0.85,0.82,0.82,0.83,0.84,0.86,0.87,0.89,0.9,0.93,0.98,1.07,1.22,1.44,1.76,2.22,2.83,3.62,4.62,5.83,7.26,8.89,10.7,12.65,14.67,16.69,18.61,20.35,21.82,22.93,23.63,23.87,23.63,22.94,21.83,20.36,18.62,16.7,14.67,12.64,10.68,8.85,7.18,5.72,4.46,3.42,2.57,1.89,1.36,0.97,0.67,0.46,0.31,0.2,0.13,0.09,0.06,0.04,0.03,0.02,0.02,0.02,0.02,0.02,0.03,0.03,0.03,0.03,0.04,0.04,0.04,0.04,0.04,0.04,0.04,0.03,0.03,0.03,0.02,0.02,0.02,0.01,0.01,0.01,0.01,0.01,0.0,0.0,0.0,0.0,0.0,0.0,0.0,0.0,0.0,0.0,0.0,0.0,0.0,0.0,0.0,0.0,0.0,0.0,0.0,0.0
0.86,0.81,0.68,0.5,0.33,0.2,0.1,0.05,0.02,0.01,0.0,0.0,0.0,0.0,0.0,0.0,0.0,0.0,0.0,0.0,0.0,0.0,0.0,0.0,0.0,0.0,0.0,0.0,0.0,0.0,0.0,0.0,0.0,0.0,0.0,0.0,0.0,0.0,0.0,0.0,0.0,0.0,0.0,0.0,0.0,0.0,0.0,0.0,0.0,0.01,0.02,0.05,0.1,0.2,0.33,0.5,0.68,0.81,0.86,0.81,0.68,0.5,0.33,0.2,0.1,0.05,0.02,0.01,0.0,0.0,0.0,0.0,0.0,0.0,0.0,0.02,0.08,0.26,0.81,2.19,5.29,11.36,21.69,36.82,55.56,74.54,88.92,94.31,88.99,74.8,56.36,39.01,26.99,22.73,26.99,39.01,56.36,74.8,88.99,94.32,88.93,74.61,55.82,37.63,23.89,16.66,16.66,23.89,37.62,55.82,74.61,88.93,94.3,88.91,74.54,55.56,36.82,21.69,11.36,5.29,2.19,0.81,0.26,0.08,0.02,0.0,0.0,0.0,0.0,0.0,0.0,0.0,0.0,0.0,0.0,0.0,0.0,0.0,0.0,0.0,0.01,0.01,0.02,0.03,0.05,0.09,0.14,0.23,0.36,0.55,0.83,1.22,1.77,2.51,3.48,4.74,6.33,8.29,10.63,13.37,16.49,19.94,23.62,27.45,31.26,34.9,38.21,41.01,43.16,44.54,45.07,44.72,43.52,41.54,38.9,35.74,32.22,28.51,24.77,21.14,17.73,14.61,11.86,9.48,7.48,5.83,4.52,3.49,2.71,2.14,1.74,1.47,1.31,1.22,1.18,1.18,1.21,1.24,1.27,1.3,1.32,1.34,1.35,1.38,1.43,1.52,1.68,1.95,2.34,2.89,3.64,4.62,5.86,7.36,9.15,11.19,13.47,15.91,18.44,20.97,23.38,25.57,27.41,28.81,29.68,29.98,29.68,28.81,27.41,25.57,23.38,20.95,18.41,15.86,13.39,11.09,9.0,7.16,5.58,4.27,3.2,2.35,1.7,1.2,0.83,0.57,0.38,0.25,0.16,0.1,0.06,0.04,0.03,0.02,0.01,0.01,0.01,0.01,0.01,0.02,0.02,0.02,0.02,0.02,0.02,0.02,0.02,0.02,0.02,0.02,0.02,0.02,0.01,0.01,0.01,0.01,0.01,0.01,0.0,0.0,0.0,0.0,0.0,0.0,0.0,0.0,0.0,0.0,0.0,0.0,0.0,0.0,0.0,0.0,0.0,0.0,0.0,0.0,0.0,0.0
0.28,0.26,0.22,0.17,0.11,0.06,0.03,0.02,0.01,0.0,0.0,0.0,0.0,0.0,0.0,0.0,0.0,0.0,0.0,0.0,0.0,0.0,0.0,0.0,0.0,0.0,0.0,0.0,0.0,0.0,0.0,0.0,0.0,0.0,0.0,0.0,0.0,0.0,0.0,0.0,0.0,0.0,0.0,0.0,0.0,0.0,0.0,0.0,0.0,0.0,0.01,0.02,0.03,0.06,0.11,0.17,0.22,0.26,0.28,0.26,0.22,0.17,0.11,0.06,0.03,0.02,0.01,0.0,0.0,0.0,0.0,0.0,0.0,0.0,0.0,0.02,0.08,0.28,0.86,2.32,5.61,12.05,23.01,39.05,58.92,79.05,94.3,100.02,94.37,79.33,59.78,41.37,28.62,24.1,28.62,41.37,59.78,79.33,94.37,100.03,94.32,79.13,59.2,39.9,25.33,17.67,17.67,25.33,39.9,59.2,79.13,94.31,100.0,94.29,79.05,58.92,39.05,23.01,12.05,5.61,2.32,0.86,0.28,0.08,0.02,0.0,0.0,0.0,0.0,0.0,0.0,0.0,0.0,0.0,0.0,0.0,0.0,0.0,0.0,0.0,0.0,0.01,0.02,0.03,0.04,0.07,0.12,0.19,0.3,0.46,0.69,1.01,1.46,2.07,2.88,3.93,5.24,6.86,8.81,11.08,13.66,16.52,19.58,22.76,25.93,28.97,31.74,34.09,35.92,37.11,37.6,37.38,36.46,34.89,32.77,30.23,27.38,24.36,21.31,18.33,15.52,12.94,10.65,8.65,6.96,5.57,4.44,3.56,2.89,2.4,2.06,1.84,1.72,1.68,1.68,1.72,1.78,1.84,1.9,1.94,1.97,1.98,1.99,2.0,2.05,2.14,2.31,2.6,3.06,3.71,4.61,5.79,7.3,9.14,11.32,13.83,16.62,19.62,22.74,25.85,28.82,31.51,33.78,35.5,36.57,36.94,36.57,35.49,33.77,31.49,28.79,25.81,22.67,19.53,16.49,13.64,11.07,8.81,6.87,5.25,3.93,2.89,2.08,1.47,1.02,0.69,0.46,0.3,0.19,0.12,0.08,0.05,0.03,0.02,0.01,0.01,0.01,0.01,0.01,0.01,0.01,0.01,0.01,0.01,0.01,0.01,0.01,0.01,0.01,0.01,0.01,0.01,0.01,0.01,0.01,0.0,0.0,0.0,0.0,0.0,0.0,0.0,0.0,0.0,0.0,0.0,0.0,0.0,0.0,0.0,0.0,0.0,0.0,0.0,0.0,0.0,0.0,0.0,0.0,0.0
0.08,0.08,0.06,0.05,0.03,0.02,0.01,0.0,0.0,0.0,0.0,0.0,0.0,0.0,0.0,0.0,0.0,0.0,0.0,0.0,0.0,0.0,0.0,0.0,0.0,0.0,0.0,0.0,0.0,0.0,0.0,0.0,0.0,0.0,0.0,0.0,0.0,0.0,0.0,0.0,0.0,0.0,0.0,0.0,0.0,0.0,0.0,0.0,0.0,0.0,0.0,0.0,0.01,0.02,0.03,0.05,0.06,0.08,0.08,0.08,0.06,0.05,0.03,0.02,0.01,0.0,0.0,0.0,0.0,0.0,0.0,0.0,0.0,0.0,0.0,0.02,0.08,0.26,0.81,2.19,5.29,11.36,21.69,36.82,55.56,74.54,88.91,94.31,88.99,74.8,56.36,39.01,26.99,22.73,26.99,39.01,56.36,74.8,88.99,94.32,88.93,74.61,55.82,37.63,23.89,16.66,16.66,23.89,37.62,55.82,74.61,88.93,94.3,88.91,74.54,55.56,36.82,21.69,11.36,5.29,2.19,0.81,0.26,0.08,0.02,0.0,0.0,0.0,0.0,0.0,0.0,0.0,0.0,0.0,0.0,0.0,0.0,0.0,0.0,0.0,0.0,0.01,0.01,0.02,0.04,0.06,0.1,0.15,0.24,0.37,0.56,0.82,1.19,1.68,2.34,3.19,4.26,5.57,7.15,9.0,11.11,13.43,15.93,18.53,21.13,23.63,25.92,27.88,29.43,30.47,30.96,30.87,30.22,29.06,27.45,25.48,23.26,20.89,18.48,16.1,13.84,11.75,9.87,8.22,6.8,5.61,4.64,3.87,3.29,2.86,2.58,2.41,2.34,2.34,2.4,2.49,2.59,2.7,2.78,2.85,2.88,2.89,2.88,2.88,2.9,2.97,3.14,3.45,3.95,4.7,5.75,7.15,8.93,11.13,13.75,16.76,20.12,23.73,27.49,31.24,34.83,38.08,40.81,42.89,44.19,44.63,44.18,42.88,40.8,38.05,34.78,31.17,27.39,23.59,19.91,16.48,13.37,10.63,8.29,6.33,4.74,3.48,2.51,1.77,1.23,0.83,0.55,0.36,0.23,0.14,0.09,0.05,0.03,0.02,0.01,0.01,0.01,0.01,0.01,0.01,0.01,0.01,0.01,0.01,0.01,0.01,0.01,0.01,0.01,0.01,0.01,0.0,0.0,0.0,0.0,0.0,0.0,0.0,0.0,0.0,0.0,0.0,0.0,0.0,0.0,0.0,0.0,0.0,0.0,0.0,0.0,0.0,0.0,0.0,0.0,0.0,0.0,0.0,0.0,0.0
0.02,0.02,0.02,0.01,0.01,0.0,0.0,0.0,0.0,0.0,0.0,0.0,0.0,0.0,0.0,0.0,0.0,0.0,0.0,0.0,0.0,0.0,0.0,0.0,0.0,0.0,0.0,0.0,0.0,0.0,0.0,0.0,0.0,0.0,0.0,0.0,0.0,0.0,0.0,0.0,0.0,0.0,0.0,0.0,0.0,0.0,0.0,0.0,0.0,0.0,0.0,0.0,0.0,0.0,0.01,0.01,0.02,0.02,0.02,0.02,0.02,0.01,0.01,0.0,0.0,0.0,0.0,0.0,0.0,0.0,0.0,0.0,0.0,0.0,0.0,0.02,0.06,0.22,0.68,1.84,4.44,9.53,18.19,30.87,46.58,62.49,74.54,79.07,74.6,62.71,47.25,32.7,22.62,19.05,22.62,32.7,47.25,62.71,74.6,79.07,74.56,62.55,46.8,31.54,20.02,13.96,13.96,20.02,31.54,46.8,62.55,74.55,79.05,74.54,62.49,46.58,30.87,18.19,9.53,4.44,1.84,0.68,0.22,0.06,0.02,0.0,0.0,0.0,0.0,0.0,0.0,0.0,0.0,0.0,0.0,0.0,0.0,0.0,0.0,0.0,0.0,0.01,0.01,0.02,0.03,0.05,0.08,0.12,0.19,0.29,0.44,0.65,0.94,1.34,1.86,2.54,3.39,4.44,5.7,7.18,8.86,10.73,12.74,14.83,16.94,18.98,20.86,22.5,23.82,24.76,25.27,25.34,24.98,24.2,23.07,21.66,20.02,18.25,16.42,14.59,12.82,11.16,9.63,8.26,7.06,6.04,5.19,4.5,3.98,3.61,3.37,3.25,3.23,3.29,3.41,3.56,3.73,3.88,4.01,4.1,4.14,4.14,4.11,4.07,4.04,4.08,4.22,4.53,5.06,5.89,7.08,8.68,10.75,13.32,16.39,19.93,23.89,28.15,32.59,37.03,41.27,45.11,48.35,50.81,52.34,52.86,52.33,50.79,48.32,45.06,41.2,36.92,32.44,27.93,23.58,19.51,15.83,12.59,9.81,7.5,5.62,4.12,2.97,2.1,1.45,0.98,0.65,0.43,0.27,0.17,0.11,0.06,0.04,0.02,0.01,0.01,0.01,0.0,0.0,0.0,0.0,0.0,0.0,0.0,0.0,0.0,0.0,0.0,0.0,0.0,0.0,0.0,0.0,0.0,0.0,0.0,0.0,0.0,0.0,0.0,0.0,0.0,0.0,0.0,0.0,0.0,0.0,0.0,0.0,0.0,0.0,0.0,0.0,0.0,0.0,0.0,0.0,0.0,0.0,0.0
0.0,0.0,0.0,0.0,0.0,0.0,0.0,0.0,0.0,0.0,0.0,0.0,0.0,0.0,0.0,0.0,0.0,0.0,0.0,0.0,0.0,0.01,0.01,0.02,0.02,0.02,0.02,0.02,0.01,0.01,0.0,0.0,0.0,0.0,0.0,0.0,0.0,0.0,0.0,0.0,0.0,0.0,0.0,0.0,0.0,0.0,0.0,0.0,0.0,0.0,0.0,0.0,0.0,0.0,0.0,0.0,0.0,0.0,0.0,0.0,0.0,0.0,0.0,0.0,0.0,0.0,0.0,0.0,0.0,0.0,0.0,0.0,0.0,0.0,0.0,0.01,0.05,0.17,0.5,1.37,3.31,7.1,13.56,23.01,34.72,46.58,55.56,58.93,55.61,46.74,35.22,24.38,16.86,14.2,16.86,24.38,35.22,46.74,55.61,58.94,55.57,46.62,34.88,23.51,14.93,10.41,10.41,14.93,23.51,34.88,46.62,55.57,58.92,55.56,46.58,34.72,23.01,13.56,7.1,3.31,1.37,0.5,0.17,0.05,0.01,0.0,0.0,0.0,0.0,0.0,0.0,0.0,0.0,0.0,0.0,0.0,0.0,0.0,0.0,0.0,0.0,0.0,0.01,0.01,0.02,0.04,0.06,0.1,0.15,0.23,0.35,0.51,0.74,1.05,1.45,1.98,2.65,3.47,4.46,5.63,6.96,8.43,10.03,11.7,13.4,15.06,16.62,18.01,19.17,20.06,20.63,20.88,20.8,20.42,19.75,18.85,17.77,16.55,15.25,13.91,12.57,11.27,10.04,8.89,7.86,6.94,6.16,5.53,5.04,4.69,4.49,4.41,4.45,4.58,4.78,5.02,5.26,5.48,5.67,5.79,5.84,5.83,5.76,5.65,5.56,5.53,5.61,5.88,6.41,7.29,8.59,10.38,12.73,15.65,19.17,23.25,27.81,32.75,37.88,43.02,47.94,52.39,56.15,59.0,60.78,61.38,60.77,58.98,56.11,52.33,47.84,42.87,37.66,32.43,27.38,22.66,18.38,14.61,11.39,8.7,6.52,4.79,3.45,2.43,1.68,1.14,0.76,0.49,0.32,0.2,0.12,0.07,0.04,0.03,0.01,0.01,0.01,0.0,0.0,0.0,0.0,0.0,0.0,0.0,0.0,0.0,0.0,0.0,0.0,0.0,0.0,0.0,0.0,0.0,0.0,0.0,0.0,0.0,0.0,0.0,0.0,0.0,0.0,0.0,0.0,0.0,0.0,0.0,0.0,0.0,0.0,0.0,0.0,0.0,0.0,0.0,0.0,0.0,0.0,0.0
0.0,0.0,0.0,0.0,0.0,0.0,0.0,0.0,0.0,0.0,0.0,0.0,0.0,0.0,0.0,0.0,0.0,0.0,0.0,0.01,0.02,0.03,0.05,0.06,0.08,0.08,0.08,0.06,0.05,0.03,0.02,0.01,0.0,0.0,0.0,0.0,0.0,0.0,0.0,0.0,0.0,0.0,0.0,0.0,0.0,0.0,0.0,0.0,0.0,0.0,0.0,0.0,0.0,0.0,0.0,0.0,0.0,0.0,0.0,0.0,0.0,0.0,0.0,0.0,0.0,0.0,0.0,0.0,0.0,0.0,0.0,0.0,0.0,0.0,0.0,0.01,0.03,0.11,0.33,0.91,2.19,4.71,8.98,15.25,23.01,30.87,36.82,39.06,36.85,30.98,23.34,16.15,11.18,9.41,11.18,16.15,23.34,30.98,36.85,39.06,36.83,30.9,23.12,15.58,9.89,6.9,6.9,9.89,15.58,23.12,30.9,36.83,39.05,36.82,30.87,23.01,15.25,8.98,4.71,2.19,0.91,0.33,0.11,0.03,0.01,0.0,0.0,0.0,0.0,0.0,0.0,0.0,0.0,0.0,0.0,0.0,0.0,0.0,0.0,0.0,0.0,0.0,0.01,0.01,0.02,0.03,0.05,0.07,0.11,0.18,0.26,0.39,0.56,0.8,1.12,1.52,2.04,2.67,3.44,4.34,5.38,6.54,7.8,9.14,10.51,11.88,13.2,14.41,15.48,16.38,17.06,17.52,17.75,17.76,17.55,17.15,16.58,15.87,15.05,14.14,13.18,12.18,11.18,10.2,9.27,8.41,7.66,7.03,6.54,6.2,6.02,5.99,6.09,6.31,6.6,6.94,7.29,7.61,7.86,8.02,8.08,8.04,7.92,7.73,7.54,7.39,7.37,7.56,8.05,8.93,10.3,12.24,14.82,18.08,22.02,26.62,31.77,37.35,43.18,49.01,54.6,59.66,63.93,67.17,69.19,69.87,69.17,67.13,63.87,59.56,54.45,48.8,42.87,36.92,31.16,25.79,20.92,16.63,12.97,9.91,7.42,5.45,3.92,2.77,1.91,1.3,0.86,0.56,0.36,0.22,0.14,0.08,0.05,0.03,0.02,0.01,0.01,0.0,0.0,0.0,0.0,0.0,0.0,0.0,0.0,0.0,0.0,0.0,0.0,0.0,0.0,0.0,0.0,0.0,0.0,0.0,0.0,0.0,0.0,0.0,0.0,0.0,0.0,0.0,0.0,0.0,0.0,0.0,0.0,0.0,0.0,0.0,0.0,0.0,0.0,0.0,0.0,0.0,0.0,0.0
0.0,0.0,0.0,0.0,0.0,0.0,0.0,0.0,0.0,0.0,0.0,0.0,0.0,0.0,0.0,0.0,0.0,0.01,0.02,0.03,0.06,0.11,0.17,0.22,0.26,0.28,0.26,0.22,0.17,0.11,0.06,0.03,0.02,0.01,0.0,0.0,0.0,0.0,0.0,0.0,0.0,0.0,0.0,0.0,0.0,0.0,0.0,0.0,0.0,0.0,0.0,0.0,0.0,0.0,0.0,0.0,0.0,0.0,0.0,0.0,0.0,0.0,0.0,0.0,0.0,0.0,0.0,0.0,0.0,0.0,0.0,0.0,0.0,0.0,0.0,0.0,0.02,0.06,0.2,0.53,1.29,2.77,5.29,8.98,13.56,18.19,21.69,23.01,21.71,18.25,13.75,9.52,6.58,5.55,6.58,9.52,13.75,18.25,21.71,23.01,21.7,18.21,13.62,9.18,5.83,4.06,4.06,5.83,9.18,13.62,18.21,21.7,23.01,21.69,18.19,13.56,8.98,5.29,2.77,1.29,0.53,0.2,0.06,0.02,0.0,0.0,0.0,0.0,0.0,0.0,0.0,0.0,0.0,0.0,0.0,0.0,0.0,0.0,0.0,0.0,0.0,0.0,0.0,0.01,0.01,0.02,0.03,0.05,0.09,0.13,0.2,0.29,0.43,0.6,0.84,1.15,1.54,2.03,2.61,3.31,4.12,5.03,6.03,7.11,8.25,9.41,10.56,11.68,12.74,13.7,14.54,15.26,15.82,16.24,16.49,16.58,16.51,16.28,15.91,15.39,14.74,13.99,13.16,12.28,11.39,10.54,9.76,9.09,8.56,8.21,8.04,8.05,8.23,8.55,8.97,9.44,9.92,10.35,10.69,10.9,10.97,10.9,10.69,10.39,10.05,9.75,9.57,9.61,9.99,10.82,12.2,14.24,17.0,20.53,24.85,29.9,35.6,41.79,48.25,54.74,60.96,66.59,71.35,74.96,77.21,77.97,77.19,74.91,71.27,66.46,60.76,54.45,47.83,41.19,34.77,28.78,23.34,18.56,14.47,11.05,8.28,6.08,4.38,3.09,2.14,1.45,0.96,0.63,0.4,0.25,0.15,0.09,0.05,0.03,0.02,0.01,0.01,0.0,0.0,0.0,0.0,0.0,0.0,0.0,0.0,0.0,0.0,0.0,0.0,0.0,0.0,0.0,0.0,0.0,0.0,0.0,0.0,0.0,0.0,0.0,0.0,0.0,0.0,0.0,0.0,0.0,0.0,0.0,0.0,0.0,0.0,0.0,0.0,0.0,0.0,0.0,0.0,0.0,0.0,0.0
0.0,0.0,0.0,0.0,0.0,0.0,0.0,0.0,0.0,0.0,0.0,0.0,0.0,0.0,0.0,0.0,0.01,0.02,0.05,0.1,0.2,0.33,0.5,0.68,0.81,0.86,0.81,0.68,0.5,0.33,0.2,0.1,0.05,0.02,0.01,0.0,0.0,0.0,0.0,0.0,0.0,0.0,0.0,0.0,0.0,0.0,0.0,0.0,0.0,0.0,0.0,0.0,0.0,0.0,0.0,0.0,0.0,0.0,0.0,0.0,0.0,0.0,0.0,0.0,0.0,0.0,0.0,0.0,0.0,0.0,0.0,0.0,0.0,0.0,0.0,0.0,0.01,0.03,0.1,0.28,0.68,1.45,2.77,4.71,7.1,9.53,11.36,12.05,11.37,9.56,7.2,4.99,3.45,2.91,3.45,4.99,7.2,9.56,11.37,12.06,11.37,9.54,7.14,4.81,3.05,2.13,2.13,3.05,4.81,7.14,9.54,11.37,12.05,11.36,9.53,7.1,4.71,2.77,1.45,0.68,0.28,0.1,0.03,0.01,0.0,0.0,0.0,0.0,0.0,0.0,0.0,0.0,0.0,0.0,0.0,0.0,0.0,0.0,0.0,0.0,0.0,0.0,0.0,0.01,0.01,0.02,0.03,0.04,0.06,0.1,0.15,0.22,0.31,0.45,0.63,0.86,1.15,1.52,1.97,2.51,3.14,3.87,4.68,5.58,6.55,7.59,8.66,9.76,10.87,11.97,13.04,14.05,14.99,15.84,16.57,17.16,17.59,17.82,17.86,17.7,17.32,16.77,16.05,15.21,14.3,13.39,12.53,11.77,11.18,10.79,10.62,10.67,10.94,11.38,11.95,12.59,13.23,13.8,14.25,14.53,14.61,14.49,14.18,13.72,13.19,12.67,12.26,12.09,12.29,12.98,14.29,16.34,19.2,22.93,27.54,32.98,39.14,45.85,52.88,59.95,66.72,72.87,78.06,82.0,84.46,85.29,84.43,81.94,77.95,72.7,66.46,59.56,52.32,45.06,38.04,31.48,25.53,20.3,15.82,12.09,9.06,6.65,4.79,3.38,2.34,1.58,1.05,0.69,0.44,0.27,0.17,0.1,0.06,0.03,0.02,0.01,0.01,0.0,0.0,0.0,0.0,0.0,0.0,0.0,0.0,0.0,0.0,0.0,0.0,0.0,0.0,0.0,0.0,0.0,0.0,0.0,0.0,0.0,0.0,0.0,0.0,0.0,0.0,0.0,0.0,0.0,0.0,0.0,0.0,0.0,0.0,0.0,0.0,0.0,0.0,0.0,0.0,0.0,0.0,0.0
0.0,0.0,0.0,0.0,0.0,0.0,0.0,0.0,0.0,0.0,0.0,0.0,0.0,0.0,0.0,0.01,0.02,0.05,0.13,0.28,0.53,0.91,1.37,1.84,2.19,2.32,2.19,1.84,1.37,0.91,0.53,0.28,0.13,0.05,0.02,0.01,0.0,0.0,0.0,0.0,0.0,0.0,0.0,0.0,0.0,0.0,0.0,0.0,0.0,0.0,0.0,0.0,0.0,0.0,0.0,0.0,0.0,0.0,0.0,0.0,0.0,0.0,0.0,0.0,0.0,0.0,0.0,0.0,0.0,0.0,0.0,0.0,0.0,0.0,0.0,0.0,0.0,0.02,0.05,0.13,0.32,0.68,1.29,2.19,3.31,4.44,5.29,5.61,5.3,4.45,3.36,2.32,1.61,1.35,1.61,2.32,3.36,4.45,5.3,5.61,5.29,4.44,3.32,2.24,1.42,0.99,0.99,1.42,2.24,3.32,4.44,5.29,5.61,5.29,4.44,3.31,2.19,1.29,0.68,0.32,0.13,0.05,0.02,0.0,0.0,0.0,0.0,0.0,0.0,0.0,0.0,0.0,0.0,0.0,0.0,0.0,0.0,0.0,0.0,0.0,0.0,0.0,0.0,0.0,0.01,0.01,0.02,0.03,0.05,0.07,0.11,0.16,0.23,0.33,0.46,0.63,0.86,1.14,1.49,1.91,2.42,3.01,3.7,4.49,5.37,6.35,7.42,8.58,9.81,11.12,12.47,13.84,15.21,16.53,17.77,18.88,19.81,20.51,20.95,21.11,20.98,20.57,19.91,19.05,18.07,17.03,16.04,15.15,14.45,13.99,13.81,13.91,14.27,14.87,15.62,16.46,17.3,18.05,18.64,18.99,19.09,18.9,18.45,17.8,17.01,16.2,15.49,15.02,14.95,15.41,16.57,18.52,21.39,25.21,30.01,35.72,42.23,49.35,56.84,64.37,71.61,78.18,83.73,87.94,90.57,91.46,90.54,87.86,83.59,77.95,71.26,63.86,56.1,48.31,40.78,33.75,27.38,21.77,16.97,12.97,9.71,7.13,5.13,3.62,2.5,1.7,1.13,0.74,0.47,0.29,0.18,0.11,0.06,0.04,0.02,0.01,0.01,0.0,0.0,0.0,0.0,0.0,0.0,0.01,0.07,0.15,0.07,0.01,0.0,0.0,0.0,0.0,0.0,0.0,0.0,0.0,0.0,0.0,0.0,0.0,0.0,0.0,0.0,0.01,0.07,0.15,0.07,0.01,0.0,0.0,0.0,0.0,0.0,0.0,0.0,0.0,0.0,0.0,0.0,0.0
0.0,0.0,0.0,0.0,0.0,0.0,0.0,0.0,0.0,0.0,0.0,0.0,0.0,0.0,0.0,0.02,0.05,0.13,0.32,0.68,1.29,2.19,3.31,4.44,5.29,5.61,5.29,4.44,3.31,2.19,1.29,0.68,0.32,0.13,0.05,0.02,0.0,0.0,0.0,0.0,0.0,0.0,0.0,0.0,0.0,0.0,0.0,0.0,0.0,0.0,0.0,0.0,0.0,0.0,0.0,0.0,0.0,0.0,0.0,0.0,0.0,0.0,0.0,0.0,0.0,0.0,0.0,0.0,0.0,0.0,0.0,0.0,0.0,0.0,0.0,0.0,0.0,0.01,0.02,0.05,0.13,0.28,0.53,0.91,1.37,1.84,2.19,2.33,2.19,1.84,1.39,0.96,0.67,0.56,0.67,0.96,1.39,1.84,2.19,2.33,2.19,1.84,1.38,0.93,0.59,0.41,0.41,0.59,0.93,1.38,1.84,2.19,2.32,2.19,1.84,1.37,0.91,0.53,0.28,0.13,0.05,0.02,0.01,0.0,0.0,0.0,0.0,0.0,0.0,0.0,0.0,0.0,0.0,0.0,0.0,0.0,0.0,0.0,0.0,0.0,0.0,0.0,0.0,0.0,0.0,0.01,0.01,0.02,0.03,0.05,0.08,0.11,0.17,0.24,0.34,0.47,0.64,0.86,1.13,1.48,1.9,2.42,3.04,3.77,4.62,5.62,6.75,8.04,9.48,11.05,12.75,14.55,16.4,18.25,20.04,21.69,23.14,24.32,25.17,25.64,25.72,25.41,24.77,23.84,22.72,21.51,20.32,19.25,18.41,17.86,17.65,17.8,18.29,19.06,20.03,21.11,22.19,23.15,23.89,24.34,24.44,24.18,23.57,22.66,21.56,20.39,19.29,18.43,17.99,18.12,19.0,20.76,23.51,27.3,32.15,38.0,44.72,52.12,59.91,67.78,75.34,82.22,88.04,92.46,95.22,96.14,95.17,92.35,87.86,81.94,74.9,67.13,58.97,50.78,42.87,35.47,28.77,22.88,17.83,13.63,10.21,7.49,5.39,3.81,2.63,1.78,1.19,0.77,0.49,0.31,0.19,0.11,0.07,0.04,0.02,0.01,0.01,0.0,0.0,0.0,0.0,0.0,0.01,0.32,2.73,5.61,2.73,0.32,0.01,0.0,0.0,0.0,0.0,0.0,0.0,0.0,0.0,0.0,0.0,0.0,0.0,0.0,0.01,0.32,2.73,5.61,2.73,0.32,0.01,0.0,0.0,0.0,0.0,0.0,0.0,0.0,0.0,0.0,0.0,0.0
0.0,0.0,0.0,0.0,0.0,0.0,0.0,0.0,0.0,0.0,0.0,0.0,0.0,0.0,0.01,0.03,0.1,0.28,0.68,1.45,2.77,4.71,7.1,9.53,11.36,12.05,11.36,9.53,7.1,4.71,2.77,1.45,0.68,0.28,0.1,0.03,0.01,0.0,0.0,0.0,0.0,0.0,0.0,0.0,0.0,0.0,0.0,0.0,0.0,0.0,0.0,0.0,0.0,0.0,0.0,0.0,0.0,0.0,0.0,0.0,0.0,0.0,0.0,0.0,0.0,0.0,0.0,0.0,0.0,0.0,0.0,0.0,0.0,0.0,0.0,0.0,0.0,0.0,0.01,0.02,0.05,0.1,0.2,0.33,0.5,0.68,0.81,0.86,0.81,0.68,0.51,0.35,0.24,0.21,0.24,0.35,0.51,0.68,0.81,0.86,0.81,0.68,0.51,0.34,0.22,0.15,0.15,0.22,0.34,0.51,0.68,0.81,0.86,0.81,0.68,0.5,0.33,0.2,0.1,0.05,0.02,0.01,0.0,0.0,0.0,0.0,0.0,0.0,0.0,0.0,0.0,0.0,0.0,0.0,0.0,0.0,0.0,0.0,0.0,0.0,0.0,0.0,0.0,0.0,0.0,0.01,0.01,0.01,0.02,0.04,0.05,0.08,0.12,0.17,0.25,0.35,0.48,0.66,0.89,1.19,1.57,2.04,2.63,3.36,4.25,5.32,6.58,8.06,9.76,11.68,13.8,16.08,18.47,20.9,23.29,25.54,27.54,29.21,30.46,31.24,31.51,31.29,30.61,29.57,28.26,26.81,25.38,24.09,23.06,22.4,22.16,22.36,22.98,23.95,25.18,26.54,27.89,29.1,30.03,30.59,30.7,30.34,29.52,28.33,26.85,25.24,23.67,22.32,21.39,21.09,21.58,23.01,25.51,29.13,33.89,39.73,46.5,54.0,61.94,69.98,77.73,84.79,90.76,95.29,98.12,99.07,98.06,95.16,90.53,84.42,77.18,69.16,60.76,52.32,44.17,36.55,29.65,23.58,18.38,14.04,10.52,7.72,5.56,3.92,2.71,1.84,1.22,0.8,0.51,0.32,0.2,0.12,0.07,0.04,0.02,0.01,0.01,0.0,0.0,0.0,0.0,0.0,0.07,2.73,23.69,48.68,23.69,2.73,0.07,0.0,0.0,0.0,0.0,0.0,0.0,0.0,0.0,0.0,0.0,0.0,0.0,0.0,0.07,2.73,23.69,48.68,23.69,2.73,0.07,0.0,0.0,0.0,0.0,0.0,0.0,0.0,0.0,0.0,0.0,0.0
0.0,0.0,0.0,0.0,0.0,0.0,0.0,0.0,0.0,0.0,0.0,0.0,0.0,0.0,0.02,0.06,0.2,0.53,1.29,2.77,5.29,8.98,13.56,18.19,21.69,23.01,21.69,18.19,13.56,8.98,5.29,2.77,1.29,0.53,0.2,0.06,0.02,0.0,0.0,0.0,0.0,0.0,0.0,0.0,0.0,0.0,0.0,0.0,0.0,0.0,0.0,0.0,0.0,0.0,0.0,0.0,0.0,0.0,0.0,0.0,0.0,0.0,0.0,0.0,0.0,0.0,0.0,0.0,0.0,0.0,0.0,0.0,0.0,0.0,0.0,0.0,0.0,0.0,0.0,0.01,0.02,0.03,0.06,0.11,0.17,0.22,0.26,0.28,0.26,0.22,0.17,0.12,0.08,0.07,0.08,0.12,0.17,0.22,0.26,0.28,0.26,0.22,0.17,0.11,0.07,0.05,0.05,0.07,0.11,0.17,0.22,0.26,0.28,0.26,0.22,0.17,0.11,0.06,0.03,0.02,0.01,0.0,0.0,0.0,0.0,0.0,0.0,0.0,0.0,0.0,0.0,0.0,0.0,0.0,0.0,0.0,0.0,0.0,0.0,0.0,0.0,0.0,0.0,0.0,0.0,0.0,0.01,0.01,0.02,0.03,0.04,0.06,0.09,0.13,0.19,0.27,0.38,0.53,0.74,1.01,1.37,1.84,2.44,3.21,4.18,5.37,6.82,8.55,10.58,12.9,15.49,18.32,21.31,24.38,27.41,30.3,32.89,35.08,36.75,37.83,38.29,38.12,37.38,36.17,34.62,32.89,31.17,29.61,28.37,27.57,27.29,27.55,28.32,29.52,31.04,32.71,34.38,35.86,37.01,37.68,37.8,37.33,36.28,34.74,32.83,30.7,28.57,26.64,25.14,24.28,24.25,25.24,27.35,30.66,35.18,40.84,47.49,54.92,62.83,70.87,78.63,85.72,91.72,96.28,99.13,100.07,99.05,96.12,91.44,85.27,77.95,69.86,61.37,52.85,44.61,36.92,29.94,23.81,18.56,14.18,10.62,7.8,5.61,3.96,2.74,1.86,1.23,0.8,0.51,0.32,0.2,0.12,0.07,0.04,0.02,0.01,0.01,0.0,0.0,0.0,0.0,0.0,0.15,5.61,48.68,100.0,48.68,5.61,0.15,0.0,0.0,0.0,0.0,0.0,0.0,0.0,0.0,0.0,0.0,0.0,0.0,0.0,0.15,5.61,48.68,100.0,48.68,5.61,0.15,0.0,0.0,0.0,0.0,0.0,0.0,0.0,0.0,0.0,0.0,0.0
0.0,0.0,0.0,0.0,0.0,0.0,0.0,0.0,0.0,0.0,0.0,0.0,0.0,0.01,0.03,0.11,0.33,0.91,2.19,4.71,8.98,15.25,23.01,30.87,36.82,39.05,36.82,30.87,23.01,15.25,8.98,4.71,2.19,0.91,0.33,0.11,0.03,0.01,0.0,0.0,0.0,0.0,0.0,0.0,0.0,0.0,0.0,0.0,0.0,0.0,0.0,0.0,0.0,0.0,0.0,0.0,0.0,0.0,0.0,0.0,0.0,0.0,0.0,0.0,0.0,0.0,0.0,0.0,0.0,0.0,0.0,0.0,0.0,0.0,0.0,0.0,0.0,0.0,0.0,0.0,0.0,0.01,0.02,0.03,0.05,0.06,0.08,0.08,0.08,0.06,0.05,0.03,0.02,0.02,0.02,0.03,0.05,0.06,0.08,0.08,0.08,0.06,0.05,0.03,0.02,0.01,0.01,0.02,0.03,0.05,0.06,0.08,0.08,0.08,0.06,0.05,0.03,0.02,0.01,0.0,0.0,0.0,0.0,0.0,0.0,0.0,0.0,0.0,0.0,0.0,0.0,0.0,0.0,0.0,0.0,0.0,0.0,0.0,0.0,0.0,0.0,0.0,0.0,0.0,0.0,0.0,0.0,0.01,0.01,0.02,0.03,0.04,0.07,0.1,0.15,0.22,0.32,0.46,0.65,0.92,1.28,1.77,2.42,3.26,4.34,5.7,7.38,9.41,11.81,14.58,17.71,21.13,24.78,28.54,32.27,35.82,39.04,41.77,43.88,45.27,45.89,45.76,44.93,43.52,41.69,39.64,37.59,35.73,34.25,33.29,32.96,33.28,34.21,35.67,37.5,39.53,41.54,43.33,44.7,45.51,45.63,45.04,43.73,41.81,39.4,36.7,33.93,31.33,29.15,27.63,26.99,27.4,29.0,31.86,35.97,41.29,47.65,54.83,62.52,70.38,78.0,84.97,90.87,95.37,98.17,99.1,98.08,95.17,90.53,84.43,77.18,69.17,60.76,52.32,44.17,36.55,29.65,23.58,18.38,14.04,10.52,7.72,5.56,3.92,2.71,1.84,1.22,0.8,0.51,0.32,0.2,0.12,0.07,0.04,0.02,0.01,0.01,0.0,0.0,0.0,0.0,0.0,0.07,2.73,23.69,48.68,23.69,2.73,0.07,0.0,0.0,0.0,0.0,0.0,0.0,0.0,0.0,0.0,0.0,0.0,0.0,0.0,0.07,2.73,23.69,48.68,23.69,2.73,0.07,0.0,0.0,0.0,0.0,0.0,0.0,0.0,0.0,0.0,0.0,0.0
0.0,0.0,0.0,0.0,0.0,0.0,0.0,0.0,0.0,0.0,0.0,0.0,0.0,0.01,0.05,0.17,0.5,1.37,3.31,7.1,13.56,23.01,34.72,46.58,55.56,58.92,55.56,46.58,34.72,23.01,13.56,7.1,3.31,1.37,0.5,0.17,0.05,0.01,0.0,0.0,0.0,0.0,0.0,0.0,0.0,0.0,0.0,0.0,0.0,0.0,0.0,0.0,0.0,0.0,0.0,0.0,0.0,0.0,0.0,0.0,0.0,0.0,0.0,0.0,0.0,0.0,0.0,0.0,0.0,0.0,0.0,0.0,0.0,0.0,0.0,0.0,0.0,0.0,0.0,0.0,0.0,0.0,0.0,0.01,0.01,0.02,0.02,0.02,0.02,0.02,0.01,0.01,0.01,0.01,0.01,0.01,0.01,0.02,0.02,0.02,0.02,0.02,0.01,0.01,0.01,0.0,0.0,0.01,0.01,0.01,0.02,0.02,0.02,0.02,0.02,0.01,0.01,0.0,0.0,0.0,0.0,0.0,0.0,0.0,0.0,0.0,0.0,0.0,0.0,0.0,0.0,0.0,0.0,0.0,0.0,0.0,0.0,0.0,0.0,0.0,0.0,0.0,0.0,0.0,0.0,0.0,0.0,0.01,0.01,0.01,0.02,0.03,0.05,0.08,0.13,0.19,0.28,0.42,0.62,0.89,1.28,1.81,2.52,3.46,4.68,6.24,8.18,10.54,13.36,16.62,20.32,24.38,28.72,33.2,37.66,41.92,45.79,49.08,51.63,53.33,54.12,54.01,53.07,51.43,49.29,46.89,44.47,42.28,40.54,39.42,39.03,39.41,40.52,42.25,44.42,46.82,49.2,51.32,52.94,53.88,54.02,53.28,51.7,49.36,46.41,43.08,39.61,36.27,33.34,31.08,29.72,29.46,30.42,32.69,36.27,41.09,46.99,53.75,61.06,68.57,75.88,82.58,88.27,92.61,95.31,96.2,95.2,92.37,87.87,81.94,74.91,67.13,58.97,50.78,42.87,35.47,28.77,22.88,17.83,13.63,10.21,7.49,5.39,3.81,2.63,1.78,1.19,0.77,0.49,0.31,0.19,0.11,0.07,0.04,0.02,0.01,0.01,0.0,0.0,0.0,0.0,0.0,0.01,0.32,2.73,5.61,2.73,0.32,0.01,0.0,0.0,0.0,0.0,0.0,0.0,0.0,0.0,0.0,0.0,0.0,0.0,0.0,0.01,0.32,2.73,5.61,2.73,0.32,0.01,0.0,0.0,0.0,0.0,0.0,0.0,0.0,0.0,0.0,0.0,0.0
0.0,0.0,0.0,0.0,0.0,0.0,0.0,0.0,0.0,0.0,0.0,0.0,0.0,0.02,0.06,0.22,0.68,1.84,4.44,9.53,18.19,30.87,46.58,62.49,74.54,79.05,74.54,62.49,46.58,30.87,18.19,9.53,4.44,1.84,0.68,0.22,0.06,0.02,0.0,0.0,0.0,0.0,0.0,0.0,0.0,0.0,0.0,0.0,0.0,0.0,0.0,0.0,0.0,0.0,0.0,0.0,0.0,0.0,0.0,0.0,0.0,0.0,0.0,0.0,0.0,0.0,0.0,0.0,0.0,0.0,0.0,0.0,0.0,0.0,0.0,0.0,0.0,0.0,0.0,0.0,0.0,0.0,0.0,0.0,0.0,0.0,0.0,0.0,0.0,0.0,0.0,0.0,0.0,0.0,0.0,0.0,0.0,0.0,0.0,0.0,0.0,0.0,0.0,0.0,0.0,0.0,0.0,0.0,0.0,0.0,0.0,0.0,0.0,0.0,0.0,0.0,0.0,0.0,0.0,0.0,0.0,0.0,0.0,0.0,0.0,0.0,0.0,0.0,0.0,0.0,0.0,0.0,0.0,0.0,0.0,0.0,0.0,0.0,0.0,0.0,0.0,0.0,0.0,0.0,0.0,0.0,0.0,0.0,0.01,0.01,0.02,0.03,0.05,0.07,0.11,0.18,0.27,0.41,0.62,0.91,1.33,1.91,2.7,3.76,5.14,6.92,9.14,11.86,15.11,18.89,23.18,27.9,32.95,38.17,43.38,48.36,52.88,56.73,59.73,61.74,62.7,62.59,61.52,59.64,57.18,54.41,51.61,49.08,47.06,45.77,45.32,45.76,47.05,49.05,51.58,54.36,57.13,59.58,61.46,62.55,62.69,61.81,59.93,57.15,53.65,49.65,45.44,41.32,37.59,34.52,32.37,31.35,31.58,33.16,36.08,40.27,45.57,51.76,58.53,65.54,72.4,78.7,84.07,88.16,90.71,91.54,90.59,87.89,83.6,77.96,71.27,63.87,56.1,48.31,40.78,33.75,27.38,21.77,16.97,12.97,9.71,7.13,5.13,3.62,2.5,1.7,1.13,0.74,0.47,0.29,0.18,0.11,0.06,0.04,0.02,0.01,0.01,0.0,0.0,0.0,0.0,0.0,0.0,0.01,0.07,0.15,0.07,0.01,0.0,0.0,0.0,0.0,0.0,0.0,0.0,0.0,0.0,0.0,0.0,0.0,0.0,0.0,0.0,0.01,0.07,0.15,0.07,0.01,0.0,0.0,0.0,0.0,0.0,0.0,0.0,0.0,0.0,0.0,0.0,0.0
0.0,0.0,0.0,0.0,0.0,0.0,0.0,0.0,0.0,0.0,0.0,0.0,0.0,0.02,0.08,0.26,0.81,2.19,5.29,11.36,21.69,36.82,55.56,74.54,88.91,94.29,88.91,74.54,55.56,36.82,21.69,11.36,5.29,2.19,0.81,0.26,0.08,0.02,0.0,0.0,0.0,0.0,0.0,0.0,0.0,0.0,0.0,0.0,0.0,0.0,0.0,0.0,0.0,0.0,0.0,0.0,0.0,0.0,0.0,0.0,0.0,0.0,0.0,0.0,0.0,0.0,0.0,0.0,0.0,0.0,0.0,0.0,0.0,0.0,0.0,0.0,0.0,0.0,0.0,0.0,0.0,0.0,0.0,0.0,0.0,0.0,0.0,0.0,0.0,0.0,0.0,0.0,0.0,0.0,0.0,0.0,0.0,0.0,0.0,0.0,0.0,0.0,0.0,0.0,0.0,0.0,0.0,0.0,0.0,0.0,0.0,0.0,0.0,0.0,0.0,0.0,0.0,0.0,0.0,0.0,0.0,0.0,0.0,0.0,0.0,0.0,0.0,0.0,0.0,0.0,0.0,0.0,0.0,0.0,0.0,0.0,0.0,0.0,0.0,0.0,0.0,0.0,0.0,0.0,0.0,0.0,0.0,0.0,0.01,0.01,0.01,0.02,0.04,0.07,0.11,0.17,0.27,0.42,0.64,0.96,1.42,2.06,2.94,4.12,5.67,7.67,10.18,13.26,16.94,21.24,26.12,31.5,37.25,43.21,49.15,54.84,60.01,64.42,67.86,70.17,71.27,71.17,69.97,67.84,65.05,61.9,58.73,55.85,53.56,52.09,51.58,52.09,53.55,55.84,58.71,61.88,65.03,67.82,69.95,71.18,71.32,70.3,68.12,64.91,60.84,56.17,51.22,46.29,41.73,37.83,34.85,33.01,32.46,33.27,35.44,38.9,43.48,48.98,55.09,61.47,67.76,73.56,78.51,82.29,84.64,85.4,84.5,81.98,77.98,72.71,66.47,59.56,52.32,45.06,38.04,31.48,25.53,20.3,15.82,12.09,9.06,6.65,4.79,3.38,2.34,1.58,1.05,0.69,0.44,0.27,0.17,0.1,0.06,0.03,0.02,0.01,0.01,0.0,0.0,0.0,0.0,0.0,0.0,0.0,0.0,0.0,0.0,0.0,0.0,0.0,0.0,0.0,0.0,0.0,0.0,0.0,0.0,0.0,0.0,0.0,0.0,0.0,0.0,0.0,0.0,0.0,0.0,0.0,0.0,0.0,0.0,0.0,0.0,0.0,0.0,0.0,0.0,0.0,0.0,0.0
0.0,0.0,0.0,0.0,0.0,0.0,0.0,0.0,0.0,0.0,0.0,0.0,0.0,0.02,0.08,0.28,0.86,2.32,5.61,12.05,23.01,39.05,58.92,79.05,94.29,100.0,94.29,79.05,58.92,39.05,23.01,12.05,5.61,2.32,0.86,0.28,0.08,0.02,0.0,0.0,0.0,0.0,0.0,0.0,0.0,0.0,0.0,0.0,0.0,0.0,0.0,0.0,0.0,0.0,0.0,0.0,0.0,0.0,0.0,0.0,0.0,0.0,0.0,0.0,0.0,0.0,0.0,0.0,0.0,0.0,0.0,0.0,0.0,0.0,0.0,0.0,0.0,0.0,0.0,0.0,0.0,0.0,0.0,0.0,0.0,0.0,0.0,0.0,0.0,0.0,0.0,0.0,0.0,0.0,0.0,0.0,0.0,0.0,0.0,0.0,0.0,0.0,0.0,0.0,0.0,0.0,0.0,0.0,0.0,0.0,0.0,0.0,0.0,0.0,0.0,0.0,0.0,0.0,0.0,0.0,0.0,0.0,0.0,0.0,0.0,0.0,0.0,0.0,0.0,0.0,0.0,0.0,0.0,0.0,0.0,0.0,0.0,0.0,0.0,0.0,0.0,0.0,0.0,0.0,0.0,0.0,0.0,0.0,0.0,0.01,0.01,0.02,0.04,0.07,0.11,0.17,0.28,0.44,0.67,1.02,1.52,2.22,3.19,4.5,6.22,8.43,11.22,14.65,18.75,23.54,28.98,34.99,41.41,48.07,54.71,61.07,66.85,71.78,75.63,78.22,79.47,79.37,78.04,75.67,72.57,69.06,65.52,62.31,59.76,58.12,57.55,58.12,59.76,62.3,65.51,69.05,72.56,75.67,78.04,79.4,79.55,78.39,75.93,72.29,67.67,62.36,56.68,50.98,45.6,40.87,37.06,34.4,33.03,33.03,34.4,37.05,40.85,45.57,50.92,56.59,62.21,67.42,71.89,75.3,77.43,78.1,77.27,74.96,71.29,66.48,60.77,54.46,47.84,41.19,34.77,28.78,23.34,18.56,14.47,11.05,8.28,6.08,4.38,3.09,2.14,1.45,0.96,0.63,0.4,0.25,0.15,0.09,0.05,0.03,0.02,0.01,0.01,0.0,0.0,0.0,0.0,0.0,0.0,0.0,0.0,0.0,0.0,0.0,0.0,0.0,0.0,0.0,0.0,0.0,0.0,0.0,0.0,0.0,0.0,0.0,0.0,0.0,0.0,0.0,0.0,0.0,0.0,0.0,0.0,0.0,0.0,0.0,0.0,0.0,0.0,0.0,0.0,0.0,0.0,0.0
0.0,0.0,0.0,0.0,0.0,0.0,0.0,0.0,0.0,0.0,0.0,0.0,0.0,0.02,0.08,0.26,0.81,2.19,5.29,11.36,21.69,36.82,55.56,74.54,88.91,94.29,88.91,74.54,55.56,36.82,21.69,11.36,5.29,2.19,0.81,0.26,0.08,0.02,0.0,0.0,0.0,0.0,0.0,0.0,0.0,0.0,0.0,0.0,0.0,0.0,0.0,0.0,0.0,0.0,0.0,0.0,0.0,0.0,0.0,0.0,0.0,0.0,0.0,0.0,0.0,0.0,0.0,0.0,0.0,0.0,0.0,0.0,0.0,0.0,0.0,0.0,0.0,0.0,0.0,0.0,0.0,0.0,0.0,0.0,0.0,0.0,0.0,0.0,0.0,0.0,0.0,0.0,0.0,0.0,0.0,0.0,0.0,0.0,0.0,0.0,0.0,0.0,0.0,0.0,0.0,0.0,0.0,0.0,0.0,0.0,0.0,0.0,0.0,0.0,0.0,0.0,0.0,0.0,0.0,0.0,0.0,0.0,0.0,0.0,0.0,0.0,0.0,0.0,0.0,0.0,0.0,0.0,0.0,0.0,0.0,0.0,0.0,0.0,0.0,0.0,0.0,0.0,0.0,0.0,0.0,0.0,0.0,0.0,0.0,0.01,0.01,0.02,0.04,0.07,0.11,0.18,0.29,0.46,0.71,1.09,1.63,2.39,3.44,4.86,6.73,9.15,12.19,15.93,20.42,25.65,31.6,38.17,45.21,52.49,59.76,66.72,73.05,78.46,82.68,85.52,86.89,86.79,85.33,82.76,79.36,75.53,71.66,68.15,65.36,63.57,62.95,63.57,65.36,68.15,71.66,75.53,79.36,82.76,85.36,86.83,86.98,85.69,82.97,78.95,73.83,67.92,61.57,55.15,49.01,43.5,38.91,35.44,33.27,32.46,33.01,34.84,37.81,41.7,46.24,51.13,56.03,60.61,64.55,67.56,69.44,70.02,69.26,67.18,63.9,59.58,54.46,48.8,42.87,36.92,31.16,25.79,20.92,16.63,12.97,9.91,7.42,5.45,3.92,2.77,1.91,1.3,0.86,0.56,0.36,0.22,0.14,0.08,0.05,0.03,0.02,0.01,0.0,0.0,0.0,0.0,0.0,0.0,0.0,0.0,0.0,0.0,0.0,0.0,0.0,0.0,0.0,0.0,0.0,0.0,0.0,0.0,0.0,0.0,0.0,0.0,0.0,0.0,0.0,0.0,0.0,0.0,0.0,0.0,0.0,0.0,0.0,0.0,0.0,0.0,0.0,0.0,0.0,0.0,0.0,0.0
0.0,0.0,0.0,0.0,0.0,0.0,0.0,0.0,0.0,0.0,0.0,0.0,0.0,0.02,0.06,0.22,0.68,1.84,4.44,9.53,18.19,30.87,46.58,62.49,74.54,79.05,74.54,62.49,46.58,30.87,18.19,9.53,4.44,1.84,0.68,0.22,0.06,0.02,0.0,0.0,0.0,0.0,0.0,0.0,0.0,0.0,0.0,0.0,0.0,0.0,0.0,0.0,0.0,0.0,0.0,0.0,0.0,0.0,0.0,0.0,0.0,0.0,0.0,0.0,0.0,0.0,0.0,0.0,0.0,0.0,0.0,0.0,0.0,0.0,0.0,0.0,0.0,0.0,0.0,0.0,0.0,0.0,0.0,0.0,0.0,0.0,0.0,0.0,0.0,0.0,0.0,0.0,0.0,0.0,0.0,0.0,0.0,0.0,0.0,0.0,0.0,0.0,0.0,0.0,0.0,0.0,0.0,0.0,0.0,0.0,0.0,0.0,0.0,0.0,0.0,0.0,0.0,0.0,0.0,0.0,0.0,0.0,0.0,0.0,0.0,0.0,0.0,0.0,0.0,0.0,0.0,0.0,0.0,0.0,0.0,0.0,0.0,0.0,0.0,0.0,0.0,0.0,0.0,0.0,0.0,0.0,0.0,0.0,0.0,0.01,0.01,0.02,0.04,0.07,0.11,0.19,0.3,0.48,0.75,1.15,1.72,2.54,3.66,5.17,7.18,9.77,13.03,17.03,21.84,27.45,33.83,40.87,48.42,56.23,64.03,71.5,78.29,84.09,88.62,91.67,93.15,93.04,91.49,88.72,85.09,80.98,76.83,73.07,70.08,68.16,67.5,68.16,70.08,73.07,76.83,80.98,85.09,88.74,91.51,93.09,93.24,91.84,88.9,84.54,79.0,72.58,65.65,58.6,51.79,45.59,40.28,36.09,33.16,31.58,31.34,32.37,34.51,37.56,41.28,45.37,49.53,53.45,56.84,59.44,61.05,61.55,60.87,59.03,56.14,52.34,47.85,42.87,37.66,32.43,27.38,22.65,18.38,14.61,11.39,8.7,6.52,4.79,3.44,2.43,1.68,1.14,0.76,0.49,0.32,0.2,0.12,0.07,0.04,0.02,0.01,0.01,0.0,0.0,0.0,0.0,0.0,0.0,0.0,0.0,0.0,0.0,0.0,0.0,0.0,0.0,0.0,0.0,0.0,0.0,0.0,0.0,0.0,0.0,0.0,0.0,0.0,0.0,0.0,0.0,0.0,0.0,0.0,0.0,0.0,0.0,0.0,0.0,0.0,0.0,0.0,0.0,0.0,0.0,0.0,0.0
0.02,0.02,0.02,0.01,0.01,0.0,0.0,0.0,0.0,0.0,0.0,0.0,0.0,0.01,0.05,0.17,0.5,1.37,3.31,7.1,13.56,23.01,34.72,46.58,55.56,58.92,55.56,46.58,34.72,23.01,13.56,7.1,3.31,1.37,0.5,0.17,0.05,0.01,0.0,0.0,0.0,0.0,0.0,0.0,0.0,0.0,0.0,0.0,0.0,0.0,0.0,0.0,0.0,0.0,0.0,0.0,0.0,0.0,0.0,0.0,0.0,0.0,0.0,0.0,0.0,0.0,0.0,0.0,0.0,0.0,0.0,0.0,0.0,0.0,0.0,0.0,0.0,0.0,0.0,0.0,0.0,0.0,0.0,0.0,0.0,0.0,0.0,0.0,0.0,0.0,0.0,0.0,0.0,0.0,0.0,0.0,0.0,0.0,0.0,0.0,0.0,0.0,0.0,0.0,0.0,0.0,0.0,0.0,0.0,0.0,0.0,0.0,0.0,0.0,0.0,0.0,0.0,0.0,0.0,0.0,0.0,0.0,0.0,0.0,0.0,0.0,0.0,0.0,0.0,0.0,0.0,0.0,0.0,0.0,0.0,0.0,0.0,0.0,0.0,0.0,0.0,0.0,0.0,0.0,0.0,0.0,0.0,0.0,0.0,0.01,0.01,0.02,0.04,0.07,0.12,0.19,0.31,0.5,0.78,1.2,1.8,2.65,3.83,5.42,7.52,10.24,13.66,17.87,22.92,28.82,35.53,42.93,50.86,59.07,67.27,75.12,82.27,88.37,93.13,96.34,97.89,97.78,96.15,93.25,89.43,85.11,80.76,76.81,73.66,71.64,70.95,71.64,73.66,76.81,80.76,85.12,89.44,93.26,96.18,97.83,97.98,96.5,93.38,88.77,82.89,76.07,68.69,61.13,53.79,47.01,41.1,36.28,32.69,30.42,29.45,29.72,31.07,33.32,36.24,39.55,42.98,46.24,49.09,51.27,52.63,53.04,52.44,50.85,48.35,45.08,41.2,36.92,32.43,27.93,23.58,19.51,15.82,12.58,9.81,7.49,5.61,4.12,2.97,2.09,1.45,0.98,0.65,0.42,0.27,0.17,0.1,0.06,0.04,0.02,0.01,0.01,0.0,0.0,0.0,0.0,0.0,0.0,0.0,0.0,0.0,0.0,0.0,0.0,0.0,0.0,0.0,0.0,0.0,0.0,0.0,0.0,0.0,0.0,0.0,0.0,0.0,0.0,0.0,0.0,0.0,0.0,0.0,0.0,0.0,0.0,0.0,0.0,0.0,0.0,0.0,0.0,0.0,0.0,0.0,0.0
0.08,0.08,0.06,0.05,0.03,0.02,0.01,0.0,0.0,0.0,0.0,0.0,0.0,0.01,0.03,0.11,0.33,0.91,2.19,4.71,8.98,15.25,23.01,30.87,36.82,39.05,36.82,30.87,23.01,15.25,8.98,4.71,2.19,0.91,0.33,0.11,0.03,0.01,0.0,0.0,0.0,0.0,0.0,0.0,0.0,0.0,0.0,0.0,0.0,0.0,0.0,0.0,0.0,0.0,0.0,0.0,0.0,0.0,0.0,0.0,0.0,0.0,0.0,0.0,0.0,0.0,0.0,0.0,0.0,0.0,0.0,0.0,0.0,0.0,0.0,0.0,0.0,0.0,0.0,0.0,0.0,0.0,0.0,0.0,0.0,0.0,0.0,0.0,0.0,0.0,0.0,0.0,0.0,0.0,0.0,0.0,0.0,0.0,0.0,0.0,0.0,0.0,0.0,0.0,0.0,0.0,0.0,0.0,0.0,0.0,0.0,0.0,0.0,0.0,0.0,0.0,0.0,0.0,0.0,0.0,0.0,0.0,0.0,0.0,0.0,0.0,0.0,0.0,0.0,0.0,0.0,0.0,0.0,0.0,0.0,0.0,0.0,0.0,0.0,0.0,0.0,0.0,0.0,0.0,0.0,0.0,0.0,0.0,0.0,0.01,0.01,0.02,0.04,0.07,0.12,0.2,0.32,0.51,0.8,1.23,1.85,2.72,3.93,5.57,7.74,10.54,14.06,18.4,23.6,29.68,36.58,44.21,52.38,60.85,69.3,77.39,84.75,91.04,95.95,99.26,100.86,100.75,99.07,96.08,92.14,87.69,83.2,79.14,75.9,73.82,73.1,73.82,75.9,79.14,83.21,87.7,92.15,96.09,99.09,100.79,100.94,99.39,96.16,91.38,85.28,78.2,70.5,62.59,54.87,47.67,41.3,35.98,31.86,29.0,27.4,26.99,27.62,29.13,31.3,33.87,36.61,39.26,41.58,43.38,44.49,44.81,44.29,42.94,40.82,38.06,34.79,31.17,27.38,23.58,19.9,16.47,13.36,10.62,8.28,6.33,4.74,3.48,2.5,1.77,1.22,0.83,0.55,0.36,0.23,0.14,0.09,0.05,0.03,0.02,0.01,0.01,0.0,0.0,0.0,0.0,0.0,0.0,0.0,0.0,0.0,0.0,0.0,0.0,0.0,0.0,0.0,0.0,0.0,0.0,0.0,0.0,0.0,0.0,0.0,0.0,0.0,0.0,0.0,0.0,0.0,0.0,0.0,0.0,0.0,0.0,0.0,0.0,0.0,0.0,0.0,0.0,0.0,0.0,0.0,0.0
0.28,0.26,0.22,0.17,0.11,0.06,0.03,0.02,0.01,0.0,0.0,0.0,0.0,0.0,0.02,0.06,0.2,0.53,1.29,2.77,5.29,8.98,13.56,18.19,21.69,23.01,21.69,18.19,13.56,8.98,5.29,2.77,1.29,0.53,0.2,0.06,0.02,0.0,0.0,0.0,0.0,0.0,0.0,0.0,0.0,0.0,0.0,0.0,0.0,0.0,0.0,0.0,0.0,0.0,0.0,0.0,0.0,0.0,0.0,0.0,0.0,0.0,0.0,0.0,0.0,0.0,0.0,0.0,0.0,0.0,0.0,0.0,0.0,0.0,0.0,0.0,0.0,0.0,0.0,0.0,0.0,0.0,0.0,0.0,0.0,0.0,0.0,0.0,0.0,0.0,0.0,0.0,0.0,0.0,0.0,0.0,0.0,0.0,0.0,0.0,0.0,0.0,0.0,0.0,0.0,0.0,0.0,0.0,0.0,0.0,0.0,0.0,0.0,0.0,0.0,0.0,0.0,0.0,0.0,0.0,0.0,0.0,0.0,0.0,0.0,0.0,0.0,0.0,0.0,0.0,0.0,0.0,0.0,0.0,0.0,0.0,0.0,0.0,0.0,0.0,0.0,0.0,0.0,0.0,0.0,0.0,0.0,0.0,0.0,0.01,0.01,0.02,0.04,0.07,0.12,0.2,0.32,0.52,0.81,1.24,1.86,2.74,3.97,5.62,7.81,10.63,14.19,18.57,23.83,29.96,36.94,44.65,52.9,61.45,69.98,78.15,85.59,91.94,96.9,100.25,101.86,101.75,100.06,97.04,93.06,88.57,84.04,79.93,76.66,74.56,73.83,74.56,76.66,79.93,84.04,88.57,93.07,97.05,100.08,101.79,101.93,100.36,97.09,92.23,86.04,78.83,70.98,62.9,54.96,47.51,40.85,35.19,30.67,27.35,25.24,24.25,24.27,25.12,26.61,28.53,30.63,32.71,34.55,35.99,36.87,37.11,36.67,35.54,33.79,31.5,28.79,25.79,22.66,19.51,16.47,13.63,11.05,8.79,6.85,5.24,3.92,2.88,2.07,1.46,1.01,0.69,0.46,0.3,0.19,0.12,0.07,0.04,0.03,0.01,0.01,0.0,0.0,0.0,0.0,0.0,0.0,0.0,0.0,0.0,0.0,0.0,0.0,0.0,0.0,0.0,0.0,0.0,0.0,0.0,0.0,0.0,0.0,0.0,0.0,0.0,0.0,0.0,0.0,0.0,0.0,0.0,0.0,0.0,0.0,0.0,0.0,0.0,0.0,0.0,0.0,0.0,0.0,0.0,0.0,0.0
0.86,0.81,0.68,0.5,0.33,0.2,0.1,0.05,0.02,0.01,0.0,0.0,0.0,0.0,0.01,0.03,0.1,0.28,0.68,1.45,2.77,4.71,7.1,9.53,11.36,12.05,11.36,9.53,7.1,4.71,2.77,1.45,0.68,0.28,0.1,0.03,0.01,0.0,0.0,0.0,0.0,0.0,0.0,0.0,0.0,0.0,0.0,0.0,0.0,0.0,0.0,0.0,0.0,0.0,0.0,0.0,0.0,0.0,0.0,0.0,0.0,0.0,0.0,0.0,0.0,0.0,0.0,0.0,0.0,0.0,0.0,0.0,0.0,0.0,0.0,0.0,0.0,0.0,0.0,0.0,0.0,0.0,0.0,0.0,0.0,0.0,0.0,0.0,0.0,0.0,0.0,0.0,0.0,0.0,0.0,0.0,0.0,0.0,0.0,0.0,0.0,0.0,0.0,0.0,0.0,0.0,0.0,0.0,0.0,0.0,0.0,0.0,0.0,0.0,0.0,0.0,0.0,0.0,0.0,0.0,0.0,0.0,0.0,0.0,0.0,0.0,0.0,0.0,0.0,0.0,0.0,0.0,0.0,0.0,0.0,0.0,0.0,0.0,0.0,0.0,0.0,0.0,0.0,0.0,0.0,0.0,0.0,0.0,0.0,0.01,0.01,0.02,0.04,0.07,0.12,0.2,0.32,0.51,0.8,1.22,1.84,2.72,3.92,5.56,7.73,10.52,14.05,18.38,23.59,29.66,36.57,44.2,52.37,60.83,69.29,77.38,84.74,91.03,95.94,99.25,100.85,100.74,99.06,96.07,92.14,87.69,83.2,79.13,75.9,73.82,73.1,73.82,75.9,79.14,83.21,87.7,92.14,96.08,99.08,100.77,100.91,99.34,96.09,91.26,85.1,77.93,70.1,62.01,54.04,46.53,39.74,33.9,29.14,25.51,23.01,21.57,21.08,21.38,22.3,23.63,25.18,26.75,28.17,29.28,29.97,30.14,29.77,28.84,27.42,25.55,23.35,20.92,18.38,15.83,13.36,11.05,8.97,7.13,5.56,4.25,3.18,2.34,1.68,1.19,0.82,0.56,0.37,0.24,0.15,0.1,0.06,0.04,0.02,0.01,0.01,0.0,0.0,0.0,0.0,0.0,0.0,0.0,0.0,0.0,0.0,0.0,0.0,0.0,0.0,0.0,0.0,0.0,0.0,0.0,0.0,0.0,0.0,0.0,0.0,0.0,0.0,0.0,0.0,0.0,0.0,0.0,0.0,0.0,0.0,0.0,0.0,0.0,0.0,0.0,0.0,0.0,0.0,0.0,0.0,0.0
2.32,2.19,1.84,1.37,0.91,0.53,0.28,0.13,0.05,0.02,0.01,0.0,0.0,0.0,0.0,0.02,0.05,0.13,0.32,0.68,1.29,2.19,3.31,4.44,5.29,5.61,5.29,4.44,3.31,2.19,1.29,0.68,0.32,0.13,0.05,0.02,0.0,0.0,0.0,0.0,0.0,0.0,0.0,0.0,0.0,0.0,0.0,0.0,0.0,0.0,0.0,0.0,0.0,0.0,0.0,0.0,0.0,0.0,0.0,0.0,0.0,0.0,0.0,0.0,0.0,0.0,0.0,0.0,0.0,0.0,0.0,0.0,0.0,0.0,0.0,0.0,0.0,0.0,0.0,0.0,0.0,0.0,0.0,0.0,0.0,0.0,0.0,0.0,0.0,0.0,0.0,0.0,0.0,0.0,0.0,0.0,0.0,0.0,0.0,0.0,0.0,0.0,0.0,0.0,0.0,0.0,0.0,0.0,0.0,0.0,0.0,0.0,0.0,0.0,0.0,0.0,0.0,0.0,0.0,0.0,0.0,0.0,0.0,0.0,0.0,0.0,0.0,0.0,0.0,0.0,0.0,0.0,0.0,0.0,0.0,0.0,0.0,0.0,0.0,0.0,0.0,0.0,0.0,0.0,0.0,0.0,0.0,0.0,0.0,0.01,0.01,0.02,0.04,0.07,0.11,0.19,0.31,0.49,0.77,1.19,1.79,2.63,3.81,5.4,7.5,10.21,13.63,17.84,22.89,28.78,35.49,42.89,50.82,59.04,67.24,75.09,82.24,88.34,93.11,96.33,97.88,97.77,96.14,93.24,89.42,85.11,80.75,76.8,73.66,71.64,70.95,71.64,73.66,76.8,80.75,85.11,89.43,93.25,96.16,97.8,97.92,96.4,93.23,88.53,82.53,75.53,67.89,59.98,52.16,44.75,38.01,32.16,27.3,23.51,20.76,19.0,18.12,17.98,18.42,19.27,20.34,21.49,22.54,23.37,23.88,24.0,23.69,22.95,21.81,20.32,18.57,16.64,14.62,12.59,10.62,8.79,7.13,5.67,4.42,3.38,2.53,1.86,1.34,0.94,0.65,0.44,0.29,0.19,0.12,0.08,0.05,0.03,0.02,0.01,0.01,0.0,0.0,0.0,0.0,0.0,0.0,0.0,0.0,0.0,0.0,0.0,0.0,0.0,0.0,0.0,0.0,0.0,0.0,0.0,0.0,0.0,0.0,0.0,0.0,0.0,0.0,0.0,0.0,0.0,0.0,0.0,0.0,0.0,0.0,0.0,0.0,0.0,0.0,0.0,0.0,0.0,0.0,0.0,0.0,0.0
5.61,5.29,4.44,3.31,2.19,1.29,0.68,0.32,0.13,0.05,0.02,0.0,0.0,0.0,0.0,0.01,0.02,0.05,0.13,0.28,0.53,0.91,1.37,1.84,2.19,2.32,2.19,1.84,1.37,0.91,0.53,0.28,0.13,0.05,0.02,0.01,0.0,0.0,0.0,0.0,0.0,0.0,0.0,0.0,0.0,0.0,0.0,0.0,0.0,0.0,0.0,0.0,0.0,0.0,0.0,0.0,0.0,0.0,0.0,0.0,0.0,0.0,0.0,0.0,0.0,0.0,0.0,0.0,0.0,0.0,0.0,0.0,0.0,0.0,0.0,0.0,0.0,0.0,0.0,0.0,0.0,0.0,0.0,0.0,0.0,0.0,0.0,0.0,0.0,0.0,0.0,0.0,0.0,0.0,0.0,0.0,0.0,0.0,0.0,0.0,0.0,0.0,0.0,0.0,0.0,0.0,0.0,0.0,0.0,0.0,0.0,0.0,0.0,0.0,0.0,0.0,0.0,0.0,0.0,0.0,0.0,0.0,0.0,0.0,0.0,0.0,0.0,0.0,0.0,0.0,0.0,0.0,0.0,0.0,0.0,0.0,0.0,0.0,0.0,0.0,0.0,0.0,0.0,0.0,0.0,0.0,0.0,0.0,0.0,0.01,0.01,0.02,0.04,0.06,0.11,0.18,0.29,0.47,0.74,1.13,1.7,2.51,3.62,5.13,7.13,9.71,12.97,16.97,21.77,27.38,33.76,40.81,48.35,56.17,63.97,71.44,78.24,84.05,88.59,91.64,93.12,93.02,91.47,88.71,85.08,80.97,76.83,73.07,70.08,68.16,67.5,68.16,70.08,73.07,76.83,80.97,85.08,88.72,91.48,93.04,93.16,91.7,88.68,84.2,78.47,71.79,64.48,56.9,49.39,42.25,35.73,30.01,25.22,21.39,18.52,16.56,15.41,14.94,15.01,15.47,16.16,16.95,17.7,18.3,18.67,18.74,18.48,17.9,17.0,15.85,14.48,12.97,11.39,9.81,8.28,6.85,5.56,4.42,3.44,2.63,1.97,1.45,1.04,0.74,0.51,0.34,0.23,0.15,0.1,0.06,0.04,0.02,0.01,0.01,0.0,0.0,0.0,0.0,0.0,0.0,0.0,0.0,0.0,0.0,0.0,0.0,0.0,0.0,0.0,0.0,0.0,0.0,0.0,0.0,0.0,0.0,0.0,0.0,0.0,0.0,0.0,0.0,0.0,0.0,0.0,0.0,0.0,0.0,0.0,0.0,0.0,0.0,0.0,0.0,0.0,0.0,0.0,0.0,0.0,0.0
12.05,11.36,9.53,7.1,4.71,2.77,1.45,0.68,0.28,0.1,0.03,0.01,0.0,0.0,0.0,0.0,0.01,0.02,0.05,0.1,0.2,0.33,0.5,0.68,0.81,0.86,0.81,0.68,0.5,0.33,0.2,0.1,0.05,0.02,0.01,0.0,0.0,0.0,0.0,0.0,0.0,0.0,0.0,0.0,0.0,0.0,0.0,0.0,0.0,0.0,0.0,0.0,0.0,0.0,0.0,0.0,0.0,0.0,0.0,0.0,0.0,0.0,0.0,0.0,0.0,0.0,0.0,0.0,0.0,0.0,0.0,0.0,0.0,0.0,0.0,0.0,0.0,0.0,0.0,0.0,0.0,0.0,0.0,0.0,0.0,0.0,0.0,0.0,0.0,0.0,0.0,0.0,0.0,0.0,0.0,0.0,0.0,0.0,0.0,0.0,0.0,0.0,0.0,0.0,0.0,0.0,0.0,0.0,0.0,0.0,0.0,0.0,0.0,0.0,0.0,0.0,0.0,0.0,0.0,0.0,0.0,0.0,0.0,0.0,0.0,0.0,0.0,0.0,0.0,0.0,0.0,0.0,0.0,0.0,0.0,0.0,0.0,0.0,0.0,0.0,0.0,0.0,0.0,0.0,0.0,0.0,0.0,0.0,0.0,0.01,0.01,0.02,0.03,0.06,0.1,0.17,0.27,0.44,0.69,1.05,1.58,2.34,3.38,4.79,6.65,9.06,12.09,15.83,20.31,25.54,31.49,38.06,45.09,52.38,59.66,66.63,72.97,78.39,82.62,85.47,86.85,86.75,85.31,82.73,79.35,75.52,71.65,68.15,65.36,63.57,62.95,63.57,65.36,68.15,71.65,75.52,79.35,82.74,85.32,86.77,86.87,85.51,82.69,78.5,73.14,66.89,60.05,52.94,45.89,39.16,32.99,27.55,22.94,19.2,16.34,14.29,12.98,12.28,12.08,12.24,12.64,13.14,13.65,14.07,14.32,14.35,14.14,13.69,13.0,12.11,11.07,9.91,8.71,7.5,6.33,5.24,4.25,3.38,2.63,2.01,1.51,1.11,0.8,0.56,0.39,0.26,0.18,0.11,0.07,0.05,0.03,0.02,0.01,0.01,0.0,0.0,0.0,0.0,0.0,0.0,0.0,0.0,0.0,0.0,0.0,0.0,0.0,0.0,0.0,0.0,0.0,0.0,0.0,0.0,0.0,0.0,0.0,0.0,0.0,0.0,0.0,0.0,0.0,0.0,0.0,0.0,0.0,0.0,0.0,0.0,0.0,0.0,0.0,0.0,0.0,0.0,0.0,0.0,0.0,0.0
23.01,21.69,18.19,13.56,8.98,5.29,2.77,1.29,0.53,0.2,0.06,0.02,0.0,0.0,0.0,0.0,0.0,0.01,0.02,0.03,0.06,0.11,0.17,0.22,0.26,0.28,0.26,0.22,0.17,0.11,0.06,0.03,0.02,0.01,0.0,0.0,0.0,0.0,0.0,0.0,0.0,0.0,0.0,0.0,0.0,0.0,0.0,0.0,0.0,0.0,0.0,0.0,0.0,0.0,0.0,0.0,0.0,0.0,0.0,0.0,0.0,0.0,0.0,0.0,0.0,0.0,0.0,0.0,0.0,0.0,0.0,0.0,0.0,0.0,0.0,0.0,0.0,0.0,0.0,0.0,0.0,0.0,0.0,0.0,0.0,0.0,0.0,0.0,0.0,0.0,0.0,0.0,0.0,0.0,0.0,0.0,0.0,0.0,0.0,0.0,0.0,0.0,0.0,0.0,0.0,0.0,0.0,0.0,0.0,0.0,0.0,0.0,0.0,0.0,0.0,0.0,0.0,0.0,0.0,0.0,0.0,0.0,0.0,0.0,0.0,0.0,0.0,0.0,0.0,0.0,0.0,0.0,0.0,0.0,0.0,0.0,0.0,0.0,0.0,0.0,0.0,0.0,0.0,0.0,0.0,0.0,0.0,0.0,0.0,0.01,0.01,0.02,0.03,0.05,0.09,0.15,0.25,0.4,0.63,0.96,1.45,2.14,3.09,4.38,6.08,8.28,11.06,14.47,18.56,23.35,28.79,34.79,41.22,47.89,54.54,60.91,66.71,71.66,75.53,78.14,79.4,79.31,77.99,75.64,72.54,69.04,65.5,62.3,59.75,58.11,57.55,58.11,59.75,62.3,65.5,69.04,72.54,75.64,78.0,79.32,79.42,78.17,75.58,71.75,66.84,61.11,54.83,48.31,41.82,35.62,29.91,24.85,20.53,17.0,14.24,12.2,10.82,9.99,9.61,9.56,9.73,10.02,10.34,10.61,10.77,10.78,10.61,10.26,9.74,9.07,8.29,7.43,6.52,5.61,4.74,3.92,3.18,2.53,1.97,1.51,1.13,0.83,0.6,0.42,0.29,0.2,0.13,0.09,0.05,0.03,0.02,0.01,0.01,0.0,0.0,0.0,0.0,0.0,0.0,0.0,0.0,0.0,0.0,0.0,0.0,0.0,0.0,0.0,0.0,0.0,0.0,0.0,0.0,0.0,0.0,0.0,0.0,0.0,0.0,0.0,0.0,0.0,0.0,0.0,0.0,0.0,0.0,0.0,0.0,0.0,0.0,0.0,0.0,0.0,0.0,0.0,0.0,0.0,0.0,0.0
39.05,36.82,30.87,23.01,15.25,8.98,4.71,2.19,0.91,0.33,0.11,0.03,0.01,0.0,0.0,0.0,0.0,0.0,0.0,0.01,0.02,0.03,0.05,0.06,0.08,0.08,0.08,0.06,0.05,0.03,0.02,0.01,0.0,0.0,0.0,0.0,0.0,0.0,0.0,0.0,0.0,0.0,0.0,0.0,0.0,0.0,0.0,0.0,0.0,0.0,0.0,0.0,0.0,0.0,0.0,0.0,0.0,0.0,0.0,0.0,0.0,0.0,0.0,0.0,0.0,0.0,0.0,0.0,0.0,0.0,0.0,0.0,0.0,0.0,0.0,0.0,0.0,0.0,0.0,0.0,0.0,0.0,0.0,0.0,0.0,0.0,0.0,0.0,0.0,0.0,0.0,0.0,0.0,0.0,0.0,0.0,0.0,0.0,0.0,0.0,0.0,0.0,0.0,0.0,0.0,0.0,0.0,0.0,0.0,0.0,0.0,0.0,0.0,0.0,0.0,0.0,0.0,0.0,0.0,0.0,0.0,0.0,0.0,0.0,0.0,0.0,0.0,0.0,0.0,0.0,0.0,0.0,0.0,0.0,0.0,0.0,0.0,0.0,0.0,0.0,0.0,0.0,0.0,0.0,0.0,0.0,0.0,0.0,0.0,0.0,0.01,0.02,0.03,0.05,0.08,0.14,0.22,0.36,0.56,0.86,1.3,1.91,2.77,3.92,5.45,7.42,9.91,12.97,16.64,20.92,25.8,31.18,36.94,42.92,48.88,54.59,59.78,64.22,67.69,70.02,71.15,71.08,69.89,67.78,65.01,61.87,58.7,55.83,53.55,52.08,51.57,52.08,53.55,55.83,58.7,61.87,65.01,67.79,69.9,71.08,71.17,70.05,67.73,64.28,59.88,54.73,49.09,43.23,37.38,31.79,26.62,22.03,18.08,14.82,12.24,10.3,8.93,8.04,7.55,7.36,7.38,7.51,7.69,7.85,7.95,7.94,7.8,7.54,7.16,6.67,6.09,5.45,4.79,4.12,3.48,2.88,2.34,1.86,1.45,1.11,0.83,0.61,0.44,0.31,0.21,0.14,0.1,0.06,0.04,0.03,0.02,0.01,0.01,0.0,0.0,0.0,0.0,0.0,0.0,0.0,0.0,0.0,0.0,0.0,0.0,0.0,0.0,0.0,0.0,0.0,0.0,0.0,0.0,0.0,0.0,0.0,0.0,0.0,0.0,0.0,0.0,0.0,0.0,0.0,0.0,0.0,0.0,0.0,0.0,0.0,0.0,0.0,0.0,0.0,0.0,0.0,0.0,0.0,0.0,0.0
58.92,55.56,46.58,34.72,23.01,13.56,7.1,3.31,1.37,0.5,0.17,0.05,0.01,0.0,0.0,0.0,0.0,0.0,0.0,0.0,0.0,0.01,0.01,0.02,0.02,0.02,0.02,0.02,0.01,0.01,0.0,0.0,0.0,0.0,0.0,0.0,0.0,0.0,0.0,0.0,0.0,0.0,0.0,0.0,0.0,0.0,0.0,0.0,0.0,0.0,0.0,0.0,0.0,0.0,0.0,0.0,0.0,0.0,0.0,0.0,0.0,0.0,0.0,0.0,0.0,0.0,0.0,0.0,0.0,0.0,0.0,0.0,0.0,0.0,0.0,0.0,0.0,0.0,0.0,0.0,0.0,0.0,0.0,0.0,0.0,0.0,0.0,0.0,0.0,0.0,0.0,0.0,0.0,0.0,0.0,0.0,0.0,0.0,0.0,0.0,0.0,0.0,0.0,0.0,0.0,0.0,0.0,0.0,0.0,0.0,0.0,0.0,0.0,0.0,0.0,0.0,0.0,0.0,0.0,0.0,0.0,0.0,0.0,0.0,0.0,0.0,0.0,0.0,0.0,0.0,0.0,0.0,0.0,0.0,0.0,0.0,0.0,0.0,0.0,0.0,0.0,0.0,0.0,0.0,0.0,0.0,0.0,0.0,0.0,0.0,0.01,0.01,0.02,0.04,0.07,0.12,0.2,0.32,0.49,0.76,1.14,1.68,2.43,3.44,4.79,6.52,8.7,11.39,14.61,18.38,22.66,27.39,32.45,37.7,42.94,47.95,52.52,56.42,59.46,61.52,62.51,62.44,61.4,59.55,57.11,54.35,51.57,49.05,47.04,45.75,45.31,45.75,47.04,49.05,51.57,54.35,57.11,59.55,61.4,62.45,62.52,61.53,59.49,56.46,52.59,48.06,43.09,37.92,32.77,27.83,23.26,19.18,15.66,12.73,10.38,8.59,7.29,6.41,5.88,5.6,5.52,5.54,5.63,5.71,5.76,5.73,5.63,5.44,5.16,4.8,4.38,3.93,3.45,2.97,2.5,2.07,1.68,1.34,1.04,0.8,0.6,0.44,0.32,0.22,0.15,0.1,0.07,0.05,0.03,0.02,0.01,0.01,0.0,0.0,0.0,0.0,0.0,0.0,0.0,0.0,0.0,0.0,0.0,0.0,0.0,0.0,0.0,0.0,0.0,0.0,0.0,0.0,0.0,0.0,0.0,0.0,0.0,0.0,0.0,0.0,0.0,0.0,0.0,0.0,0.0,0.0,0.0,0.0,0.0,0.0,0.0,0.0,0.0,0.0,0.0,0.0,0.0,0.0,0.0,0.0
79.05,74.54,62.49,46.58,30.87,18.19,9.53,4.44,1.84,0.68,0.22,0.06,0.02,0.0,0.0,0.0,0.0,0.0,0.0,0.0,0.0,0.0,0.0,0.0,0.0,0.0,0.0,0.0,0.0,0.0,0.0,0.0,0.0,0.0,0.0,0.0,0.0,0.0,0.0,0.0,0.0,0.0,0.0,0.0,0.0,0.0,0.0,0.01,0.01,0.02,0.02,0.02,0.02,0.02,0.01,0.01,0.0,0.0,0.0,0.0,0.0,0.0,0.0,0.0,0.0,0.0,0.0,0.0,0.0,0.0,0.0,0.0,0.0,0.0,0.0,0.0,0.0,0.0,0.0,0.0,0.0,0.0,0.0,0.0,0.0,0.0,0.0,0.0,0.0,0.0,0.0,0.0,0.0,0.0,0.0,0.0,0.0,0.0,0.0,0.0,0.0,0.0,0.0,0.0,0.0,0.0,0.0,0.0,0.0,0.0,0.0,0.0,0.0,0.0,0.0,0.0,0.0,0.0,0.0,0.0,0.0,0.0,0.0,0.0,0.0,0.0,0.0,0.0,0.0,0.0,0.0,0.0,0.0,0.0,0.0,0.0,0.0,0.0,0.0,0.0,0.0,0.0,0.0,0.0,0.0,0.0,0.0,0.0,0.0,0.0,0.01,0.01,0.02,0.04,0.06,0.1,0.17,0.27,0.42,0.65,0.98,1.45,2.09,2.97,4.12,5.61,7.5,9.81,12.59,15.83,19.52,23.59,27.95,32.47,36.98,41.3,45.23,48.58,51.21,52.97,53.83,53.77,52.87,51.28,49.18,46.81,44.41,42.24,40.51,39.4,39.02,39.4,40.51,42.24,44.41,46.81,49.18,51.28,52.88,53.77,53.84,52.99,51.23,48.62,45.28,41.37,37.09,32.62,28.17,23.9,19.94,16.39,13.32,10.75,8.68,7.08,5.89,5.06,4.52,4.21,4.07,4.03,4.05,4.08,4.09,4.06,3.98,3.84,3.64,3.39,3.09,2.77,2.43,2.09,1.77,1.46,1.19,0.94,0.74,0.56,0.42,0.31,0.22,0.16,0.11,0.07,0.05,0.03,0.02,0.01,0.01,0.0,0.0,0.0,0.0,0.0,0.0,0.0,0.0,0.0,0.0,0.0,0.0,0.0,0.0,0.0,0.0,0.0,0.0,0.0,0.0,0.0,0.0,0.0,0.0,0.0,0.0,0.0,0.0,0.0,0.0,0.0,0.0,0.0,0.0,0.0,0.0,0.0,0.0,0.0,0.0,0.0,0.0,0.0,0.0,0.0,0.0,0.0,0.0,0.0
94.29,88.91,74.54,55.56,36.82,21.69,11.36,5.29,2.19,0.81,0.26,0.08,0.02,0.0,0.0,0.0,0.0,0.0,0.0,0.0,0.0,0.0,0.0,0.0,0.0,0.0,0.0,0.0,0.0,0.0,0.0,0.0,0.0,0.0,0.0,0.0,0.0,0.0,0.0,0.0,0.0,0.0,0.0,0.0,0.0,0.01,0.02,0.03,0.05,0.06,0.08,0.08,0.08,0.06,0.05,0.03,0.02,0.01,0.0,0.0,0.0,0.0,0.0,0.0,0.0,0.0,0.0,0.0,0.0,0.0,0.0,0.0,0.0,0.0,0.0,0.0,0.0,0.0,0.0,0.0,0.0,0.0,0.0,0.0,0.0,0.0,0.0,0.0,0.0,0.0,0.0,0.0,0.0,0.0,0.0,0.0,0.0,0.0,0.0,0.0,0.0,0.0,0.0,0.0,0.0,0.0,0.0,0.0,0.0,0.0,0.0,0.0,0.0,0.0,0.0,0.0,0.0,0.0,0.0,0.0,0.0,0.0,0.0,0.0,0.0,0.0,0.0,0.0,0.0,0.0,0.0,0.0,0.0,0.0,0.0,0.0,0.0,0.0,0.0,0.0,0.0,0.0,0.0,0.0,0.0,0.0,0.0,0.0,0.0,0.0,0.01,0.01,0.02,0.03,0.05,0.09,0.14,0.23,0.36,0.55,0.83,1.22,1.77,2.5,3.48,4.74,6.33,8.28,10.62,13.36,16.47,19.91,23.59,27.41,31.22,34.86,38.18,41.01,43.23,44.72,45.44,45.39,44.63,43.29,41.52,39.51,37.49,35.66,34.2,33.26,32.94,33.26,34.2,35.66,37.49,39.51,41.52,43.29,44.64,45.39,45.44,44.73,43.24,41.03,38.21,34.91,31.29,27.52,23.75,20.12,16.76,13.75,11.13,8.93,7.15,5.75,4.7,3.95,3.45,3.14,2.96,2.89,2.86,2.86,2.86,2.83,2.76,2.66,2.52,2.35,2.14,1.92,1.68,1.45,1.22,1.01,0.82,0.65,0.51,0.39,0.29,0.21,0.15,0.11,0.08,0.05,0.03,0.02,0.01,0.01,0.01,0.0,0.0,0.0,0.0,0.0,0.0,0.0,0.0,0.0,0.0,0.0,0.0,0.0,0.0,0.0,0.0,0.0,0.0,0.0,0.0,0.0,0.0,0.0,0.0,0.0,0.0,0.0,0.0,0.0,0.0,0.0,0.0,0.0,0.0,0.0,0.0,0.0,0.0,0.0,0.0,0.0,0.0,0.0,0.0,0.0,0.0,0.0,0.0,0.0
100.0,94.29,79.05,58.92,39.05,23.01,12.05,5.61,2.32,0.86,0.28,0.08,0.02,0.0,0.0,0.0,0.0,0.0,0.0,0.0,0.0,0.0,0.0,0.0,0.0,0.0,0.0,0.0,0.0,0.0,0.0,0.0,0.0,0.0,0.0,0.0,0.0,0.0,0.0,0.0,0.0,0.0,0.0,0.01,0.02,0.03,0.06,0.11,0.17,0.22,0.26,0.28,0.26,0.22,0.17,0.11,0.06,0.03,0.02,0.01,0.0,0.0,0.0,0.0,0.0,0.0,0.0,0.0,0.0,0.0,0.0,0.0,0.0,0.0,0.0,0.0,0.0,0.0,0.0,0.0,0.0,0.0,0.0,0.0,0.0,0.0,0.0,0.0,0.0,0.0,0.0,0.0,0.0,0.0,0.0,0.0,0.0,0.0,0.0,0.0,0.0,0.0,0.0,0.0,0.0,0.0,0.0,0.0,0.0,0.0,0.0,0.0,0.0,0.0,0.0,0.0,0.0,0.0,0.0,0.0,0.0,0.0,0.0,0.0,0.0,0.0,0.0,0.0,0.0,0.0,0.0,0.0,0.0,0.0,0.0,0.0,0.0,0.0,0.0,0.0,0.0,0.0,0.0,0.0,0.0,0.0,0.0,0.0,0.0,0.0,0.0,0.01,0.01,0.03,0.04,0.07,0.12,0.19,0.3,0.46,0.69,1.01,1.46,2.07,2.88,3.92,5.24,6.85,8.79,11.06,13.63,16.48,19.52,22.68,25.83,28.85,31.59,33.94,35.77,37.01,37.6,37.56,36.93,35.82,34.35,32.7,31.02,29.51,28.3,27.52,27.26,27.52,28.3,29.51,31.02,32.7,34.35,35.82,36.94,37.56,37.6,37.01,35.78,33.95,31.62,28.88,25.88,22.75,19.63,16.62,13.83,11.32,9.14,7.29,5.79,4.61,3.71,3.05,2.6,2.31,2.13,2.04,1.99,1.97,1.96,1.93,1.88,1.81,1.71,1.59,1.45,1.3,1.14,0.98,0.83,0.69,0.56,0.44,0.34,0.26,0.2,0.14,0.1,0.07,0.05,0.03,0.02,0.01,0.01,0.01,0.0,0.0,0.0,0.0,0.0,0.0,0.0,0.0,0.0,0.0,0.0,0.0,0.0,0.0,0.0,0.0,0.0,0.0,0.0,0.0,0.0,0.0,0.0,0.0,0.0,0.0,0.0,0.0,0.0,0.0,0.0,0.0,0.0,0.0,0.0,0.0,0.0,0.0,0.0,0.0,0.0,0.0,0.0,0.0,0.0,0.0,0.0,0.0,0.0,0.0
94.29,88.91,74.54,55.56,36.82,21.69,11.36,5.29,2.19,0.81,0.26,0.08,0.02,0.0,0.0,0.0,0.0,0.0,0.0,0.0,0.0,0.0,0.0,0.0,0.0,0.0,0.0,0.0,0.0,0.0,0.0,0.0,0.0,0.0,0.0,0.0,0.0,0.0,0.0,0.0,0.0,0.0,0.01,0.02,0.05,0.1,0.2,0.33,0.5,0.68,0.81,0.86,0.81,0.68,0.5,0.33,0.2,0.1,0.05,0.02,0.01,0.0,0.0,0.0,0.0,0.0,0.0,0.0,0.0,0.0,0.0,0.0,0.0,0.0,0.0,0.0,0.0,0.0,0.0,0.0,0.0,0.0,0.0,0.0,0.0,0.0,0.0,0.0,0.0,0.0,0.0,0.0,0.0,0.0,0.0,0.0,0.0,0.0,0.0,0.0,0.0,0.0,0.0,0.0,0.0,0.0,0.0,0.0,0.0,0.0,0.0,0.0,0.0,0.0,0.0,0.0,0.0,0.0,0.0,0.0,0.0,0.0,0.0,0.0,0.0,0.0,0.0,0.0,0.0,0.0,0.0,0.0,0.0,0.0,0.0,0.0,0.0,0.0,0.0,0.0,0.0,0.0,0.0,0.0,0.0,0.0,0.0,0.0,0.0,0.0,0.0,0.01,0.01,0.02,0.04,0.06,0.1,0.15,0.24,0.37,0.56,0.82,1.19,1.68,2.34,3.18,4.25,5.56,7.13,8.97,11.06,13.37,15.84,18.4,20.95,23.4,25.63,27.53,29.02,30.02,30.5,30.47,29.96,29.06,27.87,26.52,25.16,23.93,22.95,22.33,22.11,22.33,22.95,23.93,25.16,26.52,27.87,29.06,29.96,30.47,30.5,30.02,29.02,27.54,25.64,23.42,20.99,18.45,15.91,13.46,11.19,9.14,7.36,5.85,4.62,3.64,2.89,2.33,1.94,1.68,1.52,1.42,1.37,1.34,1.32,1.29,1.26,1.21,1.14,1.06,0.97,0.86,0.76,0.65,0.55,0.46,0.37,0.29,0.23,0.18,0.13,0.1,0.07,0.05,0.03,0.02,0.02,0.01,0.01,0.0,0.0,0.0,0.0,0.0,0.0,0.0,0.0,0.0,0.0,0.0,0.0,0.0,0.0,0.0,0.0,0.0,0.0,0.0,0.0,0.0,0.0,0.0,0.0,0.0,0.0,0.0,0.0,0.0,0.0,0.0,0.0,0.0,0.0,0.0,0.0,0.0,0.0,0.0,0.0,0.0,0.0,0.0,0.0,0.0,0.0,0.0,0.0,0.0,0.0,0.0
79.05,74.54,62.49,46.58,30.87,18.19,9.53,4.44,1.84,0.68,0.22,0.06,0.02,0.0,0.0,0.0,0.0,0.0,0.0,0.0,0.0,0.0,0.0,0.0,0.0,0.0,0.0,0.0,0.0,0.0,0.0,0.0,0.0,0.0,0.0,0.0,0.0,0.0,0.0,0.0,0.0,0.01,0.02,0.05,0.13,0.28,0.53,0.91,1.37,1.84,2.19,2.32,2.19,1.84,1.37,0.91,0.53,0.28,0.13,0.05,0.02,0.01,0.0,0.0,0.0,0.0,0.0,0.0,0.0,0.0,0.0,0.0,0.0,0.0,0.0,0.0,0.0,0.0,0.0,0.0,0.0,0.0,0.0,0.0,0.0,0.0,0.0,0.0,0.0,0.0,0.0,0.0,0.0,0.0,0.0,0.0,0.0,0.0,0.0,0.0,0.0,0.0,0.0,0.0,0.0,0.0,0.0,0.0,0.0,0.0,0.0,0.0,0.0,0.0,0.0,0.0,0.0,0.0,0.0,0.0,0.0,0.0,0.0,0.0,0.0,0.0,0.0,0.0,0.0,0.0,0.0,0.0,0.0,0.0,0.0,0.0,0.0,0.0,0.0,0.0,0.0,0.0,0.0,0.0,0.0,0.0,0.0,0.0,0.0,0.0,0.0,0.01,0.01,0.02,0.03,0.05,0.08,0.12,0.19,0.29,0.44,0.65,0.94,1.34,1.86,2.53,3.38,4.42,5.67,7.13,8.79,10.63,12.59,14.63,16.66,18.61,20.38,21.89,23.07,23.87,24.25,24.23,23.82,23.11,22.16,21.09,20.01,19.03,18.25,17.75,17.58,17.75,18.25,19.03,20.01,21.09,22.16,23.11,23.82,24.23,24.25,23.87,23.08,21.9,20.39,18.62,16.68,14.66,12.64,10.69,8.88,7.25,5.82,4.61,3.62,2.83,2.22,1.76,1.44,1.21,1.07,0.98,0.93,0.89,0.87,0.85,0.82,0.79,0.74,0.69,0.63,0.56,0.49,0.43,0.36,0.3,0.24,0.19,0.15,0.11,0.09,0.06,0.05,0.03,0.02,0.01,0.01,0.01,0.0,0.0,0.0,0.0,0.0,0.0,0.0,0.0,0.0,0.0,0.0,0.0,0.0,0.0,0.0,0.0,0.0,0.0,0.0,0.0,0.0,0.0,0.0,0.0,0.0,0.0,0.0,0.0,0.0,0.0,0.0,0.0,0.0,0.0,0.0,0.0,0.0,0.0,0.0,0.0,0.0,0.0,0.0,0.0,0.0,0.0,0.0,0.0,0.0,0.0,0.0,0.0
58.92,55.56,46.58,34.72,23.01,13.56,7.1,3.31,1.37,0.5,0.17,0.05,0.01,0.0,0.0,0.0,0.0,0.0,0.0,0.0,0.0,0.0,0.0,0.0,0.0,0.0,0.0,0.0,0.0,0.0,0.0,0.0,0.0,0.0,0.0,0.0,0.0,0.0,0.0,0.0,0.0,0.02,0.05,0.13,0.32,0.68,1.29,2.19,3.31,4.44,5.29,5.61,5.29,4.44,3.31,2.19,1.29,0.68,0.32,0.13,0.05,0.02,0.0,0.0,0.0,0.0,0.0,0.0,0.0,0.0,0.0,0.0,0.0,0.0,0.0,0.0,0.0,0.0,0.0,0.0,0.0,0.0,0.0,0.0,0.0,0.0,0.0,0.0,0.0,0.0,0.0,0.0,0.0,0.0,0.0,0.0,0.0,0.0,0.0,0.0,0.0,0.0,0.0,0.0,0.0,0.0,0.0,0.0,0.0,0.0,0.0,0.0,0.0,0.0,0.0,0.0,0.0,0.0,0.0,0.0,0.0,0.0,0.0,0.0,0.0,0.0,0.0,0.0,0.0,0.0,0.0,0.0,0.0,0.0,0.0,0.0,0.0,0.0,0.0,0.0,0.0,0.0,0.0,0.0,0.0,0.0,0.0,0.0,0.0,0.0,0.0,0.0,0.01,0.01,0.02,0.04,0.06,0.1,0.15,0.23,0.34,0.51,0.74,1.04,1.45,1.97,2.63,3.45,4.42,5.56,6.85,8.28,9.82,11.4,12.99,14.5,15.88,17.06,17.98,18.61,18.9,18.88,18.57,18.01,17.27,16.44,15.6,14.83,14.23,13.84,13.7,13.84,14.23,14.83,15.6,16.44,17.27,18.01,18.57,18.89,18.91,18.61,17.99,17.07,15.89,14.51,13.0,11.42,9.84,8.32,6.91,5.63,4.52,3.57,2.79,2.16,1.68,1.31,1.05,0.87,0.74,0.67,0.62,0.59,0.57,0.55,0.53,0.51,0.48,0.44,0.4,0.36,0.32,0.27,0.23,0.19,0.15,0.12,0.1,0.07,0.05,0.04,0.03,0.02,0.01,0.01,0.01,0.0,0.0,0.0,0.0,0.0,0.0,0.0,0.0,0.0,0.0,0.0,0.0,0.0,0.0,0.0,0.0,0.0,0.0,0.0,0.0,0.0,0.0,0.0,0.0,0.0,0.0,0.0,0.0,0.0,0.0,0.0,0.0,0.0,0.0,0.0,0.0,0.0,0.0,0.0,0.0,0.0,0.0,0.0,0.0,0.0,0.0,0.0,0.0,0.0,0.0,0.0,0.0,0.0
39.05,36.82,30.87,23.01,15.25,8.98,4.71,2.19,0.91,0.33,0.11,0.03,0.01,0.0,0.0,0.0,0.0,0.0,0.0,0.0,0.0,0.0,0.0,0.0,0.0,0.0,0.0,0.0,0.0,0.0,0.0,0.0,0.0,0.0,0.0,0.0,0.0,0.0,0.0,0.0,0.01,0.03,0.1,0.28,0.68,1.45,2.77,4.71,7.1,9.53,11.36,12.05,11.36,9.53,7.1,4.71,2.77,1.45,0.68,0.28,0.1,0.03,0.01,0.0,0.0,0.0,0.0,0.0,0.0,0.0,0.0,0.0,0.0,0.0,0.0,0.0,0.0,0.0,0.0,0.0,0.0,0.0,0.0,0.0,0.0,0.0,0.0,0.0,0.0,0.0,0.0,0.0,0.0,0.0,0.0,0.0,0.0,0.0,0.0,0.0,0.0,0.0,0.0,0.0,0.0,0.0,0.0,0.0,0.0,0.0,0.0,0.0,0.0,0.0,0.0,0.0,0.0,0.0,0.0,0.0,0.0,0.0,0.0,0.0,0.0,0.0,0.0,0.0,0.0,0.0,0.0,0.0,0.0,0.0,0.0,0.0,0.0,0.0,0.0,0.0,0.0,0.0,0.0,0.0,0.0,0.0,0.0,0.0,0.0,0.0,0.0,0.0,0.01,0.01,0.02,0.03,0.05,0.07,0.11,0.18,0.26,0.39,0.56,0.8,1.11,1.51,2.01,2.63,3.38,4.25,5.24,6.33,7.5,8.71,9.92,11.08,12.14,13.04,13.74,14.22,14.45,14.43,14.19,13.76,13.2,12.56,11.92,11.33,10.87,10.57,10.47,10.57,10.87,11.33,11.92,12.56,13.2,13.76,14.19,14.43,14.45,14.22,13.74,13.04,12.14,11.09,9.93,8.73,7.52,6.35,5.27,4.29,3.44,2.71,2.11,1.63,1.25,0.97,0.76,0.61,0.51,0.45,0.41,0.38,0.36,0.35,0.34,0.32,0.3,0.28,0.25,0.23,0.2,0.17,0.14,0.12,0.1,0.08,0.06,0.05,0.03,0.03,0.02,0.01,0.01,0.01,0.0,0.0,0.0,0.0,0.0,0.0,0.0,0.0,0.0,0.0,0.0,0.0,0.0,0.0,0.0,0.0,0.0,0.0,0.0,0.0,0.0,0.0,0.0,0.0,0.0,0.0,0.0,0.0,0.0,0.0,0.0,0.0,0.0,0.0,0.0,0.0,0.0,0.0,0.0,0.0,0.0,0.0,0.0,0.0,0.0,0.0,0.0,0.0,0.0,0.0,0.0,0.0,0.0,0.0
23.01,21.69,18.19,13.56,8.98,5.29,2.77,1.29,0.53,0.2,0.06,0.02,0.0,0.0,0.0,0.0,0.0,0.0,0.0,0.0,0.0,0.0,0.0,0.0,0.0,0.0,0.0,0.0,0.0,0.0,0.0,0.0,0.0,0.0,0.0,0.0,0.0,0.0,0.0,0.0,0.02,0.06,0.2,0.53,1.29,2.77,5.29,8.98,13.56,18.19,21.69,23.01,21.69,18.19,13.56,8.98,5.29,2.77,1.29,0.53,0.2,0.06,0.02,0.0,0.0,0.0,0.0,0.0,0.0,0.0,0.0,0.0,0.0,0.0,0.0,0.0,0.0,0.0,0.0,0.0,0.0,0.0,0.0,0.0,0.0,0.0,0.0,0.0,0.0,0.0,0.0,0.0,0.0,0.0,0.0,0.0,0.0,0.0,0.0,0.0,0.0,0.0,0.0,0.0,0.0,0.0,0.0,0.0,0.0,0.0,0.0,0.0,0.0,0.0,0.0,0.0,0.0,0.0,0.0,0.0,0.0,0.0,0.0,0.0,0.0,0.0,0.0,0.0,0.0,0.0,0.0,0.0,0.0,0.0,0.0,0.0,0.0,0.0,0.0,0.0,0.0,0.0,0.0,0.0,0.0,0.0,0.0,0.0,0.0,0.0,0.0,0.0,0.0,0.01,0.01,0.02,0.03,0.05,0.09,0.13,0.2,0.29,0.42,0.6,0.83,1.13,1.51,1.97,2.53,3.18,3.92,4.74,5.62,6.53,7.43,8.3,9.09,9.77,10.29,10.65,10.82,10.81,10.63,10.31,9.89,9.41,8.93,8.49,8.14,7.92,7.84,7.92,8.14,8.49,8.93,9.41,9.89,10.31,10.63,10.81,10.82,10.65,10.29,9.77,9.09,8.3,7.44,6.53,5.63,4.76,3.94,3.21,2.57,2.02,1.57,1.2,0.92,0.7,0.54,0.43,0.35,0.3,0.27,0.24,0.23,0.22,0.21,0.2,0.18,0.17,0.16,0.14,0.12,0.1,0.09,0.07,0.06,0.05,0.04,0.03,0.02,0.02,0.01,0.01,0.01,0.0,0.0,0.0,0.0,0.0,0.0,0.0,0.0,0.0,0.0,0.0,0.0,0.0,0.0,0.0,0.0,0.0,0.0,0.0,0.0,0.0,0.0,0.0,0.0,0.0,0.0,0.0,0.0,0.0,0.0,0.0,0.0,0.0,0.0,0.0,0.0,0.0,0.0,0.0,0.0,0.0,0.0,0.0,0.0,0.0,0.0,0.0,0.0,0.0,0.0,0.0,0.0,0.0,0.0,0.0
12.05,11.36,9.53,7.1,4.71,2.77,1.45,0.68,0.28,0.1,0.03,0.01,0.0,0.0,0.0,0.0,0.0,0.0,0.0,0.0,0.0,0.0,0.0,0.0,0.0,0.0,0.0,0.0,0.0,0.0,0.0,0.0,0.0,0.0,0.0,0.0,0.0,0.0,0.0,0.01,0.03,0.11,0.33,0.91,2.19,4.71,8.98,15.25,23.01,30.87,36.82,39.05,36.82,30.87,23.01,15.25,8.98,4.71,2.19,0.91,0.33,0.11,0.03,0.01,0.0,0.0,0.0,0.0,0.0,0.0,0.0,0.0,0.0,0.0,0.0,0.0,0.0,0.0,0.0,0.0,0.0,0.0,0.0,0.0,0.0,0.0,0.0,0.0,0.0,0.0,0.0,0.0,0.0,0.0,0.0,0.0,0.0,0.0,0.0,0.0,0.0,0.0,0.0,0.0,0.0,0.0,0.0,0.0,0.0,0.0,0.0,0.0,0.0,0.0,0.0,0.0,0.0,0.0,0.0,0.0,0.0,0.0,0.0,0.0,0.0,0.0,0.0,0.0,0.0,0.0,0.0,0.0,0.0,0.0,0.0,0.0,0.0,0.0,0.0,0.0,0.0,0.0,0.0,0.0,0.0,0.0,0.0,0.0,0.0,0.0,0.0,0.0,0.0,0.01,0.01,0.02,0.03,0.04,0.06,0.1,0.14,0.21,0.31,0.44,0.61,0.83,1.11,1.45,1.86,2.34,2.88,3.48,4.12,4.79,5.46,6.09,6.67,7.17,7.56,7.82,7.94,7.94,7.8,7.57,7.26,6.91,6.55,6.23,5.98,5.81,5.76,5.81,5.98,6.23,6.55,6.91,7.26,7.57,7.8,7.94,7.94,7.82,7.56,7.17,6.68,6.1,5.46,4.8,4.13,3.49,2.89,2.35,1.88,1.48,1.14,0.87,0.66,0.5,0.38,0.3,0.24,0.2,0.17,0.15,0.14,0.13,0.13,0.12,0.11,0.1,0.09,0.08,0.07,0.06,0.05,0.04,0.04,0.03,0.02,0.02,0.01,0.01,0.01,0.0,0.0,0.0,0.0,0.0,0.0,0.0,0.0,0.0,0.0,0.0,0.0,0.0,0.0,0.0,0.0,0.0,0.0,0.0,0.0,0.0,0.0,0.0,0.0,0.0,0.0,0.0,0.0,0.0,0.0,0.0,0.0,0.0,0.0,0.0,0.0,0.0,0.0,0.0,0.0,0.0,0.0,0.0,0.0,0.0,0.0,0.0,0.0,0.0,0.0,0.0,0.0,0.0,0.0,0.0,0.0,0.0
5.61,5.29,4.44,3.31,2.19,1.29,0.68,0.32,0.13,0.05,0.02,0.0,0.0,0.0,0.0,0.0,0.0,0.0,0.0,0.0,0.0,0.0,0.0,0.0,0.0,0.0,0.0,0.0,0.0,0.0,0.0,0.0,0.0,0.0,0.0,0.0,0.0,0.0,0.0,0.01,0.05,0.17,0.5,1.37,3.31,7.1,13.56,23.01,34.72,46.58,55.56,58.92,55.56,46.58,34.72,23.01,13.56,7.1,3.31,1.37,0.5,0.17,0.05,0.01,0.0,0.0,0.0,0.0,0.0,0.0,0.0,0.0,0.0,0.0,0.0,0.0,0.0,0.0,0.0,0.0,0.0,0.0,0.0,0.0,0.0,0.0,0.0,0.0,0.0,0.0,0.0,0.0,0.0,0.0,0.0,0.0,0.0,0.0,0.0,0.0,0.0,0.0,0.0,0.0,0.0,0.0,0.0,0.0,0.0,0.0,0.0,0.0,0.0,0.0,0.0,0.0,0.0,0.0,0.0,0.0,0.0,0.0,0.0,0.0,0.0,0.0,0.0,0.0,0.0,0.0,0.0,0.0,0.0,0.0,0.0,0.0,0.0,0.0,0.0,0.0,0.0,0.0,0.0,0.0,0.0,0.0,0.0,0.0,0.0,0.0,0.0,0.0,0.0,0.0,0.01,0.01,0.02,0.03,0.05,0.07,0.1,0.15,0.22,0.32,0.44,0.6,0.8,1.04,1.34,1.68,2.07,2.51,2.97,3.45,3.93,4.39,4.8,5.16,5.44,5.63,5.72,5.71,5.62,5.45,5.22,4.97,4.72,4.49,4.3,4.19,4.14,4.19,4.3,4.49,4.72,4.97,5.22,5.45,5.62,5.71,5.72,5.63,5.44,5.16,4.81,4.39,3.93,3.45,2.97,2.51,2.08,1.69,1.35,1.06,0.82,0.62,0.47,0.35,0.27,0.2,0.16,0.13,0.11,0.1,0.09,0.08,0.08,0.07,0.07,0.06,0.06,0.05,0.04,0.04,0.03,0.03,0.02,0.02,0.01,0.01,0.01,0.01,0.0,0.0,0.0,0.0,0.0,0.0,0.0,0.0,0.0,0.0,0.0,0.0,0.0,0.0,0.0,0.0,0.0,0.0,0.0,0.0,0.0,0.0,0.0,0.0,0.0,0.0,0.0,0.0,0.0,0.0,0.0,0.0,0.0,0.0,0.0,0.0,0.0,0.0,0.0,0.0,0.0,0.0,0.0,0.0,0.0,0.0,0.0,0.0,0.0,0.0,0.0,0.0,0.0,0.0,0.0,0.0,0.0,0.0
2.32,2.19,1.84,1.37,0.91,0.53,0.28,0.13,0.05,0.02,0.01,0.0,0.0,0.0,0.0,0.0,0.0,0.0,0.0,0.0,0.0,0.0,0.0,0.0,0.0,0.0,0.0,0.0,0.0,0.0,0.0,0.0,0.0,0.0,0.0,0.0,0.0,0.0,0.0,0.02,0.06,0.22,0.68,1.84,4.44,9.53,18.19,30.87,46.58,62.49,74.54,79.05,74.54,62.49,46.58,30.87,18.19,9.53,4.44,1.84,0.68,0.22,0.06,0.02,0.0,0.0,0.0,0.0,0.0,0.0,0.0,0.0,0.0,0.0,0.0,0.0,0.0,0.0,0.0,0.0,0.0,0.0,0.0,0.0,0.0,0.0,0.0,0.0,0.0,0.0,0.0,0.0,0.0,0.0,0.0,0.0,0.0,0.0,0.0,0.0,0.0,0.0,0.0,0.0,0.0,0.0,0.0,0.0,0.0,0.0,0.0,0.0,0.0,0.0,0.0,0.0,0.0,0.0,0.0,0.0,0.0,0.0,0.0,0.0,0.0,0.0,0.0,0.0,0.0,0.0,0.0,0.0,0.0,0.0,0.0,0.0,0.0,0.0,0.0,0.0,0.0,0.0,0.0,0.0,0.0,0.0,0.0,0.0,0.0,0.0,0.0,0.0,0.0,0.0,0.0,0.01,0.01,0.02,0.03,0.05,0.07,0.11,0.16,0.22,0.31,0.42,0.56,0.74,0.94,1.19,1.46,1.77,2.09,2.43,2.77,3.09,3.39,3.64,3.84,3.97,4.03,4.03,3.96,3.84,3.69,3.51,3.33,3.17,3.04,2.95,2.92,2.95,3.04,3.17,3.33,3.51,3.69,3.84,3.96,4.03,4.03,3.97,3.84,3.64,3.39,3.1,2.77,2.43,2.1,1.77,1.47,1.19,0.95,0.74,0.57,0.44,0.33,0.24,0.18,0.14,0.11,0.08,0.07,0.06,0.05,0.05,0.04,0.04,0.04,0.04,0.03,0.03,0.02,0.02,0.02,0.01,0.01,0.01,0.01,0.01,0.0,0.0,0.0,0.0,0.0,0.0,0.0,0.0,0.0,0.0,0.0,0.0,0.0,0.0,0.0,0.0,0.0,0.0,0.0,0.0,0.0,0.0,0.0,0.0,0.0,0.0,0.0,0.0,0.0,0.0,0.0,0.0,0.0,0.0,0.0,0.0,0.0,0.0,0.0,0.0,0.0,0.0,0.0,0.0,0.0,0.0,0.0,0.0,0.0,0.0,0.0,0.0,0.0,0.0,0.0,0.0,0.0,0.0,0.0,0.0
0.86,0.81,0.68,0.5,0.33,0.2,0.1,0.05,0.02,0.01,0.0,0.0,0.0,0.0,0.0,0.0,0.0,0.0,0.0,0.0,0.0,0.0,0.0,0.0,0.0,0.0,0.0,0.0,0.0,0.0,0.0,0.0,0.0,0.0,0.0,0.0,0.0,0.0,0.0,0.02,0.08,0.26,0.81,2.19,5.29,11.36,21.69,36.82,55.56,74.54,88.91,94.29,88.91,74.54,55.56,36.82,21.69,11.36,5.29,2.19,0.81,0.26,0.08,0.02,0.0,0.0,0.0,0.0,0.0,0.0,0.0,0.0,0.0,0.0,0.0,0.0,0.0,0.0,0.0,0.0,0.0,0.0,0.0,0.0,0.0,0.0,0.0,0.0,0.0,0.0,0.0,0.0,0.0,0.0,0.0,0.0,0.0,0.0,0.0,0.0,0.0,0.0,0.0,0.0,0.0,0.0,0.0,0.0,0.0,0.0,0.0,0.0,0.0,0.0,0.0,0.0,0.0,0.0,0.0,0.0,0.0,0.0,0.0,0.0,0.0,0.0,0.0,0.0,0.0,0.0,0.0,0.0,0.0,0.0,0.0,0.0,0.0,0.0,0.0,0.0,0.0,0.0,0.0,0.0,0.0,0.0,0.0,0.0,0.0,0.0,0.0,0.0,0.0,0.0,0.0,0.01,0.01,0.01,0.02,0.03,0.05,0.08,0.11,0.15,0.21,0.29,0.39,0.51,0.65,0.82,1.01,1.22,1.45,1.68,1.92,2.14,2.34,2.52,2.65,2.75,2.79,2.79,2.74,2.66,2.55,2.43,2.3,2.19,2.1,2.04,2.02,2.04,2.1,2.19,2.3,2.43,2.55,2.66,2.74,2.79,2.79,2.75,2.65,2.52,2.34,2.14,1.92,1.68,1.45,1.22,1.01,0.82,0.66,0.51,0.4,0.3,0.22,0.17,0.12,0.09,0.07,0.05,0.04,0.04,0.03,0.03,0.03,0.02,0.02,0.02,0.02,0.02,0.01,0.01,0.01,0.01,0.01,0.01,0.0,0.0,0.0,0.0,0.0,0.0,0.0,0.0,0.0,0.0,0.0,0.0,0.0,0.0,0.0,0.0,0.0,0.0,0.0,0.0,0.0,0.0,0.0,0.0,0.0,0.0,0.0,0.0,0.0,0.0,0.0,0.0,0.0,0.0,0.0,0.0,0.0,0.0,0.0,0.0,0.0,0.0,0.0,0.0,0.0,0.0,0.0,0.0,0.0,0.0,0.0,0.0,0.0,0.0,0.0,0.0,0.0,0.0,0.0,0.0,0.0,0.0
0.28,0.26,0.22,0.17,0.11,0.06,0.03,0.02,0.01,0.0,0.0,0.0,0.0,0.0,0.0,0.0,0.0,0.0,0.0,0.0,0.0,0.0,0.0,0.0,0.0,0.0,0.0,0.0,0.0,0.0,0.0,0.0,0.0,0.0,0.0,0.0,0.0,0.0,0.0,0.02,0.08,0.28,0.86,2.32,5.61,12.05,23.01,39.05,58.92,79.05,94.29,100.0,94.29,79.05,58.92,39.05,23.01,12.05,5.61,2.32,0.86,0.28,0.08,0.02,0.0,0.0,0.0,0.0,0.0,0.0,0.0,0.0,0.0,0.0,0.0,0.0,0.0,0.0,0.0,0.0,0.0,0.0,0.0,0.0,0.0,0.0,0.0,0.0,0.0,0.0,0.0,0.0,0.0,0.0,0.0,0.0,0.0,0.0,0.0,0.0,0.0,0.0,0.0,0.0,0.0,0.0,0.0,0.0,0.0,0.0,0.0,0.0,0.0,0.0,0.0,0.0,0.0,0.0,0.0,0.0,0.0,0.0,0.0,0.0,0.0,0.0,0.0,0.0,0.0,0.0,0.0,0.0,0.0,0.0,0.0,0.0,0.0,0.0,0.0,0.0,0.0,0.0,0.0,0.0,0.0,0.0,0.0,0.0,0.0,0.0,0.0,0.0,0.0,0.0,0.0,0.0,0.01,0.01,0.01,0.02,0.03,0.05,0.07,0.1,0.14,0.2,0.26,0.34,0.44,0.56,0.69,0.83,0.98,1.14,1.3,1.45,1.59,1.71,1.8,1.86,1.89,1.89,1.86,1.8,1.73,1.64,1.56,1.48,1.42,1.38,1.37,1.38,1.42,1.48,1.56,1.64,1.73,1.8,1.86,1.89,1.89,1.86,1.8,1.71,1.59,1.45,1.3,1.14,0.98,0.83,0.69,0.56,0.44,0.35,0.27,0.2,0.15,0.11,0.08,0.06,0.04,0.03,0.03,0.02,0.02,0.02,0.01,0.01,0.01,0.01,0.01,0.01,0.01,0.01,0.01,0.0,0.0,0.0,0.0,0.0,0.0,0.0,0.0,0.0,0.0,0.0,0.0,0.0,0.0,0.0,0.0,0.0,0.0,0.0,0.0,0.0,0.0,0.0,0.0,0.0,0.0,0.0,0.0,0.0,0.0,0.0,0.0,0.0,0.0,0.0,0.0,0.0,0.0,0.0,0.0,0.0,0.0,0.0,0.0,0.0,0.0,0.0,0.0,0.0,0.0,0.0,0.0,0.0,0.0,0.0,0.0,0.0,0.0,0.0,0.0,0.0,0.0,0.0,0.0,0.0
