0.0,0.0,0.0,0.0,0.0,0.0,0.0,0.0,0.0,0.0,0.0,0.0,0.0,0.0,0.0,0.0,0.0,0.0,0.0,0.0,0.0,0.0,0.0,0.0,0.0,0.0,0.0,0.0,0.0,0.0,0.0,0.0,0.0,0.0,0.0,0.0,0.0,0.0,0.0,0.0,0.0,0.0,0.0,0.0,0.0,0.0,0.0,0.0,0.0,0.0,0.0,0.0,0.0,0.0,0.0,0.0,0.0,0.0,0.0,0.0,0.0,0.0,0.0,0.0,0.0,0.0,0.0,0.0,0.0,0.0,0.0,0.0,0.0,0.0,0.0,0.0,0.0,0.0,0.0,0.0,0.0,0.0,0.0,0.0,0.0,0.0,0.0,0.0,0.0,0.0,0.0,0.0,0.0,0.0,0.0,0.0,0.0,0.0,0.0,0.0,0.0,0.0,0.0,0.0,0.0,0.0,0.0,0.0,0.0,0.0,0.0,0.0,0.0,0.0,0.0,0.0,0.0,0.0,0.0,0.0,0.0,0.0,0.0,0.0,0.0,0.0,0.01,0.01,0.02,0.03,0.04,0.05,0.07,0.08,0.09,0.09,0.09,0.08,0.07,0.05,0.04,0.03,0.02,0.01,0.01,0.0,0.0,0.0,0.0,0.0,0.0,0.0,0.0,0.0,0.0,0.0,0.0,0.0,0.0,0.0,0.0,0.0,0.0,0.0,0.01,0.03,0.09,0.24,0.58,1.31,2.76,5.42,9.92,16.9,26.83,39.68,54.64,70.08,83.71,93.14,96.51,93.14,83.71,70.08,54.64,39.68,26.83,16.9,9.92,5.42,2.76,1.31,0.58,0.24,0.09,0.03,0.01,0.0,0.0,0.0,0.0,0.0,0.0,0.0,0.0,0.0,0.0,0.0,0.0,0.0,0.0,0.0,0.0,0.0,0.0,0.0,0.0,0.0,0.0,0.0,0.0,0.0,0.0,0.0,0.0,0.0,0.0,0.0,0.0,0.0,0.0,0.0,0.0,0.0,0.0,0.0,0.0,0.0,0.0,0.0,0.0,0.0,0.0,0.0,0.0,0.0,0.0,0.0,0.0,0.0,0.0,0.0,0.0,0.0,0.0,0.0,0.0,0.0,0.0,0.0,0.0,0.0,0.0,0.0,0.0,0.0,0.0,0.0,0.0,0.0,0.0,0.0,0.0,0.0,0.0,0.0,0.0,0.0,0.0,0.0,0.0,0.0,0.0,0.0,0.0,0.0,0.0,0.0,0.0,0.0,0.0,0.0,0.0,0.0,0.0,0.0,0.0,0.0,0.0,0.0
0.0,0.0,0.0,0.0,0.0,0.0,0.0,0.0,0.0,0.0,0.0,0.0,0.0,0.0,0.0,0.0,0.0,0.0,0.0,0.0,0.0,0.0,0.0,0.0,0.0,0.0,0.0,0.0,0.0,0.0,0.0,0.0,0.0,0.0,0.0,0.0,0.0,0.0,0.0,0.0,0.0,0.0,0.0,0.0,0.0,0.0,0.0,0.0,0.0,0.0,0.0,0.0,0.0,0.0,0.0,0.0,0.0,0.0,0.0,0.0,0.0,0.0,0.0,0.0,0.0,0.0,0.0,0.0,0.0,0.0,0.0,0.0,0.0,0.0,0.0,0.0,0.0,0.0,0.0,0.0,0.0,0.0,0.0,0.0,0.0,0.0,0.0,0.0,0.0,0.0,0.0,0.0,0.0,0.0,0.0,0.0,0.0,0.0,0.0,0.0,0.0,0.0,0.0,0.0,0.0,0.0,0.0,0.0,0.0,0.0,0.0,0.0,0.0,0.0,0.0,0.0,0.0,0.0,0.0,0.0,0.0,0.0,0.0,0.0,0.0,0.01,0.01,0.03,0.04,0.07,0.1,0.14,0.18,0.21,0.24,0.25,0.24,0.21,0.18,0.14,0.1,0.07,0.04,0.03,0.01,0.01,0.0,0.0,0.0,0.0,0.0,0.0,0.0,0.0,0.0,0.0,0.0,0.0,0.0,0.0,0.0,0.0,0.0,0.0,0.01,0.03,0.08,0.21,0.52,1.17,2.48,4.87,8.91,15.19,24.12,35.66,49.11,62.99,75.24,83.71,86.74,83.71,75.24,62.99,49.11,35.66,24.12,15.19,8.91,4.87,2.48,1.17,0.52,0.21,0.08,0.03,0.01,0.0,0.0,0.0,0.0,0.0,0.0,0.0,0.0,0.0,0.0,0.0,0.0,0.0,0.0,0.0,0.0,0.0,0.0,0.0,0.0,0.0,0.0,0.0,0.0,0.0,0.0,0.0,0.0,0.0,0.0,0.0,0.0,0.0,0.0,0.0,0.0,0.0,0.0,0.0,0.0,0.0,0.0,0.0,0.0,0.0,0.0,0.0,0.0,0.0,0.0,0.0,0.0,0.0,0.0,0.0,0.0,0.0,0.0,0.0,0.0,0.0,0.0,0.0,0.0,0.0,0.0,0.0,0.0,0.0,0.0,0.0,0.0,0.0,0.0,0.0,0.0,0.0,0.0,0.0,0.0,0.0,0.0,0.0,0.0,0.0,0.0,0.0,0.0,0.0,0.0,0.0,0.0,0.0,0.0,0.0,0.0,0.0,0.0,0.0,0.0,0.0,0.0,0.0
0.0,0.0,0.0,0.0,0.0,0.0,0.0,0.0,0.0,0.0,0.0,0.0,0.0,0.0,0.0,0.0,0.0,0.0,0.0,0.0,0.0,0.0,0.0,0.0,0.0,0.0,0.0,0.0,0.0,0.0,0.0,0.0,0.0,0.0,0.0,0.0,0.0,0.0,0.0,0.0,0.0,0.0,0.0,0.0,0.0,0.0,0.0,0.0,0.0,0.0,0.0,0.0,0.0,0.0,0.0,0.0,0.0,0.0,0.0,0.0,0.0,0.0,0.0,0.0,0.0,0.0,0.0,0.0,0.0,0.0,0.0,0.0,0.0,0.0,0.0,0.0,0.0,0.0,0.0,0.0,0.0,0.0,0.0,0.0,0.0,0.0,0.0,0.0,0.0,0.0,0.0,0.0,0.0,0.0,0.0,0.0,0.0,0.0,0.0,0.0,0.0,0.0,0.0,0.0,0.0,0.0,0.0,0.0,0.0,0.0,0.0,0.0,0.0,0.0,0.0,0.0,0.0,0.0,0.0,0.0,0.0,0.0,0.0,0.0,0.01,0.02,0.03,0.06,0.1,0.17,0.25,0.34,0.43,0.52,0.58,0.6,0.58,0.52,0.43,0.34,0.25,0.17,0.11,0.06,0.03,0.02,0.01,0.01,0.0,0.0,0.0,0.0,0.0,0.0,0.0,0.0,0.0,0.0,0.0,0.0,0.0,0.0,0.0,0.0,0.01,0.02,0.07,0.18,0.43,0.98,2.07,4.08,7.46,12.72,20.19,29.85,41.11,52.73,62.99,70.08,72.61,70.08,62.99,52.73,41.11,29.85,20.19,12.72,7.46,4.08,2.07,0.98,0.43,0.18,0.07,0.02,0.01,0.0,0.0,0.0,0.0,0.0,0.0,0.0,0.0,0.0,0.0,0.0,0.0,0.0,0.0,0.0,0.0,0.0,0.0,0.0,0.0,0.0,0.0,0.0,0.0,0.0,0.0,0.0,0.0,0.0,0.0,0.0,0.0,0.0,0.0,0.0,0.0,0.0,0.0,0.0,0.0,0.0,0.0,0.0,0.0,0.0,0.0,0.0,0.0,0.0,0.0,0.0,0.0,0.0,0.0,0.0,0.0,0.0,0.0,0.0,0.0,0.0,0.0,0.0,0.0,0.0,0.0,0.0,0.0,0.0,0.0,0.0,0.0,0.0,0.0,0.0,0.0,0.0,0.0,0.0,0.0,0.0,0.0,0.0,0.0,0.0,0.0,0.0,0.0,0.0,0.0,0.0,0.0,0.0,0.0,0.0,0.0,0.0,0.0,0.0,0.0,0.0,0.0,0.0
0.0,0.0,0.0,0.0,0.0,0.0,0.0,0.0,0.0,0.0,0.0,0.0,0.0,0.0,0.0,0.0,0.0,0.0,0.0,0.0,0.0,0.0,0.0,0.0,0.0,0.0,0.0,0.0,0.0,0.0,0.0,0.0,0.0,0.0,0.0,0.0,0.0,0.0,0.0,0.0,0.0,0.0,0.0,0.0,0.0,0.0,0.0,0.0,0.0,0.0,0.0,0.0,0.0,0.0,0.0,0.0,0.0,0.0,0.0,0.0,0.0,0.0,0.0,0.0,0.0,0.0,0.0,0.0,0.0,0.0,0.0,0.0,0.0,0.0,0.0,0.0,0.0,0.0,0.0,0.0,0.0,0.0,0.0,0.0,0.0,0.0,0.0,0.0,0.0,0.0,0.0,0.0,0.0,0.0,0.0,0.0,0.0,0.0,0.0,0.0,0.0,0.0,0.0,0.0,0.0,0.0,0.0,0.0,0.0,0.0,0.0,0.0,0.0,0.0,0.0,0.0,0.0,0.0,0.0,0.0,0.0,0.0,0.0,0.01,0.02,0.04,0.08,0.14,0.24,0.38,0.56,0.77,0.98,1.17,1.31,1.35,1.31,1.17,0.98,0.77,0.56,0.38,0.24,0.14,0.08,0.04,0.02,0.02,0.01,0.01,0.01,0.01,0.01,0.01,0.01,0.0,0.0,0.0,0.0,0.0,0.0,0.0,0.0,0.0,0.01,0.02,0.05,0.14,0.34,0.77,1.62,3.18,5.82,9.92,15.74,23.28,32.05,41.11,49.11,54.64,56.62,54.64,49.11,41.11,32.05,23.28,15.74,9.92,5.82,3.18,1.62,0.77,0.34,0.14,0.05,0.02,0.01,0.0,0.0,0.0,0.0,0.0,0.0,0.0,0.0,0.0,0.0,0.0,0.0,0.0,0.0,0.0,0.0,0.0,0.0,0.0,0.0,0.0,0.0,0.0,0.0,0.0,0.0,0.0,0.0,0.0,0.0,0.0,0.0,0.0,0.0,0.0,0.0,0.0,0.0,0.0,0.0,0.0,0.0,0.0,0.0,0.0,0.0,0.0,0.0,0.0,0.0,0.0,0.0,0.0,0.0,0.0,0.0,0.0,0.0,0.0,0.0,0.0,0.0,0.0,0.0,0.0,0.0,0.0,0.0,0.0,0.0,0.0,0.0,0.0,0.0,0.0,0.0,0.0,0.0,0.0,0.0,0.0,0.0,0.0,0.0,0.0,0.0,0.0,0.0,0.0,0.0,0.0,0.0,0.0,0.0,0.0,0.0,0.0,0.0,0.0,0.0,0.0,0.0,0.0
0.0,0.0,0.0,0.0,0.0,0.0,0.0,0.0,0.0,0.0,0.0,0.0,0.0,0.0,0.0,0.0,0.0,0.0,0.0,0.0,0.0,0.0,0.0,0.0,0.0,0.0,0.0,0.0,0.0,0.0,0.0,0.0,0.0,0.0,0.0,0.0,0.0,0.0,0.0,0.0,0.0,0.0,0.0,0.0,0.0,0.0,0.0,0.0,0.0,0.0,0.0,0.0,0.0,0.0,0.0,0.0,0.0,0.0,0.0,0.0,0.0,0.0,0.0,0.0,0.0,0.0,0.0,0.0,0.0,0.0,0.0,0.0,0.0,0.0,0.0,0.0,0.0,0.0,0.0,0.0,0.0,0.0,0.0,0.0,0.0,0.0,0.0,0.0,0.0,0.0,0.0,0.0,0.0,0.0,0.0,0.0,0.0,0.0,0.0,0.0,0.0,0.0,0.0,0.0,0.0,0.0,0.0,0.0,0.0,0.0,0.0,0.0,0.0,0.0,0.0,0.0,0.0,0.0,0.0,0.0,0.0,0.0,0.01,0.02,0.04,0.08,0.16,0.29,0.5,0.79,1.17,1.62,2.07,2.48,2.76,2.86,2.76,2.48,2.07,1.62,1.18,0.8,0.5,0.3,0.17,0.1,0.06,0.04,0.04,0.04,0.03,0.03,0.03,0.02,0.02,0.01,0.01,0.01,0.0,0.0,0.0,0.0,0.0,0.0,0.0,0.01,0.04,0.1,0.25,0.56,1.17,2.31,4.22,7.2,11.43,16.9,23.28,29.85,35.66,39.68,41.11,39.68,35.66,29.85,23.28,16.9,11.43,7.2,4.22,2.31,1.17,0.56,0.25,0.1,0.04,0.01,0.0,0.0,0.0,0.0,0.0,0.0,0.0,0.0,0.0,0.0,0.0,0.0,0.0,0.0,0.0,0.0,0.0,0.0,0.0,0.0,0.0,0.0,0.0,0.0,0.0,0.0,0.0,0.0,0.0,0.0,0.0,0.0,0.0,0.0,0.0,0.0,0.0,0.0,0.0,0.0,0.0,0.0,0.0,0.0,0.0,0.0,0.0,0.0,0.0,0.0,0.0,0.0,0.0,0.0,0.0,0.0,0.0,0.0,0.0,0.0,0.0,0.0,0.0,0.0,0.0,0.0,0.0,0.0,0.0,0.0,0.0,0.0,0.0,0.0,0.0,0.0,0.0,0.0,0.0,0.0,0.0,0.0,0.0,0.0,0.0,0.0,0.0,0.0,0.0,0.0,0.0,0.0,0.0,0.0,0.0,0.0,0.0,0.0,0.0,0.0,0.0,0.0,0.0,0.0
0.0,0.0,0.0,0.0,0.0,0.0,0.0,0.0,0.0,0.0,0.0,0.0,0.0,0.0,0.0,0.0,0.0,0.0,0.0,0.0,0.0,0.0,0.0,0.0,0.0,0.0,0.0,0.0,0.0,0.0,0.0,0.0,0.0,0.0,0.0,0.0,0.0,0.0,0.0,0.0,0.0,0.0,0.0,0.0,0.0,0.0,0.0,0.0,0.0,0.0,0.0,0.0,0.0,0.0,0.0,0.0,0.0,0.0,0.0,0.0,0.0,0.0,0.0,0.0,0.0,0.0,0.0,0.0,0.0,0.0,0.0,0.0,0.0,0.0,0.0,0.0,0.0,0.0,0.0,0.0,0.0,0.0,0.0,0.0,0.0,0.0,0.0,0.0,0.0,0.0,0.0,0.0,0.0,0.0,0.0,0.0,0.0,0.0,0.0,0.0,0.0,0.0,0.0,0.0,0.0,0.0,0.0,0.0,0.0,0.0,0.0,0.0,0.0,0.0,0.0,0.0,0.0,0.0,0.0,0.0,0.0,0.01,0.01,0.03,0.08,0.16,0.32,0.58,0.98,1.56,2.31,3.18,4.08,4.87,5.42,5.61,5.42,4.87,4.08,3.18,2.31,1.57,0.99,0.59,0.34,0.2,0.13,0.1,0.1,0.1,0.1,0.09,0.08,0.07,0.05,0.04,0.03,0.02,0.01,0.01,0.0,0.0,0.0,0.0,0.0,0.01,0.03,0.07,0.17,0.38,0.79,1.56,2.86,4.87,7.73,11.43,15.74,20.19,24.12,26.83,27.8,26.83,24.12,20.19,15.74,11.43,7.73,4.87,2.86,1.56,0.79,0.38,0.17,0.07,0.03,0.01,0.0,0.0,0.0,0.0,0.0,0.0,0.0,0.0,0.0,0.0,0.0,0.0,0.0,0.0,0.0,0.0,0.0,0.0,0.0,0.0,0.0,0.0,0.0,0.0,0.0,0.0,0.0,0.0,0.0,0.0,0.0,0.0,0.0,0.0,0.0,0.0,0.0,0.0,0.0,0.0,0.0,0.0,0.0,0.0,0.0,0.0,0.0,0.0,0.0,0.0,0.0,0.0,0.0,0.0,0.0,0.0,0.0,0.0,0.0,0.0,0.0,0.0,0.0,0.0,0.0,0.0,0.0,0.0,0.0,0.0,0.0,0.0,0.0,0.0,0.0,0.0,0.0,0.0,0.0,0.0,0.0,0.0,0.0,0.0,0.0,0.0,0.0,0.0,0.0,0.0,0.0,0.0,0.0,0.0,0.0,0.0,0.0,0.0,0.0,0.0,0.0,0.0,0.0,0.0
0.0,0.0,0.0,0.0,0.0,0.0,0.0,0.0,0.0,0.0,0.0,0.0,0.0,0.0,0.0,0.0,0.0,0.0,0.0,0.0,0.0,0.0,0.0,0.0,0.0,0.0,0.0,0.0,0.0,0.0,0.0,0.0,0.0,0.0,0.0,0.0,0.0,0.0,0.0,0.0,0.0,0.0,0.0,0.0,0.0,0.0,0.0,0.0,0.0,0.0,0.0,0.0,0.0,0.0,0.0,0.0,0.0,0.0,0.0,0.0,0.0,0.0,0.0,0.0,0.0,0.0,0.0,0.0,0.0,0.0,0.0,0.0,0.0,0.0,0.0,0.0,0.0,0.0,0.0,0.0,0.0,0.0,0.0,0.0,0.0,0.0,0.0,0.0,0.0,0.0,0.0,0.0,0.0,0.0,0.0,0.0,0.0,0.0,0.0,0.0,0.0,0.0,0.0,0.0,0.0,0.0,0.0,0.0,0.0,0.0,0.0,0.0,0.0,0.0,0.0,0.0,0.0,0.0,0.0,0.0,0.0,0.01,0.03,0.06,0.14,0.29,0.58,1.06,1.8,2.86,4.22,5.82,7.46,8.91,9.92,10.27,9.92,8.91,7.46,5.82,4.23,2.87,1.82,1.1,0.65,0.39,0.28,0.24,0.24,0.25,0.25,0.24,0.21,0.18,0.14,0.1,0.07,0.04,0.03,0.01,0.01,0.0,0.0,0.0,0.0,0.01,0.02,0.04,0.1,0.24,0.5,0.98,1.8,3.07,4.87,7.2,9.92,12.72,15.19,16.9,17.51,16.9,15.19,12.72,9.92,7.2,4.87,3.07,1.8,0.98,0.5,0.24,0.1,0.04,0.02,0.01,0.0,0.0,0.0,0.0,0.0,0.0,0.0,0.0,0.0,0.0,0.0,0.0,0.0,0.0,0.0,0.0,0.0,0.0,0.0,0.0,0.0,0.0,0.0,0.0,0.0,0.0,0.0,0.0,0.0,0.0,0.0,0.0,0.0,0.0,0.0,0.0,0.0,0.0,0.0,0.0,0.0,0.0,0.0,0.0,0.0,0.0,0.0,0.0,0.0,0.0,0.0,0.0,0.0,0.0,0.0,0.0,0.0,0.0,0.0,0.0,0.0,0.0,0.0,0.0,0.0,0.0,0.0,0.0,0.0,0.0,0.0,0.0,0.0,0.0,0.0,0.0,0.0,0.0,0.0,0.0,0.0,0.0,0.0,0.0,0.0,0.0,0.0,0.0,0.0,0.0,0.0,0.0,0.0,0.0,0.0,0.0,0.0,0.0,0.0,0.0,0.0,0.0,0.0,0.0
0.0,0.0,0.0,0.0,0.0,0.0,0.0,0.0,0.0,0.0,0.0,0.0,0.0,0.0,0.0,0.0,0.0,0.0,0.0,0.0,0.0,0.0,0.0,0.0,0.0,0.0,0.0,0.0,0.0,0.0,0.0,0.0,0.0,0.0,0.0,0.0,0.0,0.0,0.0,0.0,0.0,0.0,0.0,0.0,0.0,0.0,0.0,0.0,0.0,0.0,0.0,0.0,0.0,0.0,0.0,0.0,0.0,0.0,0.0,0.0,0.0,0.0,0.0,0.0,0.0,0.0,0.0,0.0,0.0,0.0,0.0,0.0,0.0,0.0,0.0,0.0,0.0,0.0,0.0,0.0,0.0,0.0,0.0,0.0,0.0,0.0,0.0,0.0,0.0,0.0,0.0,0.0,0.0,0.0,0.0,0.0,0.0,0.0,0.0,0.0,0.0,0.0,0.0,0.0,0.0,0.0,0.0,0.0,0.0,0.0,0.0,0.0,0.0,0.0,0.0,0.0,0.0,0.0,0.0,0.0,0.01,0.02,0.05,0.11,0.24,0.5,0.99,1.8,3.07,4.87,7.2,9.92,12.72,15.19,16.9,17.51,16.9,15.19,12.72,9.92,7.22,4.9,3.13,1.9,1.15,0.75,0.58,0.54,0.56,0.59,0.6,0.58,0.52,0.43,0.34,0.25,0.17,0.1,0.06,0.03,0.02,0.01,0.0,0.0,0.0,0.0,0.01,0.03,0.06,0.14,0.29,0.58,1.06,1.8,2.86,4.22,5.82,7.46,8.91,9.92,10.27,9.92,8.91,7.46,5.82,4.22,2.86,1.8,1.06,0.58,0.29,0.14,0.06,0.03,0.01,0.0,0.0,0.0,0.0,0.0,0.0,0.0,0.0,0.0,0.0,0.0,0.0,0.0,0.0,0.0,0.0,0.0,0.0,0.0,0.0,0.0,0.0,0.0,0.0,0.0,0.0,0.0,0.0,0.0,0.0,0.0,0.0,0.0,0.0,0.0,0.0,0.0,0.0,0.0,0.0,0.0,0.0,0.0,0.0,0.0,0.0,0.0,0.0,0.0,0.0,0.0,0.0,0.0,0.0,0.0,0.0,0.0,0.0,0.0,0.0,0.0,0.0,0.0,0.0,0.0,0.0,0.0,0.0,0.0,0.0,0.0,0.0,0.0,0.0,0.0,0.0,0.0,0.0,0.0,0.0,0.0,0.0,0.0,0.0,0.0,0.0,0.0,0.0,0.0,0.0,0.0,0.0,0.0,0.0,0.0,0.0,0.0,0.0,0.0,0.0,0.0,0.0,0.0,0.0,0.0
0.0,0.0,0.0,0.0,0.0,0.0,0.0,0.0,0.0,0.0,0.0,0.0,0.0,0.0,0.0,0.0,0.0,0.0,0.0,0.0,0.0,0.0,0.0,0.0,0.0,0.0,0.0,0.0,0.0,0.0,0.0,0.0,0.0,0.0,0.0,0.0,0.0,0.0,0.0,0.0,0.0,0.0,0.0,0.0,0.0,0.0,0.0,0.0,0.0,0.0,0.0,0.0,0.0,0.0,0.0,0.0,0.0,0.0,0.0,0.0,0.0,0.0,0.0,0.0,0.0,0.0,0.0,0.0,0.0,0.0,0.0,0.0,0.0,0.0,0.0,0.0,0.0,0.0,0.0,0.0,0.0,0.0,0.0,0.0,0.0,0.0,0.0,0.0,0.0,0.0,0.0,0.0,0.0,0.0,0.0,0.0,0.0,0.0,0.0,0.0,0.0,0.0,0.0,0.0,0.0,0.0,0.0,0.0,0.0,0.0,0.0,0.0,0.0,0.0,0.0,0.0,0.0,0.0,0.0,0.01,0.01,0.03,0.08,0.18,0.39,0.81,1.57,2.87,4.88,7.74,11.44,15.74,20.19,24.12,26.83,27.8,26.83,24.12,20.2,15.76,11.47,7.81,5.01,3.09,1.94,1.35,1.14,1.15,1.24,1.33,1.36,1.31,1.18,0.98,0.77,0.56,0.38,0.24,0.14,0.08,0.04,0.02,0.01,0.0,0.0,0.0,0.01,0.01,0.03,0.08,0.16,0.32,0.58,0.98,1.56,2.31,3.18,4.08,4.87,5.42,5.61,5.42,4.87,4.08,3.18,2.31,1.56,0.98,0.58,0.32,0.16,0.08,0.03,0.02,0.01,0.01,0.01,0.01,0.01,0.01,0.01,0.01,0.01,0.01,0.01,0.0,0.0,0.0,0.0,0.0,0.0,0.0,0.0,0.0,0.0,0.0,0.0,0.0,0.0,0.0,0.0,0.0,0.0,0.0,0.0,0.0,0.0,0.0,0.0,0.0,0.0,0.0,0.0,0.0,0.0,0.0,0.0,0.0,0.0,0.0,0.0,0.0,0.0,0.0,0.0,0.0,0.0,0.0,0.0,0.0,0.0,0.0,0.0,0.0,0.0,0.0,0.0,0.0,0.0,0.0,0.0,0.0,0.0,0.0,0.0,0.0,0.0,0.0,0.0,0.0,0.0,0.0,0.0,0.0,0.0,0.0,0.0,0.0,0.0,0.0,0.0,0.0,0.0,0.0,0.0,0.0,0.0,0.0,0.0,0.0,0.0,0.0,0.0,0.0,0.0,0.0,0.0,0.0,0.0,0.0
0.0,0.0,0.0,0.0,0.0,0.0,0.0,0.0,0.0,0.0,0.0,0.0,0.0,0.0,0.0,0.0,0.0,0.0,0.0,0.0,0.0,0.0,0.0,0.0,0.0,0.0,0.0,0.0,0.0,0.0,0.0,0.0,0.0,0.0,0.0,0.0,0.0,0.0,0.0,0.0,0.0,0.0,0.0,0.0,0.0,0.0,0.0,0.0,0.0,0.0,0.0,0.0,0.0,0.0,0.0,0.0,0.0,0.0,0.0,0.0,0.0,0.0,0.0,0.0,0.0,0.0,0.0,0.0,0.0,0.0,0.0,0.0,0.0,0.0,0.0,0.0,0.0,0.0,0.0,0.0,0.0,0.0,0.0,0.0,0.0,0.0,0.0,0.0,0.0,0.0,0.0,0.0,0.0,0.0,0.0,0.0,0.0,0.0,0.0,0.0,0.0,0.0,0.0,0.0,0.0,0.0,0.0,0.0,0.0,0.0,0.0,0.0,0.0,0.0,0.0,0.0,0.0,0.0,0.01,0.01,0.03,0.06,0.13,0.27,0.59,1.21,2.34,4.25,7.22,11.45,16.92,23.28,29.86,35.66,39.68,41.11,39.68,35.67,29.87,23.31,16.98,11.59,7.49,4.72,3.1,2.35,2.17,2.32,2.58,2.8,2.87,2.76,2.48,2.07,1.62,1.17,0.79,0.5,0.29,0.16,0.08,0.04,0.02,0.01,0.0,0.0,0.0,0.01,0.02,0.04,0.08,0.16,0.29,0.5,0.79,1.17,1.62,2.07,2.48,2.76,2.86,2.76,2.48,2.07,1.62,1.17,0.79,0.5,0.29,0.16,0.08,0.04,0.02,0.01,0.01,0.01,0.02,0.02,0.03,0.03,0.03,0.03,0.03,0.02,0.02,0.01,0.01,0.01,0.0,0.0,0.0,0.0,0.0,0.0,0.0,0.0,0.0,0.0,0.0,0.0,0.0,0.0,0.0,0.0,0.0,0.0,0.0,0.0,0.0,0.0,0.0,0.0,0.0,0.0,0.0,0.0,0.0,0.0,0.0,0.0,0.0,0.0,0.0,0.0,0.0,0.0,0.0,0.0,0.0,0.0,0.0,0.0,0.0,0.0,0.0,0.0,0.0,0.0,0.0,0.0,0.0,0.0,0.0,0.0,0.0,0.0,0.0,0.0,0.0,0.0,0.0,0.0,0.0,0.0,0.0,0.0,0.0,0.0,0.0,0.0,0.0,0.0,0.0,0.0,0.0,0.0,0.0,0.0,0.0,0.0,0.0,0.0,0.0,0.0,0.0,0.0,0.0,0.0,0.0,0.0
0.0,0.0,0.0,0.0,0.0,0.0,0.0,0.0,0.0,0.0,0.0,0.0,0.0,0.0,0.0,0.0,0.0,0.0,0.0,0.0,0.0,0.0,0.0,0.0,0.0,0.0,0.0,0.0,0.0,0.0,0.0,0.0,0.0,0.0,0.0,0.0,0.0,0.0,0.0,0.0,0.0,0.0,0.0,0.0,0.0,0.0,0.0,0.0,0.0,0.0,0.0,0.0,0.0,0.0,0.0,0.0,0.0,0.0,0.0,0.0,0.0,0.0,0.0,0.0,0.0,0.0,0.0,0.0,0.0,0.0,0.0,0.0,0.0,0.0,0.0,0.0,0.0,0.0,0.0,0.0,0.0,0.0,0.0,0.0,0.0,0.0,0.0,0.0,0.0,0.0,0.0,0.0,0.0,0.0,0.0,0.0,0.0,0.0,0.0,0.0,0.0,0.0,0.0,0.0,0.0,0.0,0.0,0.0,0.0,0.0,0.0,0.0,0.0,0.0,0.0,0.0,0.01,0.01,0.02,0.03,0.06,0.11,0.21,0.42,0.86,1.71,3.27,5.9,9.98,15.79,23.31,32.08,41.13,49.12,54.64,56.62,54.64,49.12,41.15,32.13,23.44,16.06,10.49,6.8,4.74,3.93,3.94,4.41,5.01,5.47,5.63,5.42,4.87,4.08,3.18,2.31,1.56,0.98,0.58,0.32,0.16,0.08,0.03,0.01,0.01,0.0,0.0,0.0,0.01,0.02,0.04,0.08,0.14,0.24,0.38,0.56,0.77,0.98,1.17,1.31,1.35,1.31,1.17,0.98,0.77,0.56,0.38,0.24,0.14,0.08,0.04,0.02,0.02,0.02,0.03,0.04,0.05,0.07,0.08,0.09,0.09,0.09,0.08,0.07,0.05,0.04,0.03,0.02,0.01,0.01,0.0,0.0,0.0,0.0,0.0,0.0,0.0,0.0,0.0,0.0,0.0,0.0,0.0,0.0,0.0,0.0,0.0,0.0,0.0,0.0,0.0,0.0,0.0,0.0,0.0,0.0,0.0,0.0,0.0,0.0,0.0,0.0,0.0,0.0,0.0,0.0,0.0,0.0,0.0,0.0,0.0,0.0,0.0,0.0,0.0,0.0,0.0,0.0,0.0,0.0,0.0,0.0,0.0,0.0,0.0,0.0,0.0,0.0,0.0,0.0,0.0,0.0,0.0,0.0,0.0,0.0,0.0,0.0,0.0,0.0,0.0,0.0,0.0,0.0,0.0,0.0,0.0,0.0,0.0,0.0,0.0,0.0,0.0,0.0,0.0,0.0,0.0,0.0,0.0,0.0
0.0,0.0,0.0,0.0,0.0,0.0,0.0,0.0,0.0,0.0,0.0,0.0,0.0,0.0,0.0,0.0,0.0,0.0,0.0,0.0,0.0,0.0,0.0,0.0,0.0,0.0,0.0,0.0,0.0,0.0,0.0,0.0,0.0,0.0,0.0,0.0,0.0,0.0,0.0,0.0,0.0,0.0,0.0,0.0,0.0,0.0,0.0,0.0,0.0,0.0,0.0,0.0,0.0,0.0,0.0,0.0,0.0,0.0,0.0,0.0,0.0,0.0,0.0,0.0,0.0,0.0,0.0,0.0,0.0,0.0,0.0,0.0,0.0,0.0,0.0,0.0,0.0,0.0,0.0,0.0,0.0,0.0,0.0,0.0,0.0,0.0,0.0,0.0,0.0,0.0,0.0,0.0,0.0,0.0,0.0,0.0,0.0,0.0,0.0,0.0,0.0,0.0,0.0,0.0,0.0,0.0,0.0,0.0,0.0,0.0,0.0,0.0,0.0,0.0,0.0,0.01,0.01,0.03,0.05,0.08,0.13,0.21,0.36,0.65,1.22,2.32,4.31,7.67,12.9,20.33,29.95,41.18,52.77,63.01,70.09,72.63,70.09,63.01,52.79,41.25,30.15,20.77,13.77,9.26,6.93,6.3,6.8,7.89,9.09,9.98,10.3,9.92,8.91,7.46,5.82,4.22,2.86,1.8,1.06,0.58,0.29,0.14,0.06,0.03,0.01,0.0,0.0,0.0,0.0,0.01,0.02,0.03,0.06,0.1,0.17,0.25,0.34,0.43,0.52,0.58,0.6,0.58,0.52,0.43,0.34,0.25,0.17,0.11,0.06,0.04,0.02,0.02,0.03,0.04,0.07,0.1,0.14,0.18,0.21,0.24,0.25,0.24,0.21,0.18,0.14,0.1,0.07,0.04,0.03,0.01,0.01,0.0,0.0,0.0,0.0,0.0,0.0,0.0,0.0,0.0,0.0,0.0,0.0,0.0,0.0,0.0,0.0,0.0,0.0,0.0,0.0,0.0,0.0,0.0,0.0,0.0,0.0,0.0,0.0,0.0,0.0,0.0,0.0,0.0,0.0,0.0,0.0,0.0,0.0,0.0,0.0,0.0,0.0,0.0,0.0,0.0,0.0,0.0,0.0,0.0,0.0,0.0,0.0,0.0,0.0,0.0,0.0,0.0,0.0,0.0,0.0,0.0,0.0,0.0,0.0,0.0,0.0,0.0,0.0,0.0,0.0,0.0,0.0,0.0,0.0,0.0,0.0,0.0,0.0,0.0,0.0,0.0,0.0,0.0,0.0,0.0,0.0,0.0,0.0,0.0
0.0,0.0,0.0,0.0,0.0,0.0,0.0,0.0,0.0,0.0,0.0,0.0,0.0,0.0,0.0,0.0,0.0,0.0,0.0,0.0,0.0,0.0,0.0,0.0,0.0,0.0,0.0,0.0,0.0,0.0,0.0,0.0,0.0,0.0,0.0,0.0,0.0,0.0,0.0,0.0,0.0,0.0,0.0,0.0,0.0,0.0,0.0,0.0,0.0,0.0,0.0,0.0,0.0,0.0,0.0,0.0,0.0,0.0,0.0,0.0,0.0,0.0,0.0,0.0,0.0,0.0,0.0,0.0,0.0,0.0,0.0,0.0,0.0,0.0,0.0,0.0,0.0,0.0,0.0,0.0,0.0,0.0,0.0,0.0,0.0,0.0,0.0,0.0,0.0,0.0,0.0,0.0,0.0,0.0,0.0,0.0,0.0,0.0,0.0,0.0,0.0,0.0,0.0,0.0,0.0,0.0,0.0,0.0,0.0,0.0,0.0,0.0,0.0,0.0,0.01,0.02,0.03,0.06,0.11,0.18,0.27,0.42,0.65,1.04,1.75,3.08,5.45,9.43,15.63,24.46,35.91,49.28,63.09,75.31,83.75,86.77,83.74,75.29,63.09,49.35,36.16,25.1,16.99,11.98,9.74,9.68,11.09,13.24,15.4,16.98,17.54,16.91,15.19,12.72,9.92,7.2,4.87,3.07,1.8,0.98,0.5,0.24,0.1,0.04,0.02,0.01,0.0,0.0,0.0,0.0,0.01,0.01,0.03,0.04,0.07,0.1,0.14,0.18,0.21,0.24,0.25,0.24,0.21,0.18,0.14,0.1,0.07,0.04,0.03,0.02,0.02,0.04,0.06,0.11,0.17,0.25,0.34,0.43,0.52,0.58,0.6,0.58,0.52,0.43,0.34,0.25,0.17,0.1,0.06,0.03,0.02,0.01,0.0,0.0,0.0,0.0,0.0,0.0,0.0,0.0,0.0,0.0,0.0,0.0,0.0,0.0,0.0,0.0,0.0,0.0,0.0,0.0,0.0,0.0,0.0,0.0,0.0,0.0,0.0,0.0,0.0,0.0,0.0,0.0,0.0,0.0,0.0,0.0,0.0,0.0,0.0,0.0,0.0,0.0,0.0,0.0,0.0,0.0,0.0,0.0,0.0,0.0,0.0,0.0,0.0,0.0,0.0,0.0,0.0,0.0,0.0,0.0,0.0,0.0,0.0,0.0,0.0,0.0,0.0,0.0,0.0,0.0,0.0,0.0,0.0,0.0,0.0,0.0,0.0,0.0,0.0,0.0,0.0,0.0,0.0,0.0,0.0,0.0,0.0,0.0
0.0,0.0,0.0,0.0,0.0,0.0,0.0,0.0,0.0,0.0,0.0,0.0,0.0,0.0,0.0,0.0,0.0,0.0,0.0,0.0,0.0,0.0,0.0,0.0,0.0,0.0,0.0,0.0,0.0,0.0,0.0,0.0,0.0,0.0,0.0,0.0,0.0,0.0,0.0,0.0,0.0,0.0,0.0,0.0,0.0,0.0,0.0,0.0,0.0,0.0,0.0,0.0,0.0,0.0,0.0,0.0,0.0,0.0,0.0,0.0,0.0,0.0,0.0,0.0,0.0,0.0,0.0,0.0,0.0,0.0,0.0,0.0,0.0,0.0,0.0,0.0,0.0,0.0,0.0,0.0,0.0,0.0,0.0,0.0,0.0,0.0,0.0,0.0,0.0,0.0,0.0,0.0,0.0,0.0,0.0,0.0,0.0,0.0,0.0,0.0,0.0,0.0,0.0,0.0,0.0,0.0,0.0,0.0,0.0,0.0,0.0,0.0,0.0,0.01,0.02,0.04,0.08,0.14,0.24,0.39,0.59,0.86,1.22,1.75,2.61,4.11,6.72,11.09,17.88,27.6,40.23,55.01,70.32,83.85,93.21,96.55,93.18,83.79,70.25,55.02,40.47,28.39,19.76,14.78,13.15,14.19,17.05,20.77,24.35,26.92,27.84,26.84,24.12,20.19,15.74,11.43,7.73,4.87,2.86,1.56,0.79,0.38,0.17,0.07,0.03,0.01,0.0,0.0,0.0,0.0,0.0,0.01,0.01,0.02,0.03,0.04,0.05,0.07,0.08,0.09,0.09,0.09,0.08,0.07,0.05,0.04,0.03,0.02,0.02,0.02,0.04,0.08,0.14,0.24,0.38,0.56,0.77,0.98,1.17,1.31,1.35,1.31,1.17,0.98,0.77,0.56,0.38,0.24,0.14,0.08,0.04,0.02,0.01,0.0,0.0,0.0,0.0,0.0,0.0,0.0,0.0,0.0,0.0,0.0,0.0,0.0,0.0,0.0,0.0,0.0,0.0,0.0,0.0,0.0,0.0,0.0,0.0,0.0,0.0,0.0,0.0,0.0,0.0,0.0,0.0,0.0,0.0,0.0,0.0,0.0,0.0,0.0,0.0,0.0,0.0,0.0,0.0,0.0,0.0,0.0,0.0,0.0,0.0,0.0,0.0,0.0,0.0,0.0,0.0,0.0,0.0,0.0,0.0,0.0,0.0,0.0,0.0,0.0,0.0,0.0,0.0,0.0,0.0,0.0,0.0,0.0,0.0,0.0,0.0,0.0,0.0,0.0,0.0,0.0,0.0,0.0,0.0,0.0,0.0,0.0
0.0,0.0,0.0,0.0,0.0,0.0,0.0,0.0,0.0,0.0,0.0,0.0,0.0,0.0,0.0,0.0,0.0,0.0,0.0,0.0,0.0,0.0,0.0,0.0,0.0,0.0,0.0,0.0,0.0,0.0,0.0,0.0,0.0,0.0,0.0,0.0,0.0,0.0,0.0,0.0,0.0,0.0,0.0,0.0,0.0,0.0,0.0,0.0,0.0,0.0,0.0,0.0,0.0,0.0,0.0,0.0,0.0,0.0,0.0,0.0,0.0,0.0,0.0,0.0,0.0,0.0,0.0,0.0,0.0,0.0,0.0,0.0,0.0,0.0,0.0,0.0,0.0,0.0,0.0,0.0,0.0,0.0,0.0,0.0,0.0,0.0,0.0,0.0,0.0,0.0,0.0,0.0,0.0,0.0,0.0,0.0,0.0,0.0,0.0,0.0,0.0,0.0,0.0,0.0,0.0,0.0,0.0,0.0,0.0,0.0,0.0,0.0,0.01,0.02,0.04,0.08,0.16,0.29,0.5,0.81,1.21,1.71,2.32,3.08,4.11,5.71,8.37,12.75,19.59,29.42,42.29,57.41,73.12,87.04,96.67,100.1,96.58,86.86,72.87,57.17,42.29,30.11,21.74,17.47,17.04,19.76,24.63,30.45,35.91,39.77,41.14,39.69,35.66,29.85,23.28,16.9,11.43,7.2,4.22,2.31,1.17,0.56,0.25,0.1,0.04,0.01,0.0,0.0,0.0,0.0,0.0,0.0,0.0,0.01,0.01,0.01,0.02,0.02,0.03,0.03,0.03,0.03,0.03,0.02,0.02,0.01,0.01,0.01,0.02,0.04,0.08,0.16,0.29,0.5,0.79,1.17,1.62,2.07,2.48,2.76,2.86,2.76,2.48,2.07,1.62,1.17,0.79,0.5,0.29,0.16,0.08,0.04,0.02,0.01,0.0,0.0,0.0,0.0,0.0,0.0,0.0,0.0,0.0,0.0,0.0,0.0,0.0,0.0,0.0,0.0,0.0,0.0,0.0,0.0,0.0,0.0,0.0,0.0,0.0,0.0,0.0,0.0,0.0,0.0,0.0,0.0,0.0,0.0,0.0,0.0,0.0,0.0,0.0,0.0,0.0,0.0,0.0,0.0,0.0,0.0,0.0,0.0,0.0,0.0,0.0,0.0,0.0,0.0,0.0,0.0,0.0,0.0,0.0,0.0,0.0,0.0,0.0,0.0,0.0,0.0,0.0,0.0,0.0,0.0,0.0,0.0,0.0,0.0,0.0,0.0,0.0,0.0,0.0,0.0,0.0,0.0,0.0,0.0,0.0,0.0
0.0,0.0,0.0,0.0,0.0,0.0,0.0,0.0,0.0,0.0,0.0,0.0,0.0,0.0,0.0,0.0,0.0,0.0,0.0,0.0,0.0,0.0,0.0,0.0,0.0,0.0,0.0,0.0,0.0,0.0,0.0,0.0,0.0,0.0,0.0,0.0,0.0,0.0,0.0,0.0,0.0,0.0,0.0,0.0,0.0,0.0,0.0,0.0,0.0,0.0,0.0,0.0,0.0,0.0,0.0,0.0,0.0,0.0,0.0,0.0,0.0,0.0,0.0,0.0,0.0,0.0,0.0,0.0,0.0,0.0,0.0,0.0,0.0,0.0,0.0,0.0,0.0,0.0,0.0,0.0,0.0,0.0,0.0,0.0,0.0,0.0,0.0,0.0,0.0,0.0,0.0,0.0,0.0,0.0,0.0,0.0,0.0,0.0,0.0,0.0,0.0,0.0,0.0,0.0,0.0,0.0,0.0,0.0,0.0,0.0,0.0,0.01,0.01,0.03,0.08,0.16,0.32,0.58,0.99,1.57,2.34,3.27,4.31,5.45,6.72,8.37,10.84,14.78,20.98,30.01,41.98,56.2,71.06,84.29,93.46,96.69,93.27,83.89,70.43,55.41,41.29,30.01,22.72,19.83,21.16,26.03,33.36,41.69,49.35,54.73,56.65,54.65,49.11,41.11,32.05,23.28,15.74,9.92,5.82,3.18,1.62,0.77,0.34,0.14,0.05,0.02,0.01,0.0,0.0,0.0,0.0,0.0,0.0,0.0,0.0,0.0,0.01,0.01,0.01,0.01,0.01,0.01,0.01,0.01,0.01,0.01,0.01,0.02,0.03,0.08,0.16,0.32,0.58,0.98,1.56,2.31,3.18,4.08,4.87,5.42,5.61,5.42,4.87,4.08,3.18,2.31,1.56,0.98,0.58,0.32,0.16,0.08,0.03,0.01,0.01,0.0,0.0,0.0,0.0,0.0,0.0,0.0,0.0,0.0,0.0,0.0,0.0,0.0,0.0,0.0,0.0,0.0,0.0,0.0,0.0,0.0,0.0,0.0,0.0,0.0,0.0,0.0,0.0,0.0,0.0,0.0,0.0,0.0,0.0,0.0,0.0,0.0,0.0,0.0,0.0,0.0,0.0,0.0,0.0,0.0,0.0,0.0,0.0,0.0,0.0,0.0,0.0,0.0,0.0,0.0,0.0,0.0,0.0,0.0,0.0,0.0,0.0,0.0,0.0,0.0,0.0,0.0,0.0,0.0,0.0,0.0,0.0,0.0,0.0,0.0,0.0,0.0,0.0,0.0,0.0,0.0,0.0,0.0,0.0,0.0
0.0,0.0,0.0,0.0,0.0,0.0,0.0,0.0,0.0,0.0,0.0,0.0,0.0,0.0,0.0,0.0,0.0,0.0,0.0,0.0,0.0,0.0,0.0,0.0,0.0,0.0,0.0,0.0,0.0,0.0,0.0,0.0,0.0,0.0,0.0,0.0,0.0,0.0,0.0,0.0,0.0,0.0,0.0,0.0,0.0,0.0,0.0,0.0,0.0,0.0,0.0,0.0,0.0,0.0,0.0,0.0,0.0,0.0,0.0,0.0,0.0,0.0,0.0,0.0,0.0,0.0,0.0,0.0,0.0,0.0,0.0,0.0,0.0,0.0,0.0,0.0,0.0,0.0,0.0,0.0,0.0,0.0,0.0,0.0,0.0,0.0,0.0,0.0,0.0,0.0,0.0,0.0,0.0,0.0,0.0,0.0,0.0,0.0,0.0,0.0,0.0,0.0,0.0,0.0,0.0,0.0,0.0,0.0,0.0,0.0,0.0,0.01,0.03,0.06,0.14,0.29,0.58,1.06,1.8,2.87,4.25,5.9,7.67,9.43,11.09,12.75,14.79,17.82,22.65,29.93,39.89,51.97,64.79,76.3,84.3,87.06,83.92,75.48,63.45,50.1,37.74,28.2,22.65,21.63,25.06,32.33,42.29,53.25,63.2,70.16,72.64,70.09,62.99,52.73,41.11,29.85,20.19,12.72,7.46,4.08,2.07,0.98,0.43,0.18,0.07,0.02,0.01,0.0,0.0,0.0,0.0,0.0,0.0,0.0,0.0,0.0,0.0,0.0,0.0,0.0,0.0,0.0,0.0,0.0,0.0,0.0,0.01,0.03,0.06,0.14,0.29,0.58,1.06,1.8,2.86,4.22,5.82,7.46,8.91,9.92,10.27,9.92,8.91,7.46,5.82,4.22,2.86,1.8,1.06,0.58,0.29,0.14,0.06,0.03,0.01,0.0,0.0,0.0,0.0,0.0,0.0,0.0,0.0,0.0,0.0,0.0,0.0,0.0,0.0,0.0,0.0,0.0,0.0,0.0,0.0,0.0,0.0,0.0,0.0,0.0,0.0,0.0,0.0,0.01,0.07,0.15,0.07,0.01,0.0,0.0,0.0,0.0,0.0,0.01,0.07,0.15,0.07,0.01,0.0,0.0,0.0,0.0,0.0,0.0,0.0,0.0,0.0,0.0,0.0,0.0,0.0,0.0,0.0,0.0,0.0,0.0,0.0,0.0,0.0,0.0,0.0,0.0,0.0,0.0,0.0,0.0,0.0,0.0,0.0,0.0,0.0,0.0,0.0,0.0,0.0,0.0,0.0,0.0,0.0,0.0
0.0,0.0,0.0,0.0,0.0,0.0,0.0,0.0,0.0,0.0,0.0,0.0,0.0,0.0,0.0,0.0,0.0,0.0,0.0,0.0,0.0,0.0,0.0,0.0,0.0,0.0,0.0,0.0,0.0,0.0,0.0,0.0,0.0,0.0,0.0,0.0,0.0,0.0,0.0,0.0,0.0,0.0,0.0,0.0,0.0,0.0,0.0,0.0,0.0,0.0,0.0,0.0,0.0,0.0,0.0,0.0,0.0,0.0,0.0,0.0,0.0,0.0,0.0,0.0,0.0,0.0,0.0,0.0,0.0,0.0,0.0,0.0,0.0,0.0,0.0,0.0,0.0,0.0,0.0,0.0,0.0,0.0,0.0,0.0,0.0,0.0,0.0,0.0,0.0,0.0,0.0,0.0,0.0,0.0,0.0,0.0,0.0,0.0,0.0,0.0,0.0,0.0,0.0,0.0,0.0,0.0,0.0,0.0,0.0,0.0,0.01,0.02,0.05,0.11,0.24,0.5,0.99,1.8,3.07,4.88,7.23,9.99,12.9,15.63,17.89,19.59,20.98,22.65,25.44,30.11,37.05,45.98,55.8,64.79,71.07,73.14,70.4,63.31,53.29,42.3,32.34,25.06,21.63,22.65,28.19,37.74,50.09,63.42,75.42,83.78,86.77,83.72,75.25,62.99,49.11,35.66,24.12,15.19,8.91,4.87,2.48,1.17,0.52,0.21,0.08,0.03,0.01,0.0,0.0,0.0,0.0,0.0,0.0,0.0,0.0,0.0,0.0,0.0,0.0,0.0,0.0,0.0,0.0,0.0,0.0,0.01,0.02,0.04,0.1,0.24,0.5,0.98,1.8,3.07,4.87,7.2,9.92,12.72,15.19,16.9,17.51,16.9,15.19,12.72,9.92,7.2,4.87,3.07,1.8,0.98,0.5,0.24,0.1,0.04,0.02,0.01,0.0,0.0,0.0,0.0,0.0,0.0,0.0,0.0,0.0,0.0,0.0,0.0,0.0,0.0,0.0,0.0,0.0,0.0,0.0,0.0,0.0,0.0,0.0,0.0,0.0,0.0,0.01,0.32,2.73,5.61,2.73,0.32,0.01,0.0,0.0,0.0,0.01,0.32,2.73,5.61,2.73,0.32,0.01,0.0,0.0,0.0,0.0,0.0,0.0,0.0,0.0,0.0,0.0,0.0,0.0,0.0,0.0,0.0,0.0,0.0,0.0,0.0,0.0,0.0,0.0,0.0,0.0,0.0,0.0,0.0,0.0,0.0,0.0,0.0,0.0,0.0,0.0,0.0,0.0,0.0,0.0,0.0,0.0,0.0
0.0,0.0,0.0,0.0,0.0,0.0,0.0,0.0,0.0,0.0,0.0,0.0,0.0,0.0,0.0,0.0,0.0,0.0,0.0,0.0,0.0,0.0,0.0,0.0,0.0,0.0,0.0,0.0,0.0,0.0,0.0,0.0,0.0,0.0,0.0,0.0,0.0,0.0,0.0,0.0,0.0,0.0,0.0,0.0,0.0,0.0,0.0,0.0,0.0,0.0,0.0,0.0,0.0,0.0,0.0,0.0,0.0,0.0,0.0,0.0,0.0,0.0,0.0,0.0,0.0,0.0,0.0,0.0,0.0,0.0,0.0,0.0,0.0,0.0,0.0,0.0,0.0,0.0,0.0,0.0,0.0,0.0,0.0,0.0,0.0,0.0,0.0,0.0,0.0,0.0,0.0,0.0,0.0,0.0,0.0,0.0,0.0,0.0,0.0,0.0,0.0,0.0,0.0,0.0,0.0,0.0,0.0,0.0,0.0,0.01,0.01,0.03,0.08,0.18,0.39,0.81,1.57,2.87,4.88,7.75,11.46,15.8,20.34,24.47,27.61,29.43,30.02,29.94,30.11,31.49,34.71,39.79,45.98,51.97,56.21,57.44,55.11,49.51,41.76,33.39,26.04,21.16,19.83,22.72,30.01,41.3,55.41,70.42,83.86,93.2,96.54,93.15,83.72,70.09,54.64,39.68,26.84,16.9,9.92,5.42,2.76,1.31,0.58,0.24,0.09,0.03,0.01,0.0,0.0,0.0,0.0,0.0,0.0,0.0,0.0,0.0,0.0,0.0,0.0,0.0,0.0,0.0,0.0,0.0,0.0,0.01,0.03,0.07,0.17,0.38,0.79,1.56,2.86,4.87,7.73,11.43,15.74,20.19,24.12,26.83,27.8,26.83,24.12,20.19,15.74,11.43,7.73,4.87,2.86,1.56,0.79,0.38,0.17,0.07,0.03,0.01,0.0,0.0,0.0,0.0,0.0,0.0,0.0,0.0,0.0,0.0,0.0,0.0,0.0,0.0,0.0,0.0,0.0,0.0,0.0,0.0,0.0,0.0,0.0,0.0,0.0,0.0,0.07,2.73,23.69,48.68,23.69,2.73,0.07,0.0,0.0,0.0,0.07,2.73,23.69,48.68,23.69,2.73,0.07,0.0,0.0,0.0,0.0,0.0,0.0,0.0,0.0,0.0,0.0,0.0,0.0,0.0,0.0,0.0,0.0,0.0,0.0,0.0,0.0,0.0,0.0,0.0,0.0,0.0,0.0,0.0,0.0,0.0,0.0,0.0,0.0,0.0,0.0,0.0,0.0,0.0,0.0,0.0,0.0,0.0
0.0,0.0,0.0,0.0,0.0,0.0,0.0,0.0,0.0,0.0,0.0,0.0,0.0,0.0,0.0,0.0,0.0,0.0,0.0,0.0,0.0,0.0,0.0,0.0,0.0,0.0,0.0,0.0,0.0,0.0,0.0,0.0,0.0,0.0,0.0,0.0,0.0,0.0,0.0,0.0,0.0,0.0,0.0,0.0,0.0,0.0,0.0,0.0,0.0,0.0,0.0,0.0,0.0,0.0,0.0,0.0,0.0,0.0,0.0,0.0,0.0,0.0,0.0,0.0,0.0,0.0,0.0,0.0,0.0,0.0,0.0,0.0,0.0,0.0,0.0,0.0,0.0,0.0,0.0,0.0,0.0,0.0,0.0,0.0,0.0,0.0,0.0,0.0,0.0,0.0,0.0,0.0,0.0,0.0,0.0,0.0,0.0,0.0,0.0,0.0,0.0,0.0,0.0,0.0,0.0,0.0,0.0,0.0,0.01,0.01,0.03,0.06,0.13,0.27,0.59,1.21,2.34,4.26,7.23,11.46,16.94,23.34,29.98,35.94,40.27,42.32,42.02,39.91,37.08,34.72,33.82,34.72,37.06,39.89,42.0,42.32,40.33,36.15,30.55,24.67,19.77,17.05,17.48,21.74,30.12,42.3,57.19,72.88,86.87,96.58,100.05,96.54,86.77,72.64,56.63,41.13,27.81,17.52,10.28,5.62,2.86,1.35,0.6,0.25,0.09,0.03,0.01,0.0,0.0,0.0,0.0,0.0,0.0,0.0,0.0,0.0,0.0,0.0,0.0,0.0,0.0,0.0,0.0,0.0,0.0,0.01,0.04,0.1,0.25,0.56,1.17,2.31,4.22,7.2,11.43,16.9,23.28,29.85,35.66,39.68,41.11,39.68,35.66,29.85,23.28,16.9,11.43,7.2,4.22,2.31,1.17,0.56,0.25,0.1,0.04,0.01,0.0,0.0,0.0,0.0,0.0,0.0,0.0,0.0,0.0,0.0,0.0,0.0,0.0,0.0,0.0,0.0,0.0,0.0,0.0,0.0,0.0,0.0,0.0,0.0,0.0,0.0,0.15,5.61,48.68,100.0,48.68,5.61,0.15,0.0,0.0,0.0,0.15,5.61,48.68,100.0,48.68,5.61,0.15,0.0,0.0,0.0,0.0,0.0,0.0,0.0,0.0,0.0,0.0,0.0,0.0,0.0,0.0,0.0,0.0,0.0,0.0,0.0,0.0,0.0,0.0,0.0,0.0,0.0,0.0,0.0,0.0,0.0,0.0,0.0,0.0,0.0,0.0,0.0,0.0,0.0,0.0,0.0,0.0,0.0
0.0,0.0,0.0,0.0,0.0,0.0,0.0,0.0,0.0,0.0,0.0,0.0,0.0,0.0,0.0,0.0,0.0,0.0,0.0,0.0,0.0,0.0,0.0,0.0,0.0,0.0,0.0,0.0,0.0,0.0,0.0,0.0,0.0,0.0,0.0,0.0,0.0,0.0,0.0,0.0,0.0,0.0,0.0,0.0,0.0,0.0,0.0,0.0,0.0,0.0,0.0,0.0,0.0,0.0,0.0,0.0,0.0,0.0,0.0,0.0,0.0,0.0,0.0,0.0,0.0,0.0,0.0,0.0,0.0,0.0,0.0,0.0,0.0,0.0,0.0,0.0,0.0,0.0,0.0,0.0,0.0,0.0,0.0,0.0,0.0,0.0,0.0,0.0,0.0,0.0,0.0,0.0,0.0,0.0,0.0,0.0,0.0,0.0,0.0,0.0,0.0,0.0,0.0,0.0,0.0,0.0,0.01,0.01,0.02,0.03,0.06,0.11,0.21,0.42,0.86,1.71,3.27,5.91,10.0,15.82,23.36,32.16,41.26,49.37,55.11,57.51,56.29,52.05,46.05,39.84,34.74,31.51,30.12,29.95,30.03,29.46,27.69,24.69,20.91,17.1,14.21,13.16,14.8,19.77,28.42,40.51,55.07,70.31,83.86,93.25,96.61,93.23,83.8,70.15,54.69,39.71,26.86,16.92,9.92,5.42,2.76,1.31,0.58,0.24,0.09,0.03,0.01,0.0,0.0,0.0,0.0,0.0,0.0,0.0,0.0,0.0,0.0,0.0,0.0,0.0,0.0,0.0,0.0,0.0,0.01,0.02,0.05,0.14,0.34,0.77,1.62,3.18,5.82,9.92,15.74,23.28,32.05,41.11,49.11,54.64,56.62,54.64,49.11,41.11,32.05,23.28,15.74,9.92,5.82,3.18,1.62,0.77,0.34,0.14,0.05,0.02,0.01,0.0,0.0,0.0,0.0,0.0,0.0,0.0,0.0,0.0,0.0,0.0,0.0,0.0,0.0,0.0,0.0,0.0,0.0,0.0,0.0,0.0,0.0,0.0,0.0,0.0,0.07,2.73,23.69,48.68,23.69,2.73,0.07,0.0,0.0,0.0,0.07,2.73,23.69,48.68,23.69,2.73,0.07,0.0,0.0,0.0,0.0,0.0,0.0,0.0,0.0,0.0,0.0,0.0,0.0,0.0,0.0,0.0,0.0,0.0,0.0,0.0,0.0,0.0,0.0,0.0,0.0,0.0,0.0,0.0,0.0,0.0,0.0,0.0,0.0,0.0,0.0,0.0,0.0,0.0,0.0,0.0,0.0,0.0
0.0,0.0,0.0,0.0,0.0,0.0,0.0,0.0,0.0,0.0,0.0,0.0,0.0,0.0,0.0,0.0,0.0,0.0,0.0,0.0,0.0,0.0,0.0,0.0,0.0,0.0,0.0,0.0,0.0,0.0,0.0,0.0,0.0,0.0,0.0,0.0,0.0,0.0,0.0,0.0,0.0,0.0,0.0,0.0,0.0,0.0,0.0,0.0,0.0,0.0,0.0,0.0,0.0,0.0,0.0,0.0,0.0,0.0,0.0,0.0,0.0,0.0,0.0,0.0,0.0,0.0,0.0,0.0,0.0,0.0,0.0,0.0,0.0,0.0,0.0,0.0,0.0,0.0,0.0,0.0,0.0,0.0,0.0,0.0,0.0,0.0,0.0,0.0,0.0,0.0,0.0,0.0,0.0,0.0,0.0,0.0,0.0,0.0,0.0,0.0,0.0,0.0,0.0,0.0,0.0,0.01,0.01,0.03,0.05,0.08,0.13,0.21,0.36,0.65,1.22,2.33,4.33,7.7,12.94,20.4,30.06,41.34,52.99,63.33,70.57,73.37,71.3,65.0,55.98,46.12,37.15,30.17,25.48,22.68,21.0,19.62,17.97,15.84,13.42,11.16,9.71,9.76,12.01,17.03,25.17,36.26,49.49,63.27,75.5,83.97,86.99,83.95,75.46,63.17,49.25,35.76,24.19,15.23,8.94,4.88,2.48,1.18,0.52,0.21,0.08,0.03,0.01,0.0,0.0,0.0,0.0,0.0,0.0,0.0,0.0,0.0,0.0,0.0,0.0,0.0,0.0,0.0,0.0,0.0,0.01,0.02,0.07,0.18,0.43,0.98,2.07,4.08,7.46,12.72,20.19,29.85,41.11,52.73,62.99,70.08,72.61,70.08,62.99,52.73,41.11,29.85,20.19,12.72,7.46,4.08,2.07,0.98,0.43,0.18,0.07,0.02,0.01,0.0,0.0,0.0,0.0,0.0,0.0,0.0,0.0,0.0,0.0,0.0,0.0,0.0,0.0,0.0,0.0,0.0,0.0,0.0,0.0,0.0,0.0,0.0,0.0,0.0,0.01,0.32,2.73,5.61,2.73,0.32,0.01,0.0,0.0,0.0,0.01,0.32,2.73,5.61,2.73,0.32,0.01,0.0,0.0,0.0,0.0,0.0,0.0,0.0,0.0,0.0,0.0,0.0,0.0,0.0,0.0,0.0,0.0,0.0,0.0,0.0,0.0,0.0,0.0,0.0,0.0,0.0,0.0,0.0,0.0,0.0,0.0,0.0,0.0,0.0,0.0,0.0,0.0,0.0,0.0,0.0,0.0,0.0
0.0,0.0,0.0,0.0,0.0,0.0,0.0,0.0,0.0,0.0,0.0,0.0,0.0,0.0,0.0,0.0,0.0,0.0,0.0,0.0,0.0,0.0,0.0,0.0,0.0,0.0,0.0,0.0,0.0,0.0,0.0,0.0,0.0,0.0,0.0,0.0,0.0,0.0,0.0,0.0,0.0,0.0,0.0,0.0,0.0,0.0,0.0,0.0,0.0,0.0,0.0,0.0,0.0,0.0,0.0,0.0,0.0,0.0,0.0,0.0,0.0,0.0,0.0,0.0,0.0,0.0,0.0,0.0,0.0,0.0,0.0,0.0,0.0,0.0,0.0,0.0,0.0,0.0,0.0,0.0,0.0,0.0,0.0,0.0,0.0,0.0,0.0,0.0,0.0,0.0,0.0,0.0,0.0,0.0,0.0,0.0,0.0,0.0,0.0,0.0,0.0,0.0,0.0,0.0,0.01,0.02,0.03,0.06,0.11,0.18,0.27,0.42,0.65,1.04,1.76,3.09,5.48,9.49,15.73,24.62,36.16,49.62,63.55,75.88,84.46,87.65,84.87,76.82,65.22,52.31,40.13,30.1,22.76,17.89,14.83,12.79,11.17,9.61,8.11,6.89,6.34,6.98,9.32,13.88,20.93,30.39,41.59,53.22,63.53,70.66,73.22,70.66,63.51,53.16,41.45,30.1,20.36,12.82,7.52,4.11,2.09,0.99,0.44,0.18,0.07,0.02,0.01,0.0,0.0,0.0,0.0,0.0,0.0,0.0,0.0,0.0,0.0,0.0,0.0,0.0,0.0,0.0,0.0,0.0,0.01,0.03,0.08,0.21,0.52,1.17,2.48,4.87,8.91,15.19,24.12,35.66,49.11,62.99,75.24,83.71,86.74,83.71,75.24,62.99,49.11,35.66,24.12,15.19,8.91,4.87,2.48,1.17,0.52,0.21,0.08,0.03,0.01,0.0,0.0,0.0,0.0,0.0,0.0,0.0,0.0,0.0,0.0,0.0,0.0,0.0,0.0,0.0,0.0,0.0,0.0,0.0,0.0,0.0,0.0,0.0,0.0,0.0,0.0,0.01,0.07,0.15,0.07,0.01,0.0,0.0,0.0,0.0,0.0,0.01,0.07,0.15,0.07,0.01,0.0,0.0,0.0,0.0,0.0,0.0,0.0,0.0,0.0,0.0,0.0,0.0,0.0,0.0,0.0,0.0,0.0,0.0,0.0,0.0,0.0,0.0,0.0,0.0,0.0,0.0,0.0,0.0,0.0,0.0,0.0,0.0,0.0,0.0,0.0,0.0,0.0,0.0,0.0,0.0,0.0,0.0
0.0,0.0,0.0,0.0,0.0,0.0,0.0,0.0,0.0,0.0,0.0,0.0,0.0,0.0,0.0,0.0,0.0,0.0,0.0,0.0,0.0,0.0,0.0,0.0,0.0,0.0,0.0,0.0,0.0,0.0,0.0,0.0,0.0,0.0,0.0,0.0,0.0,0.0,0.0,0.0,0.0,0.0,0.0,0.0,0.0,0.0,0.0,0.0,0.0,0.0,0.0,0.0,0.0,0.0,0.0,0.0,0.0,0.0,0.0,0.0,0.0,0.0,0.0,0.0,0.0,0.0,0.0,0.0,0.0,0.0,0.0,0.0,0.0,0.0,0.0,0.0,0.0,0.0,0.0,0.0,0.0,0.0,0.0,0.0,0.0,0.0,0.0,0.0,0.0,0.0,0.0,0.0,0.0,0.0,0.0,0.0,0.0,0.0,0.0,0.0,0.0,0.0,0.0,0.01,0.02,0.04,0.08,0.14,0.24,0.39,0.59,0.86,1.22,1.76,2.63,4.15,6.8,11.23,18.12,27.98,40.79,55.79,71.31,85.06,94.59,98.06,94.78,85.47,72.05,56.97,42.54,30.39,21.22,14.93,10.92,8.43,6.8,5.6,4.66,4.05,4.0,4.83,6.94,10.73,16.43,23.99,32.9,42.13,50.3,55.95,57.97,55.94,50.28,42.09,32.82,23.83,16.12,10.15,5.96,3.25,1.66,0.78,0.35,0.14,0.05,0.02,0.01,0.0,0.0,0.0,0.0,0.0,0.0,0.0,0.0,0.0,0.0,0.0,0.0,0.0,0.0,0.0,0.0,0.0,0.01,0.03,0.09,0.24,0.58,1.31,2.76,5.42,9.92,16.9,26.83,39.68,54.64,70.08,83.71,93.14,96.51,93.14,83.71,70.08,54.64,39.68,26.83,16.9,9.92,5.42,2.76,1.31,0.58,0.24,0.09,0.03,0.01,0.0,0.0,0.0,0.0,0.0,0.0,0.0,0.0,0.0,0.0,0.0,0.0,0.0,0.0,0.0,0.0,0.0,0.0,0.0,0.0,0.0,0.0,0.0,0.0,0.0,0.0,0.0,0.0,0.0,0.0,0.0,0.0,0.0,0.0,0.0,0.0,0.0,0.0,0.0,0.0,0.0,0.0,0.0,0.0,0.0,0.0,0.0,0.0,0.0,0.0,0.0,0.0,0.0,0.0,0.0,0.0,0.0,0.0,0.0,0.0,0.0,0.0,0.0,0.0,0.0,0.0,0.0,0.0,0.0,0.0,0.0,0.0,0.0,0.0,0.0,0.0,0.0,0.0,0.0,0.0,0.0,0.0,0.0
0.0,0.0,0.0,0.0,0.0,0.0,0.0,0.0,0.0,0.0,0.0,0.0,0.0,0.0,0.0,0.0,0.0,0.0,0.0,0.0,0.0,0.0,0.0,0.0,0.0,0.0,0.0,0.0,0.0,0.0,0.0,0.0,0.0,0.0,0.0,0.0,0.0,0.0,0.0,0.0,0.0,0.0,0.0,0.0,0.0,0.0,0.0,0.0,0.0,0.0,0.0,0.0,0.0,0.0,0.0,0.0,0.0,0.0,0.0,0.0,0.0,0.0,0.0,0.0,0.0,0.0,0.0,0.0,0.0,0.0,0.0,0.0,0.0,0.0,0.0,0.0,0.0,0.0,0.0,0.0,0.0,0.0,0.0,0.0,0.0,0.0,0.0,0.0,0.0,0.0,0.0,0.0,0.0,0.0,0.0,0.0,0.0,0.0,0.0,0.0,0.0,0.0,0.01,0.02,0.04,0.08,0.16,0.29,0.5,0.81,1.21,1.71,2.33,3.09,4.15,5.79,8.53,13.05,20.09,30.22,43.46,59.03,75.2,89.53,99.46,103.02,99.46,89.53,75.2,59.03,43.46,30.22,20.09,13.05,8.54,5.81,4.19,3.2,2.59,2.31,2.46,3.27,5.02,7.99,12.39,18.16,24.93,31.94,38.15,42.43,43.97,42.43,38.14,31.93,24.89,18.08,12.22,7.7,4.52,2.47,1.26,0.6,0.26,0.11,0.04,0.01,0.0,0.0,0.0,0.0,0.0,0.0,0.0,0.0,0.0,0.0,0.0,0.0,0.0,0.0,0.0,0.0,0.0,0.0,0.01,0.03,0.09,0.25,0.6,1.35,2.86,5.61,10.27,17.51,27.8,41.11,56.62,72.61,86.74,96.51,100.0,96.51,86.74,72.61,56.62,41.11,27.8,17.51,10.27,5.61,2.86,1.35,0.6,0.25,0.09,0.03,0.01,0.0,0.0,0.0,0.0,0.0,0.0,0.0,0.0,0.0,0.0,0.0,0.0,0.0,0.0,0.0,0.0,0.0,0.0,0.0,0.0,0.0,0.0,0.0,0.0,0.0,0.0,0.0,0.0,0.0,0.0,0.0,0.0,0.0,0.0,0.0,0.0,0.0,0.0,0.0,0.0,0.0,0.0,0.0,0.0,0.0,0.0,0.0,0.0,0.0,0.0,0.0,0.0,0.0,0.0,0.0,0.0,0.0,0.0,0.0,0.0,0.0,0.0,0.0,0.0,0.0,0.0,0.0,0.0,0.0,0.0,0.0,0.0,0.0,0.0,0.0,0.0,0.0,0.0,0.0,0.0,0.0,0.0,0.0
0.0,0.0,0.0,0.0,0.0,0.0,0.0,0.0,0.0,0.0,0.0,0.0,0.0,0.0,0.0,0.0,0.0,0.0,0.0,0.0,0.0,0.0,0.0,0.0,0.0,0.0,0.0,0.0,0.0,0.0,0.0,0.0,0.0,0.0,0.0,0.0,0.0,0.0,0.0,0.0,0.0,0.0,0.0,0.0,0.0,0.0,0.0,0.0,0.0,0.0,0.0,0.0,0.0,0.0,0.0,0.0,0.0,0.0,0.0,0.0,0.0,0.0,0.0,0.0,0.0,0.0,0.0,0.0,0.0,0.0,0.0,0.0,0.0,0.0,0.0,0.0,0.0,0.0,0.0,0.0,0.0,0.0,0.0,0.0,0.0,0.0,0.0,0.0,0.0,0.0,0.0,0.0,0.0,0.0,0.0,0.0,0.0,0.0,0.0,0.0,0.0,0.01,0.01,0.03,0.08,0.16,0.32,0.58,0.99,1.57,2.34,3.27,4.33,5.48,6.8,8.53,11.15,15.36,21.96,31.57,44.29,59.38,75.14,89.17,98.89,102.32,98.71,88.75,74.41,58.2,42.54,29.16,18.87,11.67,7.04,4.28,2.72,1.87,1.43,1.31,1.55,2.26,3.67,5.99,9.37,13.78,18.94,24.27,28.99,32.25,33.42,32.25,28.99,24.27,18.92,13.74,9.29,5.85,3.43,1.88,0.95,0.45,0.2,0.08,0.03,0.01,0.0,0.0,0.0,0.0,0.0,0.0,0.0,0.0,0.0,0.0,0.0,0.0,0.0,0.0,0.0,0.0,0.0,0.0,0.01,0.03,0.09,0.24,0.58,1.31,2.76,5.42,9.92,16.9,26.83,39.68,54.64,70.08,83.71,93.14,96.51,93.14,83.71,70.08,54.64,39.68,26.83,16.9,9.92,5.42,2.76,1.31,0.58,0.24,0.09,0.03,0.01,0.0,0.0,0.0,0.0,0.0,0.0,0.0,0.0,0.0,0.0,0.0,0.0,0.0,0.0,0.0,0.0,0.0,0.0,0.0,0.0,0.0,0.0,0.0,0.0,0.0,0.0,0.0,0.0,0.0,0.0,0.0,0.0,0.0,0.0,0.0,0.0,0.0,0.0,0.0,0.0,0.0,0.0,0.0,0.0,0.0,0.0,0.0,0.0,0.0,0.0,0.0,0.0,0.0,0.0,0.0,0.0,0.0,0.0,0.0,0.0,0.0,0.0,0.0,0.0,0.0,0.0,0.0,0.0,0.0,0.0,0.0,0.0,0.0,0.0,0.0,0.0,0.0,0.0,0.0,0.0,0.0,0.0,0.0
0.0,0.0,0.0,0.0,0.0,0.0,0.0,0.0,0.0,0.0,0.0,0.0,0.0,0.0,0.0,0.0,0.0,0.0,0.0,0.0,0.0,0.0,0.0,0.0,0.0,0.0,0.0,0.0,0.0,0.0,0.0,0.0,0.0,0.0,0.0,0.0,0.0,0.0,0.0,0.0,0.0,0.0,0.0,0.0,0.0,0.0,0.0,0.0,0.0,0.0,0.0,0.0,0.0,0.0,0.0,0.0,0.0,0.0,0.0,0.0,0.0,0.0,0.0,0.0,0.0,0.0,0.0,0.0,0.0,0.0,0.0,0.0,0.0,0.0,0.0,0.0,0.0,0.0,0.0,0.0,0.0,0.0,0.0,0.0,0.0,0.0,0.0,0.0,0.0,0.0,0.0,0.0,0.0,0.0,0.0,0.0,0.0,0.0,0.0,0.0,0.0,0.01,0.03,0.06,0.14,0.29,0.58,1.06,1.8,2.87,4.26,5.91,7.7,9.49,11.23,13.05,15.36,18.88,24.45,32.79,44.11,57.78,72.25,85.21,94.21,97.33,93.8,84.28,70.58,55.1,40.13,27.31,17.43,10.49,6.03,3.38,1.92,1.17,0.84,0.81,1.07,1.74,2.96,4.93,7.76,11.44,15.74,20.18,24.1,26.82,27.79,26.82,24.1,20.18,15.73,11.42,7.73,4.87,2.85,1.56,0.79,0.38,0.17,0.07,0.03,0.01,0.0,0.0,0.0,0.0,0.0,0.0,0.0,0.0,0.0,0.0,0.0,0.0,0.0,0.0,0.0,0.0,0.0,0.0,0.01,0.03,0.08,0.21,0.52,1.17,2.48,4.87,8.91,15.19,24.12,35.66,49.11,62.99,75.24,83.71,86.74,83.71,75.24,62.99,49.11,35.66,24.12,15.19,8.91,4.87,2.48,1.17,0.52,0.21,0.08,0.03,0.01,0.0,0.0,0.0,0.0,0.0,0.0,0.0,0.0,0.0,0.0,0.0,0.0,0.0,0.0,0.0,0.0,0.0,0.0,0.0,0.0,0.0,0.0,0.0,0.0,0.0,0.0,0.0,0.0,0.0,0.0,0.0,0.0,0.0,0.0,0.0,0.0,0.0,0.0,0.0,0.0,0.0,0.0,0.0,0.0,0.0,0.0,0.0,0.0,0.0,0.0,0.0,0.0,0.0,0.0,0.0,0.0,0.0,0.0,0.0,0.0,0.0,0.0,0.0,0.0,0.0,0.0,0.0,0.0,0.0,0.0,0.0,0.0,0.0,0.0,0.0,0.0,0.0,0.0,0.0,0.0,0.0,0.0,0.0
0.0,0.0,0.0,0.0,0.0,0.0,0.0,0.0,0.0,0.0,0.0,0.0,0.0,0.0,0.0,0.0,0.0,0.0,0.0,0.0,0.0,0.0,0.0,0.0,0.0,0.0,0.0,0.0,0.0,0.0,0.0,0.0,0.0,0.0,0.0,0.0,0.0,0.0,0.0,0.0,0.0,0.0,0.0,0.0,0.0,0.0,0.0,0.0,0.0,0.0,0.0,0.0,0.0,0.0,0.0,0.0,0.0,0.0,0.0,0.0,0.0,0.0,0.0,0.0,0.0,0.0,0.0,0.0,0.0,0.0,0.0,0.0,0.0,0.0,0.0,0.0,0.0,0.0,0.0,0.0,0.0,0.0,0.0,0.0,0.0,0.0,0.0,0.0,0.0,0.0,0.0,0.0,0.0,0.0,0.0,0.0,0.0,0.0,0.0,0.0,0.01,0.02,0.04,0.1,0.24,0.5,0.98,1.8,3.07,4.88,7.23,10.0,12.94,15.73,18.12,20.09,21.96,24.45,28.5,34.97,44.25,55.9,68.51,79.98,87.97,90.64,87.23,78.31,65.53,51.11,37.16,25.2,15.96,9.47,5.3,2.83,1.48,0.82,0.57,0.6,0.92,1.64,2.9,4.89,7.74,11.43,15.74,20.18,24.1,26.82,27.79,26.82,24.1,20.18,15.73,11.42,7.73,4.87,2.85,1.56,0.79,0.38,0.17,0.07,0.03,0.01,0.0,0.0,0.0,0.0,0.0,0.0,0.0,0.0,0.0,0.0,0.0,0.0,0.0,0.0,0.0,0.0,0.0,0.0,0.01,0.02,0.07,0.18,0.43,0.98,2.07,4.08,7.46,12.72,20.19,29.85,41.11,52.73,62.99,70.08,72.61,70.08,62.99,52.73,41.11,29.85,20.19,12.72,7.46,4.08,2.07,0.98,0.43,0.18,0.07,0.02,0.01,0.0,0.0,0.0,0.0,0.0,0.0,0.0,0.0,0.0,0.0,0.0,0.0,0.0,0.0,0.0,0.0,0.0,0.0,0.0,0.0,0.0,0.0,0.0,0.0,0.0,0.0,0.0,0.0,0.0,0.0,0.0,0.0,0.0,0.0,0.0,0.0,0.0,0.0,0.0,0.0,0.0,0.0,0.0,0.0,0.0,0.0,0.0,0.0,0.0,0.0,0.0,0.0,0.0,0.0,0.0,0.0,0.0,0.0,0.0,0.0,0.0,0.0,0.0,0.0,0.0,0.0,0.0,0.0,0.0,0.0,0.0,0.0,0.0,0.0,0.0,0.0,0.0,0.0,0.0,0.0,0.0,0.0,0.0
0.0,0.0,0.0,0.0,0.0,0.0,0.0,0.0,0.0,0.0,0.0,0.0,0.0,0.0,0.0,0.0,0.0,0.0,0.0,0.0,0.0,0.0,0.0,0.0,0.0,0.0,0.0,0.0,0.0,0.0,0.0,0.0,0.0,0.0,0.0,0.0,0.0,0.0,0.0,0.0,0.0,0.0,0.0,0.0,0.0,0.0,0.0,0.0,0.0,0.0,0.0,0.0,0.0,0.0,0.0,0.0,0.0,0.0,0.0,0.0,0.0,0.0,0.0,0.0,0.0,0.0,0.0,0.0,0.0,0.0,0.0,0.0,0.0,0.0,0.0,0.0,0.0,0.0,0.0,0.0,0.0,0.0,0.0,0.0,0.0,0.0,0.0,0.0,0.0,0.0,0.0,0.0,0.0,0.0,0.0,0.0,0.0,0.0,0.0,0.0,0.01,0.03,0.07,0.17,0.38,0.79,1.56,2.86,4.87,7.74,11.46,15.82,20.4,24.62,27.98,30.22,31.57,32.79,34.97,39.21,46.14,55.52,66.17,76.08,83.03,85.22,81.85,73.4,61.39,47.85,34.75,23.53,14.85,8.76,4.83,2.52,1.27,0.67,0.48,0.59,1.02,1.91,3.45,5.86,9.3,13.74,18.92,24.27,28.99,32.25,33.42,32.25,28.99,24.27,18.92,13.74,9.29,5.85,3.43,1.88,0.95,0.45,0.2,0.08,0.03,0.01,0.0,0.0,0.0,0.0,0.0,0.0,0.0,0.0,0.0,0.0,0.0,0.0,0.0,0.0,0.0,0.0,0.0,0.0,0.01,0.02,0.05,0.14,0.34,0.77,1.62,3.18,5.82,9.92,15.74,23.28,32.05,41.11,49.11,54.64,56.62,54.64,49.11,41.11,32.05,23.28,15.74,9.92,5.82,3.18,1.62,0.77,0.34,0.14,0.05,0.02,0.01,0.0,0.0,0.0,0.0,0.0,0.0,0.0,0.0,0.0,0.0,0.0,0.0,0.0,0.0,0.0,0.0,0.0,0.0,0.0,0.0,0.0,0.0,0.0,0.0,0.0,0.0,0.0,0.0,0.0,0.0,0.0,0.0,0.0,0.0,0.0,0.0,0.0,0.0,0.0,0.0,0.0,0.0,0.0,0.0,0.0,0.0,0.0,0.0,0.0,0.0,0.0,0.0,0.0,0.0,0.0,0.0,0.0,0.0,0.0,0.0,0.0,0.0,0.0,0.0,0.0,0.0,0.0,0.0,0.0,0.0,0.0,0.0,0.0,0.0,0.0,0.0,0.0,0.0,0.0,0.0,0.0,0.0,0.0
0.0,0.0,0.0,0.0,0.0,0.0,0.0,0.0,0.0,0.0,0.0,0.0,0.0,0.0,0.0,0.0,0.0,0.0,0.0,0.0,0.0,0.0,0.0,0.0,0.0,0.0,0.0,0.0,0.0,0.0,0.0,0.0,0.0,0.0,0.0,0.0,0.0,0.0,0.0,0.0,0.0,0.0,0.0,0.0,0.0,0.0,0.0,0.0,0.0,0.0,0.0,0.0,0.0,0.0,0.0,0.0,0.0,0.0,0.0,0.0,0.0,0.0,0.0,0.0,0.0,0.0,0.0,0.0,0.0,0.0,0.0,0.0,0.0,0.0,0.0,0.0,0.0,0.0,0.0,0.0,0.0,0.0,0.0,0.0,0.0,0.0,0.0,0.0,0.0,0.0,0.0,0.0,0.0,0.0,0.0,0.0,0.0,0.0,0.0,0.0,0.01,0.04,0.1,0.25,0.56,1.17,2.31,4.22,7.2,11.44,16.93,23.35,30.05,36.15,40.79,43.46,44.29,44.11,44.25,46.14,50.7,57.98,66.91,75.55,81.66,83.4,79.91,71.57,59.81,46.6,33.83,22.88,14.43,8.48,4.65,2.4,1.19,0.63,0.49,0.69,1.3,2.49,4.53,7.7,12.23,18.08,24.89,31.93,38.14,42.43,43.97,42.43,38.14,31.93,24.89,18.08,12.22,7.7,4.52,2.47,1.26,0.6,0.26,0.11,0.04,0.01,0.0,0.0,0.0,0.0,0.0,0.0,0.0,0.0,0.0,0.0,0.0,0.0,0.0,0.0,0.0,0.0,0.0,0.0,0.0,0.01,0.04,0.1,0.25,0.56,1.17,2.31,4.22,7.2,11.43,16.9,23.28,29.85,35.66,39.68,41.11,39.68,35.66,29.85,23.28,16.9,11.43,7.2,4.22,2.31,1.17,0.56,0.25,0.1,0.04,0.01,0.0,0.0,0.0,0.0,0.0,0.0,0.0,0.0,0.0,0.0,0.0,0.0,0.0,0.0,0.0,0.0,0.0,0.0,0.0,0.0,0.0,0.0,0.0,0.0,0.0,0.0,0.0,0.0,0.0,0.0,0.0,0.0,0.0,0.0,0.0,0.0,0.0,0.0,0.0,0.0,0.0,0.0,0.0,0.0,0.0,0.0,0.0,0.0,0.0,0.0,0.0,0.0,0.0,0.0,0.0,0.0,0.0,0.0,0.0,0.0,0.0,0.0,0.0,0.0,0.0,0.0,0.0,0.0,0.0,0.0,0.0,0.0,0.0,0.0,0.0,0.0,0.0,0.0,0.0,0.0,0.0,0.0,0.0,0.0
0.0,0.0,0.0,0.0,0.0,0.0,0.0,0.0,0.0,0.0,0.0,0.0,0.0,0.0,0.0,0.0,0.0,0.0,0.0,0.0,0.0,0.0,0.0,0.0,0.0,0.0,0.0,0.0,0.0,0.0,0.0,0.0,0.0,0.0,0.0,0.0,0.0,0.0,0.0,0.0,0.0,0.0,0.0,0.0,0.0,0.0,0.0,0.0,0.0,0.0,0.0,0.0,0.0,0.0,0.0,0.0,0.0,0.0,0.0,0.0,0.0,0.0,0.0,0.0,0.0,0.0,0.0,0.0,0.0,0.0,0.0,0.0,0.0,0.0,0.0,0.0,0.0,0.0,0.0,0.0,0.0,0.0,0.0,0.0,0.0,0.0,0.0,0.0,0.0,0.0,0.0,0.0,0.0,0.0,0.0,0.0,0.0,0.0,0.0,0.01,0.02,0.05,0.14,0.34,0.77,1.62,3.18,5.82,9.92,15.75,23.3,32.13,41.32,49.61,55.78,59.03,59.38,57.78,55.9,55.52,57.98,63.54,71.22,79.04,84.65,86.04,82.24,73.57,61.44,47.85,34.73,23.48,14.8,8.69,4.76,2.44,1.21,0.66,0.56,0.87,1.69,3.27,5.96,10.15,16.12,23.83,32.82,42.09,50.28,55.94,57.97,55.94,50.28,42.09,32.82,23.83,16.12,10.15,5.96,3.25,1.66,0.78,0.35,0.14,0.05,0.02,0.01,0.0,0.0,0.0,0.0,0.0,0.0,0.0,0.0,0.0,0.0,0.0,0.0,0.0,0.0,0.0,0.0,0.0,0.0,0.01,0.03,0.07,0.17,0.38,0.79,1.56,2.86,4.87,7.73,11.43,15.74,20.19,24.12,26.83,27.8,26.83,24.12,20.19,15.74,11.43,7.73,4.87,2.86,1.56,0.79,0.38,0.17,0.07,0.03,0.01,0.0,0.0,0.0,0.0,0.0,0.0,0.0,0.0,0.0,0.0,0.0,0.0,0.0,0.0,0.0,0.0,0.0,0.0,0.0,0.0,0.0,0.0,0.0,0.0,0.0,0.0,0.0,0.0,0.0,0.0,0.0,0.0,0.0,0.0,0.0,0.0,0.0,0.0,0.0,0.0,0.0,0.0,0.0,0.0,0.0,0.0,0.0,0.0,0.0,0.0,0.0,0.0,0.0,0.0,0.0,0.0,0.0,0.0,0.0,0.0,0.0,0.0,0.0,0.0,0.0,0.0,0.0,0.0,0.0,0.0,0.0,0.0,0.0,0.0,0.0,0.0,0.0,0.0,0.0,0.0,0.0,0.0,0.0,0.0
0.0,0.0,0.0,0.0,0.0,0.0,0.0,0.0,0.0,0.0,0.0,0.0,0.0,0.0,0.0,0.0,0.0,0.0,0.0,0.0,0.0,0.0,0.0,0.0,0.0,0.0,0.0,0.0,0.0,0.0,0.0,0.0,0.0,0.0,0.0,0.0,0.0,0.0,0.0,0.0,0.0,0.0,0.0,0.0,0.0,0.0,0.0,0.0,0.0,0.0,0.0,0.0,0.0,0.0,0.0,0.0,0.0,0.0,0.0,0.0,0.0,0.0,0.0,0.0,0.0,0.0,0.0,0.0,0.0,0.0,0.0,0.0,0.0,0.0,0.0,0.0,0.0,0.0,0.0,0.0,0.0,0.0,0.0,0.0,0.0,0.0,0.0,0.0,0.0,0.0,0.0,0.0,0.0,0.0,0.0,0.0,0.0,0.0,0.0,0.01,0.02,0.07,0.18,0.43,0.98,2.07,4.08,7.46,12.72,20.2,29.88,41.2,52.95,63.53,71.3,75.19,75.14,72.25,68.51,66.17,66.91,71.22,78.16,85.64,91.06,92.2,87.96,78.61,65.63,51.1,37.08,25.07,15.79,9.27,5.07,2.6,1.29,0.72,0.66,1.08,2.12,4.12,7.53,12.82,20.36,30.1,41.45,53.16,63.51,70.66,73.21,70.66,63.51,53.16,41.45,30.1,20.36,12.82,7.52,4.11,2.09,0.99,0.44,0.18,0.07,0.02,0.01,0.0,0.0,0.0,0.0,0.0,0.0,0.0,0.0,0.0,0.0,0.0,0.0,0.0,0.0,0.0,0.0,0.0,0.0,0.01,0.02,0.04,0.1,0.24,0.5,0.98,1.8,3.07,4.87,7.2,9.92,12.72,15.19,16.9,17.51,16.9,15.19,12.72,9.92,7.2,4.87,3.07,1.8,0.98,0.5,0.24,0.1,0.04,0.02,0.01,0.0,0.0,0.0,0.0,0.0,0.0,0.0,0.0,0.0,0.0,0.0,0.0,0.0,0.0,0.0,0.0,0.0,0.0,0.0,0.0,0.0,0.0,0.0,0.0,0.0,0.0,0.0,0.0,0.0,0.0,0.0,0.0,0.0,0.0,0.0,0.0,0.0,0.0,0.0,0.0,0.0,0.0,0.0,0.0,0.0,0.0,0.0,0.0,0.0,0.0,0.0,0.0,0.0,0.0,0.0,0.0,0.0,0.0,0.0,0.0,0.0,0.0,0.0,0.0,0.0,0.0,0.0,0.0,0.0,0.0,0.0,0.0,0.0,0.0,0.0,0.0,0.0,0.0,0.0,0.0,0.0,0.0,0.0,0.0
0.0,0.0,0.0,0.0,0.0,0.0,0.0,0.0,0.0,0.0,0.0,0.0,0.0,0.0,0.0,0.0,0.0,0.0,0.0,0.0,0.0,0.0,0.0,0.0,0.0,0.0,0.0,0.0,0.0,0.0,0.0,0.0,0.0,0.0,0.0,0.0,0.0,0.0,0.0,0.0,0.0,0.0,0.0,0.0,0.0,0.0,0.0,0.0,0.0,0.0,0.0,0.0,0.0,0.0,0.0,0.0,0.0,0.0,0.0,0.0,0.0,0.0,0.0,0.0,0.0,0.0,0.0,0.0,0.0,0.0,0.0,0.0,0.0,0.0,0.0,0.0,0.0,0.0,0.0,0.0,0.0,0.0,0.0,0.0,0.0,0.0,0.0,0.0,0.0,0.0,0.0,0.0,0.0,0.0,0.0,0.0,0.0,0.0,0.0,0.01,0.03,0.08,0.21,0.52,1.17,2.48,4.87,8.91,15.2,24.13,35.7,49.2,63.23,75.83,85.03,89.52,89.16,85.21,79.98,76.09,75.55,79.05,85.64,93.07,98.5,99.49,94.8,84.67,70.66,55.01,39.91,26.98,17.0,9.97,5.46,2.8,1.4,0.79,0.76,1.27,2.52,4.89,8.94,15.24,24.19,35.76,49.25,63.17,75.46,83.95,86.99,83.95,75.46,63.17,49.25,35.76,24.19,15.23,8.94,4.88,2.48,1.18,0.52,0.21,0.08,0.03,0.01,0.0,0.0,0.0,0.0,0.0,0.0,0.0,0.0,0.0,0.0,0.0,0.0,0.0,0.0,0.0,0.0,0.0,0.0,0.0,0.01,0.03,0.06,0.14,0.29,0.58,1.06,1.8,2.86,4.22,5.82,7.46,8.91,9.92,10.27,9.92,8.91,7.46,5.82,4.22,2.86,1.8,1.06,0.58,0.29,0.14,0.06,0.03,0.01,0.0,0.0,0.0,0.0,0.0,0.0,0.0,0.0,0.0,0.0,0.0,0.0,0.0,0.0,0.0,0.0,0.0,0.0,0.0,0.0,0.0,0.0,0.0,0.0,0.0,0.0,0.0,0.0,0.0,0.0,0.0,0.0,0.0,0.0,0.0,0.0,0.0,0.0,0.0,0.0,0.0,0.0,0.0,0.0,0.0,0.0,0.0,0.0,0.0,0.0,0.0,0.0,0.0,0.0,0.0,0.0,0.0,0.0,0.0,0.0,0.0,0.0,0.0,0.0,0.0,0.0,0.0,0.0,0.0,0.0,0.0,0.0,0.0,0.0,0.0,0.0,0.0,0.0,0.0,0.0,0.0,0.0,0.0,0.0,0.0
0.0,0.0,0.0,0.0,0.0,0.0,0.0,0.0,0.0,0.0,0.0,0.0,0.0,0.0,0.0,0.0,0.0,0.0,0.0,0.0,0.0,0.0,0.0,0.0,0.0,0.0,0.0,0.0,0.0,0.0,0.0,0.0,0.0,0.0,0.0,0.0,0.0,0.0,0.0,0.0,0.0,0.0,0.0,0.0,0.0,0.0,0.0,0.0,0.0,0.0,0.0,0.0,0.0,0.0,0.0,0.0,0.0,0.0,0.0,0.0,0.0,0.0,0.0,0.0,0.0,0.0,0.0,0.0,0.0,0.0,0.0,0.0,0.0,0.0,0.0,0.0,0.0,0.0,0.0,0.0,0.0,0.0,0.0,0.0,0.0,0.0,0.0,0.0,0.0,0.0,0.0,0.0,0.0,0.0,0.0,0.0,0.0,0.0,0.0,0.01,0.03,0.09,0.24,0.58,1.31,2.76,5.42,9.92,16.91,26.85,39.71,54.74,70.34,84.33,94.53,99.44,98.88,94.21,87.97,83.04,81.66,84.65,91.06,98.5,103.97,104.88,99.86,89.16,74.39,57.91,42.02,28.4,17.89,10.5,5.74,2.95,1.47,0.85,0.83,1.4,2.79,5.43,9.93,16.92,26.86,39.71,54.69,70.15,83.79,93.23,96.6,93.23,83.79,70.15,54.69,39.71,26.86,16.92,9.92,5.42,2.76,1.31,0.58,0.24,0.09,0.03,0.01,0.0,0.0,0.0,0.0,0.0,0.0,0.0,0.0,0.0,0.0,0.0,0.0,0.0,0.0,0.0,0.0,0.0,0.0,0.0,0.01,0.01,0.03,0.08,0.16,0.32,0.58,0.98,1.56,2.31,3.18,4.08,4.87,5.42,5.61,5.42,4.87,4.08,3.18,2.31,1.56,0.98,0.58,0.32,0.16,0.08,0.03,0.01,0.01,0.0,0.0,0.0,0.0,0.0,0.0,0.0,0.0,0.0,0.0,0.0,0.0,0.0,0.0,0.0,0.0,0.0,0.0,0.0,0.0,0.0,0.0,0.0,0.0,0.0,0.0,0.0,0.0,0.0,0.0,0.0,0.0,0.0,0.0,0.0,0.0,0.0,0.0,0.0,0.0,0.0,0.0,0.0,0.0,0.0,0.0,0.0,0.0,0.0,0.0,0.0,0.0,0.0,0.0,0.0,0.0,0.0,0.0,0.0,0.0,0.0,0.0,0.0,0.0,0.0,0.0,0.0,0.0,0.0,0.0,0.0,0.0,0.0,0.0,0.0,0.0,0.0,0.0,0.0,0.0,0.0,0.0,0.0,0.0,0.0
0.0,0.0,0.0,0.0,0.0,0.0,0.0,0.0,0.0,0.0,0.0,0.0,0.0,0.0,0.0,0.0,0.0,0.0,0.0,0.0,0.0,0.0,0.0,0.0,0.0,0.0,0.0,0.0,0.0,0.0,0.0,0.0,0.0,0.0,0.0,0.0,0.0,0.0,0.0,0.0,0.0,0.0,0.0,0.0,0.0,0.0,0.0,0.0,0.0,0.0,0.0,0.0,0.0,0.0,0.0,0.0,0.0,0.0,0.0,0.0,0.0,0.0,0.0,0.0,0.0,0.0,0.0,0.0,0.0,0.0,0.0,0.0,0.0,0.0,0.0,0.0,0.0,0.0,0.0,0.0,0.0,0.0,0.0,0.0,0.0,0.0,0.0,0.0,0.0,0.0,0.0,0.0,0.0,0.0,0.0,0.0,0.0,0.0,0.0,0.01,0.03,0.09,0.25,0.6,1.35,2.86,5.62,10.28,17.52,27.82,41.16,56.73,72.89,87.39,97.93,102.97,102.31,97.34,90.65,85.23,83.41,86.05,92.21,99.5,104.88,105.71,100.62,89.82,74.93,58.33,42.32,28.61,18.02,10.57,5.79,2.97,1.49,0.86,0.85,1.45,2.89,5.63,10.28,17.52,27.81,41.13,56.63,72.64,86.77,96.54,100.03,96.54,86.77,72.64,56.63,41.13,27.81,17.52,10.28,5.62,2.86,1.35,0.6,0.25,0.09,0.03,0.01,0.0,0.0,0.0,0.0,0.0,0.0,0.0,0.0,0.0,0.0,0.0,0.0,0.0,0.0,0.0,0.0,0.0,0.0,0.0,0.0,0.01,0.02,0.04,0.08,0.16,0.29,0.5,0.79,1.17,1.62,2.07,2.48,2.76,2.86,2.76,2.48,2.07,1.62,1.17,0.79,0.5,0.29,0.16,0.08,0.04,0.02,0.01,0.0,0.0,0.0,0.0,0.0,0.0,0.0,0.0,0.0,0.0,0.0,0.0,0.0,0.0,0.0,0.0,0.0,0.0,0.0,0.0,0.0,0.0,0.0,0.0,0.0,0.0,0.0,0.0,0.0,0.0,0.0,0.0,0.0,0.0,0.0,0.0,0.0,0.0,0.0,0.0,0.0,0.0,0.0,0.0,0.0,0.0,0.0,0.0,0.0,0.0,0.0,0.0,0.0,0.0,0.0,0.0,0.0,0.0,0.0,0.0,0.0,0.0,0.0,0.0,0.0,0.0,0.0,0.0,0.0,0.0,0.0,0.0,0.0,0.0,0.0,0.0,0.0,0.0,0.0,0.0,0.0,0.0,0.0,0.0,0.0,0.0
0.0,0.0,0.0,0.0,0.0,0.0,0.0,0.0,0.0,0.0,0.0,0.0,0.0,0.0,0.0,0.0,0.0,0.0,0.0,0.0,0.0,0.0,0.0,0.0,0.0,0.0,0.0,0.0,0.0,0.0,0.0,0.0,0.0,0.0,0.0,0.0,0.0,0.0,0.0,0.0,0.0,0.0,0.0,0.0,0.0,0.0,0.0,0.0,0.0,0.0,0.0,0.0,0.0,0.0,0.0,0.0,0.0,0.0,0.0,0.0,0.0,0.0,0.0,0.0,0.0,0.0,0.0,0.0,0.0,0.0,0.0,0.0,0.0,0.0,0.0,0.0,0.0,0.0,0.0,0.0,0.0,0.0,0.0,0.0,0.0,0.0,0.0,0.0,0.0,0.0,0.0,0.0,0.0,0.0,0.0,0.0,0.0,0.0,0.0,0.01,0.03,0.09,0.24,0.58,1.31,2.76,5.42,9.93,16.92,26.87,39.75,54.78,70.39,84.38,94.55,99.4,98.72,93.85,87.29,81.9,79.95,82.26,87.98,94.81,99.87,100.62,95.75,85.46,71.3,55.5,40.26,27.22,17.14,10.06,5.5,2.83,1.42,0.82,0.82,1.4,2.79,5.43,9.92,16.9,26.84,39.68,54.64,70.09,83.72,93.15,96.52,93.15,83.72,70.09,54.64,39.68,26.84,16.9,9.92,5.42,2.76,1.31,0.58,0.24,0.09,0.03,0.01,0.0,0.0,0.0,0.0,0.0,0.0,0.0,0.0,0.0,0.0,0.0,0.0,0.0,0.0,0.0,0.0,0.0,0.0,0.0,0.0,0.0,0.01,0.02,0.04,0.08,0.14,0.24,0.38,0.56,0.77,0.98,1.17,1.31,1.35,1.31,1.17,0.98,0.77,0.56,0.38,0.24,0.14,0.08,0.04,0.02,0.01,0.0,0.0,0.0,0.0,0.0,0.0,0.0,0.0,0.0,0.0,0.0,0.0,0.0,0.0,0.0,0.0,0.0,0.0,0.0,0.0,0.0,0.0,0.0,0.0,0.0,0.0,0.0,0.0,0.0,0.0,0.0,0.0,0.0,0.0,0.0,0.0,0.0,0.0,0.0,0.0,0.0,0.0,0.0,0.0,0.0,0.0,0.0,0.0,0.0,0.0,0.0,0.0,0.0,0.0,0.0,0.0,0.0,0.0,0.0,0.0,0.0,0.0,0.0,0.0,0.0,0.0,0.0,0.0,0.0,0.0,0.0,0.0,0.0,0.0,0.0,0.0,0.0,0.0,0.0,0.0,0.0,0.0,0.0,0.0,0.0,0.0,0.0
0.0,0.0,0.0,0.0,0.0,0.0,0.0,0.0,0.0,0.0,0.0,0.0,0.0,0.0,0.0,0.0,0.0,0.0,0.0,0.0,0.0,0.0,0.0,0.0,0.0,0.0,0.0,0.0,0.0,0.0,0.0,0.0,0.0,0.0,0.0,0.0,0.0,0.0,0.0,0.0,0.0,0.0,0.0,0.0,0.0,0.0,0.0,0.0,0.0,0.0,0.0,0.0,0.0,0.0,0.0,0.0,0.0,0.0,0.0,0.0,0.0,0.0,0.0,0.0,0.0,0.0,0.0,0.0,0.0,0.0,0.0,0.0,0.0,0.0,0.0,0.0,0.0,0.0,0.0,0.0,0.0,0.0,0.0,0.0,0.0,0.0,0.0,0.0,0.0,0.0,0.0,0.0,0.0,0.0,0.0,0.0,0.0,0.0,0.0,0.01,0.03,0.08,0.21,0.52,1.18,2.48,4.88,8.94,15.24,24.2,35.79,49.33,63.38,75.98,85.13,89.48,88.85,84.43,78.46,73.53,71.67,73.63,78.66,84.7,89.17,89.83,85.47,76.28,63.64,49.53,35.94,24.29,15.3,8.98,4.91,2.52,1.26,0.74,0.73,1.26,2.51,4.88,8.92,15.19,24.12,35.66,49.11,62.99,75.25,83.72,86.75,83.72,75.25,62.99,49.11,35.66,24.12,15.19,8.91,4.87,2.48,1.17,0.52,0.21,0.08,0.03,0.01,0.0,0.0,0.0,0.0,0.0,0.0,0.0,0.0,0.0,0.0,0.0,0.0,0.0,0.0,0.0,0.0,0.0,0.0,0.0,0.0,0.0,0.0,0.01,0.02,0.03,0.06,0.1,0.17,0.25,0.34,0.43,0.52,0.58,0.6,0.58,0.52,0.43,0.34,0.25,0.17,0.1,0.06,0.03,0.02,0.01,0.0,0.0,0.0,0.0,0.0,0.0,0.0,0.0,0.0,0.0,0.0,0.0,0.0,0.0,0.0,0.0,0.0,0.0,0.0,0.0,0.0,0.0,0.0,0.0,0.0,0.0,0.0,0.0,0.0,0.0,0.0,0.0,0.0,0.0,0.0,0.0,0.0,0.0,0.0,0.0,0.0,0.0,0.0,0.0,0.0,0.0,0.0,0.0,0.0,0.0,0.0,0.0,0.0,0.0,0.0,0.0,0.0,0.0,0.0,0.0,0.0,0.0,0.0,0.0,0.0,0.0,0.0,0.0,0.0,0.0,0.0,0.0,0.0,0.0,0.0,0.0,0.0,0.0,0.0,0.0,0.0,0.0,0.0,0.0,0.0,0.0,0.0,0.0
0.0,0.0,0.0,0.0,0.0,0.0,0.0,0.0,0.0,0.0,0.0,0.0,0.0,0.0,0.0,0.0,0.0,0.0,0.0,0.0,0.0,0.0,0.0,0.0,0.0,0.0,0.0,0.0,0.0,0.0,0.0,0.0,0.0,0.0,0.0,0.0,0.0,0.0,0.0,0.0,0.0,0.0,0.0,0.0,0.0,0.0,0.0,0.0,0.0,0.0,0.0,0.0,0.0,0.0,0.0,0.0,0.0,0.0,0.0,0.0,0.0,0.0,0.0,0.0,0.0,0.0,0.0,0.0,0.0,0.0,0.0,0.0,0.0,0.0,0.0,0.0,0.0,0.0,0.0,0.0,0.0,0.0,0.0,0.0,0.0,0.0,0.0,0.0,0.0,0.0,0.0,0.0,0.0,0.0,0.0,0.0,0.0,0.0,0.0,0.01,0.02,0.07,0.18,0.44,0.99,2.09,4.11,7.52,12.82,20.36,30.12,41.52,53.34,63.94,71.64,75.29,74.75,70.99,65.92,61.71,60.05,61.61,65.73,70.72,74.43,74.95,71.31,63.64,53.09,41.32,29.98,20.27,12.76,7.49,4.1,2.11,1.05,0.61,0.61,1.05,2.1,4.08,7.46,12.72,20.19,29.85,41.11,52.73,62.99,70.08,72.62,70.08,62.99,52.73,41.11,29.85,20.19,12.72,7.46,4.08,2.07,0.98,0.43,0.18,0.07,0.02,0.01,0.0,0.0,0.0,0.0,0.0,0.0,0.0,0.0,0.0,0.0,0.0,0.0,0.0,0.0,0.0,0.0,0.0,0.0,0.0,0.0,0.0,0.0,0.0,0.01,0.01,0.03,0.04,0.07,0.1,0.14,0.18,0.21,0.24,0.25,0.24,0.21,0.18,0.14,0.1,0.07,0.04,0.03,0.01,0.01,0.0,0.0,0.0,0.0,0.0,0.0,0.0,0.0,0.0,0.0,0.0,0.0,0.0,0.0,0.0,0.0,0.0,0.0,0.0,0.0,0.0,0.0,0.0,0.0,0.0,0.0,0.0,0.0,0.0,0.0,0.0,0.0,0.0,0.0,0.0,0.0,0.0,0.0,0.0,0.0,0.0,0.0,0.0,0.0,0.0,0.0,0.0,0.0,0.0,0.0,0.0,0.0,0.0,0.0,0.0,0.0,0.0,0.0,0.0,0.0,0.0,0.0,0.0,0.0,0.0,0.0,0.0,0.0,0.0,0.0,0.0,0.0,0.0,0.0,0.0,0.0,0.0,0.0,0.0,0.0,0.0,0.0,0.0,0.0,0.0,0.0,0.0,0.0,0.0
0.0,0.0,0.0,0.0,0.0,0.0,0.0,0.0,0.0,0.0,0.0,0.0,0.0,0.0,0.0,0.0,0.0,0.0,0.0,0.0,0.0,0.0,0.0,0.0,0.0,0.0,0.0,0.0,0.0,0.0,0.0,0.0,0.0,0.0,0.0,0.0,0.0,0.0,0.0,0.0,0.0,0.0,0.0,0.0,0.0,0.0,0.0,0.0,0.0,0.0,0.0,0.0,0.0,0.0,0.0,0.0,0.0,0.0,0.0,0.0,0.0,0.0,0.0,0.0,0.0,0.0,0.0,0.0,0.0,0.0,0.0,0.0,0.0,0.0,0.0,0.0,0.0,0.0,0.0,0.0,0.0,0.0,0.0,0.0,0.0,0.0,0.0,0.0,0.0,0.0,0.0,0.0,0.0,0.0,0.0,0.0,0.0,0.0,0.0,0.01,0.02,0.05,0.14,0.35,0.78,1.66,3.25,5.96,10.15,16.12,23.85,32.87,42.23,50.62,56.71,59.59,59.13,56.11,52.03,48.59,47.15,48.22,51.33,55.15,57.98,58.37,55.51,49.54,41.32,32.16,23.33,15.77,9.93,5.83,3.19,1.64,0.82,0.48,0.48,0.82,1.64,3.18,5.82,9.92,15.74,23.28,32.05,41.11,49.11,54.64,56.62,54.64,49.11,41.11,32.05,23.28,15.74,9.92,5.82,3.18,1.62,0.77,0.34,0.14,0.05,0.02,0.01,0.0,0.0,0.0,0.0,0.0,0.0,0.0,0.0,0.0,0.0,0.0,0.0,0.0,0.0,0.0,0.0,0.0,0.0,0.0,0.0,0.0,0.0,0.0,0.0,0.01,0.01,0.02,0.03,0.04,0.05,0.07,0.08,0.09,0.09,0.09,0.08,0.07,0.05,0.04,0.03,0.02,0.01,0.01,0.0,0.0,0.0,0.0,0.0,0.0,0.0,0.0,0.0,0.0,0.0,0.0,0.0,0.0,0.0,0.0,0.0,0.0,0.0,0.0,0.0,0.0,0.0,0.0,0.0,0.0,0.0,0.0,0.0,0.0,0.0,0.0,0.0,0.0,0.0,0.0,0.0,0.0,0.0,0.0,0.0,0.0,0.0,0.0,0.0,0.0,0.0,0.0,0.0,0.0,0.0,0.0,0.0,0.0,0.0,0.0,0.0,0.0,0.0,0.0,0.0,0.0,0.0,0.0,0.0,0.0,0.0,0.0,0.0,0.0,0.0,0.0,0.0,0.0,0.0,0.0,0.0,0.0,0.0,0.0,0.0,0.0,0.0,0.0,0.0,0.0,0.0,0.0,0.0,0.0
0.0,0.0,0.0,0.0,0.0,0.0,0.0,0.0,0.0,0.0,0.0,0.0,0.0,0.0,0.0,0.0,0.0,0.0,0.0,0.0,0.0,0.0,0.0,0.0,0.0,0.0,0.0,0.0,0.0,0.0,0.0,0.0,0.0,0.0,0.0,0.0,0.0,0.0,0.0,0.0,0.0,0.0,0.0,0.0,0.0,0.0,0.0,0.0,0.0,0.0,0.0,0.0,0.0,0.0,0.0,0.0,0.0,0.0,0.0,0.0,0.0,0.0,0.0,0.0,0.0,0.0,0.0,0.0,0.0,0.0,0.0,0.0,0.0,0.0,0.0,0.0,0.0,0.0,0.0,0.0,0.0,0.0,0.0,0.0,0.0,0.0,0.0,0.0,0.0,0.0,0.0,0.0,0.0,0.0,0.0,0.0,0.0,0.0,0.0,0.0,0.01,0.04,0.11,0.26,0.6,1.26,2.47,4.52,7.7,12.23,18.09,24.93,32.03,38.38,42.99,45.14,44.74,42.37,39.13,36.33,34.99,35.52,37.58,40.21,42.18,42.4,40.3,35.95,29.99,23.34,16.93,11.44,7.21,4.23,2.31,1.19,0.6,0.35,0.35,0.6,1.19,2.31,4.23,7.2,11.43,16.9,23.28,29.85,35.66,39.68,41.11,39.68,35.66,29.85,23.28,16.9,11.43,7.2,4.22,2.31,1.17,0.56,0.25,0.1,0.04,0.01,0.0,0.0,0.0,0.0,0.0,0.0,0.0,0.0,0.0,0.0,0.0,0.0,0.0,0.0,0.0,0.0,0.0,0.0,0.0,0.0,0.0,0.0,0.0,0.0,0.0,0.0,0.0,0.01,0.01,0.01,0.02,0.02,0.03,0.03,0.03,0.03,0.03,0.02,0.02,0.01,0.01,0.01,0.0,0.0,0.0,0.0,0.0,0.0,0.0,0.0,0.0,0.0,0.0,0.0,0.0,0.0,0.0,0.0,0.0,0.0,0.0,0.0,0.0,0.0,0.0,0.0,0.0,0.0,0.0,0.0,0.0,0.0,0.0,0.0,0.0,0.0,0.0,0.0,0.0,0.0,0.0,0.0,0.0,0.0,0.0,0.0,0.0,0.0,0.0,0.0,0.0,0.0,0.0,0.0,0.0,0.0,0.0,0.0,0.0,0.0,0.0,0.0,0.0,0.0,0.0,0.0,0.0,0.0,0.0,0.0,0.0,0.0,0.0,0.0,0.0,0.0,0.0,0.0,0.0,0.0,0.0,0.0,0.0,0.0,0.0,0.0,0.0,0.0,0.0,0.0,0.0,0.0,0.0,0.0
0.0,0.0,0.0,0.0,0.0,0.0,0.0,0.0,0.0,0.0,0.0,0.0,0.0,0.0,0.0,0.0,0.0,0.0,0.0,0.0,0.0,0.0,0.0,0.0,0.0,0.0,0.0,0.0,0.0,0.0,0.0,0.0,0.0,0.0,0.0,0.0,0.0,0.0,0.0,0.0,0.0,0.0,0.0,0.0,0.0,0.0,0.0,0.0,0.0,0.0,0.0,0.0,0.0,0.0,0.0,0.0,0.0,0.0,0.0,0.0,0.0,0.0,0.0,0.0,0.0,0.0,0.0,0.0,0.0,0.0,0.0,0.0,0.0,0.0,0.0,0.0,0.0,0.0,0.0,0.0,0.0,0.0,0.0,0.0,0.0,0.0,0.0,0.0,0.0,0.0,0.0,0.0,0.0,0.0,0.0,0.0,0.0,0.0,0.0,0.0,0.01,0.03,0.08,0.2,0.45,0.95,1.88,3.43,5.85,9.29,13.75,18.95,24.33,29.15,32.63,34.21,33.81,31.84,29.14,26.65,25.17,25.04,26.05,27.56,28.72,28.77,27.3,24.33,20.28,15.78,11.45,7.74,4.87,2.86,1.56,0.8,0.4,0.23,0.23,0.4,0.8,1.56,2.86,4.87,7.73,11.43,15.74,20.19,24.12,26.83,27.8,26.83,24.12,20.19,15.74,11.43,7.73,4.87,2.86,1.56,0.79,0.38,0.17,0.07,0.03,0.01,0.0,0.0,0.0,0.0,0.0,0.0,0.0,0.0,0.0,0.0,0.0,0.0,0.0,0.0,0.0,0.0,0.0,0.0,0.0,0.0,0.0,0.0,0.0,0.0,0.0,0.0,0.0,0.0,0.0,0.0,0.01,0.01,0.01,0.01,0.01,0.01,0.01,0.01,0.01,0.0,0.0,0.0,0.0,0.0,0.0,0.0,0.0,0.0,0.0,0.0,0.0,0.0,0.0,0.0,0.0,0.0,0.0,0.0,0.0,0.0,0.0,0.0,0.0,0.0,0.0,0.0,0.0,0.0,0.0,0.0,0.0,0.0,0.0,0.0,0.0,0.0,0.0,0.0,0.0,0.0,0.0,0.0,0.0,0.0,0.0,0.0,0.0,0.0,0.0,0.0,0.0,0.0,0.0,0.0,0.0,0.0,0.0,0.0,0.0,0.0,0.0,0.0,0.0,0.0,0.0,0.0,0.0,0.0,0.0,0.0,0.0,0.0,0.0,0.0,0.0,0.0,0.0,0.0,0.0,0.0,0.0,0.0,0.0,0.0,0.0,0.0,0.0,0.0,0.0,0.0,0.0,0.0,0.0,0.0
0.0,0.0,0.0,0.0,0.0,0.0,0.0,0.0,0.0,0.0,0.0,0.0,0.0,0.0,0.0,0.0,0.0,0.0,0.0,0.0,0.0,0.0,0.0,0.0,0.0,0.0,0.0,0.0,0.0,0.0,0.0,0.0,0.0,0.0,0.0,0.0,0.0,0.0,0.0,0.0,0.0,0.0,0.0,0.0,0.0,0.0,0.0,0.0,0.0,0.0,0.0,0.0,0.0,0.0,0.0,0.0,0.0,0.0,0.0,0.0,0.0,0.0,0.0,0.0,0.0,0.0,0.0,0.0,0.0,0.0,0.0,0.0,0.0,0.0,0.0,0.0,0.0,0.0,0.0,0.0,0.0,0.0,0.0,0.0,0.0,0.0,0.0,0.0,0.0,0.0,0.0,0.0,0.0,0.0,0.0,0.0,0.0,0.0,0.0,0.0,0.01,0.03,0.07,0.17,0.38,0.79,1.56,2.86,4.87,7.73,11.43,15.75,20.22,24.21,27.05,28.29,27.8,25.9,23.25,20.6,18.62,17.64,17.59,18.05,18.46,18.31,17.28,15.36,12.79,9.94,7.21,4.87,3.07,1.8,0.99,0.51,0.25,0.15,0.15,0.25,0.51,0.99,1.8,3.07,4.87,7.2,9.92,12.72,15.19,16.9,17.51,16.9,15.19,12.72,9.92,7.2,4.87,3.07,1.8,0.98,0.5,0.24,0.1,0.04,0.02,0.01,0.0,0.0,0.0,0.0,0.0,0.0,0.0,0.0,0.0,0.0,0.0,0.0,0.0,0.0,0.0,0.0,0.0,0.0,0.0,0.0,0.0,0.0,0.0,0.0,0.0,0.0,0.0,0.0,0.0,0.0,0.0,0.0,0.0,0.0,0.0,0.0,0.0,0.0,0.0,0.0,0.0,0.0,0.0,0.0,0.0,0.0,0.0,0.0,0.0,0.0,0.0,0.0,0.0,0.0,0.0,0.0,0.0,0.0,0.0,0.0,0.0,0.0,0.0,0.0,0.0,0.0,0.0,0.0,0.0,0.0,0.0,0.0,0.0,0.0,0.0,0.0,0.0,0.0,0.0,0.0,0.0,0.0,0.0,0.0,0.0,0.0,0.0,0.0,0.0,0.0,0.0,0.0,0.0,0.0,0.0,0.0,0.0,0.0,0.0,0.0,0.0,0.0,0.0,0.0,0.0,0.0,0.0,0.0,0.0,0.0,0.0,0.0,0.0,0.0,0.0,0.0,0.0,0.0,0.0,0.0,0.0,0.0,0.0,0.0,0.0,0.0,0.0,0.0,0.0,0.0,0.0,0.0,0.0,0.0
0.0,0.0,0.0,0.0,0.0,0.0,0.0,0.0,0.0,0.0,0.0,0.0,0.0,0.0,0.0,0.0,0.0,0.0,0.0,0.0,0.0,0.0,0.0,0.0,0.0,0.0,0.0,0.0,0.0,0.0,0.0,0.0,0.0,0.0,0.0,0.0,0.0,0.0,0.0,0.0,0.0,0.0,0.0,0.0,0.0,0.0,0.0,0.0,0.0,0.0,0.0,0.0,0.0,0.0,0.0,0.0,0.0,0.0,0.0,0.0,0.0,0.0,0.0,0.0,0.0,0.0,0.0,0.0,0.0,0.0,0.0,0.0,0.0,0.0,0.0,0.0,0.0,0.0,0.0,0.0,0.0,0.0,0.0,0.0,0.0,0.0,0.0,0.0,0.0,0.0,0.0,0.0,0.0,0.0,0.0,0.0,0.0,0.0,0.0,0.0,0.01,0.03,0.07,0.17,0.38,0.79,1.56,2.85,4.87,7.73,11.43,15.74,20.2,24.16,26.96,28.08,27.39,25.16,21.98,18.59,15.65,13.54,12.33,11.77,11.48,11.07,10.29,9.08,7.53,5.84,4.23,2.86,1.8,1.06,0.58,0.3,0.15,0.09,0.09,0.15,0.3,0.58,1.06,1.8,2.86,4.22,5.82,7.46,8.91,9.92,10.27,9.92,8.91,7.46,5.82,4.22,2.86,1.8,1.06,0.58,0.29,0.14,0.06,0.03,0.01,0.0,0.0,0.0,0.0,0.0,0.0,0.0,0.0,0.0,0.0,0.0,0.0,0.0,0.0,0.0,0.0,0.0,0.0,0.0,0.0,0.0,0.0,0.0,0.0,0.0,0.0,0.0,0.0,0.0,0.0,0.0,0.0,0.0,0.0,0.0,0.0,0.0,0.0,0.0,0.0,0.0,0.0,0.0,0.0,0.0,0.0,0.0,0.0,0.0,0.0,0.0,0.0,0.0,0.0,0.0,0.0,0.0,0.0,0.0,0.0,0.0,0.0,0.0,0.0,0.0,0.0,0.0,0.0,0.0,0.0,0.0,0.0,0.0,0.0,0.0,0.0,0.0,0.0,0.0,0.0,0.0,0.0,0.0,0.0,0.0,0.0,0.0,0.0,0.0,0.0,0.0,0.0,0.0,0.0,0.0,0.0,0.0,0.0,0.0,0.0,0.0,0.0,0.0,0.0,0.0,0.0,0.0,0.0,0.0,0.0,0.0,0.0,0.0,0.0,0.0,0.0,0.0,0.0,0.0,0.0,0.0,0.0,0.0,0.0,0.0,0.0,0.0,0.0,0.0,0.0,0.0,0.0,0.0,0.0,0.0
0.0,0.0,0.0,0.0,0.0,0.0,0.0,0.0,0.0,0.0,0.0,0.0,0.0,0.0,0.0,0.0,0.0,0.0,0.0,0.0,0.0,0.0,0.0,0.0,0.0,0.0,0.0,0.0,0.0,0.0,0.0,0.0,0.0,0.0,0.0,0.0,0.0,0.0,0.0,0.0,0.0,0.0,0.0,0.0,0.0,0.0,0.0,0.0,0.0,0.0,0.0,0.0,0.0,0.0,0.0,0.0,0.0,0.0,0.0,0.0,0.0,0.0,0.0,0.0,0.0,0.0,0.0,0.0,0.0,0.0,0.0,0.0,0.0,0.0,0.0,0.0,0.0,0.0,0.0,0.0,0.0,0.0,0.0,0.0,0.0,0.0,0.0,0.0,0.0,0.0,0.0,0.0,0.0,0.0,0.0,0.0,0.0,0.0,0.0,0.0,0.01,0.03,0.08,0.2,0.45,0.95,1.88,3.43,5.85,9.29,13.74,18.92,24.28,29.02,32.33,33.58,32.57,29.56,25.25,20.48,16.05,12.47,9.93,8.3,7.29,6.57,5.87,5.07,4.16,3.21,2.32,1.56,0.98,0.58,0.32,0.16,0.08,0.05,0.05,0.08,0.16,0.32,0.58,0.98,1.56,2.31,3.18,4.08,4.87,5.42,5.61,5.42,4.87,4.08,3.18,2.31,1.56,0.98,0.58,0.32,0.16,0.08,0.03,0.01,0.01,0.0,0.0,0.0,0.0,0.0,0.0,0.0,0.0,0.0,0.0,0.0,0.0,0.0,0.0,0.0,0.0,0.0,0.0,0.0,0.0,0.0,0.0,0.0,0.0,0.0,0.0,0.0,0.0,0.0,0.0,0.0,0.0,0.0,0.0,0.0,0.0,0.0,0.0,0.0,0.0,0.0,0.0,0.0,0.0,0.0,0.0,0.0,0.0,0.0,0.0,0.0,0.0,0.0,0.0,0.0,0.0,0.0,0.0,0.0,0.0,0.0,0.0,0.0,0.0,0.0,0.0,0.0,0.0,0.0,0.0,0.0,0.0,0.0,0.0,0.0,0.0,0.0,0.0,0.0,0.0,0.0,0.0,0.0,0.0,0.0,0.0,0.0,0.0,0.0,0.0,0.0,0.0,0.0,0.0,0.0,0.0,0.0,0.0,0.0,0.0,0.0,0.0,0.0,0.0,0.0,0.0,0.0,0.0,0.0,0.0,0.0,0.0,0.0,0.0,0.0,0.0,0.0,0.0,0.0,0.0,0.0,0.0,0.0,0.0,0.0,0.0,0.0,0.0,0.0,0.0,0.0,0.0,0.0,0.0,0.0
0.0,0.0,0.0,0.0,0.0,0.0,0.0,0.0,0.0,0.0,0.0,0.0,0.0,0.0,0.0,0.0,0.0,0.0,0.0,0.0,0.0,0.0,0.0,0.0,0.0,0.0,0.0,0.0,0.0,0.0,0.0,0.0,0.0,0.0,0.0,0.0,0.0,0.0,0.0,0.0,0.0,0.0,0.0,0.0,0.0,0.0,0.0,0.0,0.0,0.0,0.0,0.0,0.0,0.0,0.0,0.0,0.0,0.0,0.0,0.0,0.0,0.0,0.0,0.0,0.0,0.0,0.0,0.0,0.0,0.0,0.0,0.0,0.0,0.0,0.0,0.0,0.0,0.0,0.0,0.0,0.0,0.0,0.0,0.0,0.0,0.0,0.0,0.0,0.0,0.0,0.0,0.0,0.0,0.0,0.0,0.0,0.0,0.0,0.0,0.0,0.01,0.04,0.11,0.26,0.6,1.26,2.47,4.52,7.7,12.23,18.08,24.9,31.93,38.16,42.47,44.05,42.59,38.43,32.43,25.69,19.25,13.84,9.77,7.0,5.22,4.11,3.35,2.74,2.18,1.66,1.19,0.8,0.5,0.29,0.16,0.08,0.04,0.02,0.02,0.04,0.08,0.16,0.29,0.5,0.79,1.17,1.62,2.07,2.48,2.76,2.86,2.76,2.48,2.07,1.62,1.17,0.79,0.5,0.29,0.16,0.08,0.04,0.02,0.01,0.0,0.0,0.0,0.0,0.0,0.0,0.0,0.0,0.0,0.0,0.0,0.0,0.0,0.0,0.0,0.0,0.0,0.0,0.0,0.0,0.0,0.0,0.0,0.0,0.0,0.0,0.0,0.0,0.0,0.0,0.0,0.0,0.0,0.0,0.0,0.0,0.0,0.0,0.0,0.0,0.0,0.0,0.0,0.0,0.0,0.0,0.0,0.0,0.0,0.0,0.0,0.0,0.0,0.0,0.0,0.0,0.0,0.0,0.0,0.0,0.0,0.0,0.0,0.0,0.0,0.0,0.0,0.0,0.0,0.0,0.0,0.0,0.0,0.0,0.0,0.0,0.0,0.0,0.0,0.0,0.0,0.0,0.0,0.0,0.0,0.0,0.0,0.0,0.0,0.0,0.0,0.0,0.0,0.0,0.0,0.0,0.0,0.0,0.0,0.0,0.0,0.0,0.0,0.0,0.0,0.0,0.0,0.0,0.0,0.0,0.0,0.0,0.0,0.0,0.0,0.0,0.0,0.0,0.0,0.0,0.0,0.0,0.0,0.0,0.0,0.0,0.0,0.0,0.0,0.0,0.0,0.0,0.0,0.0,0.0,0.0
0.0,0.0,0.0,0.0,0.0,0.0,0.0,0.0,0.0,0.0,0.0,0.0,0.0,0.0,0.0,0.0,0.0,0.0,0.0,0.0,0.0,0.0,0.0,0.0,0.0,0.0,0.0,0.0,0.0,0.0,0.0,0.0,0.0,0.0,0.0,0.0,0.0,0.0,0.0,0.0,0.0,0.0,0.0,0.0,0.0,0.0,0.0,0.0,0.0,0.0,0.0,0.0,0.0,0.0,0.0,0.0,0.0,0.0,0.0,0.0,0.0,0.0,0.0,0.0,0.0,0.0,0.0,0.0,0.0,0.0,0.0,0.0,0.0,0.0,0.0,0.0,0.0,0.0,0.0,0.0,0.0,0.0,0.0,0.0,0.0,0.0,0.0,0.0,0.0,0.0,0.0,0.0,0.0,0.0,0.0,0.0,0.0,0.0,0.0,0.01,0.02,0.05,0.14,0.35,0.78,1.66,3.25,5.96,10.15,16.12,23.83,32.82,42.1,50.29,55.96,58.01,56.02,50.42,42.33,33.2,24.39,16.88,11.14,7.13,4.56,3.01,2.09,1.52,1.13,0.82,0.58,0.38,0.24,0.14,0.08,0.04,0.02,0.01,0.01,0.02,0.04,0.08,0.14,0.24,0.38,0.56,0.77,0.98,1.17,1.31,1.35,1.31,1.17,0.98,0.77,0.56,0.38,0.24,0.14,0.08,0.04,0.02,0.01,0.0,0.0,0.0,0.0,0.0,0.0,0.0,0.0,0.0,0.0,0.0,0.0,0.0,0.0,0.0,0.0,0.0,0.0,0.0,0.0,0.0,0.0,0.0,0.0,0.0,0.0,0.0,0.0,0.0,0.0,0.0,0.0,0.0,0.0,0.0,0.0,0.0,0.0,0.0,0.0,0.0,0.0,0.0,0.0,0.0,0.0,0.0,0.0,0.0,0.0,0.0,0.0,0.0,0.0,0.0,0.0,0.0,0.0,0.0,0.0,0.0,0.0,0.0,0.0,0.0,0.0,0.0,0.0,0.0,0.0,0.0,0.0,0.0,0.0,0.0,0.0,0.0,0.0,0.0,0.0,0.0,0.0,0.0,0.0,0.0,0.0,0.0,0.0,0.0,0.0,0.0,0.0,0.0,0.0,0.0,0.0,0.0,0.0,0.0,0.0,0.0,0.0,0.0,0.0,0.0,0.0,0.0,0.0,0.0,0.0,0.0,0.0,0.0,0.0,0.0,0.0,0.0,0.0,0.0,0.0,0.0,0.0,0.0,0.0,0.0,0.0,0.0,0.0,0.0,0.0,0.0,0.0,0.0,0.0,0.0,0.0,0.0
0.0,0.0,0.0,0.0,0.0,0.0,0.0,0.0,0.0,0.0,0.0,0.0,0.0,0.0,0.0,0.0,0.0,0.0,0.0,0.0,0.0,0.0,0.0,0.0,0.0,0.0,0.0,0.0,0.0,0.0,0.0,0.0,0.0,0.0,0.0,0.0,0.0,0.0,0.0,0.0,0.0,0.0,0.0,0.0,0.0,0.0,0.0,0.0,0.0,0.0,0.0,0.0,0.0,0.0,0.0,0.0,0.0,0.0,0.0,0.0,0.0,0.0,0.0,0.0,0.0,0.0,0.0,0.0,0.0,0.0,0.0,0.0,0.0,0.0,0.0,0.0,0.0,0.0,0.0,0.0,0.0,0.0,0.0,0.0,0.0,0.0,0.0,0.0,0.0,0.0,0.0,0.0,0.0,0.0,0.0,0.0,0.0,0.0,0.0,0.01,0.02,0.07,0.18,0.44,0.99,2.09,4.11,7.52,12.82,20.36,30.1,41.45,53.16,63.51,70.66,73.23,70.69,63.57,53.27,41.62,30.34,20.69,13.26,8.04,4.69,2.69,1.57,0.96,0.61,0.41,0.27,0.17,0.11,0.06,0.03,0.02,0.01,0.01,0.01,0.01,0.02,0.03,0.06,0.1,0.17,0.25,0.34,0.43,0.52,0.58,0.6,0.58,0.52,0.43,0.34,0.25,0.17,0.1,0.06,0.03,0.02,0.01,0.0,0.0,0.0,0.0,0.0,0.0,0.0,0.0,0.0,0.0,0.0,0.0,0.0,0.0,0.0,0.0,0.0,0.0,0.0,0.0,0.0,0.0,0.0,0.0,0.0,0.0,0.0,0.0,0.0,0.0,0.0,0.0,0.0,0.0,0.0,0.0,0.0,0.0,0.0,0.0,0.0,0.0,0.0,0.0,0.0,0.0,0.0,0.0,0.0,0.0,0.0,0.0,0.0,0.0,0.0,0.0,0.0,0.0,0.0,0.0,0.0,0.0,0.0,0.0,0.0,0.0,0.0,0.0,0.0,0.0,0.0,0.0,0.0,0.0,0.0,0.0,0.0,0.0,0.0,0.0,0.0,0.0,0.0,0.0,0.0,0.0,0.0,0.0,0.0,0.0,0.0,0.0,0.0,0.0,0.0,0.0,0.0,0.0,0.0,0.0,0.0,0.0,0.0,0.0,0.0,0.0,0.0,0.0,0.0,0.0,0.0,0.0,0.0,0.0,0.0,0.0,0.0,0.0,0.0,0.0,0.0,0.0,0.0,0.0,0.0,0.0,0.0,0.0,0.0,0.0,0.0,0.0,0.0,0.0,0.0,0.0,0.0,0.0
0.0,0.0,0.0,0.0,0.0,0.0,0.0,0.0,0.0,0.0,0.0,0.0,0.0,0.0,0.0,0.0,0.0,0.0,0.0,0.0,0.0,0.0,0.0,0.0,0.0,0.0,0.0,0.0,0.0,0.0,0.0,0.0,0.0,0.0,0.0,0.0,0.0,0.0,0.0,0.0,0.0,0.0,0.0,0.0,0.0,0.0,0.0,0.0,0.0,0.0,0.0,0.0,0.0,0.0,0.0,0.0,0.0,0.0,0.0,0.0,0.0,0.0,0.0,0.0,0.0,0.0,0.0,0.0,0.0,0.0,0.0,0.0,0.0,0.0,0.0,0.0,0.0,0.0,0.0,0.0,0.0,0.0,0.0,0.0,0.0,0.0,0.0,0.0,0.0,0.0,0.0,0.0,0.0,0.0,0.0,0.0,0.0,0.0,0.0,0.01,0.03,0.08,0.21,0.52,1.18,2.48,4.88,8.94,15.23,24.19,35.76,49.25,63.17,75.46,83.95,87.0,83.96,75.48,63.21,49.32,35.86,24.33,15.41,9.15,5.12,2.73,1.41,0.73,0.39,0.22,0.13,0.08,0.05,0.03,0.01,0.01,0.0,0.0,0.0,0.0,0.01,0.01,0.03,0.04,0.07,0.1,0.14,0.18,0.21,0.24,0.25,0.24,0.21,0.18,0.14,0.1,0.07,0.04,0.03,0.01,0.01,0.0,0.0,0.0,0.0,0.0,0.0,0.0,0.0,0.0,0.0,0.0,0.0,0.0,0.0,0.0,0.0,0.0,0.0,0.0,0.0,0.0,0.0,0.0,0.0,0.0,0.0,0.0,0.0,0.0,0.0,0.0,0.0,0.0,0.0,0.0,0.0,0.0,0.0,0.0,0.0,0.0,0.0,0.0,0.0,0.0,0.0,0.0,0.0,0.0,0.0,0.0,0.0,0.0,0.0,0.0,0.0,0.0,0.0,0.0,0.0,0.0,0.0,0.0,0.0,0.0,0.0,0.0,0.0,0.0,0.0,0.0,0.0,0.0,0.0,0.0,0.0,0.0,0.0,0.0,0.0,0.0,0.0,0.0,0.0,0.0,0.0,0.0,0.0,0.0,0.0,0.0,0.0,0.0,0.0,0.0,0.0,0.0,0.0,0.0,0.0,0.0,0.0,0.0,0.0,0.0,0.0,0.0,0.0,0.0,0.0,0.0,0.0,0.0,0.0,0.0,0.0,0.0,0.0,0.0,0.0,0.0,0.0,0.0,0.0,0.0,0.0,0.0,0.0,0.0,0.0,0.0,0.0,0.0,0.0,0.0,0.0,0.0,0.0,0.0
0.0,0.0,0.0,0.0,0.0,0.0,0.0,0.0,0.0,0.0,0.0,0.0,0.0,0.0,0.0,0.0,0.0,0.0,0.0,0.0,0.0,0.0,0.0,0.0,0.0,0.0,0.0,0.0,0.0,0.0,0.0,0.0,0.0,0.0,0.0,0.0,0.0,0.0,0.0,0.0,0.0,0.0,0.0,0.0,0.0,0.0,0.0,0.0,0.0,0.0,0.0,0.0,0.0,0.0,0.0,0.0,0.0,0.0,0.0,0.0,0.0,0.0,0.0,0.0,0.0,0.0,0.0,0.0,0.0,0.0,0.0,0.0,0.0,0.0,0.0,0.0,0.0,0.0,0.0,0.0,0.0,0.0,0.0,0.0,0.0,0.0,0.0,0.0,0.0,0.0,0.0,0.0,0.0,0.0,0.0,0.0,0.0,0.0,0.0,0.01,0.03,0.09,0.24,0.58,1.31,2.76,5.42,9.92,16.92,26.86,39.71,54.69,70.15,83.8,93.23,96.6,93.23,83.8,70.16,54.72,39.75,26.91,16.99,10.01,5.51,2.85,1.4,0.66,0.31,0.14,0.07,0.04,0.02,0.01,0.01,0.0,0.0,0.0,0.0,0.0,0.0,0.01,0.01,0.02,0.03,0.04,0.05,0.07,0.08,0.09,0.09,0.09,0.08,0.07,0.05,0.04,0.03,0.02,0.01,0.01,0.0,0.0,0.0,0.0,0.0,0.0,0.0,0.0,0.0,0.0,0.0,0.0,0.0,0.0,0.0,0.0,0.0,0.0,0.0,0.0,0.0,0.0,0.0,0.0,0.0,0.0,0.0,0.0,0.0,0.0,0.0,0.0,0.0,0.0,0.0,0.0,0.0,0.0,0.0,0.0,0.0,0.0,0.0,0.0,0.0,0.0,0.0,0.0,0.0,0.0,0.0,0.0,0.0,0.0,0.0,0.0,0.0,0.0,0.0,0.0,0.0,0.0,0.0,0.0,0.0,0.0,0.0,0.0,0.0,0.0,0.0,0.0,0.0,0.0,0.0,0.0,0.0,0.0,0.0,0.0,0.0,0.0,0.0,0.0,0.0,0.0,0.0,0.0,0.0,0.0,0.0,0.0,0.0,0.0,0.0,0.0,0.0,0.0,0.0,0.0,0.0,0.0,0.0,0.0,0.0,0.0,0.0,0.0,0.0,0.0,0.0,0.0,0.0,0.0,0.0,0.0,0.0,0.0,0.0,0.0,0.0,0.0,0.0,0.0,0.0,0.0,0.0,0.0,0.0,0.0,0.0,0.0,0.0,0.0,0.0,0.0,0.0,0.0,0.0,0.0
0.0,0.0,0.0,0.0,0.0,0.0,0.0,0.0,0.0,0.0,0.0,0.0,0.0,0.0,0.0,0.0,0.0,0.0,0.0,0.0,0.0,0.0,0.0,0.0,0.0,0.0,0.0,0.0,0.0,0.0,0.0,0.0,0.0,0.0,0.0,0.0,0.0,0.0,0.0,0.0,0.0,0.0,0.0,0.0,0.0,0.0,0.0,0.0,0.0,0.0,0.0,0.0,0.0,0.0,0.0,0.0,0.0,0.0,0.0,0.0,0.0,0.0,0.0,0.0,0.0,0.0,0.0,0.0,0.0,0.0,0.0,0.0,0.0,0.0,0.0,0.0,0.0,0.0,0.0,0.0,0.0,0.0,0.0,0.0,0.0,0.0,0.0,0.0,0.0,0.0,0.0,0.0,0.0,0.0,0.0,0.0,0.0,0.0,0.0,0.01,0.03,0.09,0.25,0.6,1.35,2.86,5.62,10.28,17.52,27.81,41.13,56.63,72.64,86.77,96.54,100.03,96.54,86.78,72.65,56.64,41.14,27.83,17.54,10.31,5.65,2.89,1.39,0.63,0.27,0.11,0.05,0.02,0.01,0.0,0.0,0.0,0.0,0.0,0.0,0.0,0.0,0.0,0.0,0.01,0.01,0.01,0.02,0.02,0.03,0.03,0.03,0.03,0.03,0.02,0.02,0.01,0.01,0.01,0.0,0.0,0.0,0.0,0.0,0.0,0.0,0.0,0.0,0.0,0.0,0.0,0.0,0.0,0.0,0.0,0.0,0.0,0.0,0.0,0.0,0.0,0.0,0.0,0.0,0.0,0.0,0.0,0.0,0.0,0.0,0.0,0.0,0.0,0.0,0.0,0.0,0.0,0.0,0.0,0.0,0.0,0.0,0.0,0.0,0.0,0.0,0.0,0.0,0.0,0.0,0.0,0.0,0.0,0.0,0.0,0.0,0.0,0.0,0.0,0.0,0.0,0.0,0.0,0.0,0.0,0.0,0.0,0.0,0.0,0.0,0.0,0.0,0.0,0.0,0.0,0.0,0.0,0.0,0.0,0.0,0.0,0.0,0.0,0.0,0.0,0.0,0.0,0.0,0.0,0.0,0.0,0.0,0.0,0.0,0.0,0.0,0.0,0.0,0.0,0.0,0.0,0.0,0.0,0.0,0.0,0.0,0.0,0.0,0.0,0.0,0.0,0.0,0.0,0.0,0.0,0.0,0.0,0.0,0.0,0.0,0.0,0.0,0.0,0.0,0.0,0.0,0.0,0.0,0.0,0.0,0.0,0.0,0.0,0.0,0.0,0.0,0.0,0.0,0.0,0.0,0.0
0.0,0.0,0.0,0.0,0.0,0.0,0.0,0.0,0.0,0.0,0.0,0.0,0.0,0.0,0.0,0.0,0.0,0.0,0.0,0.0,0.0,0.0,0.0,0.0,0.0,0.0,0.0,0.0,0.0,0.0,0.0,0.0,0.0,0.0,0.0,0.0,0.0,0.0,0.0,0.0,0.0,0.0,0.0,0.0,0.0,0.0,0.0,0.0,0.0,0.0,0.0,0.0,0.0,0.0,0.0,0.0,0.0,0.0,0.0,0.0,0.0,0.0,0.0,0.0,0.0,0.0,0.0,0.0,0.0,0.0,0.0,0.0,0.0,0.0,0.0,0.0,0.0,0.0,0.0,0.0,0.0,0.0,0.0,0.0,0.0,0.0,0.0,0.0,0.0,0.0,0.0,0.0,0.0,0.0,0.0,0.0,0.0,0.0,0.0,0.01,0.03,0.09,0.24,0.58,1.31,2.76,5.42,9.92,16.9,26.84,39.68,54.64,70.09,83.72,93.15,96.52,93.15,83.72,70.09,54.65,39.68,26.84,16.91,9.93,5.43,2.77,1.32,0.59,0.25,0.1,0.04,0.01,0.01,0.0,0.0,0.0,0.0,0.0,0.0,0.0,0.0,0.0,0.0,0.0,0.0,0.0,0.01,0.01,0.01,0.01,0.01,0.01,0.01,0.01,0.01,0.0,0.0,0.0,0.0,0.0,0.0,0.0,0.0,0.0,0.0,0.0,0.0,0.0,0.0,0.0,0.0,0.0,0.0,0.0,0.0,0.0,0.0,0.0,0.0,0.0,0.0,0.0,0.0,0.0,0.0,0.0,0.0,0.0,0.0,0.0,0.0,0.0,0.0,0.0,0.0,0.0,0.0,0.0,0.0,0.0,0.0,0.0,0.0,0.0,0.0,0.0,0.0,0.0,0.0,0.0,0.0,0.0,0.0,0.0,0.0,0.0,0.0,0.0,0.0,0.0,0.0,0.0,0.0,0.0,0.0,0.0,0.0,0.0,0.0,0.0,0.0,0.0,0.0,0.0,0.0,0.0,0.0,0.0,0.0,0.0,0.0,0.0,0.0,0.0,0.0,0.0,0.0,0.0,0.0,0.0,0.0,0.0,0.0,0.0,0.0,0.0,0.0,0.0,0.0,0.0,0.0,0.0,0.0,0.0,0.0,0.0,0.0,0.0,0.0,0.0,0.0,0.0,0.0,0.0,0.0,0.0,0.0,0.0,0.0,0.0,0.0,0.0,0.0,0.0,0.0,0.0,0.0,0.0,0.0,0.0,0.0,0.0,0.0,0.0,0.0,0.0,0.0,0.0,0.0,0.0
0.0,0.0,0.0,0.0,0.0,0.0,0.0,0.0,0.0,0.0,0.0,0.0,0.0,0.0,0.0,0.0,0.0,0.0,0.0,0.0,0.0,0.0,0.0,0.0,0.0,0.0,0.0,0.0,0.0,0.0,0.0,0.0,0.0,0.0,0.0,0.0,0.0,0.0,0.0,0.0,0.0,0.0,0.0,0.0,0.0,0.0,0.0,0.0,0.0,0.0,0.0,0.0,0.0,0.0,0.0,0.0,0.0,0.0,0.0,0.0,0.0,0.0,0.0,0.0,0.0,0.0,0.0,0.0,0.0,0.0,0.0,0.0,0.0,0.0,0.0,0.0,0.0,0.0,0.0,0.0,0.0,0.0,0.0,0.0,0.0,0.0,0.0,0.0,0.0,0.0,0.0,0.0,0.0,0.0,0.0,0.0,0.0,0.0,0.0,0.01,0.03,0.08,0.21,0.52,1.17,2.48,4.87,8.91,15.19,24.12,35.66,49.11,62.99,75.25,83.72,86.75,83.72,75.25,62.99,49.11,35.66,24.12,15.19,8.92,4.87,2.48,1.18,0.52,0.22,0.08,0.03,0.01,0.0,0.0,0.0,0.0,0.0,0.0,0.0,0.0,0.0,0.0,0.0,0.0,0.0,0.0,0.0,0.0,0.0,0.0,0.0,0.0,0.0,0.0,0.0,0.0,0.0,0.0,0.0,0.0,0.0,0.0,0.0,0.0,0.0,0.0,0.0,0.0,0.0,0.0,0.0,0.0,0.0,0.0,0.0,0.0,0.0,0.0,0.0,0.0,0.0,0.0,0.0,0.0,0.0,0.0,0.0,0.0,0.0,0.0,0.0,0.0,0.0,0.0,0.0,0.0,0.0,0.0,0.0,0.0,0.0,0.0,0.0,0.0,0.0,0.0,0.0,0.0,0.0,0.0,0.0,0.0,0.0,0.0,0.0,0.0,0.0,0.0,0.0,0.0,0.0,0.0,0.0,0.0,0.0,0.0,0.0,0.0,0.0,0.0,0.0,0.0,0.0,0.0,0.0,0.0,0.0,0.0,0.0,0.0,0.0,0.0,0.0,0.0,0.0,0.0,0.0,0.0,0.0,0.0,0.0,0.0,0.0,0.0,0.0,0.0,0.0,0.0,0.0,0.0,0.0,0.0,0.0,0.0,0.0,0.0,0.0,0.0,0.0,0.0,0.0,0.0,0.0,0.0,0.0,0.0,0.0,0.0,0.0,0.0,0.0,0.0,0.0,0.0,0.0,0.0,0.0,0.0,0.0,0.0,0.0,0.0,0.0,0.0,0.0,0.0,0.0,0.0,0.0,0.0
0.0,0.0,0.0,0.0,0.0,0.0,0.0,0.0,0.0,0.0,0.0,0.0,0.0,0.0,0.0,0.0,0.0,0.0,0.0,0.0,0.0,0.0,0.0,0.0,0.0,0.0,0.0,0.0,0.0,0.0,0.0,0.0,0.0,0.0,0.0,0.0,0.0,0.0,0.0,0.0,0.0,0.0,0.0,0.0,0.0,0.0,0.0,0.0,0.0,0.0,0.0,0.0,0.0,0.0,0.0,0.0,0.0,0.0,0.0,0.0,0.0,0.0,0.0,0.0,0.0,0.0,0.0,0.0,0.0,0.0,0.0,0.0,0.0,0.0,0.0,0.0,0.0,0.0,0.0,0.0,0.0,0.0,0.0,0.0,0.0,0.0,0.0,0.0,0.0,0.0,0.0,0.0,0.0,0.0,0.0,0.0,0.0,0.0,0.0,0.01,0.02,0.07,0.18,0.43,0.98,2.07,4.08,7.46,12.72,20.19,29.85,41.11,52.73,62.99,70.08,72.62,70.08,62.99,52.73,41.11,29.85,20.19,12.72,7.46,4.08,2.08,0.98,0.43,0.18,0.07,0.02,0.01,0.0,0.0,0.0,0.0,0.0,0.0,0.0,0.0,0.0,0.0,0.0,0.0,0.0,0.0,0.0,0.0,0.0,0.0,0.0,0.0,0.0,0.0,0.0,0.0,0.0,0.0,0.0,0.0,0.0,0.0,0.0,0.0,0.0,0.0,0.0,0.0,0.0,0.0,0.0,0.0,0.0,0.0,0.0,0.0,0.0,0.0,0.0,0.0,0.0,0.0,0.0,0.0,0.0,0.0,0.0,0.0,0.0,0.0,0.0,0.0,0.0,0.0,0.0,0.0,0.0,0.0,0.0,0.0,0.0,0.0,0.0,0.0,0.0,0.0,0.0,0.0,0.0,0.0,0.0,0.0,0.0,0.0,0.0,0.0,0.0,0.0,0.0,0.0,0.0,0.0,0.0,0.0,0.0,0.0,0.0,0.0,0.0,0.0,0.0,0.0,0.0,0.0,0.0,0.0,0.0,0.0,0.0,0.0,0.0,0.0,0.0,0.0,0.0,0.0,0.0,0.0,0.0,0.0,0.0,0.0,0.0,0.0,0.0,0.0,0.0,0.0,0.0,0.0,0.0,0.0,0.0,0.0,0.0,0.0,0.0,0.0,0.0,0.0,0.0,0.0,0.0,0.0,0.0,0.0,0.0,0.0,0.0,0.0,0.0,0.0,0.0,0.0,0.0,0.0,0.0,0.0,0.0,0.0,0.0,0.0,0.0,0.0,0.0,0.0,0.0,0.0,0.0,0.0
0.0,0.0,0.0,0.0,0.0,0.0,0.0,0.0,0.0,0.0,0.0,0.0,0.0,0.0,0.0,0.0,0.0,0.0,0.0,0.0,0.0,0.0,0.0,0.0,0.0,0.0,0.0,0.0,0.0,0.0,0.0,0.0,0.0,0.0,0.0,0.0,0.0,0.0,0.0,0.0,0.0,0.0,0.0,0.0,0.0,0.0,0.0,0.0,0.0,0.0,0.0,0.0,0.0,0.0,0.0,0.0,0.0,0.0,0.0,0.0,0.0,0.0,0.0,0.0,0.0,0.0,0.0,0.0,0.0,0.0,0.0,0.0,0.0,0.0,0.0,0.0,0.0,0.0,0.0,0.0,0.0,0.0,0.0,0.0,0.0,0.0,0.0,0.0,0.0,0.0,0.0,0.0,0.0,0.0,0.0,0.0,0.0,0.0,0.0,0.01,0.02,0.05,0.14,0.34,0.77,1.62,3.18,5.82,9.92,15.74,23.28,32.05,41.11,49.11,54.64,56.62,54.64,49.11,41.11,32.05,23.28,15.74,9.92,5.82,3.18,1.62,0.77,0.34,0.14,0.05,0.02,0.01,0.0,0.0,0.0,0.0,0.0,0.0,0.0,0.0,0.0,0.0,0.0,0.0,0.0,0.0,0.0,0.0,0.0,0.0,0.0,0.0,0.0,0.0,0.0,0.0,0.0,0.0,0.0,0.0,0.0,0.0,0.0,0.0,0.0,0.0,0.0,0.0,0.0,0.0,0.0,0.0,0.0,0.0,0.0,0.0,0.0,0.0,0.0,0.0,0.0,0.0,0.0,0.0,0.0,0.0,0.0,0.0,0.0,0.0,0.0,0.0,0.0,0.0,0.0,0.0,0.0,0.0,0.0,0.0,0.0,0.0,0.0,0.0,0.0,0.0,0.0,0.0,0.0,0.0,0.0,0.0,0.0,0.0,0.0,0.0,0.0,0.0,0.0,0.0,0.0,0.0,0.0,0.0,0.0,0.0,0.0,0.0,0.0,0.0,0.0,0.0,0.0,0.0,0.0,0.0,0.0,0.0,0.0,0.0,0.0,0.0,0.0,0.0,0.0,0.0,0.0,0.0,0.0,0.0,0.0,0.0,0.0,0.0,0.0,0.0,0.0,0.0,0.0,0.0,0.0,0.0,0.0,0.0,0.0,0.0,0.0,0.0,0.0,0.0,0.0,0.0,0.0,0.0,0.0,0.0,0.0,0.0,0.0,0.0,0.0,0.0,0.0,0.0,0.0,0.0,0.0,0.0,0.0,0.0,0.0,0.0,0.0,0.0,0.0,0.0,0.0,0.0,0.0,0.0
0.0,0.0,0.0,0.0,0.0,0.0,0.0,0.0,0.0,0.0,0.0,0.0,0.0,0.0,0.0,0.0,0.0,0.0,0.0,0.0,0.0,0.0,0.0,0.0,0.0,0.0,0.0,0.0,0.0,0.0,0.0,0.0,0.0,0.0,0.0,0.0,0.0,0.0,0.0,0.0,0.0,0.0,0.0,0.0,0.0,0.0,0.0,0.0,0.0,0.0,0.0,0.0,0.0,0.0,0.0,0.0,0.0,0.0,0.0,0.0,0.0,0.0,0.0,0.0,0.0,0.0,0.0,0.0,0.0,0.0,0.0,0.0,0.0,0.0,0.0,0.0,0.0,0.0,0.0,0.0,0.0,0.0,0.0,0.0,0.0,0.0,0.0,0.0,0.0,0.0,0.0,0.0,0.0,0.0,0.0,0.0,0.0,0.0,0.0,0.0,0.01,0.04,0.1,0.25,0.56,1.17,2.31,4.22,7.2,11.43,16.9,23.28,29.85,35.66,39.68,41.11,39.68,35.66,29.85,23.28,16.9,11.43,7.2,4.22,2.31,1.17,0.56,0.25,0.1,0.04,0.01,0.0,0.0,0.0,0.0,0.0,0.0,0.0,0.0,0.0,0.0,0.0,0.0,0.0,0.0,0.0,0.0,0.0,0.0,0.0,0.0,0.0,0.0,0.0,0.0,0.0,0.0,0.0,0.0,0.0,0.0,0.0,0.0,0.0,0.0,0.0,0.0,0.0,0.0,0.0,0.0,0.0,0.0,0.0,0.0,0.0,0.0,0.0,0.0,0.0,0.0,0.0,0.0,0.0,0.0,0.0,0.0,0.0,0.0,0.0,0.0,0.0,0.0,0.0,0.0,0.0,0.0,0.0,0.0,0.0,0.0,0.0,0.0,0.0,0.0,0.0,0.0,0.0,0.0,0.0,0.0,0.0,0.0,0.0,0.0,0.0,0.0,0.0,0.0,0.0,0.0,0.0,0.0,0.0,0.0,0.0,0.0,0.0,0.0,0.0,0.0,0.0,0.0,0.0,0.0,0.0,0.0,0.0,0.0,0.0,0.0,0.0,0.0,0.0,0.0,0.0,0.0,0.0,0.0,0.0,0.0,0.0,0.0,0.0,0.0,0.0,0.0,0.0,0.0,0.0,0.0,0.0,0.0,0.0,0.0,0.0,0.0,0.0,0.0,0.0,0.0,0.0,0.0,0.0,0.0,0.0,0.0,0.0,0.0,0.0,0.0,0.0,0.0,0.0,0.0,0.0,0.0,0.0,0.0,0.0,0.0,0.0,0.0,0.0,0.0,0.0,0.0,0.0,0.0,0.0
0.0,0.0,0.0,0.0,0.0,0.0,0.0,0.0,0.0,0.0,0.0,0.0,0.0,0.0,0.0,0.0,0.0,0.0,0.0,0.0,0.0,0.0,0.0,0.0,0.0,0.0,0.0,0.0,0.0,0.0,0.0,0.0,0.0,0.0,0.0,0.0,0.0,0.0,0.0,0.0,0.0,0.0,0.0,0.0,0.0,0.0,0.0,0.0,0.0,0.0,0.0,0.0,0.0,0.0,0.0,0.0,0.0,0.0,0.0,0.0,0.0,0.0,0.0,0.0,0.0,0.0,0.0,0.0,0.0,0.0,0.0,0.0,0.0,0.0,0.0,0.0,0.0,0.0,0.0,0.0,0.0,0.0,0.0,0.0,0.0,0.0,0.0,0.0,0.0,0.0,0.0,0.0,0.0,0.0,0.0,0.0,0.0,0.0,0.0,0.0,0.01,0.03,0.07,0.17,0.38,0.79,1.56,2.86,4.87,7.73,11.43,15.74,20.19,24.12,26.83,27.8,26.83,24.12,20.19,15.74,11.43,7.73,4.87,2.86,1.56,0.79,0.38,0.17,0.07,0.03,0.01,0.0,0.0,0.0,0.0,0.0,0.0,0.0,0.0,0.0,0.0,0.0,0.0,0.0,0.0,0.0,0.0,0.0,0.0,0.0,0.0,0.0,0.0,0.0,0.0,0.0,0.0,0.0,0.0,0.0,0.0,0.0,0.0,0.0,0.0,0.0,0.0,0.0,0.0,0.0,0.0,0.0,0.0,0.0,0.0,0.0,0.0,0.0,0.0,0.0,0.0,0.0,0.0,0.0,0.0,0.0,0.0,0.0,0.0,0.0,0.0,0.0,0.0,0.0,0.0,0.0,0.0,0.0,0.0,0.0,0.0,0.0,0.0,0.0,0.0,0.0,0.0,0.0,0.0,0.0,0.0,0.0,0.0,0.0,0.0,0.0,0.0,0.0,0.0,0.0,0.0,0.0,0.0,0.0,0.0,0.0,0.0,0.0,0.0,0.0,0.0,0.0,0.0,0.0,0.0,0.0,0.0,0.0,0.0,0.0,0.0,0.0,0.0,0.0,0.0,0.0,0.0,0.0,0.0,0.0,0.0,0.0,0.0,0.0,0.0,0.0,0.0,0.0,0.0,0.0,0.0,0.0,0.0,0.0,0.0,0.0,0.0,0.0,0.0,0.0,0.0,0.0,0.0,0.0,0.0,0.0,0.0,0.0,0.0,0.0,0.0,0.0,0.0,0.0,0.0,0.0,0.0,0.0,0.0,0.0,0.0,0.0,0.0,0.0,0.0,0.0,0.0,0.0,0.0,0.0
0.0,0.0,0.0,0.0,0.0,0.0,0.0,0.0,0.0,0.0,0.0,0.0,0.0,0.0,0.0,0.0,0.0,0.0,0.0,0.0,0.0,0.0,0.0,0.0,0.0,0.0,0.0,0.0,0.0,0.0,0.0,0.0,0.0,0.0,0.0,0.0,0.0,0.0,0.0,0.0,0.0,0.0,0.0,0.0,0.0,0.0,0.0,0.0,0.0,0.0,0.0,0.0,0.0,0.0,0.0,0.0,0.0,0.0,0.0,0.0,0.0,0.0,0.0,0.0,0.0,0.0,0.0,0.0,0.0,0.0,0.0,0.0,0.0,0.0,0.0,0.0,0.0,0.0,0.0,0.0,0.0,0.0,0.0,0.0,0.0,0.0,0.0,0.0,0.0,0.0,0.0,0.0,0.0,0.0,0.0,0.0,0.0,0.0,0.0,0.0,0.01,0.02,0.04,0.1,0.24,0.5,0.98,1.8,3.07,4.87,7.2,9.92,12.72,15.19,16.9,17.51,16.9,15.19,12.72,9.92,7.2,4.87,3.07,1.8,0.98,0.5,0.24,0.1,0.04,0.02,0.01,0.0,0.0,0.0,0.0,0.0,0.0,0.0,0.0,0.0,0.0,0.0,0.0,0.0,0.0,0.0,0.0,0.0,0.0,0.0,0.0,0.0,0.0,0.0,0.0,0.0,0.0,0.0,0.0,0.0,0.0,0.0,0.0,0.0,0.0,0.0,0.0,0.0,0.0,0.0,0.0,0.0,0.0,0.0,0.0,0.0,0.0,0.0,0.0,0.0,0.0,0.0,0.0,0.0,0.0,0.0,0.0,0.0,0.0,0.0,0.0,0.0,0.0,0.0,0.0,0.0,0.0,0.0,0.0,0.0,0.0,0.0,0.0,0.0,0.0,0.0,0.0,0.0,0.0,0.0,0.0,0.0,0.0,0.0,0.0,0.0,0.0,0.0,0.0,0.0,0.0,0.0,0.0,0.0,0.0,0.0,0.0,0.0,0.0,0.0,0.0,0.0,0.0,0.0,0.0,0.0,0.0,0.0,0.0,0.0,0.0,0.0,0.0,0.0,0.0,0.0,0.0,0.0,0.0,0.0,0.0,0.0,0.0,0.0,0.0,0.0,0.0,0.0,0.0,0.0,0.0,0.0,0.0,0.0,0.0,0.0,0.0,0.0,0.0,0.0,0.0,0.0,0.0,0.0,0.0,0.0,0.0,0.0,0.0,0.0,0.0,0.0,0.0,0.0,0.0,0.0,0.0,0.0,0.0,0.0,0.0,0.0,0.0,0.0,0.0,0.0,0.0,0.0,0.0,0.0
0.0,0.0,0.0,0.0,0.0,0.0,0.0,0.0,0.0,0.0,0.0,0.0,0.0,0.0,0.0,0.0,0.0,0.0,0.0,0.0,0.0,0.0,0.0,0.0,0.0,0.0,0.0,0.0,0.0,0.0,0.0,0.0,0.0,0.0,0.0,0.0,0.0,0.0,0.0,0.0,0.0,0.0,0.0,0.0,0.0,0.0,0.0,0.0,0.0,0.0,0.0,0.0,0.0,0.0,0.0,0.0,0.0,0.0,0.0,0.0,0.0,0.0,0.0,0.0,0.0,0.0,0.0,0.0,0.0,0.0,0.0,0.0,0.0,0.0,0.0,0.0,0.0,0.0,0.0,0.0,0.0,0.0,0.0,0.0,0.0,0.0,0.0,0.0,0.0,0.0,0.0,0.0,0.0,0.0,0.0,0.0,0.0,0.0,0.0,0.0,0.0,0.01,0.03,0.06,0.14,0.29,0.58,1.06,1.8,2.86,4.22,5.82,7.46,8.91,9.92,10.27,9.92,8.91,7.46,5.82,4.22,2.86,1.8,1.06,0.58,0.29,0.14,0.06,0.03,0.01,0.0,0.0,0.0,0.0,0.0,0.0,0.0,0.0,0.0,0.0,0.0,0.0,0.0,0.0,0.0,0.0,0.0,0.0,0.0,0.0,0.0,0.0,0.0,0.0,0.0,0.0,0.0,0.0,0.0,0.0,0.0,0.0,0.0,0.0,0.0,0.0,0.0,0.0,0.0,0.0,0.0,0.0,0.0,0.0,0.0,0.0,0.0,0.0,0.0,0.0,0.0,0.0,0.0,0.0,0.0,0.0,0.0,0.0,0.0,0.0,0.0,0.0,0.0,0.0,0.0,0.0,0.0,0.0,0.0,0.0,0.0,0.0,0.0,0.0,0.0,0.0,0.0,0.0,0.0,0.0,0.0,0.0,0.0,0.0,0.0,0.0,0.0,0.0,0.0,0.0,0.0,0.0,0.0,0.0,0.0,0.0,0.0,0.0,0.0,0.0,0.0,0.0,0.0,0.0,0.0,0.0,0.0,0.0,0.0,0.0,0.0,0.0,0.0,0.0,0.0,0.0,0.0,0.0,0.0,0.0,0.0,0.0,0.0,0.0,0.0,0.0,0.0,0.0,0.0,0.0,0.0,0.0,0.0,0.0,0.0,0.0,0.0,0.0,0.0,0.0,0.0,0.0,0.0,0.0,0.0,0.0,0.0,0.0,0.0,0.0,0.0,0.0,0.0,0.0,0.0,0.0,0.0,0.0,0.0,0.0,0.0,0.0,0.0,0.0,0.0,0.0,0.0,0.0,0.0,0.0
0.0,0.0,0.0,0.0,0.0,0.0,0.0,0.0,0.0,0.0,0.0,0.0,0.0,0.0,0.0,0.0,0.0,0.0,0.0,0.0,0.0,0.0,0.0,0.0,0.0,0.0,0.0,0.0,0.0,0.0,0.0,0.0,0.0,0.0,0.0,0.0,0.0,0.0,0.0,0.0,0.0,0.0,0.0,0.0,0.0,0.0,0.0,0.0,0.0,0.0,0.0,0.0,0.0,0.0,0.0,0.0,0.0,0.0,0.0,0.0,0.0,0.0,0.0,0.0,0.0,0.0,0.0,0.0,0.0,0.0,0.0,0.0,0.0,0.0,0.0,0.0,0.0,0.0,0.0,0.0,0.0,0.0,0.0,0.0,0.0,0.0,0.0,0.0,0.0,0.0,0.0,0.0,0.0,0.0,0.0,0.0,0.0,0.0,0.0,0.0,0.0,0.01,0.01,0.03,0.08,0.16,0.32,0.58,0.98,1.56,2.31,3.18,4.08,4.87,5.42,5.61,5.42,4.87,4.08,3.18,2.31,1.56,0.98,0.58,0.32,0.16,0.08,0.03,0.01,0.01,0.0,0.0,0.0,0.0,0.0,0.0,0.0,0.0,0.0,0.0,0.0,0.0,0.0,0.0,0.0,0.0,0.0,0.0,0.0,0.0,0.0,0.0,0.0,0.0,0.0,0.0,0.0,0.0,0.0,0.0,0.0,0.0,0.0,0.0,0.0,0.0,0.0,0.0,0.0,0.0,0.0,0.0,0.0,0.0,0.0,0.0,0.0,0.0,0.0,0.0,0.0,0.0,0.0,0.0,0.0,0.0,0.0,0.0,0.0,0.0,0.0,0.0,0.0,0.0,0.0,0.0,0.0,0.0,0.0,0.0,0.0,0.0,0.0,0.0,0.0,0.0,0.0,0.0,0.0,0.0,0.0,0.0,0.0,0.0,0.0,0.0,0.0,0.0,0.0,0.0,0.0,0.0,0.0,0.0,0.0,0.0,0.0,0.0,0.0,0.0,0.0,0.0,0.0,0.0,0.0,0.0,0.0,0.0,0.0,0.0,0.0,0.0,0.0,0.0,0.0,0.0,0.0,0.0,0.0,0.0,0.0,0.0,0.0,0.0,0.0,0.0,0.0,0.0,0.0,0.0,0.0,0.0,0.0,0.0,0.0,0.0,0.0,0.0,0.0,0.0,0.0,0.0,0.0,0.0,0.0,0.0,0.0,0.0,0.0,0.0,0.0,0.0,0.0,0.0,0.0,0.0,0.0,0.0,0.0,0.0,0.0,0.0,0.0,0.0,0.0,0.0,0.0,0.0,0.0,0.0
0.0,0.0,0.0,0.0,0.0,0.0,0.0,0.0,0.0,0.0,0.0,0.0,0.0,0.0,0.0,0.0,0.0,0.0,0.0,0.0,0.0,0.0,0.0,0.0,0.0,0.0,0.0,0.0,0.0,0.0,0.0,0.0,0.0,0.0,0.0,0.0,0.0,0.0,0.0,0.0,0.0,0.0,0.0,0.0,0.0,0.0,0.0,0.0,0.0,0.0,0.0,0.0,0.0,0.0,0.0,0.0,0.0,0.0,0.0,0.0,0.0,0.0,0.0,0.0,0.0,0.0,0.0,0.0,0.0,0.0,0.0,0.0,0.0,0.0,0.0,0.0,0.0,0.0,0.0,0.0,0.0,0.0,0.0,0.0,0.0,0.0,0.0,0.0,0.0,0.0,0.0,0.0,0.0,0.0,0.0,0.0,0.0,0.0,0.0,0.0,0.0,0.0,0.01,0.02,0.04,0.08,0.16,0.29,0.5,0.79,1.17,1.62,2.07,2.48,2.76,2.86,2.76,2.48,2.07,1.62,1.17,0.79,0.5,0.29,0.16,0.08,0.04,0.02,0.01,0.0,0.0,0.0,0.0,0.0,0.0,0.0,0.0,0.0,0.0,0.0,0.0,0.0,0.0,0.0,0.0,0.0,0.0,0.0,0.0,0.0,0.0,0.0,0.0,0.0,0.0,0.0,0.0,0.0,0.0,0.0,0.0,0.0,0.0,0.0,0.0,0.0,0.0,0.0,0.0,0.0,0.0,0.0,0.0,0.0,0.0,0.0,0.0,0.0,0.0,0.0,0.0,0.0,0.0,0.0,0.0,0.0,0.0,0.0,0.0,0.0,0.0,0.0,0.0,0.0,0.0,0.0,0.0,0.0,0.0,0.0,0.0,0.0,0.0,0.0,0.0,0.0,0.0,0.0,0.0,0.0,0.0,0.0,0.0,0.0,0.0,0.0,0.0,0.0,0.0,0.0,0.0,0.0,0.0,0.0,0.0,0.0,0.0,0.0,0.0,0.0,0.0,0.0,0.0,0.0,0.0,0.0,0.0,0.0,0.0,0.0,0.0,0.0,0.0,0.0,0.0,0.0,0.0,0.0,0.0,0.0,0.0,0.0,0.0,0.0,0.0,0.0,0.0,0.0,0.0,0.0,0.0,0.0,0.0,0.0,0.0,0.0,0.0,0.0,0.0,0.0,0.0,0.0,0.0,0.0,0.0,0.0,0.0,0.0,0.0,0.0,0.0,0.0,0.0,0.0,0.0,0.0,0.0,0.0,0.0,0.0,0.0,0.0,0.0,0.0,0.0,0.0,0.0,0.0,0.0,0.0
0.0,0.0,0.0,0.0,0.0,0.0,0.0,0.0,0.0,0.0,0.0,0.0,0.0,0.0,0.0,0.0,0.0,0.0,0.0,0.0,0.0,0.0,0.0,0.0,0.0,0.0,0.0,0.0,0.0,0.0,0.0,0.0,0.0,0.0,0.0,0.0,0.0,0.0,0.0,0.0,0.0,0.0,0.0,0.0,0.0,0.0,0.0,0.0,0.0,0.0,0.0,0.0,0.0,0.0,0.0,0.0,0.0,0.0,0.0,0.0,0.0,0.0,0.0,0.0,0.0,0.0,0.0,0.0,0.0,0.0,0.0,0.0,0.0,0.0,0.0,0.0,0.0,0.0,0.0,0.0,0.0,0.0,0.0,0.0,0.0,0.0,0.0,0.0,0.0,0.0,0.0,0.0,0.0,0.0,0.0,0.0,0.0,0.0,0.0,0.0,0.0,0.0,0.0,0.01,0.02,0.04,0.08,0.14,0.24,0.38,0.56,0.77,0.98,1.17,1.31,1.35,1.31,1.17,0.98,0.77,0.56,0.38,0.24,0.14,0.08,0.04,0.02,0.01,0.0,0.0,0.0,0.0,0.0,0.0,0.0,0.0,0.0,0.0,0.0,0.0,0.0,0.0,0.0,0.0,0.0,0.0,0.0,0.0,0.0,0.0,0.0,0.0,0.0,0.0,0.0,0.0,0.0,0.0,0.0,0.0,0.0,0.0,0.0,0.0,0.0,0.0,0.0,0.0,0.0,0.0,0.0,0.0,0.0,0.0,0.0,0.0,0.0,0.0,0.0,0.0,0.0,0.0,0.0,0.0,0.0,0.0,0.0,0.0,0.0,0.0,0.0,0.0,0.0,0.0,0.0,0.0,0.0,0.0,0.0,0.0,0.0,0.0,0.0,0.0,0.0,0.0,0.0,0.0,0.0,0.0,0.0,0.0,0.0,0.0,0.0,0.0,0.0,0.0,0.0,0.0,0.0,0.0,0.0,0.0,0.0,0.0,0.0,0.0,0.0,0.0,0.0,0.0,0.0,0.0,0.0,0.0,0.0,0.0,0.0,0.0,0.0,0.0,0.0,0.0,0.0,0.0,0.0,0.0,0.0,0.0,0.0,0.0,0.0,0.0,0.0,0.0,0.0,0.0,0.0,0.0,0.0,0.0,0.0,0.0,0.0,0.0,0.0,0.0,0.0,0.0,0.0,0.0,0.0,0.0,0.0,0.0,0.0,0.0,0.0,0.0,0.0,0.0,0.0,0.0,0.0,0.0,0.0,0.0,0.0,0.0,0.0,0.0,0.0,0.0,0.0,0.0,0.0,0.0,0.0,0.0
0.0,0.0,0.0,0.0,0.0,0.0,0.0,0.0,0.0,0.0,0.0,0.0,0.0,0.0,0.0,0.0,0.0,0.0,0.0,0.0,0.0,0.0,0.0,0.0,0.0,0.0,0.0,0.0,0.0,0.0,0.0,0.0,0.0,0.0,0.0,0.0,0.0,0.0,0.0,0.0,0.0,0.0,0.0,0.0,0.0,0.0,0.0,0.0,0.0,0.0,0.0,0.0,0.0,0.0,0.0,0.0,0.0,0.0,0.0,0.0,0.0,0.0,0.0,0.0,0.0,0.0,0.0,0.0,0.0,0.0,0.0,0.0,0.0,0.0,0.0,0.0,0.0,0.0,0.0,0.0,0.0,0.0,0.0,0.0,0.0,0.0,0.0,0.0,0.0,0.0,0.0,0.0,0.0,0.0,0.0,0.0,0.0,0.0,0.0,0.0,0.0,0.0,0.0,0.0,0.01,0.02,0.03,0.06,0.1,0.17,0.25,0.34,0.43,0.52,0.58,0.6,0.58,0.52,0.43,0.34,0.25,0.17,0.1,0.06,0.03,0.02,0.01,0.0,0.0,0.0,0.0,0.0,0.0,0.0,0.0,0.0,0.0,0.0,0.0,0.0,0.0,0.0,0.0,0.0,0.0,0.0,0.0,0.0,0.0,0.0,0.0,0.0,0.0,0.0,0.0,0.0,0.0,0.0,0.0,0.0,0.0,0.0,0.0,0.0,0.0,0.0,0.0,0.0,0.0,0.0,0.0,0.0,0.0,0.0,0.0,0.0,0.0,0.0,0.0,0.0,0.0,0.0,0.0,0.0,0.0,0.0,0.0,0.0,0.0,0.0,0.0,0.0,0.0,0.0,0.0,0.0,0.0,0.0,0.0,0.0,0.0,0.0,0.0,0.0,0.0,0.0,0.0,0.0,0.0,0.0,0.0,0.0,0.0,0.0,0.0,0.0,0.0,0.0,0.0,0.0,0.0,0.0,0.0,0.0,0.0,0.0,0.0,0.0,0.0,0.0,0.0,0.0,0.0,0.0,0.0,0.0,0.0,0.0,0.0,0.0,0.0,0.0,0.0,0.0,0.0,0.0,0.0,0.0,0.0,0.0,0.0,0.0,0.0,0.0,0.0,0.0,0.0,0.0,0.0,0.0,0.0,0.0,0.0,0.0,0.0,0.0,0.0,0.0,0.0,0.0,0.0,0.0,0.0,0.0,0.0,0.0,0.0,0.0,0.0,0.0,0.0,0.0,0.0,0.0,0.0,0.0,0.0,0.0,0.0,0.0,0.0,0.0,0.0,0.0,0.0,0.0,0.0,0.0,0.0,0.0
0.0,0.0,0.0,0.0,0.0,0.0,0.0,0.0,0.0,0.0,0.0,0.0,0.0,0.0,0.0,0.0,0.0,0.0,0.0,0.0,0.0,0.0,0.0,0.0,0.0,0.0,0.0,0.0,0.0,0.0,0.0,0.0,0.0,0.0,0.0,0.0,0.0,0.0,0.0,0.0,0.0,0.0,0.0,0.0,0.0,0.0,0.0,0.0,0.0,0.0,0.0,0.0,0.0,0.0,0.0,0.0,0.0,0.0,0.0,0.0,0.0,0.0,0.0,0.0,0.0,0.0,0.0,0.0,0.0,0.0,0.0,0.0,0.0,0.0,0.0,0.0,0.0,0.0,0.0,0.0,0.0,0.0,0.0,0.0,0.0,0.0,0.0,0.0,0.0,0.0,0.0,0.0,0.0,0.0,0.0,0.0,0.0,0.0,0.0,0.0,0.0,0.0,0.0,0.0,0.0,0.01,0.01,0.03,0.04,0.07,0.1,0.14,0.18,0.21,0.24,0.25,0.24,0.21,0.18,0.14,0.1,0.07,0.04,0.03,0.01,0.01,0.0,0.0,0.0,0.0,0.0,0.0,0.0,0.0,0.0,0.0,0.0,0.0,0.0,0.0,0.0,0.0,0.0,0.0,0.0,0.0,0.0,0.0,0.0,0.0,0.0,0.0,0.0,0.0,0.0,0.0,0.0,0.0,0.0,0.0,0.0,0.0,0.0,0.0,0.0,0.0,0.0,0.0,0.0,0.0,0.0,0.0,0.0,0.0,0.0,0.0,0.0,0.0,0.0,0.0,0.0,0.0,0.0,0.0,0.0,0.0,0.0,0.0,0.0,0.0,0.0,0.0,0.0,0.0,0.0,0.0,0.0,0.0,0.0,0.0,0.0,0.0,0.0,0.0,0.0,0.0,0.0,0.0,0.0,0.0,0.0,0.0,0.0,0.0,0.0,0.0,0.0,0.0,0.0,0.0,0.0,0.0,0.0,0.0,0.0,0.0,0.0,0.0,0.0,0.0,0.0,0.0,0.0,0.0,0.0,0.0,0.0,0.0,0.0,0.0,0.0,0.0,0.0,0.0,0.0,0.0,0.0,0.0,0.0,0.0,0.0,0.0,0.0,0.0,0.0,0.0,0.0,0.0,0.0,0.0,0.0,0.0,0.0,0.0,0.0,0.0,0.0,0.0,0.0,0.0,0.0,0.0,0.0,0.0,0.0,0.0,0.0,0.0,0.0,0.0,0.0,0.0,0.0,0.0,0.0,0.0,0.0,0.0,0.0,0.0,0.0,0.0,0.0,0.0,0.0,0.0,0.0,0.0,0.0,0.0
0.0,0.0,0.0,0.0,0.0,0.0,0.0,0.0,0.0,0.0,0.0,0.0,0.0,0.0,0.0,0.0,0.0,0.0,0.0,0.0,0.0,0.0,0.0,0.0,0.0,0.0,0.0,0.0,0.0,0.0,0.0,0.0,0.0,0.0,0.0,0.0,0.0,0.0,0.0,0.0,0.0,0.0,0.0,0.0,0.0,0.0,0.0,0.0,0.0,0.0,0.0,0.0,0.0,0.0,0.0,0.0,0.0,0.0,0.0,0.0,0.0,0.0,0.0,0.0,0.0,0.0,0.0,0.0,0.0,0.0,0.0,0.0,0.0,0.0,0.0,0.0,0.0,0.0,0.0,0.0,0.0,0.0,0.0,0.0,0.0,0.0,0.0,0.0,0.0,0.0,0.0,0.0,0.0,0.0,0.0,0.0,0.0,0.0,0.0,0.0,0.0,0.0,0.0,0.0,0.0,0.0,0.01,0.01,0.02,0.03,0.04,0.05,0.07,0.08,0.09,0.09,0.09,0.08,0.07,0.05,0.04,0.03,0.02,0.01,0.01,0.0,0.0,0.0,0.0,0.0,0.0,0.0,0.0,0.0,0.0,0.0,0.0,0.0,0.0,0.0,0.0,0.0,0.0,0.0,0.0,0.0,0.0,0.0,0.0,0.0,0.0,0.0,0.0,0.0,0.0,0.0,0.0,0.0,0.0,0.0,0.0,0.0,0.0,0.0,0.0,0.0,0.0,0.0,0.0,0.0,0.0,0.0,0.0,0.0,0.0,0.0,0.0,0.0,0.0,0.0,0.0,0.0,0.0,0.0,0.0,0.0,0.0,0.0,0.0,0.0,0.0,0.0,0.0,0.0,0.0,0.0,0.0,0.0,0.0,0.0,0.0,0.0,0.0,0.0,0.0,0.0,0.0,0.0,0.0,0.0,0.0,0.0,0.0,0.0,0.0,0.0,0.0,0.0,0.0,0.0,0.0,0.0,0.0,0.0,0.0,0.0,0.0,0.0,0.0,0.0,0.0,0.0,0.0,0.0,0.0,0.0,0.0,0.0,0.0,0.0,0.0,0.0,0.0,0.0,0.0,0.0,0.0,0.0,0.0,0.0,0.0,0.0,0.0,0.0,0.0,0.0,0.0,0.0,0.0,0.0,0.0,0.0,0.0,0.0,0.0,0.0,0.0,0.0,0.0,0.0,0.0,0.0,0.0,0.0,0.0,0.0,0.0,0.0,0.0,0.0,0.0,0.0,0.0,0.0,0.0,0.0,0.0,0.0,0.0,0.0,0.0,0.0,0.0,0.0,0.0,0.0,0.0,0.0,0.0,0.0
0.0,0.0,0.0,0.0,0.0,0.0,0.0,0.0,0.0,0.0,0.0,0.0,0.0,0.0,0.0,0.0,0.0,0.0,0.0,0.0,0.0,0.0,0.0,0.0,0.0,0.0,0.0,0.0,0.0,0.0,0.0,0.0,0.0,0.0,0.0,0.0,0.0,0.0,0.0,0.0,0.0,0.0,0.0,0.0,0.0,0.0,0.0,0.0,0.0,0.0,0.0,0.0,0.0,0.0,0.0,0.0,0.0,0.0,0.0,0.0,0.0,0.0,0.0,0.0,0.0,0.0,0.0,0.0,0.0,0.0,0.0,0.0,0.0,0.0,0.0,0.0,0.0,0.0,0.0,0.0,0.0,0.0,0.0,0.0,0.0,0.0,0.0,0.0,0.0,0.0,0.0,0.0,0.0,0.0,0.0,0.0,0.0,0.0,0.0,0.0,0.0,0.0,0.0,0.0,0.0,0.0,0.0,0.0,0.01,0.01,0.01,0.02,0.02,0.03,0.03,0.03,0.03,0.03,0.02,0.02,0.01,0.01,0.01,0.0,0.0,0.0,0.0,0.0,0.0,0.0,0.0,0.0,0.0,0.0,0.0,0.0,0.0,0.0,0.0,0.0,0.0,0.0,0.0,0.0,0.0,0.0,0.0,0.0,0.0,0.0,0.0,0.0,0.0,0.0,0.0,0.0,0.0,0.0,0.0,0.0,0.0,0.0,0.0,0.0,0.0,0.0,0.0,0.0,0.0,0.0,0.0,0.0,0.0,0.0,0.0,0.0,0.0,0.0,0.0,0.0,0.0,0.0,0.0,0.0,0.0,0.0,0.0,0.0,0.0,0.0,0.0,0.0,0.0,0.0,0.0,0.0,0.0,0.0,0.0,0.0,0.0,0.0,0.0,0.0,0.0,0.0,0.0,0.0,0.0,0.0,0.0,0.0,0.0,0.0,0.0,0.0,0.0,0.0,0.0,0.0,0.0,0.0,0.0,0.0,0.0,0.0,0.0,0.0,0.0,0.0,0.0,0.0,0.0,0.0,0.0,0.0,0.0,0.0,0.0,0.0,0.0,0.0,0.0,0.0,0.0,0.0,0.0,0.0,0.0,0.0,0.0,0.0,0.0,0.0,0.0,0.0,0.0,0.0,0.0,0.0,0.0,0.0,0.0,0.0,0.0,0.0,0.0,0.0,0.0,0.0,0.0,0.0,0.0,0.0,0.0,0.0,0.0,0.0,0.0,0.0,0.0,0.0,0.0,0.0,0.0,0.0,0.0,0.0,0.0,0.0,0.0,0.0,0.0,0.0,0.0,0.0,0.0,0.0,0.0,0.0
0.0,0.0,0.0,0.0,0.0,0.0,0.0,0.0,0.0,0.0,0.0,0.0,0.0,0.0,0.0,0.0,0.0,0.0,0.0,0.0,0.0,0.0,0.0,0.0,0.0,0.0,0.0,0.0,0.0,0.0,0.0,0.0,0.0,0.0,0.0,0.0,0.0,0.0,0.0,0.0,0.0,0.0,0.0,0.0,0.0,0.0,0.0,0.0,0.0,0.0,0.0,0.0,0.0,0.0,0.0,0.0,0.0,0.0,0.0,0.0,0.0,0.0,0.0,0.0,0.0,0.0,0.0,0.0,0.0,0.0,0.0,0.0,0.0,0.0,0.0,0.0,0.0,0.0,0.0,0.0,0.0,0.0,0.0,0.0,0.0,0.0,0.0,0.0,0.0,0.0,0.0,0.0,0.0,0.0,0.0,0.0,0.0,0.0,0.0,0.0,0.0,0.0,0.0,0.0,0.0,0.0,0.0,0.0,0.0,0.0,0.0,0.01,0.01,0.01,0.01,0.01,0.01,0.01,0.01,0.01,0.0,0.0,0.0,0.0,0.0,0.0,0.0,0.0,0.0,0.0,0.0,0.0,0.0,0.0,0.0,0.0,0.0,0.0,0.0,0.0,0.0,0.0,0.0,0.0,0.0,0.0,0.0,0.0,0.0,0.0,0.0,0.0,0.0,0.0,0.0,0.0,0.0,0.0,0.0,0.0,0.0,0.0,0.0,0.0,0.0,0.0,0.0,0.0,0.0,0.0,0.0,0.0,0.0,0.0,0.0,0.0,0.0,0.0,0.0,0.0,0.0,0.0,0.0,0.0,0.0,0.0,0.0,0.0,0.0,0.0,0.0,0.0,0.0,0.0,0.0,0.0,0.0,0.0,0.0,0.0,0.0,0.0,0.0,0.0,0.0,0.0,0.0,0.0,0.0,0.0,0.0,0.0,0.0,0.0,0.0,0.0,0.0,0.0,0.0,0.0,0.0,0.0,0.0,0.0,0.0,0.0,0.0,0.0,0.0,0.0,0.0,0.0,0.0,0.0,0.0,0.0,0.0,0.0,0.0,0.0,0.0,0.0,0.0,0.0,0.0,0.0,0.0,0.0,0.0,0.0,0.0,0.0,0.0,0.0,0.0,0.0,0.0,0.0,0.0,0.0,0.0,0.0,0.0,0.0,0.0,0.0,0.0,0.0,0.0,0.0,0.0,0.0,0.0,0.0,0.0,0.0,0.0,0.0,0.0,0.0,0.0,0.0,0.0,0.0,0.0,0.0,0.0,0.0,0.0,0.0,0.0,0.0,0.0,0.0,0.0,0.0,0.0,0.0,0.0,0.0
0.0,0.0,0.0,0.0,0.0,0.0,0.0,0.0,0.0,0.0,0.0,0.0,0.0,0.0,0.0,0.0,0.0,0.0,0.0,0.0,0.0,0.0,0.0,0.0,0.0,0.0,0.0,0.0,0.0,0.0,0.0,0.0,0.0,0.0,0.0,0.0,0.0,0.0,0.0,0.0,0.0,0.0,0.0,0.0,0.0,0.0,0.0,0.0,0.0,0.0,0.0,0.0,0.0,0.0,0.0,0.0,0.0,0.0,0.0,0.0,0.0,0.0,0.0,0.0,0.0,0.0,0.0,0.0,0.0,0.0,0.0,0.0,0.0,0.0,0.0,0.0,0.0,0.0,0.0,0.0,0.0,0.0,0.0,0.0,0.0,0.0,0.0,0.0,0.0,0.0,0.0,0.0,0.0,0.0,0.0,0.0,0.0,0.0,0.0,0.0,0.0,0.0,0.0,0.0,0.0,0.0,0.0,0.0,0.0,0.0,0.0,0.0,0.0,0.0,0.0,0.0,0.0,0.0,0.0,0.0,0.0,0.0,0.0,0.0,0.0,0.0,0.0,0.0,0.0,0.0,0.0,0.0,0.0,0.0,0.0,0.0,0.0,0.0,0.0,0.0,0.0,0.0,0.0,0.0,0.0,0.0,0.0,0.0,0.0,0.0,0.0,0.0,0.0,0.0,0.0,0.0,0.0,0.0,0.0,0.0,0.0,0.0,0.0,0.0,0.0,0.0,0.0,0.0,0.0,0.0,0.0,0.0,0.0,0.0,0.0,0.0,0.0,0.0,0.0,0.0,0.0,0.0,0.0,0.0,0.0,0.0,0.0,0.0,0.0,0.0,0.0,0.0,0.0,0.0,0.0,0.0,0.0,0.0,0.0,0.0,0.0,0.0,0.0,0.0,0.0,0.0,0.0,0.0,0.0,0.0,0.0,0.0,0.0,0.0,0.0,0.0,0.0,0.0,0.0,0.0,0.0,0.0,0.0,0.0,0.0,0.0,0.0,0.0,0.0,0.0,0.0,0.0,0.0,0.0,0.0,0.0,0.0,0.0,0.0,0.0,0.0,0.0,0.0,0.0,0.0,0.0,0.0,0.0,0.0,0.0,0.0,0.0,0.0,0.0,0.0,0.0,0.0,0.0,0.0,0.0,0.0,0.0,0.0,0.0,0.0,0.0,0.0,0.0,0.0,0.0,0.0,0.0,0.0,0.0,0.0,0.0,0.0,0.0,0.0,0.0,0.0,0.0,0.0,0.0,0.0,0.0,0.0,0.0,0.0,0.0,0.0,0.0,0.0,0.0,0.0,0.0,0.0,0.0,0.0,0.0
0.0,0.0,0.0,0.0,0.0,0.0,0.0,0.0,0.0,0.0,0.0,0.0,0.0,0.0,0.0,0.0,0.0,0.0,0.0,0.0,0.0,0.0,0.0,0.0,0.0,0.0,0.0,0.0,0.0,0.0,0.0,0.0,0.0,0.0,0.0,0.0,0.0,0.0,0.0,0.0,0.0,0.0,0.0,0.0,0.0,0.0,0.0,0.0,0.0,0.0,0.0,0.0,0.0,0.0,0.0,0.0,0.0,0.0,0.0,0.0,0.0,0.0,0.0,0.0,0.0,0.0,0.0,0.0,0.0,0.0,0.0,0.0,0.0,0.0,0.0,0.0,0.0,0.0,0.0,0.0,0.0,0.0,0.0,0.0,0.0,0.0,0.0,0.0,0.0,0.0,0.0,0.0,0.0,0.0,0.0,0.0,0.0,0.0,0.0,0.0,0.0,0.0,0.0,0.0,0.0,0.0,0.0,0.0,0.0,0.0,0.0,0.0,0.0,0.0,0.0,0.0,0.0,0.0,0.0,0.0,0.0,0.0,0.0,0.0,0.0,0.0,0.0,0.0,0.0,0.0,0.0,0.0,0.0,0.0,0.0,0.0,0.0,0.0,0.0,0.0,0.0,0.0,0.0,0.0,0.0,0.0,0.0,0.0,0.0,0.0,0.0,0.0,0.0,0.0,0.0,0.0,0.0,0.0,0.0,0.0,0.0,0.0,0.0,0.0,0.0,0.0,0.0,0.0,0.0,0.0,0.0,0.0,0.0,0.0,0.0,0.0,0.0,0.0,0.0,0.0,0.0,0.0,0.0,0.0,0.0,0.0,0.0,0.0,0.0,0.0,0.0,0.0,0.0,0.0,0.0,0.0,0.0,0.0,0.0,0.0,0.0,0.0,0.0,0.0,0.0,0.0,0.0,0.0,0.0,0.0,0.0,0.0,0.0,0.0,0.0,0.0,0.0,0.0,0.0,0.0,0.0,0.0,0.0,0.0,0.0,0.0,0.0,0.0,0.0,0.0,0.0,0.0,0.0,0.0,0.0,0.0,0.0,0.0,0.0,0.0,0.0,0.0,0.0,0.0,0.0,0.0,0.0,0.0,0.0,0.0,0.0,0.0,0.0,0.0,0.0,0.0,0.0,0.0,0.0,0.0,0.0,0.0,0.0,0.0,0.0,0.0,0.0,0.0,0.0,0.0,0.0,0.0,0.0,0.0,0.0,0.0,0.0,0.0,0.0,0.0,0.0,0.0,0.0,0.0,0.0,0.0,0.0,0.0,0.0,0.0,0.0,0.0,0.0,0.0,0.0,0.0,0.0,0.0,0.0,0.0
0.0,0.0,0.0,0.0,0.0,0.0,0.0,0.0,0.0,0.0,0.0,0.0,0.0,0.0,0.0,0.0,0.0,0.0,0.0,0.0,0.0,0.0,0.0,0.0,0.0,0.0,0.0,0.0,0.0,0.0,0.0,0.0,0.0,0.0,0.0,0.0,0.0,0.0,0.0,0.0,0.0,0.0,0.0,0.0,0.0,0.0,0.0,0.0,0.0,0.0,0.0,0.0,0.0,0.0,0.0,0.0,0.0,0.0,0.0,0.0,0.0,0.0,0.0,0.0,0.0,0.0,0.0,0.0,0.0,0.0,0.0,0.0,0.0,0.0,0.0,0.0,0.0,0.0,0.0,0.0,0.0,0.0,0.0,0.0,0.0,0.0,0.0,0.0,0.0,0.0,0.0,0.0,0.0,0.0,0.0,0.0,0.0,0.0,0.0,0.0,0.0,0.0,0.0,0.0,0.0,0.0,0.0,0.0,0.0,0.0,0.0,0.0,0.0,0.0,0.0,0.0,0.0,0.0,0.0,0.0,0.0,0.0,0.0,0.0,0.0,0.0,0.0,0.0,0.0,0.0,0.0,0.0,0.0,0.0,0.0,0.0,0.0,0.0,0.0,0.0,0.0,0.0,0.0,0.0,0.0,0.0,0.0,0.0,0.0,0.0,0.0,0.0,0.0,0.0,0.0,0.0,0.0,0.0,0.0,0.0,0.0,0.0,0.0,0.0,0.0,0.0,0.0,0.0,0.0,0.0,0.0,0.0,0.0,0.0,0.0,0.0,0.0,0.0,0.0,0.0,0.0,0.0,0.0,0.0,0.0,0.0,0.0,0.0,0.0,0.0,0.0,0.0,0.0,0.0,0.0,0.0,0.0,0.0,0.0,0.0,0.0,0.0,0.0,0.0,0.0,0.0,0.0,0.0,0.0,0.0,0.0,0.0,0.0,0.0,0.0,0.0,0.0,0.0,0.0,0.0,0.0,0.0,0.0,0.0,0.0,0.0,0.0,0.0,0.0,0.0,0.0,0.0,0.0,0.0,0.0,0.0,0.0,0.0,0.0,0.0,0.0,0.0,0.0,0.0,0.0,0.0,0.0,0.0,0.0,0.0,0.0,0.0,0.0,0.0,0.0,0.0,0.0,0.0,0.0,0.0,0.0,0.0,0.0,0.0,0.0,0.0,0.0,0.0,0.0,0.0,0.0,0.0,0.0,0.0,0.0,0.0,0.0,0.0,0.0,0.0,0.0,0.0,0.0,0.0,0.0,0.0,0.0,0.0,0.0,0.0,0.0,0.0,0.0,0.0,0.0,0.0,0.0,0.0,0.0,0.0
0.0,0.0,0.0,0.0,0.0,0.0,0.0,0.0,0.0,0.0,0.0,0.0,0.0,0.0,0.0,0.0,0.0,0.0,0.0,0.0,0.0,0.0,0.0,0.0,0.0,0.0,0.0,0.0,0.0,0.0,0.0,0.0,0.0,0.0,0.0,0.0,0.0,0.0,0.0,0.0,0.0,0.0,0.0,0.0,0.0,0.0,0.0,0.0,0.0,0.0,0.0,0.0,0.0,0.0,0.0,0.0,0.0,0.0,0.0,0.0,0.0,0.0,0.0,0.0,0.0,0.0,0.0,0.0,0.0,0.0,0.0,0.0,0.0,0.0,0.0,0.0,0.0,0.0,0.0,0.0,0.0,0.0,0.0,0.0,0.0,0.0,0.0,0.0,0.0,0.0,0.0,0.0,0.0,0.0,0.0,0.0,0.0,0.0,0.0,0.0,0.0,0.0,0.0,0.0,0.0,0.0,0.0,0.0,0.0,0.0,0.0,0.0,0.0,0.0,0.0,0.0,0.0,0.0,0.0,0.0,0.0,0.0,0.0,0.0,0.0,0.0,0.0,0.0,0.0,0.0,0.0,0.0,0.0,0.0,0.0,0.0,0.0,0.0,0.0,0.0,0.0,0.0,0.0,0.0,0.0,0.0,0.0,0.0,0.0,0.0,0.0,0.0,0.0,0.0,0.0,0.0,0.0,0.0,0.0,0.0,0.0,0.0,0.0,0.0,0.0,0.0,0.0,0.0,0.0,0.0,0.0,0.0,0.0,0.0,0.0,0.0,0.0,0.0,0.0,0.0,0.0,0.0,0.0,0.0,0.0,0.0,0.0,0.0,0.0,0.0,0.0,0.0,0.0,0.0,0.0,0.0,0.0,0.0,0.0,0.0,0.0,0.0,0.0,0.0,0.0,0.0,0.0,0.0,0.0,0.0,0.0,0.0,0.0,0.0,0.0,0.0,0.0,0.0,0.0,0.0,0.0,0.0,0.0,0.0,0.0,0.0,0.0,0.0,0.0,0.0,0.0,0.0,0.0,0.0,0.0,0.0,0.0,0.0,0.0,0.0,0.0,0.0,0.0,0.0,0.0,0.0,0.0,0.0,0.0,0.0,0.0,0.0,0.0,0.0,0.0,0.0,0.0,0.0,0.0,0.0,0.0,0.0,0.0,0.0,0.0,0.0,0.0,0.0,0.0,0.0,0.0,0.0,0.0,0.0,0.0,0.0,0.0,0.0,0.0,0.0,0.0,0.0,0.0,0.0,0.0,0.0,0.0,0.0,0.0,0.0,0.0,0.0,0.0,0.0,0.0,0.0,0.0,0.0,0.0,0.0
0.0,0.0,0.0,0.0,0.0,0.0,0.0,0.0,0.0,0.0,0.0,0.0,0.0,0.0,0.0,0.0,0.0,0.0,0.0,0.0,0.0,0.0,0.0,0.0,0.0,0.0,0.0,0.0,0.0,0.0,0.0,0.0,0.0,0.0,0.0,0.0,0.0,0.0,0.0,0.0,0.0,0.0,0.0,0.0,0.0,0.0,0.0,0.0,0.0,0.0,0.0,0.0,0.0,0.0,0.0,0.0,0.0,0.0,0.0,0.0,0.0,0.0,0.0,0.0,0.0,0.0,0.0,0.0,0.0,0.0,0.0,0.0,0.0,0.0,0.0,0.0,0.0,0.0,0.0,0.0,0.0,0.0,0.0,0.0,0.0,0.0,0.0,0.0,0.0,0.0,0.0,0.0,0.0,0.0,0.0,0.0,0.0,0.0,0.0,0.0,0.0,0.0,0.0,0.0,0.0,0.0,0.0,0.0,0.0,0.0,0.0,0.0,0.0,0.0,0.0,0.0,0.0,0.0,0.0,0.0,0.0,0.0,0.0,0.0,0.0,0.0,0.0,0.0,0.0,0.0,0.0,0.0,0.0,0.0,0.0,0.0,0.0,0.0,0.0,0.0,0.0,0.0,0.0,0.0,0.0,0.0,0.0,0.0,0.0,0.0,0.0,0.0,0.0,0.0,0.0,0.0,0.0,0.0,0.0,0.0,0.0,0.0,0.0,0.0,0.0,0.0,0.0,0.0,0.0,0.0,0.0,0.0,0.0,0.0,0.0,0.0,0.0,0.0,0.0,0.0,0.0,0.0,0.0,0.0,0.0,0.0,0.0,0.0,0.0,0.0,0.0,0.0,0.0,0.0,0.0,0.0,0.0,0.0,0.0,0.0,0.0,0.0,0.0,0.0,0.0,0.0,0.0,0.0,0.0,0.0,0.0,0.0,0.0,0.0,0.0,0.0,0.0,0.0,0.0,0.0,0.0,0.0,0.0,0.0,0.0,0.0,0.0,0.0,0.0,0.0,0.0,0.0,0.0,0.0,0.0,0.0,0.0,0.0,0.0,0.0,0.0,0.0,0.0,0.0,0.0,0.0,0.0,0.0,0.0,0.0,0.0,0.0,0.0,0.0,0.0,0.0,0.0,0.0,0.0,0.0,0.0,0.0,0.0,0.0,0.0,0.0,0.0,0.0,0.0,0.0,0.0,0.0,0.0,0.0,0.0,0.0,0.0,0.0,0.0,0.0,0.0,0.0,0.0,0.0,0.0,0.0,0.0,0.0,0.0,0.0,0.0,0.0,0.0,0.0,0.0,0.0,0.0,0.0,0.0,0.0
0.0,0.0,0.0,0.0,0.0,0.0,0.0,0.0,0.0,0.0,0.0,0.0,0.0,0.0,0.0,0.0,0.0,0.0,0.0,0.0,0.0,0.0,0.0,0.0,0.0,0.0,0.0,0.0,0.0,0.0,0.0,0.0,0.0,0.0,0.0,0.0,0.0,0.0,0.0,0.0,0.0,0.0,0.0,0.0,0.0,0.0,0.0,0.0,0.0,0.0,0.0,0.0,0.0,0.0,0.0,0.0,0.0,0.0,0.0,0.0,0.0,0.0,0.0,0.0,0.0,0.0,0.0,0.0,0.0,0.0,0.0,0.0,0.0,0.0,0.0,0.0,0.0,0.0,0.0,0.0,0.0,0.0,0.0,0.0,0.0,0.0,0.0,0.0,0.0,0.0,0.0,0.0,0.0,0.0,0.0,0.0,0.0,0.0,0.0,0.0,0.0,0.0,0.0,0.0,0.0,0.0,0.0,0.0,0.0,0.0,0.0,0.0,0.0,0.0,0.0,0.0,0.0,0.0,0.0,0.0,0.0,0.0,0.0,0.0,0.0,0.0,0.0,0.0,0.0,0.0,0.0,0.0,0.0,0.0,0.0,0.0,0.0,0.0,0.0,0.0,0.0,0.0,0.0,0.0,0.0,0.0,0.0,0.0,0.0,0.0,0.0,0.0,0.0,0.0,0.0,0.0,0.0,0.0,0.0,0.0,0.0,0.0,0.0,0.0,0.0,0.0,0.0,0.0,0.0,0.0,0.0,0.0,0.0,0.0,0.0,0.0,0.0,0.0,0.0,0.0,0.0,0.0,0.0,0.0,0.0,0.0,0.0,0.0,0.0,0.0,0.0,0.0,0.0,0.0,0.0,0.0,0.0,0.0,0.0,0.0,0.0,0.0,0.0,0.0,0.0,0.0,0.0,0.0,0.0,0.0,0.0,0.0,0.0,0.0,0.0,0.0,0.0,0.0,0.0,0.0,0.0,0.0,0.0,0.0,0.0,0.0,0.0,0.0,0.0,0.0,0.0,0.0,0.0,0.0,0.0,0.0,0.0,0.0,0.0,0.0,0.0,0.0,0.0,0.0,0.0,0.0,0.0,0.0,0.0,0.0,0.0,0.0,0.0,0.0,0.0,0.0,0.0,0.0,0.0,0.0,0.0,0.0,0.0,0.0,0.0,0.0,0.0,0.0,0.0,0.0,0.0,0.0,0.0,0.0,0.0,0.0,0.0,0.0,0.0,0.0,0.0,0.0,0.0,0.0,0.0,0.0,0.0,0.0,0.0,0.0,0.0,0.0,0.0,0.0,0.0,0.0,0.0,0.0,0.0,0.0
0.0,0.0,0.0,0.0,0.0,0.0,0.0,0.0,0.0,0.0,0.0,0.0,0.0,0.0,0.0,0.0,0.0,0.0,0.0,0.0,0.0,0.0,0.0,0.0,0.0,0.0,0.0,0.0,0.0,0.0,0.0,0.0,0.0,0.0,0.0,0.0,0.0,0.0,0.0,0.0,0.0,0.0,0.0,0.0,0.0,0.0,0.0,0.0,0.0,0.0,0.0,0.0,0.0,0.0,0.0,0.0,0.0,0.0,0.0,0.0,0.0,0.0,0.0,0.0,0.0,0.0,0.0,0.0,0.0,0.0,0.0,0.0,0.0,0.0,0.0,0.0,0.0,0.0,0.0,0.0,0.0,0.0,0.0,0.0,0.0,0.0,0.0,0.0,0.0,0.0,0.0,0.0,0.0,0.0,0.0,0.0,0.0,0.0,0.0,0.0,0.0,0.0,0.0,0.0,0.0,0.0,0.0,0.0,0.0,0.0,0.0,0.0,0.0,0.0,0.0,0.0,0.0,0.0,0.0,0.0,0.0,0.0,0.0,0.0,0.0,0.0,0.0,0.0,0.0,0.0,0.0,0.0,0.0,0.0,0.0,0.0,0.0,0.0,0.0,0.0,0.0,0.0,0.0,0.0,0.0,0.0,0.0,0.0,0.0,0.0,0.0,0.0,0.0,0.0,0.0,0.0,0.0,0.0,0.0,0.0,0.0,0.0,0.0,0.0,0.0,0.0,0.0,0.0,0.0,0.0,0.0,0.0,0.0,0.0,0.0,0.0,0.0,0.0,0.0,0.0,0.0,0.0,0.0,0.0,0.0,0.0,0.0,0.0,0.0,0.0,0.0,0.0,0.0,0.0,0.0,0.0,0.0,0.0,0.0,0.0,0.0,0.0,0.0,0.0,0.0,0.0,0.0,0.0,0.0,0.0,0.0,0.0,0.0,0.0,0.0,0.0,0.0,0.0,0.0,0.0,0.0,0.0,0.0,0.0,0.0,0.0,0.0,0.0,0.0,0.0,0.0,0.0,0.0,0.0,0.0,0.0,0.0,0.0,0.0,0.0,0.0,0.0,0.0,0.0,0.0,0.0,0.0,0.0,0.0,0.0,0.0,0.0,0.0,0.0,0.0,0.0,0.0,0.0,0.0,0.0,0.0,0.0,0.0,0.0,0.0,0.0,0.0,0.0,0.0,0.0,0.0,0.0,0.0,0.0,0.0,0.0,0.0,0.0,0.0,0.0,0.0,0.0,0.0,0.0,0.0,0.0,0.0,0.0,0.0,0.0,0.0,0.0,0.0,0.0,0.0,0.0,0.0,0.0,0.0,0.0
0.0,0.0,0.0,0.0,0.0,0.0,0.0,0.0,0.0,0.0,0.0,0.0,0.0,0.0,0.0,0.0,0.0,0.0,0.0,0.0,0.0,0.0,0.0,0.0,0.0,0.0,0.0,0.0,0.0,0.0,0.0,0.0,0.0,0.0,0.0,0.0,0.0,0.0,0.0,0.0,0.0,0.0,0.0,0.0,0.0,0.0,0.0,0.0,0.0,0.0,0.0,0.0,0.0,0.0,0.0,0.0,0.0,0.0,0.0,0.0,0.0,0.0,0.0,0.0,0.0,0.0,0.0,0.0,0.0,0.0,0.0,0.0,0.0,0.0,0.0,0.0,0.0,0.0,0.0,0.0,0.0,0.0,0.0,0.0,0.0,0.0,0.0,0.0,0.0,0.0,0.0,0.0,0.0,0.0,0.0,0.0,0.0,0.0,0.0,0.0,0.0,0.0,0.0,0.0,0.0,0.0,0.0,0.0,0.0,0.0,0.0,0.0,0.0,0.0,0.0,0.0,0.0,0.0,0.0,0.0,0.0,0.0,0.0,0.0,0.0,0.0,0.0,0.0,0.0,0.0,0.0,0.0,0.0,0.0,0.0,0.0,0.0,0.0,0.0,0.0,0.0,0.0,0.0,0.0,0.0,0.0,0.0,0.0,0.0,0.0,0.0,0.0,0.0,0.0,0.0,0.0,0.0,0.0,0.0,0.0,0.0,0.0,0.0,0.0,0.0,0.0,0.0,0.0,0.0,0.0,0.0,0.0,0.0,0.0,0.0,0.0,0.0,0.0,0.0,0.0,0.0,0.0,0.0,0.0,0.0,0.0,0.0,0.0,0.0,0.0,0.0,0.0,0.0,0.0,0.0,0.0,0.0,0.0,0.0,0.0,0.0,0.0,0.0,0.0,0.0,0.0,0.0,0.0,0.0,0.0,0.0,0.0,0.0,0.0,0.0,0.0,0.0,0.0,0.0,0.0,0.0,0.0,0.0,0.0,0.0,0.0,0.0,0.0,0.0,0.0,0.0,0.0,0.0,0.0,0.0,0.0,0.0,0.0,0.0,0.0,0.0,0.0,0.0,0.0,0.0,0.0,0.0,0.0,0.0,0.0,0.0,0.0,0.0,0.0,0.0,0.0,0.0,0.0,0.0,0.0,0.0,0.0,0.0,0.0,0.0,0.0,0.0,0.0,0.0,0.0,0.0,0.0,0.0,0.0,0.0,0.0,0.0,0.0,0.0,0.0,0.0,0.0,0.0,0.0,0.0,0.0,0.0,0.0,0.0,0.0,0.0,0.0,0.0,0.0,0.0,0.0,0.0,0.0,0.0,0.0
0.0,0.0,0.0,0.0,0.0,0.0,0.0,0.0,0.0,0.0,0.0,0.0,0.0,0.0,0.0,0.0,0.0,0.0,0.0,0.0,0.0,0.0,0.0,0.0,0.0,0.0,0.0,0.0,0.0,0.0,0.0,0.0,0.0,0.0,0.0,0.0,0.0,0.0,0.0,0.0,0.0,0.0,0.0,0.0,0.0,0.0,0.0,0.0,0.0,0.0,0.0,0.0,0.0,0.0,0.0,0.0,0.0,0.0,0.0,0.0,0.0,0.0,0.0,0.0,0.0,0.0,0.0,0.0,0.0,0.0,0.0,0.0,0.0,0.0,0.0,0.0,0.0,0.0,0.0,0.0,0.0,0.0,0.0,0.0,0.0,0.0,0.0,0.0,0.0,0.0,0.0,0.0,0.0,0.0,0.0,0.0,0.0,0.0,0.0,0.0,0.0,0.0,0.0,0.0,0.0,0.0,0.0,0.0,0.0,0.0,0.0,0.0,0.0,0.0,0.0,0.0,0.0,0.0,0.0,0.0,0.0,0.0,0.0,0.0,0.0,0.0,0.0,0.0,0.0,0.0,0.0,0.0,0.0,0.0,0.0,0.0,0.0,0.0,0.0,0.0,0.0,0.0,0.0,0.0,0.0,0.0,0.0,0.0,0.0,0.0,0.0,0.0,0.0,0.0,0.0,0.0,0.0,0.0,0.0,0.0,0.0,0.0,0.0,0.0,0.0,0.0,0.0,0.0,0.0,0.0,0.0,0.0,0.0,0.0,0.0,0.0,0.0,0.0,0.0,0.0,0.0,0.0,0.0,0.0,0.0,0.0,0.0,0.0,0.0,0.0,0.0,0.0,0.0,0.0,0.0,0.0,0.0,0.0,0.0,0.0,0.0,0.0,0.0,0.0,0.0,0.0,0.0,0.0,0.0,0.0,0.0,0.0,0.0,0.0,0.0,0.0,0.0,0.0,0.0,0.0,0.0,0.0,0.0,0.0,0.0,0.0,0.0,0.0,0.0,0.0,0.0,0.0,0.0,0.0,0.0,0.0,0.0,0.0,0.0,0.0,0.0,0.0,0.0,0.0,0.0,0.0,0.0,0.0,0.0,0.0,0.0,0.0,0.0,0.0,0.0,0.0,0.0,0.0,0.0,0.0,0.0,0.0,0.0,0.0,0.0,0.0,0.0,0.0,0.0,0.0,0.0,0.0,0.0,0.0,0.0,0.0,0.0,0.0,0.0,0.0,0.0,0.0,0.0,0.0,0.0,0.0,0.0,0.0,0.0,0.0,0.0,0.0,0.0,0.0,0.0,0.0,0.0,0.0,0.0,0.0
,,,,,,,,,,,,,,,,,,,,,,,,,,,,,,,,,,,,,,,,,,,,,,,,,,,,,,,,,,,,,,,,,,,,,,,,,,,0.0,0.0,0.0,0.0,0.0,0.0,0.0,0.0,0.0,0.0,0.0,0.0,0.0,0.0,0.0,0.0,0.0,0.0,0.0,0.0,0.0,0.0,0.0,0.0,0.0,0.0,0.0,0.0,0.0,0.0,0.0,0.0,0.0,0.0,0.0,0.0,0.0,0.0,0.0,0.0,0.0,0.0,0.0,0.0,0.0,0.0,0.0,0.0,0.0,0.0,0.0,0.0,0.0,0.0,0.0,0.0,0.0,0.0,0.0,0.0,0.0,0.0,0.0,0.0,0.0,0.0,0.0,0.0,0.0,0.0,0.0,0.0,0.0,0.0,0.0,0.0,0.0,0.0,0.0,0.0,0.0,0.0,0.0,0.0,0.0,0.0,0.0,0.0,0.0,0.0,0.0,0.0,0.0,0.0,0.0,0.0,0.0,0.0,0.0,0.0,0.0,0.0,0.0,0.0,0.0,0.0,0.0,0.0,0.0,0.0,0.0,0.0,0.0,0.0,0.0,0.0,0.0,0.0,0.0,0.0,0.0,0.0,0.0,0.0,0.0,0.0,0.0,0.0,0.0,0.0,0.0,0.0,0.0,0.0,0.0,0.0,0.0,0.0,0.0,0.0,0.0,0.0,0.0,0.0,0.0,0.0,0.0,0.0,0.0,0.0,0.0,0.0,0.0,0.0,0.0,0.0,0.0,0.0,0.0,0.0,0.0,0.0,0.0,0.0,0.0,0.0,0.0,0.0,0.0,0.0,0.0,0.0,0.0,0.0,0.0,0.0,0.0,0.0,0.0,0.0,0.0,0.0,0.0,0.0,0.0,0.0,0.0,0.0,0.0,0.0,0.0,0.0,0.0,0.0,0.0,0.0,0.0,0.0,0.0,0.0,0.0,0.0,0.0,0.0,0.0,0.0,0.0,0.0,0.0,0.0,0.0,0.0,0.0,0.0,0.0,0.0,0.0,0.0,0.0,0.0,0.0,0.0,0.0,0.0,0.0
,,,,,,,,,,,,,,,,,,,,,,,,,,,,,,,,,,,,,,,,,,,,,,,,,,,,,,,,,,,,,,,,,,,,,,,,,,,0.0,0.0,0.0,0.0,0.0,0.0,0.0,0.0,0.0,0.0,0.0,0.0,0.0,0.0,0.0,0.0,0.0,0.0,0.0,0.0,0.0,0.0,0.0,0.0,0.0,0.0,0.0,0.0,0.0,0.0,0.0,0.0,0.0,0.0,0.0,0.0,0.0,0.0,0.0,0.0,0.0,0.0,0.0,0.0,0.0,0.0,0.0,0.0,0.0,0.0,0.0,0.0,0.0,0.0,0.0,0.0,0.0,0.0,0.0,0.0,0.0,0.0,0.0,0.0,0.0,0.0,0.0,0.0,0.0,0.0,0.0,0.0,0.0,0.0,0.0,0.0,0.0,0.0,0.0,0.0,0.0,0.0,0.0,0.0,0.0,0.0,0.0,0.0,0.0,0.0,0.0,0.0,0.0,0.0,0.0,0.0,0.0,0.0,0.0,0.0,0.0,0.0,0.0,0.0,0.0,0.0,0.0,0.0,0.0,0.0,0.0,0.0,0.0,0.0,0.0,0.0,0.0,0.0,0.0,0.0,0.0,0.0,0.0,0.0,0.0,0.0,0.0,0.0,0.0,0.0,0.0,0.0,0.0,0.0,0.0,0.0,0.0,0.0,0.0,0.0,0.0,0.0,0.0,0.0,0.0,0.0,0.0,0.0,0.0,0.0,0.0,0.0,0.0,0.0,0.0,0.0,0.0,0.0,0.0,0.0,0.0,0.0,0.0,0.0,0.0,0.0,0.0,0.0,0.0,0.0,0.0,0.0,0.0,0.0,0.0,0.0,0.0,0.0,0.0,0.0,0.0,0.0,0.0,0.0,0.0,0.0,0.0,0.0,0.0,0.0,0.0,0.0,0.0,0.0,0.0,0.0,0.0,0.0,0.0,0.0,0.0,0.0,0.0,0.0,0.0,0.0,0.0,0.0,0.0,0.0,0.0,0.0,0.0,0.0,0.0,0.0,0.0,0.0,0.0,0.0,0.0,0.0,0.0,0.0,0.0
,,,,,,,,,,,,,,,,,,,,,,,,,,,,,,,,,,,,,,,,,,,,,,,,,,,,,,,,,,,,,,,,,,,,,,,,,,,0.0,0.0,0.0,0.0,0.0,0.0,0.0,0.0,0.0,0.0,0.0,0.0,0.0,0.0,0.0,0.0,0.0,0.0,0.0,0.0,0.0,0.0,0.0,0.0,0.0,0.0,0.0,0.0,0.0,0.0,0.0,0.0,0.0,0.0,0.0,0.0,0.0,0.0,0.0,0.0,0.0,0.0,0.0,0.0,0.0,0.0,0.0,0.0,0.0,0.0,0.0,0.0,0.0,0.0,0.0,0.0,0.0,0.0,0.0,0.0,0.0,0.0,0.0,0.0,0.0,0.0,0.0,0.0,0.0,0.0,0.0,0.0,0.0,0.0,0.0,0.0,0.0,0.0,0.0,0.0,0.0,0.0,0.0,0.0,0.0,0.0,0.0,0.0,0.0,0.0,0.0,0.0,0.0,0.0,0.0,0.0,0.0,0.0,0.0,0.0,0.0,0.0,0.0,0.0,0.0,0.0,0.0,0.0,0.0,0.0,0.0,0.0,0.0,0.0,0.0,0.0,0.0,0.0,0.0,0.0,0.0,0.0,0.0,0.0,0.0,0.0,0.0,0.0,0.0,0.0,0.0,0.0,0.0,0.0,0.0,0.0,0.0,0.0,0.0,0.0,0.0,0.0,0.0,0.0,0.0,0.0,0.0,0.0,0.0,0.0,0.0,0.0,0.0,0.0,0.0,0.0,0.0,0.0,0.0,0.0,0.0,0.0,0.0,0.0,0.0,0.0,0.0,0.0,0.0,0.0,0.0,0.0,0.0,0.0,0.0,0.0,0.0,0.0,0.0,0.0,0.0,0.0,0.0,0.0,0.0,0.0,0.0,0.0,0.0,0.0,0.0,0.0,0.0,0.0,0.0,0.0,0.0,0.0,0.0,0.0,0.0,0.0,0.0,0.0,0.0,0.0,0.0,0.0,0.0,0.0,0.0,0.0,0.0,0.0,0.0,0.0,0.0,0.0,0.0,0.0,0.0,0.0,0.0,0.0,0.0
,,,,,,,,,,,,,,,,,,,,,,,,,,,,,,,,,,,,,,,,,,,,,,,,,,,,,,,,,,,,,,,,,,,,,,,,,,,0.0,0.0,0.0,0.0,0.0,0.0,0.0,0.0,0.0,0.0,0.0,0.0,0.0,0.0,0.0,0.0,0.0,0.0,0.0,0.0,0.0,0.0,0.0,0.0,0.0,0.0,0.0,0.0,0.0,0.0,0.0,0.0,0.0,0.0,0.0,0.0,0.0,0.0,0.0,0.0,0.0,0.0,0.0,0.0,0.0,0.0,0.0,0.0,0.0,0.0,0.0,0.0,0.0,0.0,0.0,0.0,0.0,0.0,0.0,0.0,0.0,0.0,0.0,0.0,0.0,0.0,0.0,0.0,0.0,0.0,0.0,0.0,0.0,0.0,0.0,0.0,0.0,0.0,0.0,0.0,0.0,0.0,0.0,0.0,0.0,0.0,0.0,0.0,0.0,0.0,0.0,0.0,0.0,0.0,0.0,0.0,0.0,0.0,0.0,0.0,0.0,0.0,0.0,0.0,0.0,0.0,0.0,0.0,0.0,0.0,0.0,0.0,0.0,0.0,0.0,0.0,0.0,0.0,0.0,0.0,0.0,0.0,0.0,0.0,0.0,0.0,0.0,0.0,0.0,0.0,0.0,0.0,0.0,0.0,0.0,0.0,0.0,0.0,0.0,0.0,0.0,0.0,0.0,0.0,0.0,0.0,0.0,0.0,0.0,0.0,0.0,0.0,0.0,0.0,0.0,0.0,0.0,0.0,0.0,0.0,0.0,0.0,0.0,0.0,0.0,0.0,0.0,0.0,0.0,0.0,0.0,0.0,0.0,0.0,0.0,0.0,0.0,0.0,0.0,0.0,0.0,0.0,0.0,0.0,0.0,0.0,0.0,0.0,0.0,0.0,0.0,0.0,0.0,0.0,0.0,0.0,0.0,0.0,0.0,0.0,0.0,0.0,0.0,0.0,0.0,0.0,0.0,0.0,0.0,0.0,0.0,0.0,0.0,0.0,0.0,0.0,0.0,0.0,0.0,0.0,0.0,0.0,0.0,0.0,0.0
,,,,,,,,,,,,,,,,,,,,,,,,,,,,,,,,,,,,,,,,,,,,,,,,,,,,,,,,,,,,,,,,,,,,,,,,,,,0.0,0.0,0.0,0.0,0.0,0.0,0.0,0.0,0.0,0.0,0.0,0.0,0.0,0.0,0.0,0.0,0.0,0.0,0.0,0.0,0.0,0.0,0.0,0.0,0.0,0.0,0.0,0.0,0.0,0.0,0.0,0.0,0.0,0.0,0.0,0.0,0.0,0.0,0.0,0.0,0.0,0.0,0.0,0.0,0.0,0.0,0.0,0.0,0.0,0.0,0.0,0.0,0.0,0.0,0.0,0.0,0.0,0.0,0.0,0.0,0.0,0.0,0.0,0.0,0.0,0.0,0.0,0.0,0.0,0.0,0.0,0.0,0.0,0.0,0.0,0.0,0.0,0.0,0.0,0.0,0.0,0.0,0.0,0.0,0.0,0.0,0.0,0.0,0.0,0.0,0.0,0.0,0.0,0.0,0.0,0.0,0.0,0.0,0.0,0.0,0.0,0.0,0.0,0.0,0.0,0.0,0.0,0.0,0.0,0.0,0.0,0.0,0.0,0.0,0.0,0.0,0.0,0.0,0.0,0.0,0.0,0.0,0.0,0.0,0.0,0.0,0.0,0.0,0.0,0.0,0.0,0.0,0.0,0.0,0.0,0.0,0.0,0.0,0.0,0.0,0.0,0.0,0.0,0.0,0.0,0.0,0.0,0.0,0.0,0.0,0.0,0.0,0.0,0.0,0.0,0.0,0.0,0.0,0.0,0.0,0.0,0.0,0.0,0.0,0.0,0.0,0.0,0.0,0.0,0.0,0.0,0.0,0.0,0.0,0.0,0.0,0.0,0.0,0.0,0.0,0.0,0.0,0.0,0.0,0.0,0.0,0.0,0.0,0.0,0.0,0.0,0.0,0.0,0.0,0.0,0.0,0.0,0.0,0.0,0.0,0.0,0.0,0.0,0.0,0.0,0.0,0.0,0.0,0.0,0.0,0.0,0.0,0.0,0.0,0.0,0.0,0.0,0.0,0.0,0.0,0.0,0.0,0.0,0.0,0.0
,,,,,,,,,,,,,,,,,,,,,,,,,,,,,,,,,,,,,,,,,,,,,,,,,,,,,,,,,,,,,,,,,,,,,,,,,,,0.0,0.0,0.0,0.0,0.0,0.0,0.0,0.0,0.0,0.0,0.0,0.0,0.0,0.0,0.0,0.0,0.0,0.0,0.0,0.0,0.0,0.0,0.0,0.0,0.0,0.0,0.0,0.0,0.0,0.0,0.0,0.0,0.0,0.0,0.0,0.0,0.0,0.0,0.0,0.0,0.0,0.0,0.0,0.0,0.0,0.0,0.0,0.0,0.0,0.0,0.0,0.0,0.0,0.0,0.0,0.0,0.0,0.0,0.0,0.0,0.0,0.0,0.0,0.0,0.0,0.0,0.0,0.0,0.0,0.0,0.0,0.0,0.0,0.0,0.0,0.0,0.0,0.0,0.0,0.0,0.0,0.0,0.0,0.0,0.0,0.0,0.0,0.0,0.0,0.0,0.0,0.0,0.0,0.0,0.0,0.0,0.0,0.0,0.0,0.0,0.0,0.0,0.0,0.0,0.0,0.0,0.0,0.0,0.0,0.0,0.0,0.0,0.0,0.0,0.0,0.0,0.0,0.0,0.0,0.0,0.0,0.0,0.0,0.0,0.0,0.0,0.0,0.0,0.0,0.0,0.0,0.0,0.0,0.0,0.0,0.0,0.0,0.0,0.0,0.0,0.0,0.0,0.0,0.0,0.0,0.0,0.0,0.0,0.0,0.0,0.0,0.0,0.0,0.0,0.0,0.0,0.0,0.0,0.0,0.0,0.0,0.0,0.0,0.0,0.0,0.0,0.0,0.0,0.0,0.0,0.0,0.0,0.0,0.0,0.0,0.0,0.0,0.0,0.0,0.0,0.0,0.0,0.0,0.0,0.0,0.0,0.0,0.0,0.0,0.0,0.0,0.0,0.0,0.0,0.0,0.0,0.0,0.0,0.0,0.0,0.0,0.0,0.0,0.0,0.0,0.0,0.0,0.0,0.0,0.0,0.0,0.0,0.0,0.0,0.0,0.0,0.0,0.0,0.0,0.0,0.0,0.0,0.0,0.0,0.0
,,,,,,,,,,,,,,,,,,,,,,,,,,,,,,,,,,,,,,,,,,,,,,,,,,,,,,,,,,,,,,,,,,,,,,,,,,,0.0,0.0,0.0,0.0,0.0,0.0,0.0,0.0,0.0,0.0,0.0,0.0,0.0,0.0,0.0,0.0,0.0,0.0,0.0,0.0,0.0,0.0,0.0,0.0,0.0,0.0,0.0,0.0,0.0,0.0,0.0,0.0,0.0,0.0,0.0,0.0,0.0,0.0,0.0,0.0,0.0,0.0,0.0,0.0,0.0,0.0,0.0,0.0,0.0,0.0,0.0,0.0,0.0,0.0,0.0,0.0,0.0,0.0,0.0,0.0,0.0,0.0,0.0,0.0,0.0,0.0,0.0,0.0,0.0,0.0,0.0,0.0,0.0,0.0,0.0,0.0,0.0,0.0,0.0,0.0,0.0,0.0,0.0,0.0,0.0,0.0,0.0,0.0,0.0,0.0,0.0,0.0,0.0,0.0,0.0,0.0,0.0,0.0,0.0,0.0,0.0,0.0,0.0,0.0,0.0,0.0,0.0,0.0,0.0,0.0,0.0,0.0,0.0,0.0,0.0,0.0,0.0,0.0,0.0,0.0,0.0,0.0,0.0,0.0,0.0,0.0,0.0,0.0,0.0,0.0,0.0,0.0,0.0,0.0,0.0,0.0,0.0,0.0,0.0,0.0,0.0,0.0,0.0,0.0,0.0,0.0,0.0,0.0,0.0,0.0,0.0,0.0,0.0,0.0,0.0,0.0,0.0,0.0,0.0,0.0,0.0,0.0,0.0,0.0,0.0,0.0,0.0,0.0,0.0,0.0,0.0,0.0,0.0,0.0,0.0,0.0,0.0,0.0,0.0,0.0,0.0,0.0,0.0,0.0,0.0,0.0,0.0,0.0,0.0,0.0,0.0,0.0,0.0,0.0,0.0,0.0,0.0,0.0,0.0,0.0,0.0,0.0,0.0,0.0,0.0,0.0,0.0,0.0,0.0,0.0,0.0,0.0,0.0,0.0,0.0,0.0,0.0,0.0,0.0,0.0,0.0,0.0,0.0,0.0,0.0
,,,,,,,,,,,,,,,,,,,,,,,,,,,,,,,,,,,,,,,,,,,,,,,,,,,,,,,,,,,,,,,,,,,,,,,,,,,0.0,0.0,0.0,0.0,0.0,0.0,0.0,0.0,0.0,0.0,0.0,0.0,0.0,0.0,0.0,0.0,0.0,0.0,0.0,0.0,0.0,0.0,0.0,0.0,0.0,0.0,0.0,0.0,0.0,0.0,0.0,0.0,0.0,0.0,0.0,0.0,0.0,0.0,0.0,0.0,0.0,0.0,0.0,0.0,0.0,0.0,0.0,0.0,0.0,0.0,0.0,0.0,0.0,0.0,0.0,0.0,0.0,0.0,0.0,0.0,0.0,0.0,0.0,0.0,0.0,0.0,0.0,0.0,0.0,0.0,0.0,0.0,0.0,0.0,0.0,0.0,0.0,0.0,0.0,0.0,0.0,0.0,0.0,0.0,0.0,0.0,0.0,0.0,0.0,0.0,0.0,0.0,0.0,0.0,0.0,0.0,0.0,0.0,0.0,0.0,0.0,0.0,0.0,0.0,0.0,0.0,0.0,0.0,0.0,0.0,0.0,0.0,0.0,0.0,0.0,0.0,0.0,0.0,0.0,0.0,0.0,0.0,0.0,0.0,0.0,0.0,0.0,0.0,0.0,0.0,0.0,0.0,0.0,0.0,0.0,0.0,0.0,0.0,0.0,0.0,0.0,0.0,0.0,0.0,0.0,0.0,0.0,0.0,0.0,0.0,0.0,0.0,0.0,0.0,0.0,0.0,0.0,0.0,0.0,0.0,0.0,0.0,0.0,0.0,0.0,0.0,0.0,0.0,0.0,0.0,0.0,0.0,0.0,0.0,0.0,0.0,0.0,0.0,0.0,0.0,0.0,0.0,0.0,0.0,0.0,0.0,0.0,0.0,0.0,0.0,0.0,0.0,0.0,0.0,0.0,0.0,0.0,0.0,0.0,0.0,0.0,0.0,0.0,0.0,0.0,0.0,0.0,0.0,0.0,0.0,0.0,0.0,0.0,0.0,0.0,0.0,0.0,0.0,0.0,0.0,0.0,0.0,0.0,0.0,0.0
,,,,,,,,,,,,,,,,,,,,,,,,,,,,,,,,,,,,,,,,,,,,,,,,,,,,,,,,,,,,,,,,,,,,,,,,,,,0.0,0.0,0.0,0.0,0.0,0.0,0.0,0.0,0.0,0.0,0.0,0.0,0.0,0.0,0.0,0.0,0.0,0.0,0.0,0.0,0.0,0.0,0.0,0.0,0.0,0.0,0.0,0.0,0.0,0.0,0.0,0.0,0.0,0.0,0.0,0.0,0.0,0.0,0.0,0.0,0.0,0.0,0.0,0.0,0.0,0.0,0.0,0.0,0.0,0.0,0.0,0.0,0.0,0.0,0.0,0.0,0.0,0.0,0.0,0.0,0.0,0.0,0.0,0.0,0.0,0.0,0.0,0.0,0.0,0.0,0.0,0.0,0.0,0.0,0.0,0.0,0.0,0.0,0.0,0.0,0.0,0.0,0.0,0.0,0.0,0.0,0.0,0.0,0.0,0.0,0.0,0.0,0.0,0.0,0.0,0.0,0.0,0.0,0.0,0.0,0.0,0.0,0.0,0.0,0.0,0.0,0.0,0.0,0.0,0.0,0.0,0.0,0.0,0.0,0.0,0.0,0.0,0.0,0.0,0.0,0.0,0.0,0.0,0.0,0.0,0.0,0.0,0.0,0.0,0.0,0.0,0.0,0.0,0.0,0.0,0.0,0.0,0.0,0.0,0.0,0.0,0.0,0.0,0.0,0.0,0.0,0.0,0.0,0.0,0.0,0.0,0.0,0.0,0.0,0.0,0.0,0.0,0.0,0.0,0.0,0.0,0.0,0.0,0.0,0.0,0.0,0.0,0.0,0.0,0.0,0.0,0.0,0.0,0.0,0.0,0.0,0.0,0.0,0.0,0.0,0.0,0.0,0.0,0.0,0.0,0.0,0.0,0.0,0.0,0.0,0.0,0.0,0.0,0.0,0.0,0.0,0.0,0.0,0.0,0.0,0.0,0.0,0.0,0.0,0.0,0.0,0.0,0.0,0.0,0.0,0.0,0.0,0.0,0.0,0.0,0.0,0.0,0.0,0.0,0.0,0.0,0.0,0.0,0.0,0.0
,,,,,,,,,,,,,,,,,,,,,,,,,,,,,,,,,,,,,,,,,,,,,,,,,,,,,,,,,,,,,,,,,,,,,,,,,,,0.0,0.0,0.0,0.0,0.0,0.0,0.0,0.0,0.0,0.0,0.0,0.0,0.0,0.0,0.0,0.0,0.0,0.0,0.0,0.0,0.0,0.0,0.0,0.0,0.0,0.0,0.0,0.0,0.0,0.0,0.0,0.0,0.0,0.0,0.0,0.0,0.0,0.0,0.0,0.0,0.0,0.0,0.0,0.0,0.0,0.0,0.0,0.0,0.0,0.0,0.0,0.0,0.0,0.0,0.0,0.0,0.0,0.0,0.0,0.0,0.0,0.0,0.0,0.0,0.0,0.0,0.0,0.0,0.0,0.0,0.0,0.0,0.0,0.0,0.0,0.0,0.0,0.0,0.0,0.0,0.0,0.0,0.0,0.0,0.0,0.0,0.0,0.0,0.0,0.0,0.0,0.0,0.0,0.0,0.0,0.0,0.0,0.0,0.0,0.0,0.0,0.0,0.0,0.0,0.0,0.0,0.0,0.0,0.0,0.0,0.0,0.0,0.0,0.0,0.0,0.0,0.0,0.0,0.0,0.0,0.0,0.0,0.0,0.0,0.0,0.0,0.0,0.0,0.0,0.0,0.0,0.0,0.0,0.0,0.0,0.0,0.0,0.0,0.0,0.0,0.0,0.0,0.0,0.0,0.0,0.0,0.0,0.0,0.0,0.0,0.0,0.0,0.0,0.0,0.0,0.0,0.0,0.0,0.0,0.0,0.0,0.0,0.0,0.0,0.0,0.0,0.0,0.0,0.0,0.0,0.0,0.0,0.0,0.0,0.0,0.0,0.0,0.0,0.0,0.0,0.0,0.0,0.0,0.0,0.0,0.0,0.0,0.0,0.0,0.0,0.0,0.0,0.0,0.0,0.0,0.0,0.0,0.0,0.0,0.0,0.0,0.0,0.0,0.0,0.0,0.0,0.0,0.0,0.0,0.0,0.0,0.0,0.0,0.0,0.0,0.0,0.0,0.0,0.0,0.0,0.0,0.0,0.0,0.0,0.0
,,,,,,,,,,,,,,,,,,,,,,,,,,,,,,,,,,,,,,,,,,,,,,,,,,,,,,,,,,,,,,,,,,,,,,,,,,,0.0,0.0,0.0,0.0,0.0,0.0,0.0,0.0,0.0,0.0,0.0,0.0,0.0,0.0,0.0,0.0,0.0,0.0,0.0,0.0,0.0,0.0,0.0,0.0,0.0,0.0,0.0,0.0,0.0,0.0,0.0,0.0,0.0,0.0,0.0,0.0,0.0,0.0,0.0,0.0,0.0,0.0,0.0,0.0,0.0,0.0,0.0,0.0,0.0,0.0,0.0,0.0,0.0,0.0,0.0,0.0,0.0,0.0,0.0,0.0,0.0,0.0,0.0,0.0,0.0,0.0,0.0,0.0,0.0,0.0,0.0,0.0,0.0,0.0,0.0,0.0,0.0,0.0,0.0,0.0,0.0,0.0,0.0,0.0,0.0,0.0,0.0,0.0,0.0,0.0,0.0,0.0,0.0,0.0,0.0,0.0,0.0,0.0,0.0,0.0,0.0,0.0,0.0,0.0,0.0,0.0,0.0,0.0,0.0,0.0,0.0,0.0,0.0,0.0,0.0,0.0,0.0,0.0,0.0,0.0,0.0,0.0,0.0,0.0,0.0,0.0,0.0,0.0,0.0,0.0,0.0,0.0,0.0,0.0,0.0,0.0,0.0,0.0,0.0,0.0,0.0,0.0,0.0,0.0,0.0,0.0,0.0,0.0,0.0,0.0,0.0,0.0,0.0,0.0,0.0,0.0,0.0,0.0,0.0,0.0,0.0,0.0,0.0,0.0,0.0,0.0,0.0,0.0,0.0,0.0,0.0,0.0,0.0,0.0,0.0,0.0,0.0,0.0,0.0,0.0,0.0,0.0,0.0,0.0,0.0,0.0,0.0,0.0,0.0,0.0,0.0,0.0,0.0,0.0,0.0,0.0,0.0,0.0,0.0,0.0,0.0,0.0,0.0,0.0,0.0,0.0,0.0,0.0,0.0,0.0,0.0,0.0,0.0,0.0,0.0,0.0,0.0,0.0,0.0,0.0,0.0,0.0,0.0,0.0,0.0
,,,,,,,,,,,,,,,,,,,,,,,,,,,,,,,,,,,,,,,,,,,,,,,,,,,,,,,,,,,,,,,,,,,,,,,,,,,0.0,0.0,0.0,0.0,0.0,0.0,0.0,0.0,0.0,0.0,0.0,0.0,0.0,0.0,0.0,0.0,0.0,0.0,0.0,0.0,0.0,0.0,0.0,0.0,0.0,0.0,0.0,0.0,0.0,0.0,0.0,0.0,0.0,0.0,0.0,0.0,0.0,0.0,0.0,0.0,0.0,0.0,0.0,0.0,0.0,0.0,0.0,0.0,0.0,0.0,0.0,0.0,0.0,0.0,0.0,0.0,0.0,0.0,0.0,0.0,0.0,0.0,0.0,0.0,0.0,0.0,0.0,0.0,0.0,0.0,0.0,0.0,0.0,0.0,0.0,0.0,0.0,0.0,0.0,0.0,0.0,0.0,0.0,0.0,0.0,0.0,0.0,0.0,0.0,0.0,0.0,0.0,0.0,0.0,0.0,0.0,0.0,0.0,0.0,0.0,0.0,0.0,0.0,0.0,0.0,0.0,0.0,0.0,0.0,0.0,0.0,0.0,0.0,0.0,0.0,0.0,0.0,0.0,0.0,0.0,0.0,0.0,0.0,0.0,0.0,0.0,0.0,0.0,0.0,0.0,0.0,0.0,0.0,0.0,0.0,0.0,0.0,0.0,0.0,0.0,0.0,0.0,0.0,0.0,0.0,0.0,0.0,0.0,0.0,0.0,0.0,0.0,0.0,0.0,0.0,0.0,0.0,0.0,0.0,0.0,0.0,0.0,0.0,0.0,0.0,0.0,0.0,0.0,0.0,0.0,0.0,0.0,0.0,0.0,0.0,0.0,0.0,0.0,0.0,0.0,0.0,0.0,0.0,0.0,0.0,0.0,0.0,0.0,0.0,0.0,0.0,0.0,0.0,0.0,0.0,0.0,0.0,0.0,0.0,0.0,0.0,0.0,0.0,0.0,0.0,0.0,0.0,0.0,0.0,0.0,0.0,0.0,0.0,0.0,0.0,0.0,0.0,0.0,0.0,0.0,0.0,0.0,0.0,0.0,0.0
,,,,,,,,,,,,,,,,,,,,,,,,,,,,,,,,,,,,,,,,,,,,,,,,,,,,,,,,,,,,,,,,,,,,,,,,,,,0.0,0.0,0.0,0.0,0.0,0.0,0.0,0.0,0.0,0.0,0.0,0.0,0.0,0.0,0.0,0.0,0.0,0.0,0.0,0.0,0.0,0.0,0.0,0.0,0.0,0.0,0.0,0.0,0.0,0.0,0.0,0.0,0.0,0.0,0.0,0.0,0.0,0.0,0.0,0.0,0.0,0.0,0.0,0.0,0.0,0.0,0.0,0.0,0.0,0.0,0.0,0.0,0.0,0.0,0.0,0.0,0.0,0.0,0.0,0.0,0.0,0.0,0.0,0.0,0.0,0.0,0.0,0.0,0.0,0.0,0.0,0.0,0.0,0.0,0.0,0.0,0.0,0.0,0.0,0.0,0.0,0.0,0.0,0.0,0.0,0.0,0.0,0.0,0.0,0.0,0.0,0.0,0.0,0.0,0.0,0.0,0.0,0.0,0.0,0.0,0.0,0.0,0.0,0.0,0.0,0.0,0.0,0.0,0.0,0.0,0.0,0.0,0.0,0.0,0.0,0.0,0.0,0.0,0.0,0.0,0.0,0.0,0.0,0.0,0.0,0.0,0.0,0.0,0.0,0.0,0.0,0.0,0.0,0.0,0.0,0.0,0.0,0.0,0.0,0.0,0.0,0.0,0.0,0.0,0.0,0.0,0.0,0.0,0.0,0.0,0.0,0.0,0.0,0.0,0.0,0.0,0.0,0.0,0.0,0.0,0.0,0.0,0.0,0.0,0.0,0.0,0.0,0.0,0.0,0.0,0.0,0.0,0.0,0.0,0.0,0.0,0.0,0.0,0.0,0.0,0.0,0.0,0.0,0.0,0.0,0.0,0.0,0.0,0.0,0.0,0.0,0.0,0.0,0.0,0.0,0.0,0.0,0.0,0.0,0.0,0.0,0.0,0.0,0.0,0.0,0.0,0.0,0.0,0.0,0.0,0.0,0.0,0.0,0.0,0.0,0.0,0.0,0.0,0.0,0.0,0.0,0.0,0.0,0.0,0.0
,,,,,,,,,,,,,,,,,,,,,,,,,,,,,,,,,,,,,,,,,,,,,,,,,,,,,,,,,,,,,,,,,,,,,,,,,,,0.0,0.0,0.0,0.0,0.0,0.0,0.0,0.0,0.0,0.0,0.0,0.0,0.0,0.0,0.0,0.0,0.0,0.0,0.0,0.0,0.0,0.0,0.0,0.0,0.0,0.0,0.0,0.0,0.0,0.0,0.0,0.0,0.0,0.0,0.0,0.0,0.0,0.0,0.0,0.0,0.0,0.0,0.0,0.0,0.0,0.0,0.0,0.0,0.0,0.0,0.0,0.0,0.0,0.0,0.0,0.0,0.0,0.0,0.0,0.0,0.0,0.0,0.0,0.0,0.0,0.0,0.0,0.0,0.0,0.0,0.0,0.0,0.0,0.0,0.0,0.0,0.0,0.0,0.0,0.0,0.0,0.0,0.0,0.0,0.0,0.0,0.0,0.0,0.0,0.0,0.0,0.0,0.0,0.0,0.0,0.0,0.0,0.0,0.0,0.0,0.0,0.0,0.0,0.0,0.0,0.0,0.0,0.0,0.0,0.0,0.0,0.0,0.0,0.0,0.0,0.0,0.0,0.0,0.0,0.0,0.0,0.0,0.0,0.0,0.0,0.0,0.0,0.0,0.0,0.0,0.0,0.0,0.0,0.0,0.0,0.0,0.0,0.0,0.0,0.0,0.0,0.0,0.0,0.0,0.0,0.0,0.0,0.0,0.0,0.0,0.0,0.0,0.0,0.0,0.0,0.0,0.0,0.0,0.0,0.0,0.0,0.0,0.0,0.0,0.0,0.0,0.0,0.0,0.0,0.0,0.0,0.0,0.0,0.0,0.0,0.0,0.0,0.0,0.0,0.0,0.0,0.0,0.0,0.0,0.0,0.0,0.0,0.0,0.0,0.0,0.0,0.0,0.0,0.0,0.0,0.0,0.0,0.0,0.0,0.0,0.0,0.0,0.0,0.0,0.0,0.0,0.0,0.0,0.0,0.0,0.0,0.0,0.0,0.0,0.0,0.0,0.0,0.0,0.0,0.0,0.0,0.0,0.0,0.0,0.0
,,,,,,,,,,,,,,,,,,,,,,,,,,,,,,,,,,,,,,,,,,,,,,,,,,,,,,,,,,,,,,,,,,,,,,,,,,,0.0,0.0,0.0,0.0,0.0,0.0,0.0,0.0,0.0,0.0,0.0,0.0,0.0,0.0,0.0,0.0,0.0,0.0,0.0,0.0,0.0,0.0,0.0,0.0,0.0,0.0,0.0,0.0,0.0,0.0,0.0,0.0,0.0,0.0,0.0,0.0,0.0,0.0,0.0,0.0,0.0,0.0,0.0,0.0,0.0,0.0,0.0,0.0,0.0,0.0,0.0,0.0,0.0,0.0,0.0,0.0,0.0,0.0,0.0,0.0,0.0,0.0,0.0,0.0,0.0,0.0,0.0,0.0,0.0,0.0,0.0,0.0,0.0,0.0,0.0,0.0,0.0,0.0,0.0,0.0,0.0,0.0,0.0,0.0,0.0,0.0,0.0,0.0,0.0,0.0,0.0,0.0,0.0,0.0,0.0,0.0,0.0,0.0,0.0,0.0,0.0,0.0,0.0,0.0,0.0,0.0,0.0,0.0,0.0,0.0,0.0,0.0,0.0,0.0,0.0,0.0,0.0,0.0,0.0,0.0,0.0,0.0,0.0,0.0,0.0,0.0,0.0,0.0,0.0,0.0,0.0,0.0,0.0,0.0,0.0,0.0,0.0,0.0,0.0,0.0,0.0,0.0,0.0,0.0,0.0,0.0,0.0,0.0,0.0,0.0,0.0,0.0,0.0,0.0,0.0,0.0,0.0,0.0,0.0,0.0,0.0,0.0,0.0,0.0,0.0,0.0,0.0,0.0,0.0,0.0,0.0,0.0,0.0,0.0,0.0,0.0,0.0,0.0,0.0,0.0,0.0,0.0,0.0,0.0,0.0,0.0,0.0,0.0,0.0,0.0,0.0,0.0,0.0,0.0,0.0,0.0,0.0,0.0,0.0,0.0,0.0,0.0,0.0,0.0,0.0,0.0,0.0,0.0,0.0,0.0,0.0,0.0,0.0,0.0,0.0,0.0,0.0,0.0,0.0,0.0,0.0,0.0,0.0,0.0,0.0
,,,,,,,,,,,,,,,,,,,,,,,,,,,,,,,,,,,,,,,,,,,,,,,,,,,,,,,,,,,,,,,,,,,,,,,,,,,0.0,0.0,0.0,0.0,0.0,0.0,0.0,0.0,0.0,0.0,0.0,0.0,0.0,0.0,0.0,0.0,0.0,0.0,0.0,0.0,0.0,0.0,0.0,0.0,0.0,0.0,0.0,0.0,0.0,0.0,0.0,0.0,0.0,0.0,0.0,0.0,0.0,0.0,0.0,0.0,0.0,0.0,0.0,0.0,0.0,0.0,0.0,0.0,0.0,0.0,0.0,0.0,0.0,0.0,0.0,0.0,0.0,0.0,0.0,0.0,0.0,0.0,0.0,0.0,0.0,0.0,0.0,0.0,0.0,0.0,0.0,0.0,0.0,0.0,0.0,0.0,0.0,0.0,0.0,0.0,0.0,0.0,0.0,0.0,0.0,0.0,0.0,0.0,0.0,0.0,0.0,0.0,0.0,0.0,0.0,0.0,0.0,0.0,0.0,0.0,0.0,0.0,0.0,0.0,0.0,0.0,0.0,0.0,0.0,0.0,0.0,0.0,0.0,0.0,0.0,0.0,0.0,0.0,0.0,0.0,0.0,0.0,0.0,0.0,0.0,0.0,0.0,0.0,0.0,0.0,0.0,0.0,0.0,0.0,0.0,0.0,0.0,0.0,0.0,0.0,0.0,0.0,0.0,0.0,0.0,0.0,0.0,0.0,0.0,0.0,0.0,0.0,0.0,0.0,0.0,0.0,0.0,0.0,0.0,0.0,0.0,0.0,0.0,0.0,0.0,0.0,0.0,0.0,0.0,0.0,0.0,0.0,0.0,0.0,0.0,0.0,0.0,0.0,0.0,0.0,0.0,0.0,0.0,0.0,0.0,0.0,0.0,0.0,0.0,0.0,0.0,0.0,0.0,0.0,0.0,0.0,0.0,0.0,0.0,0.0,0.0,0.0,0.0,0.0,0.0,0.0,0.0,0.0,0.0,0.0,0.0,0.0,0.0,0.0,0.0,0.0,0.0,0.0,0.0,0.0,0.0,0.0,0.0,0.0,0.0
,,,,,,,,,,,,,,,,,,,,,,,,,,,,,,,,,,,,,,,,,,,,,,,,,,,,,,,,,,,,,,,,,,,,,,,,,,,0.0,0.0,0.0,0.0,0.0,0.0,0.0,0.0,0.0,0.0,0.0,0.0,0.0,0.0,0.0,0.0,0.0,0.0,0.0,0.0,0.0,0.0,0.0,0.0,0.0,0.0,0.0,0.0,0.0,0.0,0.0,0.0,0.0,0.0,0.0,0.0,0.0,0.0,0.0,0.0,0.0,0.0,0.0,0.0,0.0,0.0,0.0,0.0,0.0,0.0,0.0,0.0,0.0,0.0,0.0,0.0,0.0,0.0,0.0,0.0,0.0,0.0,0.0,0.0,0.0,0.0,0.0,0.0,0.0,0.0,0.0,0.0,0.0,0.0,0.0,0.0,0.0,0.0,0.0,0.0,0.0,0.0,0.0,0.0,0.0,0.0,0.0,0.0,0.0,0.0,0.0,0.0,0.0,0.0,0.0,0.0,0.0,0.0,0.0,0.0,0.0,0.0,0.0,0.0,0.0,0.0,0.0,0.0,0.0,0.0,0.0,0.0,0.0,0.0,0.0,0.0,0.0,0.0,0.0,0.0,0.0,0.0,0.0,0.0,0.0,0.0,0.0,0.0,0.0,0.0,0.0,0.0,0.0,0.0,0.0,0.0,0.0,0.0,0.0,0.0,0.0,0.0,0.0,0.0,0.0,0.0,0.0,0.0,0.0,0.0,0.0,0.0,0.0,0.0,0.0,0.0,0.0,0.0,0.0,0.0,0.0,0.0,0.0,0.0,0.0,0.0,0.0,0.0,0.0,0.0,0.0,0.0,0.0,0.0,0.0,0.0,0.0,0.0,0.0,0.0,0.0,0.0,0.0,0.0,0.0,0.0,0.0,0.0,0.0,0.0,0.0,0.0,0.0,0.0,0.0,0.0,0.0,0.0,0.0,0.0,0.0,0.0,0.0,0.0,0.0,0.0,0.0,0.0,0.0,0.0,0.0,0.0,0.0,0.0,0.0,0.0,0.0,0.0,0.0,0.0,0.0,0.0,0.0,0.0,0.0
,,,,,,,,,,,,,,,,,,,,,,,,,,,,,,,,,,,,,,,,,,,,,,,,,,,,,,,,,,,,,,,,,,,,,,,,,,,0.0,0.0,0.0,0.0,0.0,0.0,0.0,0.0,0.0,0.0,0.0,0.0,0.0,0.0,0.0,0.0,0.0,0.0,0.0,0.0,0.0,0.0,0.0,0.0,0.0,0.0,0.0,0.0,0.0,0.0,0.0,0.0,0.0,0.0,0.0,0.0,0.0,0.0,0.0,0.0,0.0,0.0,0.0,0.0,0.0,0.0,0.0,0.0,0.0,0.0,0.0,0.0,0.0,0.0,0.0,0.0,0.0,0.0,0.0,0.0,0.0,0.0,0.0,0.0,0.0,0.0,0.0,0.0,0.0,0.0,0.0,0.0,0.0,0.0,0.0,0.0,0.0,0.0,0.0,0.0,0.0,0.0,0.0,0.0,0.0,0.0,0.0,0.0,0.0,0.0,0.0,0.0,0.0,0.0,0.0,0.0,0.0,0.0,0.0,0.0,0.0,0.0,0.0,0.0,0.0,0.0,0.0,0.0,0.0,0.0,0.0,0.0,0.0,0.0,0.0,0.0,0.0,0.0,0.0,0.0,0.0,0.0,0.0,0.0,0.0,0.0,0.0,0.0,0.0,0.0,0.0,0.0,0.0,0.0,0.0,0.0,0.0,0.0,0.0,0.0,0.0,0.0,0.0,0.0,0.0,0.0,0.0,0.0,0.0,0.0,0.0,0.0,0.0,0.0,0.0,0.0,0.0,0.0,0.0,0.0,0.0,0.0,0.0,0.0,0.0,0.0,0.0,0.0,0.0,0.0,0.0,0.0,0.0,0.0,0.0,0.0,0.0,0.0,0.0,0.0,0.0,0.0,0.0,0.0,0.0,0.0,0.0,0.0,0.0,0.0,0.0,0.0,0.0,0.0,0.0,0.0,0.0,0.0,0.0,0.0,0.0,0.0,0.0,0.0,0.0,0.0,0.0,0.0,0.0,0.0,0.0,0.0,0.0,0.0,0.0,0.0,0.0,0.0,0.0,0.0,0.0,0.0,0.0,0.0,0.0
,,,,,,,,,,,,,,,,,,,,,,,,,,,,,,,,,,,,,,,,,,,,,,,,,,,,,,,,,,,,,,,,,,,,,,,,,,,0.0,0.0,0.0,0.0,0.0,0.0,0.0,0.0,0.0,0.0,0.0,0.0,0.0,0.0,0.0,0.0,0.0,0.0,0.0,0.0,0.0,0.0,0.0,0.0,0.0,0.0,0.0,0.0,0.0,0.0,0.0,0.0,0.0,0.0,0.0,0.0,0.0,0.0,0.0,0.0,0.0,0.0,0.0,0.0,0.0,0.0,0.0,0.0,0.0,0.0,0.0,0.0,0.0,0.0,0.0,0.0,0.0,0.0,0.0,0.0,0.0,0.0,0.0,0.0,0.0,0.0,0.0,0.0,0.0,0.0,0.0,0.0,0.0,0.0,0.0,0.0,0.0,0.0,0.0,0.0,0.0,0.0,0.0,0.0,0.0,0.0,0.0,0.0,0.0,0.0,0.0,0.0,0.0,0.0,0.0,0.0,0.0,0.0,0.0,0.0,0.0,0.0,0.0,0.0,0.0,0.0,0.0,0.0,0.0,0.0,0.0,0.0,0.0,0.0,0.0,0.0,0.0,0.0,0.0,0.0,0.0,0.0,0.0,0.0,0.0,0.0,0.0,0.0,0.0,0.0,0.0,0.0,0.0,0.0,0.0,0.0,0.0,0.0,0.0,0.0,0.0,0.0,0.0,0.0,0.0,0.0,0.0,0.0,0.0,0.0,0.0,0.0,0.0,0.0,0.0,0.0,0.0,0.0,0.0,0.0,0.0,0.0,0.0,0.0,0.0,0.0,0.0,0.0,0.0,0.0,0.0,0.0,0.0,0.0,0.0,0.0,0.0,0.0,0.0,0.0,0.0,0.0,0.0,0.0,0.0,0.0,0.0,0.0,0.0,0.0,0.0,0.0,0.0,0.0,0.0,0.0,0.0,0.0,0.0,0.0,0.0,0.0,0.0,0.0,0.0,0.0,0.0,0.0,0.0,0.0,0.0,0.0,0.0,0.0,0.0,0.0,0.0,0.0,0.0,0.0,0.0,0.0,0.0,0.0,0.0
,,,,,,,,,,,,,,,,,,,,,,,,,,,,,,,,,,,,,,,,,,,,,,,,,,,,,,,,,,,,,,,,,,,,,,,,,,,0.0,0.0,0.0,0.0,0.0,0.0,0.0,0.0,0.0,0.0,0.0,0.0,0.0,0.0,0.0,0.0,0.0,0.0,0.0,0.0,0.0,0.0,0.0,0.0,0.0,0.0,0.0,0.0,0.0,0.0,0.0,0.0,0.0,0.0,0.0,0.0,0.0,0.0,0.0,0.0,0.0,0.0,0.0,0.0,0.0,0.0,0.0,0.0,0.0,0.0,0.0,0.0,0.0,0.0,0.0,0.0,0.0,0.0,0.0,0.0,0.0,0.0,0.0,0.0,0.0,0.0,0.0,0.0,0.0,0.0,0.0,0.0,0.0,0.0,0.0,0.0,0.0,0.0,0.0,0.0,0.0,0.0,0.0,0.0,0.0,0.0,0.0,0.0,0.0,0.0,0.0,0.0,0.0,0.0,0.0,0.0,0.0,0.0,0.0,0.0,0.0,0.0,0.0,0.0,0.0,0.0,0.0,0.0,0.0,0.0,0.0,0.0,0.0,0.0,0.0,0.0,0.0,0.0,0.0,0.0,0.0,0.0,0.0,0.0,0.0,0.0,0.0,0.0,0.0,0.0,0.0,0.0,0.0,0.0,0.0,0.0,0.0,0.0,0.0,0.0,0.0,0.0,0.0,0.0,0.0,0.0,0.0,0.0,0.0,0.0,0.0,0.0,0.0,0.0,0.0,0.0,0.0,0.0,0.0,0.0,0.0,0.0,0.0,0.0,0.0,0.0,0.0,0.0,0.0,0.0,0.0,0.0,0.0,0.0,0.0,0.0,0.0,0.0,0.0,0.0,0.0,0.0,0.0,0.0,0.0,0.0,0.0,0.0,0.0,0.0,0.0,0.0,0.0,0.0,0.0,0.0,0.0,0.0,0.0,0.0,0.0,0.0,0.0,0.0,0.0,0.0,0.0,0.0,0.0,0.0,0.0,0.0,0.0,0.0,0.0,0.0,0.0,0.0,0.0,0.0,0.0,0.0,0.0,0.0,0.0
,,,,,,,,,,,,,,,,,,,,,,,,,,,,,,,,,,,,,,,,,,,,,,,,,,,,,,,,,,,,,,,,,,,,,,,,,,,0.0,0.0,0.0,0.0,0.0,0.0,0.0,0.0,0.0,0.0,0.0,0.0,0.0,0.0,0.0,0.0,0.0,0.0,0.0,0.0,0.0,0.0,0.0,0.0,0.0,0.0,0.0,0.0,0.0,0.0,0.0,0.0,0.0,0.0,0.0,0.0,0.0,0.0,0.0,0.0,0.0,0.0,0.0,0.0,0.0,0.0,0.0,0.0,0.0,0.0,0.0,0.0,0.0,0.0,0.0,0.0,0.0,0.0,0.0,0.0,0.0,0.0,0.0,0.0,0.0,0.0,0.0,0.0,0.0,0.0,0.0,0.0,0.0,0.0,0.0,0.0,0.0,0.0,0.0,0.0,0.0,0.0,0.0,0.0,0.0,0.0,0.0,0.0,0.0,0.0,0.0,0.0,0.0,0.0,0.0,0.0,0.0,0.0,0.0,0.0,0.0,0.0,0.0,0.0,0.0,0.0,0.0,0.0,0.0,0.0,0.0,0.0,0.0,0.0,0.0,0.0,0.0,0.0,0.0,0.0,0.0,0.0,0.0,0.0,0.0,0.0,0.0,0.0,0.0,0.0,0.0,0.0,0.0,0.0,0.0,0.0,0.0,0.0,0.0,0.0,0.0,0.0,0.0,0.0,0.0,0.0,0.0,0.0,0.0,0.0,0.0,0.0,0.0,0.0,0.0,0.0,0.0,0.0,0.0,0.0,0.0,0.0,0.0,0.0,0.0,0.0,0.0,0.0,0.0,0.0,0.0,0.0,0.0,0.0,0.0,0.0,0.0,0.0,0.0,0.0,0.0,0.0,0.0,0.0,0.0,0.0,0.0,0.0,0.0,0.0,0.0,0.0,0.0,0.0,0.0,0.0,0.0,0.0,0.0,0.0,0.0,0.0,0.0,0.0,0.0,0.0,0.0,0.0,0.0,0.0,0.0,0.0,0.0,0.0,0.0,0.0,0.0,0.0,0.0,0.0,0.0,0.0,0.0,0.0,0.0
,,,,,,,,,,,,,,,,,,,,,,,,,,,,,,,,,,,,,,,,,,,,,,,,,,,,,,,,,,,,,,,,,,,,,,,,,,,0.0,0.0,0.0,0.0,0.0,0.0,0.0,0.0,0.0,0.0,0.0,0.0,0.0,0.0,0.0,0.0,0.0,0.0,0.0,0.0,0.0,0.0,0.0,0.0,0.0,0.0,0.0,0.0,0.0,0.0,0.0,0.0,0.0,0.0,0.0,0.0,0.0,0.0,0.0,0.0,0.0,0.0,0.0,0.0,0.0,0.0,0.0,0.0,0.0,0.0,0.0,0.0,0.0,0.0,0.0,0.0,0.0,0.0,0.0,0.0,0.0,0.0,0.0,0.0,0.0,0.0,0.0,0.0,0.0,0.0,0.0,0.0,0.0,0.0,0.0,0.0,0.0,0.0,0.0,0.0,0.0,0.0,0.0,0.0,0.0,0.0,0.0,0.0,0.0,0.0,0.0,0.0,0.0,0.0,0.0,0.0,0.0,0.0,0.0,0.0,0.0,0.0,0.0,0.0,0.0,0.0,0.0,0.0,0.0,0.0,0.0,0.0,0.0,0.0,0.0,0.0,0.0,0.0,0.0,0.0,0.0,0.0,0.0,0.0,0.0,0.0,0.0,0.0,0.0,0.0,0.0,0.0,0.0,0.0,0.0,0.0,0.0,0.0,0.0,0.0,0.0,0.0,0.0,0.0,0.0,0.0,0.0,0.0,0.0,0.0,0.0,0.0,0.0,0.0,0.0,0.0,0.0,0.0,0.0,0.0,0.0,0.0,0.0,0.0,0.0,0.0,0.0,0.0,0.0,0.0,0.0,0.0,0.0,0.0,0.0,0.0,0.0,0.0,0.0,0.0,0.0,0.0,0.0,0.0,0.0,0.0,0.0,0.0,0.0,0.0,0.0,0.0,0.0,0.0,0.0,0.0,0.0,0.0,0.0,0.0,0.0,0.0,0.0,0.0,0.0,0.0,0.0,0.0,0.0,0.0,0.0,0.0,0.0,0.0,0.0,0.0,0.0,0.0,0.0,0.0,0.0,0.0,0.0,0.0,0.0
,,,,,,,,,,,,,,,,,,,,,,,,,,,,,,,,,,,,,,,,,,,,,,,,,,,,,,,,,,,,,,,,,,,,,,,,,,,0.0,0.0,0.0,0.0,0.0,0.0,0.0,0.0,0.0,0.0,0.0,0.0,0.0,0.0,0.0,0.0,0.0,0.0,0.0,0.0,0.0,0.0,0.0,0.0,0.0,0.0,0.0,0.0,0.0,0.0,0.0,0.0,0.0,0.0,0.0,0.0,0.0,0.0,0.0,0.0,0.0,0.0,0.0,0.0,0.0,0.0,0.0,0.0,0.0,0.0,0.0,0.0,0.0,0.0,0.0,0.0,0.0,0.0,0.0,0.0,0.0,0.0,0.0,0.0,0.0,0.0,0.0,0.0,0.0,0.0,0.0,0.0,0.0,0.0,0.0,0.0,0.0,0.0,0.0,0.0,0.0,0.0,0.0,0.0,0.0,0.0,0.0,0.0,0.0,0.0,0.0,0.0,0.0,0.0,0.0,0.0,0.0,0.0,0.0,0.0,0.0,0.0,0.0,0.0,0.0,0.0,0.0,0.0,0.0,0.0,0.0,0.0,0.0,0.0,0.0,0.0,0.0,0.0,0.0,0.0,0.0,0.0,0.0,0.0,0.0,0.0,0.0,0.0,0.0,0.0,0.0,0.0,0.0,0.0,0.0,0.0,0.0,0.0,0.0,0.0,0.0,0.0,0.0,0.0,0.0,0.0,0.0,0.0,0.0,0.0,0.0,0.0,0.0,0.0,0.0,0.0,0.0,0.0,0.0,0.0,0.0,0.0,0.0,0.0,0.0,0.0,0.0,0.0,0.0,0.0,0.0,0.0,0.0,0.0,0.0,0.0,0.0,0.0,0.0,0.0,0.0,0.0,0.0,0.0,0.0,0.0,0.0,0.0,0.0,0.0,0.0,0.0,0.0,0.0,0.0,0.0,0.0,0.0,0.0,0.0,0.0,0.0,0.0,0.0,0.0,0.0,0.0,0.0,0.0,0.0,0.0,0.0,0.0,0.0,0.0,0.0,0.0,0.0,0.0,0.0,0.0,0.0,0.0,0.0,0.0
,,,,,,,,,,,,,,,,,,,,,,,,,,,,,,,,,,,,,,,,,,,,,,,,,,,,,,,,,,,,,,,,,,,,,,,,,,,0.0,0.0,0.0,0.0,0.0,0.0,0.0,0.0,0.0,0.0,0.0,0.0,0.0,0.0,0.0,0.0,0.0,0.0,0.0,0.0,0.0,0.0,0.0,0.0,0.0,0.0,0.0,0.0,0.0,0.0,0.0,0.0,0.0,0.0,0.0,0.0,0.0,0.0,0.0,0.0,0.0,0.0,0.0,0.0,0.0,0.0,0.0,0.0,0.0,0.0,0.0,0.0,0.0,0.0,0.0,0.0,0.0,0.0,0.0,0.0,0.0,0.0,0.0,0.0,0.0,0.0,0.0,0.0,0.0,0.0,0.0,0.0,0.0,0.0,0.0,0.0,0.0,0.0,0.0,0.0,0.0,0.0,0.0,0.0,0.0,0.0,0.0,0.0,0.0,0.0,0.0,0.0,0.0,0.0,0.0,0.0,0.0,0.0,0.0,0.0,0.0,0.0,0.0,0.0,0.0,0.0,0.0,0.0,0.0,0.0,0.0,0.0,0.0,0.0,0.0,0.0,0.0,0.0,0.0,0.0,0.0,0.0,0.0,0.0,0.0,0.0,0.0,0.0,0.0,0.0,0.0,0.0,0.0,0.0,0.0,0.0,0.0,0.0,0.0,0.0,0.0,0.0,0.0,0.0,0.0,0.0,0.0,0.0,0.0,0.0,0.0,0.0,0.0,0.0,0.0,0.0,0.0,0.0,0.0,0.0,0.0,0.0,0.0,0.0,0.0,0.0,0.0,0.0,0.0,0.0,0.0,0.0,0.0,0.0,0.0,0.0,0.0,0.0,0.0,0.0,0.0,0.0,0.0,0.0,0.0,0.0,0.0,0.0,0.0,0.0,0.0,0.0,0.0,0.0,0.0,0.0,0.0,0.0,0.0,0.0,0.0,0.0,0.0,0.0,0.0,0.0,0.0,0.0,0.0,0.0,0.0,0.0,0.0,0.0,0.0,0.0,0.0,0.0,0.0,0.0,0.0,0.0,0.0,0.0,0.0
,,,,,,,,,,,,,,,,,,,,,,,,,,,,,,,,,,,,,,,,,,,,,,,,,,,,,,,,,,,,,,,,,,,,,,,,,,,0.0,0.0,0.0,0.0,0.0,0.0,0.0,0.0,0.0,0.0,0.0,0.0,0.0,0.0,0.0,0.0,0.0,0.0,0.0,0.0,0.0,0.0,0.0,0.0,0.0,0.0,0.0,0.0,0.0,0.0,0.0,0.0,0.0,0.0,0.0,0.0,0.0,0.0,0.0,0.0,0.0,0.0,0.0,0.0,0.0,0.0,0.0,0.0,0.0,0.0,0.0,0.0,0.0,0.0,0.0,0.0,0.0,0.0,0.0,0.0,0.0,0.0,0.0,0.0,0.0,0.0,0.0,0.0,0.0,0.0,0.0,0.0,0.0,0.0,0.0,0.0,0.0,0.0,0.0,0.0,0.0,0.0,0.0,0.0,0.0,0.0,0.0,0.0,0.0,0.0,0.0,0.0,0.0,0.0,0.0,0.0,0.0,0.0,0.0,0.0,0.0,0.0,0.0,0.0,0.0,0.0,0.0,0.0,0.0,0.0,0.0,0.0,0.0,0.0,0.0,0.0,0.0,0.0,0.0,0.0,0.0,0.0,0.0,0.0,0.0,0.0,0.0,0.0,0.0,0.0,0.0,0.0,0.0,0.0,0.0,0.0,0.0,0.0,0.0,0.0,0.0,0.0,0.0,0.0,0.0,0.0,0.0,0.0,0.0,0.0,0.0,0.0,0.0,0.0,0.0,0.0,0.0,0.0,0.0,0.0,0.0,0.0,0.0,0.0,0.0,0.0,0.0,0.0,0.0,0.0,0.0,0.0,0.0,0.0,0.0,0.0,0.0,0.0,0.0,0.0,0.0,0.0,0.0,0.0,0.0,0.0,0.0,0.0,0.0,0.0,0.0,0.0,0.0,0.0,0.0,0.0,0.0,0.0,0.0,0.0,0.0,0.0,0.0,0.0,0.0,0.0,0.0,0.0,0.0,0.0,0.0,0.0,0.0,0.0,0.0,0.0,0.0,0.0,0.0,0.0,0.0,0.0,0.0,0.0,0.0
,,,,,,,,,,,,,,,,,,,,,,,,,,,,,,,,,,,,,,,,,,,,,,,,,,,,,,,,,,,,,,,,,,,,,,,,,,,0.0,0.0,0.0,0.0,0.0,0.0,0.0,0.0,0.0,0.0,0.0,0.0,0.0,0.0,0.0,0.0,0.0,0.0,0.0,0.0,0.0,0.0,0.0,0.0,0.0,0.0,0.0,0.0,0.0,0.0,0.0,0.0,0.0,0.0,0.0,0.0,0.0,0.0,0.0,0.0,0.0,0.0,0.0,0.0,0.0,0.0,0.0,0.0,0.0,0.0,0.0,0.0,0.0,0.0,0.0,0.0,0.0,0.0,0.0,0.0,0.0,0.0,0.0,0.0,0.0,0.0,0.0,0.0,0.0,0.0,0.0,0.0,0.0,0.0,0.0,0.0,0.0,0.0,0.0,0.0,0.0,0.0,0.0,0.0,0.0,0.0,0.0,0.0,0.0,0.0,0.0,0.0,0.0,0.0,0.0,0.0,0.0,0.0,0.0,0.0,0.0,0.0,0.0,0.0,0.0,0.0,0.0,0.0,0.0,0.0,0.0,0.0,0.0,0.0,0.0,0.0,0.0,0.0,0.0,0.0,0.0,0.0,0.0,0.0,0.0,0.0,0.0,0.0,0.0,0.0,0.0,0.0,0.0,0.0,0.0,0.0,0.0,0.0,0.0,0.0,0.0,0.0,0.0,0.0,0.0,0.0,0.0,0.0,0.0,0.0,0.0,0.0,0.0,0.0,0.0,0.0,0.0,0.0,0.0,0.0,0.0,0.0,0.0,0.0,0.0,0.0,0.0,0.0,0.0,0.0,0.0,0.0,0.0,0.0,0.0,0.0,0.0,0.0,0.0,0.0,0.0,0.0,0.0,0.0,0.0,0.0,0.0,0.0,0.0,0.0,0.0,0.0,0.0,0.0,0.0,0.0,0.0,0.0,0.0,0.0,0.0,0.0,0.0,0.0,0.0,0.0,0.0,0.0,0.0,0.0,0.0,0.0,0.0,0.0,0.0,0.0,0.0,0.0,0.0,0.0,0.0,0.0,0.0,0.0,0.0
,,,,,,,,,,,,,,,,,,,,,,,,,,,,,,,,,,,,,,,,,,,,,,,,,,,,,,,,,,,,,,,,,,,,,,,,,,,0.0,0.0,0.0,0.0,0.0,0.0,0.0,0.0,0.0,0.0,0.0,0.0,0.0,0.0,0.0,0.0,0.0,0.0,0.0,0.0,0.0,0.0,0.0,0.0,0.0,0.0,0.0,0.0,0.0,0.0,0.0,0.0,0.0,0.0,0.0,0.0,0.0,0.0,0.0,0.0,0.0,0.0,0.0,0.0,0.0,0.0,0.0,0.0,0.0,0.0,0.0,0.0,0.0,0.0,0.0,0.0,0.0,0.0,0.0,0.0,0.0,0.0,0.0,0.0,0.0,0.0,0.0,0.0,0.0,0.0,0.0,0.0,0.0,0.0,0.0,0.0,0.0,0.0,0.0,0.0,0.0,0.0,0.0,0.0,0.0,0.0,0.0,0.0,0.0,0.0,0.0,0.0,0.0,0.0,0.0,0.0,0.0,0.0,0.0,0.0,0.0,0.0,0.0,0.0,0.0,0.0,0.0,0.0,0.0,0.0,0.0,0.0,0.0,0.0,0.0,0.0,0.0,0.0,0.0,0.0,0.0,0.0,0.0,0.0,0.0,0.0,0.0,0.0,0.0,0.0,0.0,0.0,0.0,0.0,0.0,0.0,0.0,0.0,0.0,0.0,0.0,0.0,0.0,0.0,0.0,0.0,0.0,0.0,0.0,0.0,0.0,0.0,0.0,0.0,0.0,0.0,0.0,0.0,0.0,0.0,0.0,0.0,0.0,0.0,0.0,0.0,0.0,0.0,0.0,0.0,0.0,0.0,0.0,0.0,0.0,0.0,0.0,0.0,0.0,0.0,0.0,0.0,0.0,0.0,0.0,0.0,0.0,0.0,0.0,0.0,0.0,0.0,0.0,0.0,0.0,0.0,0.0,0.0,0.0,0.0,0.0,0.0,0.0,0.0,0.0,0.0,0.0,0.0,0.0,0.0,0.0,0.0,0.0,0.0,0.0,0.0,0.0,0.0,0.0,0.0,0.0,0.0,0.0,0.0,0.0
,,,,,,,,,,,,,,,,,,,,,,,,,,,,,,,,,,,,,,,,,,,,,,,,,,,,,,,,,,,,,,,,,,,,,,,,,,,0.0,0.0,0.0,0.0,0.0,0.0,0.0,0.0,0.0,0.0,0.0,0.0,0.0,0.0,0.0,0.0,0.0,0.0,0.0,0.0,0.0,0.0,0.0,0.0,0.0,0.0,0.0,0.0,0.0,0.0,0.0,0.0,0.0,0.0,0.0,0.0,0.0,0.0,0.0,0.0,0.0,0.0,0.0,0.0,0.0,0.0,0.0,0.0,0.0,0.0,0.0,0.0,0.0,0.0,0.0,0.0,0.0,0.0,0.0,0.0,0.0,0.0,0.0,0.0,0.0,0.0,0.0,0.0,0.0,0.0,0.0,0.0,0.0,0.0,0.0,0.0,0.0,0.0,0.0,0.0,0.0,0.0,0.0,0.0,0.0,0.0,0.0,0.0,0.0,0.0,0.0,0.0,0.0,0.0,0.0,0.0,0.0,0.0,0.0,0.0,0.0,0.0,0.0,0.0,0.0,0.0,0.0,0.0,0.0,0.0,0.0,0.0,0.0,0.0,0.0,0.0,0.0,0.0,0.0,0.0,0.0,0.0,0.0,0.0,0.0,0.0,0.0,0.0,0.0,0.0,0.0,0.0,0.0,0.0,0.0,0.0,0.0,0.0,0.0,0.0,0.0,0.0,0.0,0.0,0.0,0.0,0.0,0.0,0.0,0.0,0.0,0.0,0.0,0.0,0.0,0.0,0.0,0.0,0.0,0.0,0.0,0.0,0.0,0.0,0.0,0.0,0.0,0.0,0.0,0.0,0.0,0.0,0.0,0.0,0.0,0.0,0.0,0.0,0.0,0.0,0.0,0.0,0.0,0.0,0.0,0.0,0.0,0.0,0.0,0.0,0.0,0.0,0.0,0.0,0.0,0.0,0.0,0.0,0.0,0.0,0.0,0.0,0.0,0.0,0.0,0.0,0.0,0.0,0.0,0.0,0.0,0.0,0.0,0.0,0.0,0.0,0.0,0.0,0.0,0.0,0.0,0.0,0.0,0.0,0.0
,,,,,,,,,,,,,,,,,,,,,,,,,,,,,,,,,,,,,,,,,,,,,,,,,,,,,,,,,,,,,,,,,,,,,,,,,,,0.0,0.0,0.0,0.0,0.0,0.0,0.0,0.0,0.0,0.0,0.0,0.0,0.0,0.0,0.0,0.0,0.0,0.0,0.0,0.0,0.0,0.0,0.0,0.0,0.0,0.0,0.0,0.0,0.0,0.0,0.0,0.0,0.0,0.0,0.0,0.0,0.0,0.0,0.0,0.0,0.0,0.0,0.0,0.0,0.0,0.0,0.0,0.0,0.0,0.0,0.0,0.0,0.0,0.0,0.0,0.0,0.0,0.0,0.0,0.0,0.0,0.0,0.0,0.0,0.0,0.0,0.0,0.0,0.0,0.0,0.0,0.0,0.0,0.0,0.0,0.0,0.0,0.0,0.0,0.0,0.0,0.0,0.0,0.0,0.0,0.0,0.0,0.0,0.0,0.0,0.0,0.0,0.0,0.0,0.0,0.0,0.0,0.0,0.0,0.0,0.0,0.0,0.0,0.0,0.0,0.0,0.0,0.0,0.0,0.0,0.0,0.0,0.0,0.0,0.0,0.0,0.0,0.0,0.0,0.0,0.0,0.0,0.0,0.0,0.0,0.0,0.0,0.0,0.0,0.0,0.0,0.0,0.0,0.0,0.0,0.0,0.0,0.0,0.0,0.0,0.0,0.0,0.0,0.0,0.0,0.0,0.0,0.0,0.0,0.0,0.0,0.0,0.0,0.0,0.0,0.0,0.0,0.0,0.0,0.0,0.0,0.0,0.0,0.0,0.0,0.0,0.0,0.0,0.0,0.0,0.0,0.0,0.0,0.0,0.0,0.0,0.0,0.0,0.0,0.0,0.0,0.0,0.0,0.0,0.0,0.0,0.0,0.0,0.0,0.0,0.0,0.0,0.0,0.0,0.0,0.0,0.0,0.0,0.0,0.0,0.0,0.0,0.0,0.0,0.0,0.0,0.0,0.0,0.0,0.0,0.0,0.0,0.0,0.0,0.0,0.0,0.0,0.0,0.0,0.0,0.0,0.0,0.0,0.0,0.0
,,,,,,,,,,,,,,,,,,,,,,,,,,,,,,,,,,,,,,,,,,,,,,,,,,,,,,,,,,,,,,,,,,,,,,,,,,,0.0,0.0,0.0,0.0,0.0,0.0,0.0,0.0,0.0,0.0,0.0,0.0,0.0,0.0,0.0,0.0,0.0,0.0,0.0,0.0,0.0,0.0,0.0,0.0,0.0,0.0,0.0,0.0,0.0,0.0,0.0,0.0,0.0,0.0,0.0,0.0,0.0,0.0,0.0,0.0,0.0,0.0,0.0,0.0,0.0,0.0,0.0,0.0,0.0,0.0,0.0,0.0,0.0,0.0,0.0,0.0,0.0,0.0,0.0,0.0,0.0,0.0,0.0,0.0,0.0,0.0,0.0,0.0,0.0,0.0,0.0,0.0,0.0,0.0,0.0,0.0,0.0,0.0,0.0,0.0,0.0,0.0,0.0,0.0,0.0,0.0,0.0,0.0,0.0,0.0,0.0,0.0,0.0,0.0,0.0,0.0,0.0,0.0,0.0,0.0,0.0,0.0,0.0,0.0,0.0,0.0,0.0,0.0,0.0,0.0,0.0,0.0,0.0,0.0,0.0,0.0,0.0,0.0,0.0,0.0,0.0,0.0,0.0,0.0,0.0,0.0,0.0,0.0,0.0,0.0,0.0,0.0,0.0,0.0,0.0,0.0,0.0,0.0,0.0,0.0,0.0,0.0,0.0,0.0,0.0,0.0,0.0,0.0,0.0,0.0,0.0,0.0,0.0,0.0,0.0,0.0,0.0,0.0,0.0,0.0,0.0,0.0,0.0,0.0,0.0,0.0,0.0,0.0,0.0,0.0,0.0,0.0,0.0,0.0,0.0,0.0,0.0,0.0,0.0,0.0,0.0,0.0,0.0,0.0,0.0,0.0,0.0,0.0,0.0,0.0,0.0,0.0,0.0,0.0,0.0,0.0,0.0,0.0,0.0,0.0,0.0,0.0,0.0,0.0,0.0,0.0,0.0,0.0,0.0,0.0,0.0,0.0,0.0,0.0,0.0,0.0,0.0,0.0,0.0,0.0,0.0,0.0,0.0,0.0,0.0
,,,,,,,,,,,,,,,,,,,,,,,,,,,,,,,,,,,,,,,,,,,,,,,,,,,,,,,,,,,,,,,,,,,,,,,,,,,0.0,0.0,0.0,0.0,0.0,0.0,0.0,0.0,0.0,0.0,0.0,0.0,0.0,0.0,0.0,0.0,0.0,0.0,0.0,0.0,0.0,0.0,0.0,0.0,0.0,0.0,0.0,0.0,0.0,0.0,0.0,0.0,0.0,0.0,0.0,0.0,0.0,0.0,0.0,0.0,0.0,0.0,0.0,0.0,0.0,0.0,0.0,0.0,0.0,0.0,0.0,0.0,0.0,0.0,0.0,0.0,0.0,0.0,0.0,0.0,0.0,0.0,0.0,0.0,0.0,0.0,0.0,0.0,0.0,0.0,0.0,0.0,0.0,0.0,0.0,0.0,0.0,0.0,0.0,0.0,0.0,0.0,0.0,0.0,0.0,0.0,0.0,0.0,0.0,0.0,0.0,0.0,0.0,0.0,0.0,0.0,0.0,0.0,0.0,0.0,0.0,0.0,0.0,0.0,0.0,0.0,0.0,0.0,0.0,0.0,0.0,0.0,0.0,0.0,0.0,0.0,0.0,0.0,0.0,0.0,0.0,0.0,0.0,0.0,0.0,0.0,0.0,0.0,0.0,0.0,0.0,0.0,0.0,0.0,0.0,0.0,0.0,0.0,0.0,0.0,0.0,0.0,0.0,0.0,0.0,0.0,0.0,0.0,0.0,0.0,0.0,0.0,0.0,0.0,0.0,0.0,0.0,0.0,0.0,0.0,0.0,0.0,0.0,0.0,0.0,0.0,0.0,0.0,0.0,0.0,0.0,0.0,0.0,0.0,0.0,0.0,0.0,0.0,0.0,0.0,0.0,0.0,0.0,0.0,0.0,0.0,0.0,0.0,0.0,0.0,0.0,0.0,0.0,0.0,0.0,0.0,0.0,0.0,0.0,0.0,0.0,0.0,0.0,0.0,0.0,0.0,0.0,0.0,0.0,0.0,0.0,0.0,0.0,0.0,0.0,0.0,0.0,0.0,0.0,0.0,0.0,0.0,0.0,0.0,0.0
,,,,,,,,,,,,,,,,,,,,,,,,,,,,,,,,,,,,,,,,,,,,,,,,,,,,,,,,,,,,,,,,,,,,,,,,,,,0.0,0.0,0.0,0.0,0.0,0.0,0.0,0.0,0.0,0.0,0.0,0.0,0.0,0.0,0.0,0.0,0.0,0.0,0.0,0.0,0.0,0.0,0.0,0.0,0.0,0.0,0.0,0.0,0.0,0.0,0.0,0.0,0.0,0.0,0.0,0.0,0.0,0.0,0.0,0.0,0.0,0.0,0.0,0.0,0.0,0.0,0.0,0.0,0.0,0.0,0.0,0.0,0.0,0.0,0.0,0.0,0.0,0.0,0.0,0.0,0.0,0.0,0.0,0.0,0.0,0.0,0.0,0.0,0.0,0.0,0.0,0.0,0.0,0.0,0.0,0.0,0.0,0.0,0.0,0.0,0.0,0.0,0.0,0.0,0.0,0.0,0.0,0.0,0.0,0.0,0.0,0.0,0.0,0.0,0.0,0.0,0.0,0.0,0.0,0.0,0.0,0.0,0.0,0.0,0.0,0.0,0.0,0.0,0.0,0.0,0.0,0.0,0.0,0.01,0.07,0.15,0.07,0.01,0.0,0.0,0.0,0.0,0.0,0.0,0.0,0.0,0.0,0.0,0.0,0.0,0.0,0.0,0.0,0.01,0.07,0.15,0.07,0.01,0.0,0.0,0.0,0.0,0.0,0.0,0.0,0.0,0.0,0.0,0.0,0.0,0.0,0.0,0.0,0.0,0.0,0.0,0.0,0.0,0.0,0.0,0.0,0.0,0.0,0.0,0.0,0.0,0.0,0.0,0.0,0.0,0.0,0.0,0.0,0.0,0.0,0.0,0.0,0.0,0.0,0.0,0.0,0.0,0.0,0.0,0.0,0.0,0.0,0.0,0.0,0.0,0.0,0.0,0.0,0.0,0.0,0.0,0.0,0.0,0.0,0.0,0.0,0.0,0.0,0.0,0.0,0.0,0.0,0.0,0.01,0.07,0.15,0.07,0.01,0.0,0.0,0.0,0.0,0.0,0.01,0.07,0.15,0.07,0.01,0.0,0.0
,,,,,,,,,,,,,,,,,,,,,,,,,,,,,,,,,,,,,,,,,,,,,,,,,,,,,,,,,,,,,,,,,,,,,,,,,,,0.0,0.0,0.0,0.0,0.0,0.0,0.0,0.0,0.0,0.0,0.0,0.0,0.0,0.0,0.0,0.0,0.0,0.0,0.0,0.0,0.0,0.0,0.0,0.0,0.0,0.0,0.0,0.0,0.0,0.0,0.0,0.0,0.0,0.0,0.0,0.0,0.0,0.0,0.0,0.0,0.0,0.0,0.0,0.0,0.0,0.0,0.0,0.0,0.0,0.0,0.0,0.0,0.0,0.0,0.0,0.0,0.0,0.0,0.0,0.0,0.0,0.0,0.0,0.0,0.0,0.0,0.0,0.0,0.0,0.0,0.0,0.0,0.0,0.0,0.0,0.0,0.0,0.0,0.0,0.0,0.0,0.0,0.0,0.0,0.0,0.0,0.0,0.0,0.0,0.0,0.0,0.0,0.0,0.0,0.0,0.0,0.0,0.0,0.0,0.0,0.0,0.0,0.0,0.0,0.0,0.0,0.0,0.0,0.0,0.0,0.0,0.0,0.01,0.32,2.73,5.61,2.73,0.32,0.01,0.0,0.0,0.0,0.0,0.0,0.0,0.0,0.0,0.0,0.0,0.0,0.0,0.0,0.01,0.32,2.73,5.61,2.73,0.32,0.01,0.0,0.0,0.0,0.0,0.0,0.0,0.0,0.0,0.0,0.0,0.0,0.0,0.0,0.0,0.0,0.0,0.0,0.0,0.0,0.0,0.0,0.0,0.0,0.0,0.0,0.0,0.0,0.0,0.0,0.0,0.0,0.0,0.0,0.0,0.0,0.0,0.0,0.0,0.0,0.0,0.0,0.0,0.0,0.0,0.0,0.0,0.0,0.0,0.0,0.0,0.0,0.0,0.0,0.0,0.0,0.0,0.0,0.0,0.0,0.0,0.0,0.0,0.0,0.0,0.0,0.0,0.0,0.0,0.01,0.32,2.73,5.61,2.73,0.32,0.01,0.0,0.0,0.0,0.01,0.32,2.73,5.61,2.73,0.32,0.01,0.0
,,,,,,,,,,,,,,,,,,,,,,,,,,,,,,,,,,,,,,,,,,,,,,,,,,,,,,,,,,,,,,,,,,,,,,,,,,,0.0,0.0,0.0,0.0,0.0,0.0,0.0,0.0,0.0,0.0,0.0,0.0,0.0,0.0,0.0,0.0,0.0,0.0,0.0,0.0,0.0,0.0,0.0,0.0,0.0,0.0,0.0,0.0,0.0,0.0,0.0,0.0,0.0,0.0,0.0,0.0,0.0,0.0,0.0,0.0,0.0,0.0,0.0,0.0,0.0,0.0,0.0,0.0,0.0,0.0,0.0,0.0,0.0,0.0,0.0,0.0,0.0,0.0,0.0,0.0,0.0,0.0,0.0,0.0,0.0,0.0,0.0,0.0,0.0,0.0,0.0,0.0,0.0,0.0,0.0,0.0,0.0,0.0,0.0,0.0,0.0,0.0,0.0,0.0,0.0,0.0,0.0,0.0,0.0,0.0,0.0,0.0,0.0,0.0,0.0,0.0,0.0,0.0,0.0,0.0,0.0,0.0,0.0,0.0,0.0,0.0,0.0,0.0,0.0,0.0,0.0,0.0,0.07,2.73,23.69,48.68,23.69,2.73,0.07,0.0,0.0,0.0,0.0,0.0,0.0,0.0,0.0,0.0,0.0,0.0,0.0,0.0,0.07,2.73,23.69,48.68,23.69,2.73,0.07,0.0,0.0,0.0,0.0,0.0,0.0,0.0,0.0,0.0,0.0,0.0,0.0,0.0,0.0,0.0,0.0,0.0,0.0,0.0,0.0,0.0,0.0,0.0,0.0,0.0,0.0,0.0,0.0,0.0,0.0,0.0,0.0,0.0,0.0,0.0,0.0,0.0,0.0,0.0,0.0,0.0,0.0,0.0,0.0,0.0,0.0,0.0,0.0,0.0,0.0,0.0,0.0,0.0,0.0,0.0,0.0,0.0,0.0,0.0,0.0,0.0,0.0,0.0,0.0,0.0,0.0,0.0,0.0,0.07,2.73,23.69,48.68,23.69,2.73,0.07,0.0,0.0,0.0,0.07,2.73,23.69,48.68,23.69,2.73,0.07,0.0
,,,,,,,,,,,,,,,,,,,,,,,,,,,,,,,,,,,,,,,,,,,,,,,,,,,,,,,,,,,,,,,,,,,,,,,,,,,0.0,0.0,0.0,0.0,0.0,0.0,0.0,0.0,0.0,0.0,0.0,0.0,0.0,0.0,0.0,0.0,0.0,0.0,0.0,0.0,0.0,0.0,0.0,0.0,0.0,0.0,0.0,0.0,0.0,0.0,0.0,0.0,0.0,0.0,0.0,0.0,0.0,0.0,0.0,0.0,0.0,0.0,0.0,0.0,0.0,0.0,0.0,0.0,0.0,0.0,0.0,0.0,0.0,0.0,0.0,0.0,0.0,0.0,0.0,0.0,0.0,0.0,0.0,0.0,0.0,0.0,0.0,0.0,0.0,0.0,0.0,0.0,0.0,0.0,0.0,0.0,0.0,0.0,0.0,0.0,0.0,0.0,0.0,0.0,0.0,0.0,0.0,0.0,0.0,0.0,0.0,0.0,0.0,0.0,0.0,0.0,0.0,0.0,0.0,0.0,0.0,0.0,0.0,0.0,0.0,0.0,0.0,0.0,0.0,0.0,0.0,0.0,0.15,5.61,48.68,100.0,48.68,5.61,0.15,0.0,0.0,0.0,0.0,0.0,0.0,0.0,0.0,0.0,0.0,0.0,0.0,0.0,0.15,5.61,48.68,100.0,48.68,5.61,0.15,0.0,0.0,0.0,0.0,0.0,0.0,0.0,0.0,0.0,0.0,0.0,0.0,0.0,0.0,0.0,0.0,0.0,0.0,0.0,0.0,0.0,0.0,0.0,0.0,0.0,0.0,0.0,0.0,0.0,0.0,0.0,0.0,0.0,0.0,0.0,0.0,0.0,0.0,0.0,0.0,0.0,0.0,0.0,0.0,0.0,0.0,0.0,0.0,0.0,0.0,0.0,0.0,0.0,0.0,0.0,0.0,0.0,0.0,0.0,0.0,0.0,0.0,0.0,0.0,0.0,0.0,0.0,0.0,0.15,5.61,48.68,100.0,48.68,5.61,0.15,0.0,0.0,0.0,0.15,5.61,48.68,100.0,48.68,5.61,0.15,0.0
,,,,,,,,,,,,,,,,,,,,,,,,,,,,,,,,,,,,,,,,,,,,,,,,,,,,,,,,,,,,,,,,,,,,,,,,,,,0.0,0.0,0.0,0.0,0.0,0.0,0.0,0.0,0.0,0.0,0.0,0.0,0.0,0.0,0.0,0.0,0.0,0.0,0.0,0.0,0.0,0.0,0.0,0.0,0.0,0.0,0.0,0.0,0.0,0.0,0.0,0.0,0.0,0.0,0.0,0.0,0.0,0.0,0.0,0.0,0.0,0.0,0.0,0.0,0.0,0.0,0.0,0.0,0.0,0.0,0.0,0.0,0.0,0.0,0.0,0.0,0.0,0.0,0.0,0.0,0.0,0.0,0.0,0.0,0.0,0.0,0.0,0.0,0.0,0.0,0.0,0.0,0.0,0.0,0.0,0.0,0.0,0.0,0.0,0.0,0.0,0.0,0.0,0.0,0.0,0.0,0.0,0.0,0.0,0.0,0.0,0.0,0.0,0.0,0.0,0.0,0.0,0.0,0.0,0.0,0.0,0.0,0.0,0.0,0.0,0.0,0.0,0.0,0.0,0.0,0.0,0.0,0.07,2.73,23.69,48.68,23.69,2.73,0.07,0.0,0.0,0.0,0.0,0.0,0.0,0.0,0.0,0.0,0.0,0.0,0.0,0.0,0.07,2.73,23.69,48.68,23.69,2.73,0.07,0.0,0.0,0.0,0.0,0.0,0.0,0.0,0.0,0.0,0.0,0.0,0.0,0.0,0.0,0.0,0.0,0.0,0.0,0.0,0.0,0.0,0.0,0.0,0.0,0.0,0.0,0.0,0.0,0.0,0.0,0.0,0.0,0.0,0.0,0.0,0.0,0.0,0.0,0.0,0.0,0.0,0.0,0.0,0.0,0.0,0.0,0.0,0.0,0.0,0.0,0.0,0.0,0.0,0.0,0.0,0.0,0.0,0.0,0.0,0.0,0.0,0.0,0.0,0.0,0.0,0.0,0.0,0.0,0.07,2.73,23.69,48.68,23.69,2.73,0.07,0.0,0.0,0.0,0.07,2.73,23.69,48.68,23.69,2.73,0.07,0.0
,,,,,,,,,,,,,,,,,,,,,,,,,,,,,,,,,,,,,,,,,,,,,,,,,,,,,,,,,,,,,,,,,,,,,,,,,,,0.0,0.0,0.0,0.0,0.0,0.0,0.0,0.0,0.0,0.0,0.0,0.0,0.0,0.0,0.0,0.0,0.0,0.0,0.0,0.0,0.0,0.0,0.0,0.0,0.0,0.0,0.0,0.0,0.0,0.0,0.0,0.0,0.0,0.0,0.0,0.0,0.0,0.0,0.0,0.0,0.0,0.0,0.0,0.0,0.0,0.0,0.0,0.0,0.0,0.0,0.0,0.0,0.0,0.0,0.0,0.0,0.0,0.0,0.0,0.0,0.0,0.0,0.0,0.0,0.0,0.0,0.0,0.0,0.0,0.0,0.0,0.0,0.0,0.0,0.0,0.0,0.0,0.0,0.0,0.0,0.0,0.0,0.0,0.0,0.0,0.0,0.0,0.0,0.0,0.0,0.0,0.0,0.0,0.0,0.0,0.0,0.0,0.0,0.0,0.0,0.0,0.0,0.0,0.0,0.0,0.0,0.0,0.0,0.0,0.0,0.0,0.0,0.01,0.32,2.73,5.61,2.73,0.32,0.01,0.0,0.0,0.0,0.0,0.0,0.0,0.0,0.0,0.0,0.0,0.0,0.0,0.0,0.01,0.32,2.73,5.61,2.73,0.32,0.01,0.0,0.0,0.0,0.0,0.0,0.0,0.0,0.0,0.0,0.0,0.0,0.0,0.0,0.0,0.0,0.0,0.0,0.0,0.0,0.0,0.0,0.0,0.0,0.0,0.0,0.0,0.0,0.0,0.0,0.0,0.0,0.0,0.0,0.0,0.0,0.0,0.0,0.0,0.0,0.0,0.0,0.0,0.0,0.0,0.0,0.0,0.0,0.0,0.0,0.0,0.0,0.0,0.0,0.0,0.0,0.0,0.0,0.0,0.0,0.0,0.0,0.0,0.0,0.0,0.0,0.0,0.0,0.0,0.01,0.32,2.73,5.61,2.73,0.32,0.01,0.0,0.0,0.0,0.01,0.32,2.73,5.61,2.73,0.32,0.01,0.0
,,,,,,,,,,,,,,,,,,,,,,,,,,,,,,,,,,,,,,,,,,,,,,,,,,,,,,,,,,,,,,,,,,,,,,,,,,,0.0,0.0,0.0,0.0,0.0,0.0,0.0,0.0,0.0,0.0,0.0,0.0,0.0,0.0,0.0,0.0,0.0,0.0,0.0,0.0,0.0,0.0,0.0,0.0,0.0,0.0,0.0,0.0,0.0,0.0,0.0,0.0,0.0,0.0,0.0,0.0,0.0,0.0,0.0,0.0,0.0,0.0,0.0,0.0,0.0,0.0,0.0,0.0,0.0,0.0,0.0,0.0,0.0,0.0,0.0,0.0,0.0,0.0,0.0,0.0,0.0,0.0,0.0,0.0,0.0,0.0,0.0,0.0,0.0,0.0,0.0,0.0,0.0,0.0,0.0,0.0,0.0,0.0,0.0,0.0,0.0,0.0,0.0,0.0,0.0,0.0,0.0,0.0,0.0,0.0,0.0,0.0,0.0,0.0,0.0,0.0,0.0,0.0,0.0,0.0,0.0,0.0,0.0,0.0,0.0,0.0,0.0,0.0,0.0,0.0,0.0,0.0,0.0,0.01,0.07,0.15,0.07,0.01,0.0,0.0,0.0,0.0,0.0,0.0,0.0,0.0,0.0,0.0,0.0,0.0,0.0,0.0,0.0,0.01,0.07,0.15,0.07,0.01,0.0,0.0,0.0,0.0,0.0,0.0,0.0,0.0,0.0,0.0,0.0,0.0,0.0,0.0,0.0,0.0,0.0,0.0,0.0,0.0,0.0,0.0,0.0,0.0,0.0,0.0,0.0,0.0,0.0,0.0,0.0,0.0,0.0,0.0,0.0,0.0,0.0,0.0,0.0,0.0,0.0,0.0,0.0,0.0,0.0,0.0,0.0,0.0,0.0,0.0,0.0,0.0,0.0,0.0,0.0,0.0,0.0,0.0,0.0,0.0,0.0,0.0,0.0,0.0,0.0,0.0,0.0,0.0,0.0,0.0,0.01,0.07,0.15,0.07,0.01,0.0,0.0,0.0,0.0,0.0,0.01,0.07,0.15,0.07,0.01,0.0,0.0
,,,,,,,,,,,,,,,,,,,,,,,,,,,,,,,,,,,,,,,,,,,,,,,,,,,,,,,,,,,,,,,,,,,,,,,,,,,0.0,0.0,0.0,0.0,0.0,0.0,0.0,0.0,0.0,0.0,0.0,0.0,0.0,0.0,0.0,0.0,0.0,0.0,0.0,0.0,0.0,0.0,0.0,0.0,0.0,0.0,0.0,0.0,0.0,0.0,0.0,0.0,0.0,0.0,0.0,0.0,0.0,0.0,0.0,0.0,0.0,0.0,0.0,0.0,0.0,0.0,0.0,0.0,0.0,0.0,0.0,0.0,0.0,0.0,0.0,0.0,0.0,0.0,0.0,0.0,0.0,0.0,0.0,0.0,0.0,0.0,0.0,0.0,0.0,0.0,0.0,0.0,0.0,0.0,0.0,0.0,0.0,0.0,0.0,0.0,0.0,0.0,0.0,0.0,0.0,0.0,0.0,0.0,0.0,0.0,0.0,0.0,0.0,0.0,0.0,0.0,0.0,0.0,0.0,0.0,0.0,0.0,0.0,0.0,0.0,0.0,0.0,0.0,0.0,0.0,0.0,0.0,0.0,0.0,0.0,0.0,0.0,0.0,0.0,0.0,0.0,0.0,0.0,0.0,0.0,0.0,0.0,0.0,0.0,0.0,0.0,0.0,0.0,0.0,0.0,0.0,0.0,0.0,0.0,0.0,0.0,0.0,0.0,0.0,0.0,0.0,0.0,0.0,0.0,0.0,0.0,0.0,0.0,0.0,0.0,0.0,0.0,0.0,0.0,0.0,0.0,0.0,0.0,0.0,0.0,0.0,0.0,0.0,0.0,0.0,0.0,0.0,0.0,0.0,0.0,0.0,0.0,0.0,0.0,0.0,0.0,0.0,0.0,0.0,0.0,0.0,0.0,0.0,0.0,0.0,0.0,0.0,0.0,0.0,0.0,0.0,0.0,0.0,0.0,0.0,0.0,0.0,0.0,0.0,0.0,0.0,0.0,0.0,0.0,0.0,0.0,0.0,0.0,0.0,0.0,0.0,0.0,0.0,0.0,0.0,0.0,0.0,0.0,0.0,0.0
,,,,,,,,,,,,,,,,,,,,,,,,,,,,,,,,,,,,,,,,,,,,,,,,,,,,,,,,,,,,,,,,,,,,,,,,,,,0.0,0.0,0.0,0.0,0.0,0.0,0.0,0.0,0.0,0.0,0.0,0.0,0.0,0.0,0.0,0.0,0.0,0.0,0.0,0.0,0.0,0.0,0.0,0.0,0.0,0.0,0.0,0.0,0.0,0.0,0.0,0.0,0.0,0.0,0.0,0.0,0.0,0.0,0.0,0.0,0.0,0.0,0.0,0.0,0.0,0.0,0.0,0.0,0.0,0.0,0.0,0.0,0.0,0.0,0.0,0.0,0.0,0.0,0.0,0.0,0.0,0.0,0.0,0.0,0.0,0.0,0.0,0.0,0.0,0.0,0.0,0.0,0.0,0.0,0.0,0.0,0.0,0.0,0.0,0.0,0.0,0.0,0.0,0.0,0.0,0.0,0.0,0.0,0.0,0.0,0.0,0.0,0.0,0.0,0.0,0.0,0.0,0.0,0.0,0.0,0.0,0.0,0.0,0.0,0.0,0.0,0.0,0.0,0.0,0.0,0.0,0.0,0.0,0.0,0.0,0.0,0.0,0.0,0.0,0.0,0.0,0.0,0.0,0.0,0.0,0.0,0.0,0.0,0.0,0.0,0.0,0.0,0.0,0.0,0.0,0.0,0.0,0.0,0.0,0.0,0.0,0.0,0.0,0.0,0.0,0.0,0.0,0.0,0.0,0.0,0.0,0.0,0.0,0.0,0.0,0.0,0.0,0.0,0.0,0.0,0.0,0.0,0.0,0.0,0.0,0.0,0.0,0.0,0.0,0.0,0.0,0.0,0.0,0.0,0.0,0.0,0.0,0.0,0.0,0.0,0.0,0.0,0.0,0.0,0.0,0.0,0.0,0.0,0.0,0.0,0.0,0.0,0.0,0.0,0.0,0.0,0.0,0.0,0.0,0.0,0.0,0.0,0.0,0.0,0.0,0.0,0.0,0.0,0.0,0.0,0.0,0.0,0.0,0.0,0.0,0.0,0.0,0.0,0.0,0.0,0.0,0.0,0.0,0.0,0.0
,,,,,,,,,,,,,,,,,,,,,,,,,,,,,,,,,,,,,,,,,,,,,,,,,,,,,,,,,,,,,,,,,,,,,,,,,,,0.0,0.0,0.0,0.0,0.0,0.0,0.0,0.0,0.0,0.0,0.0,0.0,0.0,0.0,0.0,0.0,0.0,0.0,0.0,0.0,0.0,0.0,0.0,0.0,0.0,0.0,0.0,0.0,0.0,0.0,0.0,0.0,0.0,0.0,0.0,0.0,0.0,0.0,0.0,0.0,0.0,0.0,0.0,0.0,0.0,0.0,0.0,0.0,0.0,0.0,0.0,0.0,0.0,0.0,0.0,0.0,0.0,0.0,0.0,0.0,0.0,0.0,0.0,0.0,0.0,0.0,0.0,0.0,0.0,0.0,0.0,0.0,0.0,0.0,0.0,0.0,0.0,0.0,0.0,0.0,0.0,0.0,0.0,0.0,0.0,0.0,0.0,0.0,0.0,0.0,0.0,0.0,0.0,0.0,0.0,0.0,0.0,0.0,0.0,0.0,0.0,0.0,0.0,0.0,0.0,0.0,0.0,0.0,0.0,0.0,0.0,0.0,0.0,0.0,0.0,0.0,0.0,0.0,0.0,0.0,0.0,0.0,0.0,0.0,0.0,0.0,0.0,0.0,0.0,0.0,0.0,0.0,0.0,0.0,0.0,0.0,0.0,0.0,0.0,0.0,0.0,0.0,0.0,0.0,0.0,0.0,0.0,0.0,0.0,0.0,0.0,0.0,0.0,0.0,0.0,0.0,0.0,0.0,0.0,0.0,0.0,0.0,0.0,0.0,0.0,0.0,0.0,0.0,0.0,0.0,0.0,0.0,0.0,0.0,0.0,0.0,0.0,0.0,0.0,0.0,0.0,0.0,0.0,0.0,0.0,0.0,0.0,0.0,0.0,0.0,0.0,0.0,0.0,0.0,0.0,0.0,0.0,0.0,0.0,0.0,0.0,0.0,0.0,0.0,0.0,0.0,0.0,0.0,0.0,0.0,0.0,0.0,0.0,0.0,0.0,0.0,0.0,0.0,0.0,0.0,0.0,0.0,0.0,0.0,0.0
,,,,,,,,,,,,,,,,,,,,,,,,,,,,,,,,,,,,,,,,,,,,,,,,,,,,,,,,,,,,,,,,,,,,,,,,,,,0.0,0.0,0.0,0.0,0.0,0.0,0.0,0.0,0.0,0.0,0.0,0.0,0.0,0.0,0.0,0.0,0.0,0.0,0.0,0.0,0.0,0.0,0.0,0.0,0.0,0.0,0.0,0.0,0.0,0.0,0.0,0.0,0.0,0.0,0.0,0.0,0.0,0.0,0.0,0.0,0.0,0.0,0.0,0.0,0.0,0.0,0.0,0.0,0.0,0.0,0.0,0.0,0.0,0.0,0.0,0.0,0.0,0.0,0.0,0.0,0.0,0.0,0.0,0.0,0.0,0.0,0.0,0.0,0.0,0.0,0.0,0.0,0.0,0.0,0.0,0.0,0.0,0.0,0.0,0.0,0.0,0.0,0.0,0.0,0.0,0.0,0.0,0.0,0.0,0.0,0.0,0.0,0.0,0.0,0.0,0.0,0.0,0.0,0.0,0.0,0.0,0.0,0.0,0.0,0.0,0.0,0.0,0.0,0.0,0.0,0.0,0.0,0.0,0.0,0.0,0.0,0.0,0.0,0.0,0.0,0.0,0.0,0.0,0.0,0.0,0.0,0.0,0.0,0.0,0.0,0.0,0.0,0.0,0.0,0.0,0.0,0.0,0.0,0.0,0.0,0.0,0.0,0.0,0.0,0.0,0.0,0.0,0.0,0.0,0.0,0.0,0.0,0.0,0.0,0.0,0.0,0.0,0.0,0.0,0.0,0.0,0.0,0.0,0.0,0.0,0.0,0.0,0.0,0.0,0.0,0.0,0.0,0.0,0.0,0.0,0.0,0.0,0.0,0.0,0.0,0.0,0.0,0.0,0.0,0.0,0.0,0.0,0.0,0.0,0.0,0.0,0.0,0.0,0.0,0.0,0.0,0.0,0.0,0.0,0.0,0.0,0.0,0.0,0.0,0.0,0.0,0.0,0.0,0.0,0.0,0.0,0.0,0.0,0.0,0.0,0.0,0.0,0.0,0.0,0.0,0.0,0.0,0.0,0.0,0.0
,,,,,,,,,,,,,,,,,,,,,,,,,,,,,,,,,,,,,,,,,,,,,,,,,,,,,,,,,,,,,,,,,,,,,,,,,,,0.0,0.0,0.0,0.0,0.0,0.0,0.0,0.0,0.0,0.0,0.0,0.0,0.0,0.0,0.0,0.0,0.0,0.0,0.0,0.0,0.0,0.0,0.0,0.0,0.0,0.0,0.0,0.0,0.0,0.0,0.0,0.0,0.0,0.0,0.0,0.0,0.0,0.0,0.0,0.0,0.0,0.0,0.0,0.0,0.0,0.0,0.0,0.0,0.0,0.0,0.0,0.0,0.0,0.0,0.0,0.0,0.0,0.0,0.0,0.0,0.0,0.0,0.0,0.0,0.0,0.0,0.0,0.0,0.0,0.0,0.0,0.0,0.0,0.0,0.0,0.0,0.0,0.0,0.0,0.0,0.0,0.0,0.0,0.0,0.0,0.0,0.0,0.0,0.0,0.0,0.0,0.0,0.0,0.0,0.0,0.0,0.0,0.0,0.0,0.0,0.0,0.0,0.0,0.0,0.0,0.0,0.0,0.0,0.0,0.0,0.0,0.0,0.0,0.0,0.0,0.0,0.0,0.0,0.0,0.0,0.0,0.0,0.0,0.0,0.0,0.0,0.0,0.0,0.0,0.0,0.0,0.0,0.0,0.0,0.0,0.0,0.0,0.0,0.0,0.0,0.0,0.0,0.0,0.0,0.0,0.0,0.0,0.0,0.0,0.0,0.0,0.0,0.0,0.0,0.0,0.0,0.0,0.0,0.0,0.0,0.0,0.0,0.0,0.0,0.0,0.0,0.0,0.0,0.0,0.0,0.0,0.0,0.0,0.0,0.0,0.0,0.0,0.0,0.0,0.0,0.0,0.0,0.0,0.0,0.0,0.0,0.0,0.0,0.0,0.0,0.0,0.0,0.0,0.0,0.0,0.0,0.0,0.0,0.0,0.0,0.0,0.0,0.0,0.0,0.0,0.0,0.0,0.0,0.0,0.0,0.0,0.0,0.0,0.0,0.0,0.0,0.0,0.0,0.0,0.0,0.0,0.0,0.0,0.0,0.0
,,,,,,,,,,,,,,,,,,,,,,,,,,,,,,,,,,,,,,,,,,,,,,,,,,,,,,,,,,,,,,,,,,,,,,,,,,,0.0,0.0,0.0,0.0,0.0,0.0,0.0,0.0,0.0,0.0,0.0,0.0,0.0,0.0,0.0,0.0,0.0,0.0,0.0,0.0,0.0,0.0,0.0,0.0,0.0,0.0,0.0,0.0,0.0,0.0,0.0,0.0,0.0,0.0,0.0,0.0,0.0,0.0,0.0,0.0,0.0,0.0,0.0,0.0,0.0,0.0,0.0,0.0,0.0,0.0,0.0,0.0,0.0,0.0,0.0,0.0,0.0,0.0,0.0,0.0,0.0,0.0,0.0,0.0,0.0,0.0,0.0,0.0,0.0,0.0,0.0,0.0,0.0,0.0,0.0,0.0,0.0,0.0,0.0,0.0,0.0,0.0,0.0,0.0,0.0,0.0,0.0,0.0,0.0,0.0,0.0,0.0,0.0,0.0,0.0,0.0,0.0,0.0,0.0,0.0,0.0,0.0,0.0,0.0,0.0,0.0,0.0,0.0,0.0,0.0,0.0,0.0,0.0,0.0,0.0,0.0,0.0,0.0,0.0,0.0,0.0,0.0,0.0,0.0,0.0,0.0,0.0,0.0,0.0,0.0,0.0,0.0,0.0,0.0,0.0,0.0,0.0,0.0,0.0,0.0,0.0,0.0,0.0,0.0,0.0,0.0,0.0,0.0,0.0,0.0,0.0,0.0,0.0,0.0,0.0,0.0,0.0,0.0,0.0,0.0,0.0,0.0,0.0,0.0,0.0,0.0,0.0,0.0,0.0,0.0,0.0,0.0,0.0,0.0,0.0,0.0,0.0,0.0,0.0,0.0,0.0,0.0,0.0,0.0,0.0,0.0,0.0,0.0,0.0,0.0,0.0,0.0,0.0,0.0,0.0,0.0,0.0,0.0,0.0,0.0,0.0,0.0,0.0,0.0,0.0,0.0,0.0,0.0,0.0,0.0,0.0,0.0,0.0,0.0,0.0,0.0,0.0,0.0,0.0,0.0,0.0,0.0,0.0,0.0,0.0
,,,,,,,,,,,,,,,,,,,,,,,,,,,,,,,,,,,,,,,,,,,,,,,,,,,,,,,,,,,,,,,,,,,,,,,,,,,0.0,0.0,0.0,0.0,0.0,0.0,0.0,0.0,0.0,0.0,0.0,0.0,0.0,0.0,0.0,0.0,0.0,0.0,0.0,0.0,0.0,0.0,0.0,0.0,0.0,0.0,0.0,0.0,0.0,0.0,0.0,0.0,0.0,0.0,0.0,0.0,0.0,0.0,0.0,0.0,0.0,0.0,0.0,0.0,0.0,0.0,0.0,0.0,0.0,0.0,0.0,0.0,0.0,0.0,0.0,0.0,0.0,0.0,0.0,0.0,0.0,0.0,0.0,0.0,0.0,0.0,0.0,0.0,0.0,0.0,0.0,0.0,0.0,0.0,0.0,0.0,0.0,0.0,0.0,0.0,0.0,0.0,0.0,0.0,0.0,0.0,0.0,0.0,0.0,0.0,0.0,0.0,0.0,0.0,0.0,0.0,0.0,0.0,0.0,0.0,0.0,0.0,0.0,0.0,0.0,0.0,0.0,0.0,0.0,0.0,0.0,0.0,0.0,0.0,0.0,0.0,0.0,0.0,0.0,0.0,0.0,0.0,0.0,0.0,0.0,0.0,0.0,0.0,0.0,0.0,0.0,0.0,0.0,0.0,0.0,0.0,0.0,0.0,0.0,0.0,0.0,0.0,0.0,0.0,0.0,0.0,0.0,0.0,0.0,0.0,0.0,0.0,0.0,0.0,0.0,0.0,0.0,0.0,0.0,0.0,0.0,0.0,0.0,0.0,0.0,0.0,0.0,0.0,0.0,0.0,0.0,0.0,0.0,0.0,0.0,0.0,0.0,0.0,0.0,0.0,0.0,0.0,0.0,0.0,0.0,0.0,0.0,0.0,0.0,0.0,0.0,0.0,0.0,0.0,0.0,0.0,0.0,0.0,0.0,0.0,0.0,0.0,0.0,0.0,0.0,0.0,0.0,0.0,0.0,0.0,0.0,0.0,0.0,0.0,0.0,0.0,0.0,0.0,0.0,0.0,0.0,0.0,0.0,0.0,0.0
,,,,,,,,,,,,,,,,,,,,,,,,,,,,,,,,,,,,,,,,,,,,,,,,,,,,,,,,,,,,,,,,,,,,,,,,,,,0.0,0.0,0.0,0.0,0.0,0.0,0.0,0.0,0.0,0.0,0.0,0.0,0.0,0.0,0.0,0.0,0.0,0.0,0.0,0.0,0.0,0.0,0.0,0.0,0.0,0.0,0.0,0.0,0.0,0.0,0.0,0.0,0.0,0.0,0.0,0.0,0.0,0.0,0.0,0.0,0.0,0.0,0.0,0.0,0.0,0.0,0.0,0.0,0.0,0.0,0.0,0.0,0.0,0.0,0.0,0.0,0.0,0.0,0.0,0.0,0.0,0.0,0.0,0.0,0.0,0.0,0.0,0.0,0.0,0.0,0.0,0.0,0.0,0.0,0.0,0.0,0.0,0.0,0.0,0.0,0.0,0.0,0.0,0.0,0.0,0.0,0.0,0.0,0.0,0.0,0.0,0.0,0.0,0.0,0.0,0.0,0.0,0.0,0.0,0.0,0.0,0.0,0.0,0.0,0.0,0.0,0.0,0.0,0.0,0.0,0.0,0.0,0.0,0.0,0.0,0.0,0.0,0.0,0.0,0.0,0.0,0.0,0.0,0.0,0.0,0.0,0.0,0.0,0.0,0.0,0.0,0.0,0.0,0.0,0.0,0.0,0.0,0.0,0.0,0.0,0.0,0.0,0.0,0.0,0.0,0.0,0.0,0.0,0.0,0.0,0.0,0.0,0.0,0.0,0.0,0.0,0.0,0.0,0.0,0.0,0.0,0.0,0.0,0.0,0.0,0.0,0.0,0.0,0.0,0.0,0.0,0.0,0.0,0.0,0.0,0.0,0.0,0.0,0.0,0.0,0.0,0.0,0.0,0.0,0.0,0.0,0.0,0.0,0.0,0.0,0.0,0.0,0.0,0.0,0.0,0.0,0.0,0.0,0.0,0.0,0.0,0.0,0.0,0.0,0.0,0.0,0.0,0.0,0.0,0.0,0.0,0.0,0.0,0.0,0.0,0.0,0.0,0.0,0.0,0.0,0.0,0.0,0.0,0.0,0.0
,,,,,,,,,,,,,,,,,,,,,,,,,,,,,,,,,,,,,,,,,,,,,,,,,,,,,,,,,,,,,,,,,,,,,,,,,,,0.0,0.0,0.0,0.0,0.0,0.0,0.0,0.0,0.0,0.0,0.0,0.0,0.0,0.0,0.0,0.0,0.0,0.0,0.0,0.0,0.0,0.0,0.0,0.0,0.0,0.0,0.0,0.0,0.0,0.0,0.0,0.0,0.0,0.0,0.0,0.0,0.0,0.0,0.0,0.0,0.0,0.0,0.0,0.0,0.0,0.0,0.0,0.0,0.0,0.0,0.0,0.0,0.0,0.0,0.0,0.0,0.0,0.0,0.0,0.0,0.0,0.0,0.0,0.0,0.0,0.0,0.0,0.0,0.0,0.0,0.0,0.0,0.0,0.0,0.0,0.0,0.0,0.0,0.0,0.0,0.0,0.0,0.0,0.0,0.0,0.0,0.0,0.0,0.0,0.0,0.0,0.0,0.0,0.0,0.0,0.0,0.0,0.0,0.0,0.0,0.0,0.0,0.0,0.0,0.0,0.0,0.0,0.0,0.0,0.0,0.0,0.0,0.0,0.0,0.0,0.0,0.0,0.0,0.0,0.0,0.0,0.0,0.0,0.0,0.0,0.0,0.0,0.0,0.0,0.0,0.0,0.0,0.0,0.0,0.0,0.0,0.0,0.0,0.0,0.0,0.0,0.0,0.0,0.0,0.0,0.0,0.0,0.0,0.0,0.0,0.0,0.0,0.0,0.0,0.0,0.0,0.0,0.0,0.0,0.0,0.0,0.0,0.0,0.0,0.0,0.0,0.0,0.0,0.0,0.0,0.0,0.0,0.0,0.0,0.0,0.0,0.0,0.0,0.0,0.0,0.0,0.0,0.0,0.0,0.0,0.0,0.0,0.0,0.0,0.0,0.0,0.0,0.0,0.0,0.0,0.0,0.0,0.0,0.0,0.0,0.0,0.0,0.0,0.0,0.0,0.0,0.0,0.0,0.0,0.0,0.0,0.0,0.0,0.0,0.0,0.0,0.0,0.0,0.0,0.0,0.0,0.0,0.0,0.0,0.0
,,,,,,,,,,,,,,,,,,,,,,,,,,,,,,,,,,,,,,,,,,,,,,,,,,,,,,,,,,,,,,,,,,,,,,,,,,,0.0,0.0,0.0,0.0,0.0,0.0,0.0,0.0,0.0,0.0,0.0,0.0,0.0,0.0,0.0,0.0,0.0,0.0,0.0,0.0,0.0,0.0,0.0,0.0,0.0,0.0,0.0,0.0,0.0,0.0,0.0,0.0,0.0,0.0,0.0,0.0,0.0,0.0,0.01,0.01,0.01,0.01,0.01,0.0,0.0,0.0,0.0,0.0,0.0,0.0,0.0,0.0,0.0,0.0,0.0,0.0,0.0,0.0,0.0,0.0,0.0,0.0,0.0,0.0,0.0,0.0,0.0,0.0,0.0,0.0,0.0,0.0,0.0,0.0,0.0,0.0,0.0,0.0,0.0,0.0,0.0,0.0,0.0,0.0,0.0,0.0,0.0,0.0,0.0,0.0,0.0,0.0,0.0,0.0,0.0,0.0,0.0,0.0,0.0,0.0,0.0,0.0,0.0,0.0,0.0,0.0,0.0,0.0,0.0,0.0,0.0,0.0,0.0,0.0,0.0,0.0,0.0,0.0,0.0,0.0,0.0,0.0,0.0,0.0,0.0,0.0,0.0,0.0,0.0,0.0,0.0,0.0,0.0,0.0,0.0,0.0,0.0,0.0,0.0,0.0,0.0,0.0,0.0,0.0,0.0,0.0,0.0,0.0,0.0,0.0,0.0,0.0,0.0,0.0,0.0,0.0,0.0,0.0,0.0,0.0,0.0,0.0,0.0,0.0,0.0,0.0,0.0,0.0,0.0,0.0,0.0,0.0,0.0,0.0,0.0,0.0,0.0,0.0,0.0,0.0,0.0,0.0,0.0,0.0,0.0,0.0,0.0,0.0,0.0,0.0,0.0,0.0,0.0,0.0,0.0,0.0,0.0,0.0,0.0,0.0,0.0,0.0,0.0,0.0,0.0,0.0,0.0,0.0,0.0,0.0,0.0,0.0,0.0,0.0,0.0,0.0,0.0,0.0,0.0,0.0,0.0,0.0,0.0,0.0,0.0
,,,,,,,,,,,,,,,,,,,,,,,,,,,,,,,,,,,,,,,,,,,,,,,,,,,,,,,,,,,,,,,,,,,,,,,,,,,0.0,0.0,0.0,0.0,0.0,0.0,0.0,0.0,0.0,0.0,0.0,0.0,0.0,0.0,0.0,0.0,0.0,0.0,0.0,0.0,0.0,0.0,0.0,0.0,0.0,0.0,0.0,0.0,0.0,0.0,0.0,0.0,0.0,0.0,0.0,0.0,0.01,0.03,0.07,0.13,0.15,0.13,0.07,0.03,0.01,0.0,0.0,0.0,0.0,0.0,0.0,0.0,0.0,0.0,0.0,0.0,0.0,0.0,0.0,0.0,0.0,0.0,0.0,0.0,0.0,0.0,0.0,0.0,0.0,0.0,0.0,0.0,0.0,0.0,0.0,0.0,0.0,0.0,0.0,0.0,0.0,0.0,0.0,0.0,0.0,0.0,0.0,0.0,0.0,0.0,0.0,0.0,0.0,0.0,0.0,0.0,0.0,0.0,0.0,0.0,0.0,0.0,0.0,0.0,0.0,0.0,0.0,0.0,0.0,0.0,0.0,0.0,0.0,0.0,0.0,0.0,0.0,0.0,0.0,0.0,0.0,0.0,0.0,0.0,0.0,0.0,0.0,0.0,0.0,0.0,0.0,0.0,0.0,0.0,0.0,0.0,0.0,0.0,0.0,0.0,0.0,0.0,0.0,0.0,0.0,0.0,0.0,0.0,0.0,0.0,0.0,0.0,0.0,0.0,0.0,0.0,0.0,0.0,0.0,0.0,0.0,0.0,0.0,0.0,0.0,0.0,0.0,0.0,0.0,0.0,0.0,0.0,0.0,0.0,0.0,0.0,0.0,0.0,0.0,0.0,0.0,0.0,0.0,0.0,0.0,0.0,0.0,0.0,0.0,0.0,0.0,0.0,0.0,0.0,0.0,0.0,0.0,0.0,0.0,0.0,0.0,0.0,0.0,0.0,0.0,0.0,0.0,0.0,0.0,0.0,0.0,0.0,0.0,0.0,0.0,0.0,0.0,0.0,0.0,0.0,0.0,0.0,0.0,0.0,0.0
,,,,,,,,,,,,,,,,,,,,,,,,,,,,,,,,,,,,,,,,,,,,,,,,,,,,,,,,,,,,,,,,,,,,,,,,,,,0.0,0.0,0.0,0.0,0.0,0.0,0.0,0.0,0.0,0.0,0.0,0.0,0.0,0.0,0.0,0.0,0.0,0.0,0.0,0.0,0.0,0.0,0.0,0.0,0.0,0.0,0.0,0.0,0.0,0.0,0.0,0.0,0.0,0.0,0.0,0.01,0.06,0.22,0.54,0.93,1.11,0.93,0.54,0.22,0.06,0.01,0.0,0.0,0.0,0.0,0.0,0.0,0.0,0.0,0.0,0.0,0.0,0.0,0.0,0.0,0.0,0.0,0.0,0.0,0.0,0.0,0.0,0.0,0.0,0.0,0.0,0.0,0.0,0.0,0.0,0.0,0.0,0.0,0.0,0.0,0.0,0.0,0.0,0.0,0.0,0.0,0.0,0.0,0.0,0.0,0.0,0.0,0.0,0.0,0.0,0.0,0.0,0.0,0.0,0.0,0.0,0.0,0.0,0.0,0.0,0.0,0.0,0.0,0.0,0.0,0.0,0.0,0.0,0.0,0.0,0.0,0.0,0.0,0.0,0.0,0.0,0.0,0.0,0.0,0.0,0.0,0.0,0.0,0.0,0.0,0.0,0.0,0.0,0.0,0.0,0.0,0.0,0.0,0.0,0.0,0.0,0.0,0.0,0.0,0.0,0.0,0.0,0.0,0.0,0.0,0.0,0.0,0.0,0.0,0.0,0.0,0.0,0.0,0.0,0.0,0.0,0.0,0.0,0.0,0.0,0.0,0.0,0.0,0.0,0.0,0.0,0.0,0.0,0.0,0.0,0.0,0.0,0.0,0.0,0.0,0.0,0.0,0.0,0.0,0.0,0.0,0.0,0.0,0.0,0.0,0.0,0.0,0.0,0.0,0.0,0.0,0.0,0.0,0.0,0.0,0.0,0.0,0.0,0.0,0.0,0.0,0.0,0.0,0.0,0.0,0.0,0.0,0.0,0.0,0.0,0.0,0.0,0.0,0.0,0.0,0.0,0.0,0.0,0.0,0.0
,,,,,,,,,,,,,,,,,,,,,,,,,,,,,,,,,,,,,,,,,,,,,,,,,,,,,,,,,,,,,,,,,,,,,,,,,,,,,,,,,,,,,,,,,,,,,,,,,,,,,,,,,,,,,,,,,,,,,,,,,,,,,,,,,,,,,,,,,,,,,,,,,,,,,,,,,,,,,,,,,,,,,,,,,,,,,,,,,,,,,,,,,,,,,,,,,,,,,,,,,,,,,,,,,,,,,,,,,,,,,,,,,,,,,,,,,,,,,,,,,,,,,,,,,,,,,,,,,,,,,,,,,,,,,,,,,,,,,,,,,,,,,,,,,,,,,,,,,,,
,,,,,,,,,,,,,,,,,,,,,,,,,,,,,,,,,,,,,,,,,,,,,,,,,,,,,,,,,,,,,,,,,,,,,,,,,,,,,,,,,,,,,,,,,,,,,,,,,,,,,,,,,,,,,,,,,,,,,,,,,,,,,,,,,,,,,,,,,,,,,,,,,,,,,,,,,,,,,,,,,,,,,,,,,,,,,,,,,,,,,,,,,,,,,,,,,,,,,,,,,,,,,,,,,,,,,,,,,,,,,,,,,,,,,,,,,,,,,,,,,,,,,,,,,,,,,,,,,,,,,,,,,,,,,,,,,,,,,,,,,,,,,,,,,,,,,,,,,,,
,,,,,,,,,,,,,,,,,,,,,,,,,,,,,,,,,,,,,,,,,,,,,,,,,,,,,,,,,,,,,,,,,,,,,,,,,,,,,,,,,,,,,,,,,,,,,,,,,,,,,,,,,,,,,,,,,,,,,,,,,,,,,,,,,,,,,,,,,,,,,,,,,,,,,,,,,,,,,,,,,,,,,,,,,,,,,,,,,,,,,,,,,,,,,,,,,,,,,,,,,,,,,,,,,,,,,,,,,,,,,,,,,,,,,,,,,,,,,,,,,,,,,,,,,,,,,,,,,,,,,,,,,,,,,,,,,,,,,,,,,,,,,,,,,,,,,,,,,,,
,,,,,,,,,,,,,,,,,,,,,,,,,,,,,,,,,,,,,,,,,,,,,,,,,,,,,,,,,,,,,,,,,,,,,,,,,,,,,,,,,,,,,,,,,,,,,,,,,,,,,,,,,,,,,,,,,,,,,,,,,,,,,,,,,,,,,,,,,,,,,,,,,,,,,,,,,,,,,,,,,,,,,,,,,,,,,,,,,,,,,,,,,,,,,,,,,,,,,,,,,,,,,,,,,,,,,,,,,,,,,,,,,,,,,,,,,,,,,,,,,,,,,,,,,,,,,,,,,,,,,,,,,,,,,,,,,,,,,,,,,,,,,,,,,,,,,,,,,,,
,,,,,,,,,,,,,,,,,,,,,,,,,,,,,,,,,,,,,,,,,,,,,,,,,,,,,,,,,,,,,,,,,,,,,,,,,,,,,,,,,,,,,,,,,,,,,,,,,,,,,,,,,,,,,,,,,,,,,,,,,,,,,,,,,,,,,,,,,,,,,,,,,,,,,,,,,,,,,,,,,,,,,,,,,,,,,,,,,,,,,,,,,,,,,,,,,,,,,,,,,,,,,,,,,,,,,,,,,,,,,,,,,,,,,,,,,,,,,,,,,,,,,,,,,,,,,,,,,,,,,,,,,,,,,,,,,,,,,,,,,,,,,,,,,,,,,,,,,,,
,,,,,,,,,,,,,,,,,,,,,,,,,,,,,,,,,,,,,,,,,,,,,,,,,,,,,,,,,,,,,,,,,,,,,,,,,,,,,,,,,,,,,,,,,,,,,,,,,,,,,,,,,,,,,,,,,,,,,,,,,,,,,,,,,,,,,,,,,,,,,,,,,,,,,,,,,,,,,,,,,,,,,,,,,,,,,,,,,,,,,,,,,,,,,,,,,,,,,,,,,,,,,,,,,,,,,,,,,,,,,,,,,,,,,,,,,,,,,,,,,,,,,,,,,,,,,,,,,,,,,,,,,,,,,,,,,,,,,,,,,,,,,,,,,,,,,,,,,,,
,,,,,,,,,,,,,,,,,,,,,,,,,,,,,,,,,,,,,,,,,,,,,,,,,,,,,,,,,,,,,,,,,,,,,,,,,,,,,,,,,,,,,,,,,,,,,,,,,,,,,,,,,,,,,,,,,,,,,,,,,,,,,,,,,,,,,,,,,,,,,,,,,,,,,,,,,,,,,,,,,,,,,,,,,,,,,,,,,,,,,,,,,,,,,,,,,,,,,,,,,,,,,,,,,,,,,,,,,,,,,,,,,,,,,,,,,,,,,,,,,,,,,,,,,,,,,,,,,,,,,,,,,,,,,,,,,,,,,,,,,,,,,,,,,,,,,,,,,,,
,,,,,,,,,,,,,,,,,,,,,,,,,,,,,,,,,,,,,,,,,,,,,,,,,,,,,,,,,,,,,,,,,,,,,,,,,,,,,,,,,,,,,,,,,,,,,,,,,,,,,,,,,,,,,,,,,,,,,,,,,,,,,,,,,,,,,,,,,,,,,,,,,,,,,,,,,,,,,,,,,,,,,,,,,,,,,,,,,,,,,,,,,,,,,,,,,,,,,,,,,,,,,,,,,,,,,,,,,,,,,,,,,,,,,,,,,,,,,,,,,,,,,,,,,,,,,,,,,,,,,,,,,,,,,,,,,,,,,,,,,,,,,,,,,,,,,,,,,,,
,,,,,,,,,,,,,,,,,,,,,,,,,,,,,,,,,,,,,,,,,,,,,,,,,,,,,,,,,,,,,,,,,,,,,,,,,,,,,,,,,,,,,,,,,,,,,,,,,,,,,,,,,,,,,,,,,,,,,,,,,,,,,,,,,,,,,,,,,,,,,,,,,,,,,,,,,,,,,,,,,,,,,,,,,,,,,,,,,,,,,,,,,,,,,,,,,,,,,,,,,,,,,,,,,,,,,,,,,,,,,,,,,,,,,,,,,,,,,,,,,,,,,,,,,,,,,,,,,,,,,,,,,,,,,,,,,,,,,,,,,,,,,,,,,,,,,,,,,,,
,,,,,,,,,,,,,,,,,,,,,,,,,,,,,,,,,,,,,,,,,,,,,,,,,,,,,,,,,,,,,,,,,,,,,,,,,,,,,,,,,,,,,,,,,,,,,,,,,,,,,,,,,,,,,,,,,,,,,,,,,,,,,,,,,,,,,,,,,,,,,,,,,,,,,,,,,,,,,,,,,,,,,,,,,,,,,,,,,,,,,,,,,,,,,,,,,,,,,,,,,,,,,,,,,,,,,,,,,,,,,,,,,,,,,,,,,,,,,,,,,,,,,,,,,,,,,,,,,,,,,,,,,,,,,,,,,,,,,,,,,,,,,,,,,,,,,,,,,,,
,,,,,,,,,,,,,,,,,,,,,,,,,,,,,,,,,,,,,,,,,,,,,,,,,,,,,,,,,,,,,,,,,,,,,,,,,,,,,,,,,,,,,,,,,,,,,,,,,,,,,,,,,,,,,,,,,,,,,,,,,,,,,,,,,,,,,,,,,,,,,,,,,,,,,,,,,,,,,,,,,,,,,,,,,,,,,,,,,,,,,,,,,,,,,,,,,,,,,,,,,,,,,,,,,,,,,,,,,,,,,,,,,,,,,,,,,,,,,,,,,,,,,,,,,,,,,,,,,,,,,,,,,,,,,,,,,,,,,,,,,,,,,,,,,,,,,,,,,,,
,,,,,,,,,,,,,,,,,,,,,,,,,,,,,,,,,,,,,,,,,,,,,,,,,,,,,,,,,,,,,,,,,,,,,,,,,,,,,,,,,,,,,,,,,,,,,,,,,,,,,,,,,,,,,,,,,,,,,,,,,,,,,,,,,,,,,,,,,,,,,,,,,,,,,,,,,,,,,,,,,,,,,,,,,,,,,,,,,,,,,,,,,,,,,,,,,,,,,,,,,,,,,,,,,,,,,,,,,,,,,,,,,,,,,,,,,,,,,,,,,,,,,,,,,,,,,,,,,,,,,,,,,,,,,,,,,,,,,,,,,,,,,,,,,,,,,,,,,,,
,,,,,,,,,,,,,,,,,,,,,,,,,,,,,,,,,,,,,,,,,,,,,,,,,,,,,,,,,,,,,,,,,,,,,,,,,,,,,,,,,,,,,,,,,,,,,,,,,,,,,,,,,,,,,,,,,,,,,,,,,,,,,,,,,,,,,,,,,,,,,,,,,,,,,,,,,,,,,,,,,,,,,,,,,,,,,,,,,,,,,,,,,,,,,,,,,,,,,,,,,,,,,,,,,,,,,,,,,,,,,,,,,,,,,,,,,,,,,,,,,,,,,,,,,,,,,,,,,,,,,,,,,,,,,,,,,,,,,,,,,,,,,,,,,,,,,,,,,,,
,,,,,,,,,,,,,,,,,,,,,,,,,,,,,,,,,,,,,,,,,,,,,,,,,,,,,,,,,,,,,,,,,,,,,,,,,,,,,,,,,,,,,,,,,,,,,,,,,,,,,,,,,,,,,,,,,,,,,,,,,,,,,,,,,,,,,,,,,,,,,,,,,,,,,,,,,,,,,,,,,,,,,,,,,,,,,,,,,,,,,,,,,,,,,,,,,,,,,,,,,,,,,,,,,,,,,,,,,,,,,,,,,,,,,,,,,,,,,,,,,,,,,,,,,,,,,,,,,,,,,,,,,,,,,,,,,,,,,,,,,,,,,,,,,,,,,,,,,,,
,,,,,,,,,,,,,,,,,,,,,,,,,,,,,,,,,,,,,,,,,,,,,,,,,,,,,,,,,,,,,,,,,,,,,,,,,,,,,,,,,,,,,,,,,,,,,,,,,,,,,,,,,,,,,,,,,,,,,,,,,,,,,,,,,,,,,,,,,,,,,,,,,,,,,,,,,,,,,,,,,,,,,,,,,,,,,,,,,,,,,,,,,,,,,,,,,,,,,,,,,,,,,,,,,,,,,,,,,,,,,,,,,,,,,,,,,,,,,,,,,,,,,,,,,,,,,,,,,,,,,,,,,,,,,,,,,,,,,,,,,,,,,,,,,,,,,,,,,,,
,,,,,,,,,,,,,,,,,,,,,,,,,,,,,,,,,,,,,,,,,,,,,,,,,,,,,,,,,,,,,,,,,,,,,,,,,,,,,,,,,,,,,,,,,,,,,,,,,,,,,,,,,,,,,,,,,,,,,,,,,,,,,,,,,,,,,,,,,,,,,,,,,,,,,,,,,,,,,,,,,,,,,,,,,,,,,,,,,,,,,,,,,,,,,,,,,,,,,,,,,,,,,,,,,,,,,,,,,,,,,,,,,,,,,,,,,,,,,,,,,,,,,,,,,,,,,,,,,,,,,,,,,,,,,,,,,,,,,,,,,,,,,,,,,,,,,,,,,,,
,,,,,,,,,,,,,,,,,,,,,,,,,,,,,,,,,,,,,,,,,,,,,,,,,,,,,,,,,,,,,,,,,,,,,,,,,,,,,,,,,,,,,,,,,,,,,,,,,,,,,,,,,,,,,,,,,,,,,,,,,,,,,,,,,,,,,,,,,,,,,,,,,,,,,,,,,,,,,,,,,,,,,,,,,,,,,,,,,,,,,,,,,,,,,,,,,,,,,,,,,,,,,,,,,,,,,,,,,,,,,,,,,,,,,,,,,,,,,,,,,,,,,,,,,,,,,,,,,,,,,,,,,,,,,,,,,,,,,,,,,,,,,,,,,,,,,,,,,,,
,,,,,,,,,,,,,,,,,,,,,,,,,,,,,,,,,,,,,,,,,,,,,,,,,,,,,,,,,,,,,,,,,,,,,,,,,,,,,,,,,,,,,,,,,,,,,,,,,,,,,,,,,,,,,,,,,,,,,,,,,,,,,,,,,,,,,,,,,,,,,,,,,,,,,,,,,,,,,,,,,,,,,,,,,,,,,,,,,,,,,,,,,,,,,,,,,,,,,,,,,,,,,,,,,,,,,,,,,,,,,,,,,,,,,,,,,,,,,,,,,,,,,,,,,,,,,,,,,,,,,,,,,,,,,,,,,,,,,,,,,,,,,,,,,,,,,,,,,,,
,,,,,,,,,,,,,,,,,,,,,,,,,,,,,,,,,,,,,,,,,,,,,,,,,,,,,,,,,,,,,,,,,,,,,,,,,,,,,,,,,,,,,,,,,,,,,,,,,,,,,,,,,,,,,,,,,,,,,,,,,,,,,,,,,,,,,,,,,,,,,,,,,,,,,,,,,,,,,,,,,,,,,,,,,,,,,,,,,,,,,,,,,,,,,,,,,,,,,,,,,,,,,,,,,,,,,,,,,,,,,,,,,,,,,,,,,,,,,,,,,,,,,,,,,,,,,,,,,,,,,,,,,,,,,,,,,,,,,,,,,,,,,,,,,,,,,,,,,,,
,,,,,,,,,,,,,,,,,,,,,,,,,,,,,,,,,,,,,,,,,,,,,,,,,,,,,,,,,,,,,,,,,,,,,,,,,,,,,,,,,,,,,,,,,,,,,,,,,,,,,,,,,,,,,,,,,,,,,,,,,,,,,,,,,,,,,,,,,,,,,,,,,,,,,,,,,,,,,,,,,,,,,,,,,,,,,,,,,,,,,,,,,,,,,,,,,,,,,,,,,,,,,,,,,,,,,,,,,,,,,,,,,,,,,,,,,,,,,,,,,,,,,,,,,,,,,,,,,,,,,,,,,,,,,,,,,,,,,,,,,,,,,,,,,,,,,,,,,,,
,,,,,,,,,,,,,,,,,,,,,,,,,,,,,,,,,,,,,,,,,,,,,,,,,,,,,,,,,,,,,,,,,,,,,,,,,,,,,,,,,,,,,,,,,,,,,,,,,,,,,,,,,,,,,,,,,,,,,,,,,,,,,,,,,,,,,,,,,,,,,,,,,,,,,,,,,,,,,,,,,,,,,,,,,,,,,,,,,,,,,,,,,,,,,,,,,,,,,,,,,,,,,,,,,,,,,,,,,,,,,,,,,,,,,,,,,,,,,,,,,,,,,,,,,,,,,,,,,,,,,,,,,,,,,,,,,,,,,,,,,,,,,,,,,,,,,,,,,,,
,,,,,,,,,,,,,,,,,,,,,,,,,,,,,,,,,,,,,,,,,,,,,,,,,,,,,,,,,,,,,,,,,,,,,,,,,,,,,,,,,,,,,,,,,,,,,,,,,,,,,,,,,,,,,,,,,,,,,,,,,,,,,,,,,,,,,,,,,,,,,,,,,,,,,,,,,,,,,,,,,,,,,,,,,,,,,,,,,,,,,,,,,,,,,,,,,,,,,,,,,,,,,,,,,,,,,,,,,,,,,,,,,,,,,,,,,,,,,,,,,,,,,,,,,,,,,,,,,,,,,,,,,,,,,,,,,,,,,,,,,,,,,,,,,,,,,,,,,,,
,,,,,,,,,,,,,,,,,,,,,,,,,,,,,,,,,,,,,,,,,,,,,,,,,,,,,,,,,,,,,,,,,,,,,,,,,,,,,,,,,,,,,,,,,,,,,,,,,,,,,,,,,,,,,,,,,,,,,,,,,,,,,,,,,,,,,,,,,,,,,,,,,,,,,,,,,,,,,,,,,,,,,,,,,,,,,,,,,,,,,,,,,,,,,,,,,,,,,,,,,,,,,,,,,,,,,,,,,,,,,,,,,,,,,,,,,,,,,,,,,,,,,,,,,,,,,,,,,,,,,,,,,,,,,,,,,,,,,,,,,,,,,,,,,,,,,,,,,,,
,,,,,,,,,,,,,,,,,,,,,,,,,,,,,,,,,,,,,,,,,,,,,,,,,,,,,,,,,,,,,,,,,,,,,,,,,,,,,,,,,,,,,,,,,,,,,,,,,,,,,,,,,,,,,,,,,,,,,,,,,,,,,,,,,,,,,,,,,,,,,,,,,,,,,,,,,,,,,,,,,,,,,,,,,,,,,,,,,,,,,,,,,,,,,,,,,,,,,,,,,,,,,,,,,,,,,,,,,,,,,,,,,,,,,,,,,,,,,,,,,,,,,,,,,,,,,,,,,,,,,,,,,,,,,,,,,,,,,,,,,,,,,,,,,,,,,,,,,,,
,,,,,,,,,,,,,,,,,,,,,,,,,,,,,,,,,,,,,,,,,,,,,,,,,,,,,,,,,,,,,,,,,,,,,,,,,,,,,,,,,,,,,,,,,,,,,,,,,,,,,,,,,,,,,,,,,,,,,,,,,,,,,,,,,,,,,,,,,,,,,,,,,,,,,,,,,,,,,,,,,,,,,,,,,,,,,,,,,,,,,,,,,,,,,,,,,,,,,,,,,,,,,,,,,,,,,,,,,,,,,,,,,,,,,,,,,,,,,,,,,,,,,,,,,,,,,,,,,,,,,,,,,,,,,,,,,,,,,,,,,,,,,,,,,,,,,,,,,,,
,,,,,,,,,,,,,,,,,,,,,,,,,,,,,,,,,,,,,,,,,,,,,,,,,,,,,,,,,,,,,,,,,,,,,,,,,,,,,,,,,,,,,,,,,,,,,,,,,,,,,,,,,,,,,,,,,,,,,,,,,,,,,,,,,,,,,,,,,,,,,,,,,,,,,,,,,,,,,,,,,,,,,,,,,,,,,,,,,,,,,,,,,,,,,,,,,,,,,,,,,,,,,,,,,,,,,,,,,,,,,,,,,,,,,,,,,,,,,,,,,,,,,,,,,,,,,,,,,,,,,,,,,,,,,,,,,,,,,,,,,,,,,,,,,,,,,,,,,,,
,,,,,,,,,,,,,,,,,,,,,,,,,,,,,,,,,,,,,,,,,,,,,,,,,,,,,,,,,,,,,,,,,,,,,,,,,,,,,,,,,,,,,,,,,,,,,,,,,,,,,,,,,,,,,,,,,,,,,,,,,,,,,,,,,,,,,,,,,,,,,,,,,,,,,,,,,,,,,,,,,,,,,,,,,,,,,,,,,,,,,,,,,,,,,,,,,,,,,,,,,,,,,,,,,,,,,,,,,,,,,,,,,,,,,,,,,,,,,,,,,,,,,,,,,,,,,,,,,,,,,,,,,,,,,,,,,,,,,,,,,,,,,,,,,,,,,,,,,,,
,,,,,,,,,,,,,,,,,,,,,,,,,,,,,,,,,,,,,,,,,,,,,,,,,,,,,,,,,,,,,,,,,,,,,,,,,,,,,,,,,,,,,,,,,,,,,,,,,,,,,,,,,,,,,,,,,,,,,,,,,,,,,,,,,,,,,,,,,,,,,,,,,,,,,,,,,,,,,,,,,,,,,,,,,,,,,,,,,,,,,,,,,,,,,,,,,,,,,,,,,,,,,,,,,,,,,,,,,,,,,,,,,,,,,,,,,,,,,,,,,,,,,,,,,,,,,,,,,,,,,,,,,,,,,,,,,,,,,,,,,,,,,,,,,,,,,,,,,,,
,,,,,,,,,,,,,,,,,,,,,,,,,,,,,,,,,,,,,,,,,,,,,,,,,,,,,,,,,,,,,,,,,,,,,,,,,,,,,,,,,,,,,,,,,,,,,,,,,,,,,,,,,,,,,,,,,,,,,,,,,,,,,,,,,,,,,,,,,,,,,,,,,,,,,,,,,,,,,,,,,,,,,,,,,,,,,,,,,,,,,,,,,,,,,,,,,,,,,,,,,,,,,,,,,,,,,,,,,,,,,,,,,,,,,,,,,,,,,,,,,,,,,,,,,,,,,,,,,,,,,,,,,,,,,,,,,,,,,,,,,,,,,,,,,,,,,,,,,,,
,,,,,,,,,,,,,,,,,,,,,,,,,,,,,,,,,,,,,,,,,,,,,,,,,,,,,,,,,,,,,,,,,,,,,,,,,,,,,,,,,,,,,,,,,,,,,,,,,,,,,,,,,,,,,,,,,,,,,,,,,,,,,,,,,,,,,,,,,,,,,,,,,,,,,,,,,,,,,,,,,,,,,,,,,,,,,,,,,,,,,,,,,,,,,,,,,,,,,,,,,,,,,,,,,,,,,,,,,,,,,,,,,,,,,,,,,,,,,,,,,,,,,,,,,,,,,,,,,,,,,,,,,,,,,,,,,,,,,,,,,,,,,,,,,,,,,,,,,,,
,,,,,,,,,,,,,,,,,,,,,,,,,,,,,,,,,,,,,,,,,,,,,,,,,,,,,,,,,,,,,,,,,,,,,,,,,,,,,,,,,,,,,,,,,,,,,,,,,,,,,,,,,,,,,,,,,,,,,,,,,,,,,,,,,,,,,,,,,,,,,,,,,,,,,,,,,,,,,,,,,,,,,,,,,,,,,,,,,,,,,,,,,,,,,,,,,,,,,,,,,,,,,,,,,,,,,,,,,,,,,,,,,,,,,,,,,,,,,,,,,,,,,,,,,,,,,,,,,,,,,,,,,,,,,,,,,,,,,,,,,,,,,,,,,,,,,,,,,,,
,,,,,,,,,,,,,,,,,,,,,,,,,,,,,,,,,,,,,,,,,,,,,,,,,,,,,,,,,,,,,,,,,,,,,,,,,,,,,,,,,,,,,,,,,,,,,,,,,,,,,,,,,,,,,,,,,,,,,,,,,,,,,,,,,,,,,,,,,,,,,,,,,,,,,,,,,,,,,,,,,,,,,,,,,,,,,,,,,,,,,,,,,,,,,,,,,,,,,,,,,,,,,,,,,,,,,,,,,,,,,,,,,,,,,,,,,,,,,,,,,,,,,,,,,,,,,,,,,,,,,,,,,,,,,,,,,,,,,,,,,,,,,,,,,,,,,,,,,,,
,,,,,,,,,,,,,,,,,,,,,,,,,,,,,,,,,,,,,,,,,,,,,,,,,,,,,,,,,,,,,,,,,,,,,,,,,,,,,,,,,,,,,,,,,,,,,,,,,,,,,,,,,,,,,,,,,,,,,,,,,,,,,,,,,,,,,,,,,,,,,,,,,,,,,,,,,,,,,,,,,,,,,,,,,,,,,,,,,,,,,,,,,,,,,,,,,,,,,,,,,,,,,,,,,,,,,,,,,,,,,,,,,,,,,,,,,,,,,,,,,,,,,,,,,,,,,,,,,,,,,,,,,,,,,,,,,,,,,,,,,,,,,,,,,,,,,,,,,,,
,,,,,,,,,,,,,,,,,,,,,,,,,,,,,,,,,,,,,,,,,,,,,,,,,,,,,,,,,,,,,,,,,,,,,,,,,,,,,,,,,,,,,,,,,,,,,,,,,,,,,,,,,,,,,,,,,,,,,,,,,,,,,,,,,,,,,,,,,,,,,,,,,,,,,,,,,,,,,,,,,,,,,,,,,,,,,,,,,,,,,,,,,,,,,,,,,,,,,,,,,,,,,,,,,,,,,,,,,,,,,,,,,,,,,,,,,,,,,,,,,,,,,,,,,,,,,,,,,,,,,,,,,,,,,,,,,,,,,,,,,,,,,,,,,,,,,,,,,,,
,,,,,,,,,,,,,,,,,,,,,,,,,,,,,,,,,,,,,,,,,,,,,,,,,,,,,,,,,,,,,,,,,,,,,,,,,,,,,,,,,,,,,,,,,,,,,,,,,,,,,,,,,,,,,,,,,,,,,,,,,,,,,,,,,,,,,,,,,,,,,,,,,,,,,,,,,,,,,,,,,,,,,,,,,,,,,,,,,,,,,,,,,,,,,,,,,,,,,,,,,,,,,,,,,,,,,,,,,,,,,,,,,,,,,,,,,,,,,,,,,,,,,,,,,,,,,,,,,,,,,,,,,,,,,,,,,,,,,,,,,,,,,,,,,,,,,,,,,,,
,,,,,,,,,,,,,,,,,,,,,,,,,,,,,,,,,,,,,,,,,,,,,,,,,,,,,,,,,,,,,,,,,,,,,,,,,,,,,,,,,,,,,,,,,,,,,,,,,,,,,,,,,,,,,,,,,,,,,,,,,,,,,,,,,,,,,,,,,,,,,,,,,,,,,,,,,,,,,,,,,,,,,,,,,,,,,,,,,,,,,,,,,,,,,,,,,,,,,,,,,,,,,,,,,,,,,,,,,,,,,,,,,,,,,,,,,,,,,,,,,,,,,,,,,,,,,,,,,,,,,,,,,,,,,,,,,,,,,,,,,,,,,,,,,,,,,,,,,,,
,,,,,,,,,,,,,,,,,,,,,,,,,,,,,,,,,,,,,,,,,,,,,,,,,,,,,,,,,,,,,,,,,,,,,,,,,,,,,,,,,,,,,,,,,,,,,,,,,,,,,,,,,,,,,,,,,,,,,,,,,,,,,,,,,,,,,,,,,,,,,,,,,,,,,,,,,,,,,,,,,,,,,,,,,,,,,,,,,,,,,,,,,,,,,,,,,,,,,,,,,,,,,,,,,,,,,,,,,,,,,,,,,,,,,,,,,,,,,,,,,,,,,,,,,,,,,,,,,,,,,,,,,,,,,,,,,,,,,,,,,,,,,,,,,,,,,,,,,,,
,,,,,,,,,,,,,,,,,,,,,,,,,,,,,,,,,,,,,,,,,,,,,,,,,,,,,,,,,,,,,,,,,,,,,,,,,,,,,,,,,,,,,,,,,,,,,,,,,,,,,,,,,,,,,,,,,,,,,,,,,,,,,,,,,,,,,,,,,,,,,,,,,,,,,,,,,,,,,,,,,,,,,,,,,,,,,,,,,,,,,,,,,,,,,,,,,,,,,,,,,,,,,,,,,,,,,,,,,,,,,,,,,,,,,,,,,,,,,,,,,,,,,,,,,,,,,,,,,,,,,,,,,,,,,,,,,,,,,,,,,,,,,,,,,,,,,,,,,,,
,,,,,,,,,,,,,,,,,,,,,,,,,,,,,,,,,,,,,,,,,,,,,,,,,,,,,,,,,,,,,,,,,,,,,,,,,,,,,,,,,,,,,,,,,,,,,,,,,,,,,,,,,,,,,,,,,,,,,,,,,,,,,,,,,,,,,,,,,,,,,,,,,,,,,,,,,,,,,,,,,,,,,,,,,,,,,,,,,,,,,,,,,,,,,,,,,,,,,,,,,,,,,,,,,,,,,,,,,,,,,,,,,,,,,,,,,,,,,,,,,,,,,,,,,,,,,,,,,,,,,,,,,,,,,,,,,,,,,,,,,,,,,,,,,,,,,,,,,,,
,,,,,,,,,,,,,,,,,,,,,,,,,,,,,,,,,,,,,,,,,,,,,,,,,,,,,,,,,,,,,,,,,,,,,,,,,,,,,,,,,,,,,,,,,,,,,,,,,,,,,,,,,,,,,,,,,,,,,,,,,,,,,,,,,,,,,,,,,,,,,,,,,,,,,,,,,,,,,,,,,,,,,,,,,,,,,,,,,,,,,,,,,,,,,,,,,,,,,,,,,,,,,,,,,,,,,,,,,,,,,,,,,,,,,,,,,,,,,,,,,,,,,,,,,,,,,,,,,,,,,,,,,,,,,,,,,,,,,,,,,,,,,,,,,,,,,,,,,,,
0.0,0.0,0.0,0.0,0.0,0.0,0.0,0.0,0.0,0.0,0.0,0.0,0.0,0.0,0.0,0.0,0.0,0.0,0.0,0.0,0.0,0.0,0.0,0.0,0.0,0.0,0.0,0.0,0.0,0.0,0.0,0.0,0.0,0.0,0.0,0.0,0.0,0.0,0.0,0.0,0.0,0.0,0.0,0.0,0.0,0.0,0.0,0.0,0.0,0.0,0.0,0.0,0.0,0.0,0.0,0.0,0.0,0.0,0.0,0.0,0.0,0.0,0.0,0.0,0.0,0.0,0.0,0.0,0.0,0.0,0.0,0.0,0.0,0.0,0.0,0.0,0.0,0.0,0.0,0.0,0.0,0.0,0.0,0.0,0.0,0.0,0.0,0.0,0.0,0.0,0.0,0.0,0.0,0.0,0.0,0.0,0.0,0.0,0.0,0.0,0.0,0.0,0.0,0.0,0.0,0.0,0.0,0.0,0.0,0.0,0.0,0.0,0.0,0.0,0.0,0.0,0.0,0.0,0.0,0.0,0.0,0.0,0.0,0.0,0.0,0.0,0.0,0.0,0.0,0.0,0.0,0.0,0.0,0.0,0.0,0.0,0.0,0.01,0.01,0.01,0.02,0.02,0.03,0.04,0.05,0.07,0.08,0.1,0.13,0.16,0.19,0.23,0.27,0.32,0.38,0.43,0.49,0.56,0.62,0.69,0.75,0.82,0.88,0.94,1.0,1.04,1.09,1.12,1.15,1.17,1.18,1.18,1.17,1.16,1.14,1.12,1.09,1.07,1.04,1.01,0.99,0.98,0.97,0.96,0.97,0.99,1.01,1.05,1.1,1.15,1.22,1.31,1.41,1.54,1.69,1.89,2.15,2.48,2.92,3.49,4.23,5.19,6.41,7.96,9.9,12.27,15.16,18.6,22.66,27.36,32.74,38.77,45.45,52.71,60.47,68.62,77.02,85.51,93.91,102.04,109.72,116.78,123.08,128.49,132.95,136.41,138.9,140.46,141.21,141.28,140.83,140.03,139.07,138.12,137.33,136.83,136.72,137.06,137.86,139.1,140.73,142.67,144.81,147.03,149.18,151.14,152.76,153.91,154.48,154.34,153.43,151.67,149.02,145.47,141.02,135.71,129.61,122.79,115.37,107.47,99.22,90.77,82.26,73.83,65.61,57.72,50.26,43.32,36.94,31.16,26.0,21.46,17.52,14.14,11.29,8.91,6.95,5.36,4.09,3.08,2.3,1.69,1.23,0.89,0.63,0.44,0.31,0.21,0.14,0.1,0.06,0.04,0.03,0.02,0.01,0.01,0.0,0.0,0.0,0.0
0.0,0.0,0.0,0.0,0.0,0.0,0.0,0.0,0.0,0.0,0.0,0.0,0.0,0.0,0.0,0.0,0.0,0.0,0.0,0.0,0.0,0.0,0.0,0.0,0.0,0.0,0.0,0.0,0.0,0.0,0.0,0.0,0.0,0.0,0.0,0.0,0.0,0.0,0.0,0.0,0.0,0.0,0.0,0.0,0.0,0.0,0.0,0.0,0.0,0.0,0.0,0.0,0.0,0.0,0.0,0.0,0.0,0.0,0.0,0.0,0.0,0.0,0.0,0.0,0.0,0.0,0.0,0.0,0.0,0.0,0.0,0.0,0.0,0.0,0.0,0.0,0.0,0.0,0.0,0.0,0.0,0.0,0.0,0.0,0.0,0.0,0.0,0.0,0.0,0.0,0.0,0.0,0.0,0.0,0.0,0.0,0.0,0.0,0.0,0.0,0.0,0.0,0.0,0.0,0.0,0.0,0.0,0.0,0.0,0.0,0.0,0.0,0.0,0.0,0.0,0.0,0.0,0.0,0.0,0.0,0.0,0.0,0.0,0.0,0.0,0.0,0.0,0.0,0.0,0.0,0.0,0.0,0.0,0.0,0.0,0.0,0.01,0.01,0.01,0.02,0.02,0.03,0.04,0.05,0.07,0.09,0.12,0.15,0.18,0.22,0.27,0.32,0.38,0.45,0.53,0.61,0.69,0.78,0.87,0.97,1.06,1.15,1.24,1.32,1.4,1.47,1.53,1.57,1.61,1.64,1.65,1.65,1.65,1.63,1.6,1.57,1.54,1.5,1.46,1.42,1.39,1.37,1.36,1.35,1.36,1.38,1.42,1.47,1.53,1.6,1.69,1.8,1.92,2.07,2.24,2.47,2.75,3.11,3.57,4.18,4.97,5.98,7.29,8.93,10.99,13.52,16.6,20.28,24.62,29.66,35.42,41.91,49.08,56.88,65.23,74.01,83.06,92.22,101.3,110.1,118.43,126.12,133.0,138.95,143.9,147.8,150.68,152.6,153.67,154.03,153.85,153.33,152.65,151.99,151.52,151.38,151.65,152.39,153.62,155.31,157.41,159.81,162.4,165.04,167.58,169.87,171.77,173.11,173.78,173.66,172.66,170.7,167.73,163.75,158.76,152.81,145.95,138.3,129.96,121.07,111.8,102.29,92.71,83.22,73.97,65.08,56.68,48.85,41.66,35.15,29.33,24.21,19.77,15.96,12.74,10.06,7.85,6.05,4.62,3.48,2.59,1.91,1.39,1.0,0.71,0.5,0.35,0.24,0.16,0.11,0.07,0.05,0.03,0.02,0.01,0.01,0.0,0.0,0.0,0.0
0.0,0.0,0.0,0.0,0.0,0.0,0.0,0.0,0.0,0.0,0.0,0.0,0.0,0.0,0.0,0.0,0.0,0.0,0.0,0.0,0.0,0.0,0.0,0.0,0.0,0.0,0.0,0.0,0.0,0.0,0.0,0.0,0.0,0.0,0.0,0.0,0.0,0.0,0.0,0.0,0.0,0.0,0.0,0.0,0.0,0.0,0.0,0.0,0.0,0.0,0.0,0.0,0.0,0.0,0.0,0.0,0.0,0.0,0.0,0.0,0.0,0.0,0.0,0.0,0.0,0.0,0.0,0.0,0.0,0.0,0.0,0.0,0.0,0.0,0.0,0.0,0.0,0.0,0.0,0.0,0.0,0.0,0.0,0.0,0.0,0.0,0.0,0.0,0.0,0.0,0.0,0.0,0.0,0.0,0.0,0.0,0.0,0.0,0.0,0.0,0.0,0.0,0.0,0.0,0.0,0.0,0.0,0.0,0.0,0.0,0.0,0.0,0.0,0.0,0.0,0.0,0.0,0.0,0.0,0.0,0.0,0.0,0.0,0.0,0.0,0.0,0.0,0.0,0.0,0.0,0.0,0.0,0.0,0.0,0.0,0.01,0.01,0.01,0.02,0.02,0.03,0.04,0.06,0.08,0.1,0.13,0.16,0.2,0.25,0.31,0.37,0.45,0.53,0.63,0.73,0.84,0.96,1.08,1.21,1.34,1.47,1.6,1.72,1.83,1.94,2.03,2.12,2.18,2.23,2.27,2.29,2.29,2.28,2.26,2.22,2.18,2.13,2.08,2.02,1.97,1.93,1.9,1.88,1.88,1.89,1.91,1.96,2.02,2.11,2.2,2.32,2.45,2.6,2.77,2.97,3.22,3.53,3.91,4.4,5.04,5.87,6.93,8.3,10.02,12.18,14.85,18.1,21.99,26.59,31.93,38.04,44.93,52.56,60.87,69.76,79.12,88.79,98.58,108.31,117.75,126.71,134.99,142.45,148.93,154.37,158.73,162.02,164.32,165.74,166.43,166.58,166.38,166.04,165.74,165.65,165.9,166.6,167.8,169.5,171.69,174.27,177.16,180.22,183.3,186.24,188.87,191.04,192.58,193.36,193.26,192.16,189.99,186.71,182.3,176.76,170.15,162.54,154.04,144.77,134.89,124.57,113.99,103.33,92.77,82.47,72.57,63.21,54.49,46.47,39.21,32.73,27.02,22.06,17.81,14.22,11.22,8.76,6.76,5.15,3.89,2.9,2.13,1.55,1.12,0.8,0.56,0.39,0.27,0.18,0.12,0.08,0.05,0.03,0.02,0.01,0.01,0.01,0.0,0.0,0.0
0.0,0.0,0.0,0.0,0.0,0.0,0.0,0.0,0.0,0.0,0.0,0.0,0.0,0.0,0.0,0.0,0.0,0.0,0.0,0.0,0.0,0.0,0.0,0.0,0.0,0.0,0.0,0.0,0.0,0.0,0.0,0.0,0.0,0.0,0.0,0.0,0.0,0.0,0.0,0.0,0.0,0.0,0.0,0.0,0.0,0.0,0.0,0.0,0.0,0.0,0.0,0.0,0.0,0.0,0.0,0.0,0.0,0.0,0.0,0.0,0.0,0.0,0.0,0.0,0.0,0.0,0.0,0.0,0.0,0.0,0.0,0.0,0.0,0.0,0.0,0.0,0.0,0.0,0.0,0.0,0.0,0.0,0.0,0.0,0.0,0.0,0.0,0.0,0.0,0.0,0.0,0.0,0.0,0.0,0.0,0.0,0.0,0.0,0.0,0.0,0.0,0.0,0.0,0.0,0.0,0.0,0.0,0.0,0.0,0.0,0.0,0.0,0.0,0.0,0.0,0.0,0.0,0.0,0.0,0.0,0.0,0.0,0.0,0.0,0.0,0.0,0.0,0.0,0.0,0.0,0.0,0.0,0.0,0.0,0.01,0.01,0.01,0.02,0.02,0.03,0.04,0.06,0.08,0.1,0.14,0.17,0.22,0.28,0.34,0.42,0.51,0.62,0.73,0.86,1.0,1.15,1.32,1.48,1.66,1.84,2.01,2.19,2.36,2.51,2.66,2.79,2.9,2.99,3.06,3.11,3.14,3.14,3.13,3.1,3.05,2.99,2.92,2.85,2.77,2.71,2.65,2.6,2.58,2.57,2.58,2.62,2.68,2.77,2.87,3.0,3.15,3.31,3.49,3.7,3.93,4.21,4.54,4.95,5.46,6.12,6.98,8.07,9.48,11.27,13.51,16.28,19.66,23.73,28.54,34.14,40.56,47.81,55.84,64.6,73.99,83.88,94.11,104.48,114.79,124.83,134.38,143.23,151.23,158.24,164.16,168.98,172.7,175.4,177.2,178.26,178.77,178.95,178.98,179.08,179.42,180.12,181.29,182.98,185.19,187.88,190.98,194.37,197.9,201.42,204.76,207.73,210.17,211.91,212.8,212.7,211.51,209.14,205.55,200.7,194.63,187.37,179.01,169.67,159.48,148.62,137.27,125.63,113.9,102.27,90.93,80.03,69.71,60.1,51.26,43.26,36.11,29.81,24.34,19.66,15.69,12.39,9.67,7.46,5.69,4.29,3.2,2.36,1.72,1.23,0.88,0.62,0.43,0.29,0.2,0.13,0.09,0.06,0.04,0.02,0.02,0.01,0.01,0.0,0.0,0.0
0.0,0.0,0.0,0.0,0.0,0.0,0.0,0.0,0.0,0.0,0.0,0.0,0.0,0.0,0.0,0.0,0.0,0.0,0.0,0.0,0.0,0.0,0.0,0.0,0.0,0.0,0.0,0.0,0.0,0.0,0.0,0.0,0.0,0.0,0.0,0.0,0.0,0.0,0.0,0.0,0.0,0.0,0.0,0.0,0.0,0.0,0.0,0.0,0.0,0.0,0.0,0.0,0.0,0.0,0.0,0.0,0.0,0.0,0.0,0.0,0.0,0.0,0.0,0.0,0.0,0.0,0.0,0.0,0.0,0.0,0.0,0.0,0.0,0.0,0.0,0.0,0.0,0.0,0.0,0.0,0.0,0.0,0.0,0.0,0.0,0.0,0.0,0.0,0.0,0.0,0.0,0.0,0.0,0.0,0.0,0.0,0.0,0.0,0.0,0.0,0.0,0.0,0.0,0.0,0.0,0.0,0.0,0.0,0.0,0.0,0.0,0.0,0.0,0.0,0.0,0.0,0.0,0.0,0.0,0.0,0.0,0.0,0.0,0.0,0.0,0.0,0.0,0.0,0.0,0.0,0.0,0.0,0.0,0.01,0.01,0.01,0.02,0.02,0.03,0.04,0.06,0.08,0.11,0.14,0.18,0.24,0.3,0.38,0.47,0.57,0.69,0.83,0.99,1.17,1.36,1.56,1.78,2.01,2.25,2.49,2.73,2.96,3.19,3.4,3.6,3.78,3.93,4.05,4.15,4.21,4.25,4.26,4.24,4.19,4.13,4.05,3.95,3.86,3.76,3.67,3.59,3.53,3.49,3.48,3.5,3.55,3.63,3.74,3.88,4.04,4.23,4.44,4.66,4.91,5.18,5.49,5.84,6.27,6.8,7.48,8.35,9.46,10.89,12.71,15.0,17.84,21.32,25.52,30.49,36.3,42.97,50.51,58.88,68.02,77.84,88.19,98.91,109.8,120.64,131.21,141.29,150.67,159.18,166.67,173.07,178.33,182.48,185.59,187.79,189.25,190.17,190.75,191.21,191.75,192.54,193.72,195.39,197.59,200.32,203.54,207.15,211.03,215.04,218.99,222.72,226.02,228.72,230.64,231.62,231.53,230.25,227.68,223.78,218.53,211.94,204.05,194.97,184.82,173.75,161.94,149.6,136.93,124.16,111.5,99.15,87.27,76.04,65.56,55.92,47.2,39.4,32.53,26.57,21.45,17.13,13.52,10.55,8.14,6.21,4.68,3.49,2.57,1.87,1.35,0.96,0.67,0.47,0.32,0.22,0.15,0.1,0.06,0.04,0.03,0.02,0.01,0.01,0.0,0.0,0.0
0.0,0.0,0.0,0.0,0.0,0.0,0.0,0.0,0.0,0.0,0.0,0.0,0.0,0.0,0.0,0.0,0.0,0.0,0.0,0.0,0.0,0.0,0.0,0.0,0.0,0.0,0.0,0.0,0.0,0.0,0.0,0.0,0.0,0.0,0.0,0.0,0.0,0.0,0.0,0.0,0.0,0.0,0.0,0.0,0.0,0.0,0.0,0.0,0.0,0.0,0.0,0.0,0.0,0.0,0.0,0.0,0.0,0.0,0.0,0.0,0.0,0.0,0.0,0.0,0.0,0.0,0.0,0.0,0.0,0.0,0.0,0.0,0.0,0.0,0.0,0.0,0.0,0.0,0.0,0.0,0.0,0.0,0.0,0.0,0.0,0.0,0.0,0.0,0.0,0.0,0.0,0.0,0.0,0.0,0.0,0.0,0.0,0.0,0.0,0.0,0.0,0.0,0.0,0.0,0.0,0.0,0.0,0.0,0.0,0.0,0.0,0.0,0.0,0.0,0.0,0.0,0.0,0.0,0.0,0.0,0.0,0.0,0.0,0.0,0.0,0.0,0.0,0.0,0.0,0.0,0.0,0.0,0.01,0.01,0.01,0.02,0.02,0.03,0.04,0.06,0.08,0.11,0.14,0.19,0.25,0.32,0.4,0.5,0.62,0.77,0.93,1.12,1.33,1.56,1.82,2.09,2.38,2.69,3.01,3.33,3.65,3.97,4.27,4.56,4.82,5.06,5.26,5.42,5.55,5.64,5.69,5.7,5.67,5.61,5.53,5.42,5.29,5.16,5.03,4.91,4.8,4.72,4.67,4.66,4.68,4.75,4.85,5.0,5.18,5.39,5.63,5.89,6.17,6.46,6.78,7.12,7.51,7.96,8.5,9.18,10.04,11.15,12.57,14.39,16.7,19.57,23.1,27.36,32.45,38.4,45.25,53.01,61.64,71.09,81.25,91.98,103.11,114.43,125.72,136.75,147.29,157.14,166.11,174.06,180.9,186.59,191.16,194.68,197.3,199.18,200.51,201.53,202.44,203.44,204.71,206.39,208.57,211.29,214.54,218.27,222.39,226.75,231.21,235.57,239.65,243.26,246.2,248.29,249.36,249.27,247.89,245.14,240.96,235.32,228.24,219.77,210.02,199.1,187.2,174.51,161.23,147.6,133.86,120.23,106.92,94.13,82.02,70.72,60.34,50.93,42.52,35.11,28.68,23.16,18.49,14.6,11.4,8.79,6.71,5.06,3.77,2.78,2.02,1.46,1.04,0.73,0.51,0.35,0.24,0.16,0.1,0.07,0.04,0.03,0.02,0.01,0.01,0.0,0.0,0.0
0.0,0.0,0.0,0.0,0.0,0.0,0.0,0.0,0.0,0.0,0.0,0.0,0.0,0.0,0.0,0.0,0.0,0.0,0.0,0.0,0.0,0.0,0.0,0.0,0.0,0.0,0.0,0.0,0.0,0.0,0.0,0.0,0.0,0.0,0.0,0.0,0.0,0.0,0.0,0.0,0.0,0.0,0.0,0.0,0.0,0.0,0.0,0.0,0.0,0.0,0.0,0.0,0.0,0.0,0.0,0.0,0.0,0.0,0.0,0.0,0.0,0.0,0.0,0.0,0.0,0.0,0.0,0.0,0.0,0.0,0.0,0.0,0.0,0.0,0.0,0.0,0.0,0.0,0.0,0.0,0.0,0.0,0.0,0.0,0.0,0.0,0.0,0.0,0.0,0.0,0.0,0.0,0.0,0.0,0.0,0.0,0.0,0.0,0.0,0.0,0.0,0.0,0.0,0.0,0.0,0.0,0.0,0.0,0.0,0.0,0.0,0.0,0.0,0.0,0.0,0.0,0.0,0.0,0.0,0.0,0.0,0.0,0.0,0.0,0.0,0.0,0.0,0.0,0.0,0.0,0.0,0.0,0.01,0.01,0.01,0.02,0.03,0.04,0.06,0.08,0.11,0.14,0.19,0.25,0.33,0.42,0.53,0.67,0.83,1.01,1.23,1.48,1.76,2.06,2.4,2.77,3.15,3.56,3.98,4.4,4.83,5.25,5.65,6.03,6.38,6.69,6.95,7.18,7.35,7.46,7.53,7.54,7.5,7.43,7.31,7.17,7.0,6.83,6.65,6.49,6.35,6.24,6.18,6.16,6.19,6.27,6.41,6.6,6.84,7.11,7.41,7.74,8.09,8.44,8.81,9.2,9.61,10.08,10.63,11.29,12.13,13.21,14.6,16.39,18.66,21.5,25.02,29.31,34.43,40.44,47.4,55.29,64.1,73.77,84.17,95.19,106.63,118.28,129.94,141.35,152.28,162.52,171.89,180.24,187.48,193.57,198.54,202.47,205.5,207.8,209.57,211.03,212.4,213.88,215.64,217.82,220.51,223.73,227.49,231.71,236.3,241.11,245.98,250.71,255.12,259.0,262.15,264.38,265.53,265.43,263.97,261.04,256.6,250.61,243.08,234.09,223.73,212.13,199.48,185.98,171.85,157.35,142.72,128.21,114.03,100.41,87.5,75.46,64.39,54.35,45.38,37.48,30.61,24.72,19.74,15.59,12.17,9.39,7.16,5.4,4.03,2.97,2.16,1.55,1.11,0.78,0.54,0.37,0.25,0.17,0.11,0.07,0.05,0.03,0.02,0.01,0.01,0.0,0.0,0.0
0.0,0.0,0.0,0.0,0.0,0.0,0.0,0.0,0.0,0.0,0.0,0.0,0.0,0.0,0.0,0.0,0.0,0.0,0.0,0.0,0.0,0.0,0.0,0.0,0.0,0.0,0.0,0.0,0.0,0.0,0.0,0.0,0.0,0.0,0.0,0.0,0.0,0.0,0.0,0.0,0.0,0.0,0.0,0.0,0.0,0.0,0.0,0.0,0.0,0.0,0.0,0.0,0.0,0.0,0.0,0.0,0.0,0.0,0.0,0.0,0.0,0.0,0.0,0.0,0.0,0.0,0.0,0.0,0.0,0.0,0.0,0.0,0.0,0.0,0.0,0.0,0.0,0.0,0.0,0.0,0.0,0.0,0.0,0.0,0.0,0.0,0.0,0.0,0.0,0.0,0.0,0.0,0.0,0.0,0.0,0.0,0.0,0.0,0.0,0.0,0.0,0.0,0.0,0.0,0.0,0.0,0.0,0.0,0.0,0.0,0.0,0.0,0.0,0.0,0.0,0.0,0.0,0.0,0.0,0.0,0.0,0.0,0.0,0.0,0.0,0.0,0.0,0.0,0.0,0.0,0.0,0.01,0.01,0.01,0.02,0.03,0.04,0.05,0.07,0.1,0.14,0.19,0.25,0.33,0.43,0.55,0.69,0.87,1.08,1.32,1.61,1.93,2.29,2.7,3.14,3.62,4.12,4.65,5.2,5.76,6.31,6.86,7.38,7.88,8.33,8.74,9.09,9.38,9.6,9.75,9.84,9.85,9.81,9.71,9.55,9.37,9.15,8.92,8.7,8.48,8.3,8.16,8.07,8.05,8.09,8.2,8.37,8.62,8.92,9.27,9.66,10.07,10.5,10.93,11.36,11.8,12.25,12.73,13.27,13.91,14.71,15.73,17.05,18.75,20.94,23.7,27.15,31.38,36.46,42.46,49.43,57.37,66.25,76.03,86.58,97.77,109.41,121.3,133.21,144.9,156.13,166.69,176.39,185.07,192.66,199.11,204.46,208.77,212.2,214.91,217.11,219.01,220.84,222.79,225.04,227.7,230.87,234.58,238.81,243.48,248.5,253.71,258.94,264.0,268.68,272.79,276.11,278.46,279.66,279.55,278.0,274.93,270.25,263.95,256.05,246.6,235.71,223.52,210.22,196.02,181.16,165.9,150.5,135.21,120.28,105.92,92.32,79.63,67.95,57.37,47.91,39.57,32.32,26.1,20.85,16.46,12.85,9.92,7.57,5.71,4.25,3.13,2.28,1.64,1.17,0.82,0.57,0.39,0.27,0.18,0.12,0.08,0.05,0.03,0.02,0.01,0.01,0.0,0.0,0.0
0.0,0.0,0.0,0.0,0.0,0.0,0.0,0.0,0.0,0.0,0.0,0.0,0.0,0.0,0.0,0.0,0.0,0.0,0.0,0.0,0.0,0.0,0.0,0.0,0.0,0.0,0.0,0.0,0.0,0.0,0.0,0.0,0.0,0.0,0.0,0.0,0.0,0.0,0.0,0.0,0.0,0.0,0.0,0.0,0.0,0.0,0.0,0.0,0.0,0.0,0.0,0.0,0.0,0.0,0.0,0.0,0.0,0.0,0.0,0.0,0.0,0.0,0.0,0.0,0.0,0.0,0.0,0.0,0.0,0.0,0.0,0.0,0.0,0.0,0.0,0.0,0.0,0.0,0.0,0.0,0.0,0.0,0.0,0.0,0.0,0.0,0.0,0.0,0.0,0.0,0.0,0.0,0.0,0.0,0.0,0.0,0.0,0.0,0.0,0.0,0.0,0.0,0.0,0.0,0.0,0.0,0.0,0.0,0.0,0.0,0.0,0.0,0.0,0.0,0.0,0.0,0.0,0.0,0.0,0.0,0.0,0.0,0.0,0.0,0.0,0.0,0.0,0.0,0.0,0.0,0.0,0.01,0.01,0.02,0.02,0.03,0.05,0.07,0.1,0.13,0.18,0.24,0.32,0.42,0.55,0.71,0.89,1.12,1.39,1.71,2.08,2.49,2.96,3.48,4.06,4.67,5.32,6.01,6.72,7.44,8.15,8.86,9.54,10.18,10.76,11.29,11.74,12.11,12.4,12.6,12.71,12.73,12.67,12.54,12.34,12.1,11.82,11.52,11.23,10.96,10.72,10.54,10.42,10.39,10.44,10.58,10.81,11.12,11.51,11.95,12.44,12.96,13.48,14.01,14.52,15.01,15.5,15.99,16.52,17.12,17.85,18.78,19.98,21.56,23.6,26.23,29.53,33.62,38.57,44.47,51.35,59.23,68.09,77.86,88.44,99.69,111.42,123.43,135.49,147.35,158.78,169.56,179.5,188.45,196.33,203.09,208.76,213.43,217.23,220.33,222.94,225.28,227.55,229.95,232.65,235.77,239.39,243.53,248.17,253.25,258.63,264.17,269.7,275.02,279.93,284.21,287.67,290.1,291.33,291.2,289.58,286.37,281.51,274.96,266.74,256.92,245.6,232.93,219.1,204.33,188.87,172.99,156.96,141.04,125.48,110.52,96.34,83.1,70.93,59.88,50.01,41.31,33.75,27.26,21.77,17.19,13.42,10.36,7.9,5.96,4.44,3.27,2.38,1.72,1.22,0.86,0.6,0.41,0.28,0.19,0.12,0.08,0.05,0.03,0.02,0.01,0.01,0.0,0.0,0.0
0.0,0.0,0.0,0.0,0.0,0.0,0.0,0.0,0.0,0.0,0.0,0.0,0.0,0.0,0.0,0.0,0.0,0.0,0.0,0.0,0.0,0.0,0.0,0.0,0.0,0.0,0.0,0.0,0.0,0.0,0.0,0.0,0.0,0.0,0.0,0.0,0.0,0.0,0.0,0.0,0.0,0.0,0.0,0.0,0.0,0.0,0.0,0.0,0.0,0.0,0.0,0.0,0.0,0.0,0.0,0.0,0.0,0.0,0.0,0.0,0.0,0.0,0.0,0.0,0.0,0.0,0.0,0.0,0.0,0.0,0.0,0.0,0.0,0.0,0.0,0.0,0.0,0.0,0.0,0.0,0.0,0.0,0.0,0.0,0.0,0.0,0.0,0.0,0.0,0.0,0.0,0.0,0.0,0.0,0.0,0.0,0.0,0.0,0.0,0.0,0.0,0.0,0.0,0.0,0.0,0.0,0.0,0.0,0.0,0.0,0.0,0.0,0.0,0.0,0.0,0.0,0.0,0.0,0.0,0.0,0.0,0.0,0.0,0.0,0.0,0.0,0.0,0.0,0.0,0.0,0.01,0.01,0.01,0.02,0.03,0.04,0.06,0.09,0.12,0.17,0.23,0.31,0.41,0.54,0.7,0.9,1.14,1.43,1.78,2.18,2.65,3.18,3.78,4.45,5.18,5.96,6.8,7.67,8.57,9.49,10.41,11.31,12.17,12.99,13.74,14.41,14.98,15.46,15.83,16.08,16.22,16.24,16.17,16.0,15.75,15.44,15.08,14.71,14.33,13.98,13.68,13.45,13.3,13.26,13.32,13.5,13.79,14.19,14.67,15.23,15.85,16.49,17.14,17.77,18.38,18.94,19.47,19.97,20.47,21.01,21.65,22.45,23.49,24.89,26.73,29.14,32.22,36.08,40.82,46.51,53.2,60.91,69.61,79.26,89.75,100.93,112.63,124.64,136.73,148.65,160.17,171.07,181.16,190.3,198.39,205.4,211.35,216.33,220.46,223.92,226.91,229.64,232.32,235.14,238.25,241.78,245.8,250.32,255.32,260.71,266.39,272.2,277.95,283.47,288.52,292.92,296.46,298.94,300.18,300.02,298.34,295.03,290.02,283.28,274.84,264.74,253.1,240.08,225.85,210.66,194.75,178.4,161.89,145.49,129.47,114.04,99.42,85.78,73.22,61.83,51.64,42.66,34.85,28.15,22.49,17.76,13.87,10.7,8.17,6.16,4.59,3.38,2.46,1.77,1.26,0.89,0.62,0.42,0.29,0.19,0.13,0.08,0.05,0.03,0.02,0.01,0.01,0.01,0.0,0.0
0.0,0.0,0.0,0.0,0.0,0.0,0.0,0.0,0.0,0.0,0.0,0.0,0.0,0.0,0.0,0.0,0.0,0.0,0.0,0.0,0.0,0.0,0.0,0.0,0.0,0.0,0.0,0.0,0.0,0.0,0.0,0.0,0.0,0.0,0.0,0.0,0.0,0.0,0.0,0.0,0.0,0.0,0.0,0.0,0.0,0.0,0.0,0.0,0.0,0.0,0.0,0.0,0.0,0.0,0.0,0.0,0.0,0.0,0.0,0.0,0.0,0.0,0.0,0.0,0.0,0.0,0.0,0.0,0.0,0.0,0.0,0.0,0.0,0.0,0.0,0.0,0.0,0.0,0.0,0.0,0.0,0.0,0.0,0.0,0.0,0.0,0.0,0.0,0.0,0.0,0.0,0.0,0.0,0.0,0.0,0.0,0.0,0.0,0.0,0.0,0.0,0.0,0.0,0.0,0.0,0.0,0.0,0.0,0.0,0.0,0.0,0.0,0.0,0.0,0.0,0.0,0.0,0.0,0.0,0.0,0.0,0.0,0.0,0.0,0.0,0.0,0.0,0.0,0.0,0.01,0.01,0.01,0.02,0.03,0.04,0.06,0.08,0.11,0.16,0.21,0.29,0.39,0.52,0.68,0.88,1.14,1.44,1.81,2.24,2.75,3.34,4.01,4.77,5.61,6.53,7.52,8.57,9.67,10.81,11.97,13.13,14.26,15.35,16.38,17.33,18.17,18.9,19.5,19.96,20.28,20.45,20.49,20.39,20.18,19.86,19.47,19.02,18.55,18.08,17.64,17.26,16.96,16.78,16.72,16.8,17.03,17.39,17.88,18.49,19.19,19.95,20.75,21.54,22.31,23.03,23.67,24.25,24.76,25.22,25.68,26.19,26.82,27.66,28.81,30.39,32.5,35.28,38.82,43.24,48.62,55.0,62.42,70.86,80.26,90.52,101.51,113.05,124.93,136.92,148.78,160.27,171.19,181.34,190.57,198.8,205.98,212.15,217.38,221.8,225.57,228.9,231.98,235.02,238.21,241.68,245.56,249.91,254.74,260.01,265.65,271.54,277.53,283.43,289.05,294.19,298.65,302.22,304.7,305.93,305.74,304.01,300.62,295.51,288.66,280.07,269.8,257.97,244.72,230.26,214.8,198.61,181.97,165.15,148.45,132.11,116.39,101.49,87.57,74.75,63.13,52.74,43.57,35.6,28.76,22.97,18.14,14.17,10.94,8.34,6.29,4.69,3.46,2.52,1.81,1.29,0.91,0.63,0.43,0.29,0.2,0.13,0.09,0.06,0.04,0.02,0.01,0.01,0.01,0.0,0.0
0.0,0.0,0.0,0.0,0.0,0.0,0.0,0.0,0.0,0.0,0.0,0.0,0.0,0.0,0.0,0.0,0.0,0.0,0.0,0.0,0.0,0.0,0.0,0.0,0.0,0.0,0.0,0.0,0.0,0.0,0.0,0.0,0.0,0.0,0.0,0.0,0.0,0.0,0.0,0.0,0.0,0.0,0.0,0.0,0.0,0.0,0.0,0.0,0.0,0.0,0.0,0.0,0.0,0.0,0.0,0.0,0.0,0.0,0.0,0.0,0.0,0.0,0.0,0.0,0.0,0.0,0.0,0.0,0.0,0.0,0.0,0.0,0.0,0.0,0.0,0.0,0.0,0.0,0.0,0.0,0.0,0.0,0.0,0.0,0.0,0.0,0.0,0.0,0.0,0.0,0.0,0.0,0.0,0.0,0.0,0.0,0.0,0.0,0.0,0.0,0.0,0.0,0.0,0.0,0.0,0.0,0.0,0.0,0.0,0.0,0.0,0.0,0.0,0.0,0.0,0.0,0.0,0.0,0.0,0.0,0.0,0.0,0.0,0.0,0.0,0.0,0.0,0.0,0.0,0.01,0.01,0.02,0.02,0.03,0.05,0.07,0.1,0.14,0.19,0.27,0.36,0.49,0.65,0.85,1.1,1.41,1.8,2.25,2.8,3.43,4.17,5.0,5.95,6.99,8.14,9.37,10.68,12.06,13.48,14.92,16.36,17.77,19.13,20.41,21.59,22.65,23.55,24.3,24.88,25.27,25.49,25.53,25.41,25.15,24.76,24.27,23.71,23.12,22.53,21.98,21.51,21.14,20.91,20.84,20.94,21.22,21.67,22.28,23.04,23.9,24.84,25.81,26.78,27.7,28.55,29.29,29.92,30.44,30.85,31.21,31.56,31.98,32.56,33.41,34.64,36.38,38.76,41.89,45.89,50.84,56.8,63.81,71.85,80.87,90.78,101.45,112.69,124.3,136.07,147.75,159.1,169.92,180.02,189.26,197.54,204.82,211.14,216.55,221.2,225.23,228.84,232.22,235.57,239.06,242.83,246.99,251.59,256.64,262.11,267.91,273.92,279.99,285.95,291.61,296.76,301.21,304.75,307.21,308.4,308.17,306.4,302.97,297.82,290.91,282.27,271.95,260.05,246.72,232.17,216.62,200.32,183.56,166.63,149.8,133.33,117.48,102.45,88.41,75.49,63.76,53.27,44.01,35.96,29.06,23.21,18.33,14.32,11.05,8.43,6.36,4.74,3.49,2.55,1.83,1.3,0.92,0.64,0.44,0.3,0.2,0.13,0.09,0.06,0.04,0.02,0.01,0.01,0.01,0.0,0.0
0.0,0.0,0.0,0.0,0.0,0.0,0.0,0.0,0.0,0.0,0.0,0.0,0.0,0.0,0.0,0.0,0.01,0.01,0.02,0.02,0.02,0.02,0.02,0.01,0.01,0.0,0.0,0.0,0.0,0.0,0.0,0.0,0.0,0.0,0.0,0.0,0.0,0.0,0.0,0.0,0.0,0.0,0.0,0.0,0.0,0.0,0.0,0.0,0.0,0.0,0.0,0.0,0.0,0.0,0.0,0.0,0.0,0.0,0.0,0.0,0.0,0.0,0.0,0.0,0.0,0.0,0.0,0.0,0.0,0.0,0.0,0.0,0.0,0.0,0.0,0.0,0.0,0.0,0.0,0.0,0.0,0.0,0.0,0.0,0.0,0.0,0.0,0.0,0.0,0.0,0.0,0.0,0.0,0.0,0.0,0.0,0.0,0.0,0.0,0.0,0.0,0.0,0.0,0.0,0.0,0.0,0.0,0.0,0.0,0.0,0.0,0.0,0.0,0.0,0.0,0.0,0.0,0.0,0.0,0.0,0.0,0.0,0.0,0.0,0.0,0.0,0.0,0.0,0.01,0.01,0.01,0.02,0.03,0.04,0.06,0.09,0.12,0.17,0.24,0.33,0.45,0.6,0.8,1.05,1.36,1.74,2.21,2.77,3.44,4.23,5.13,6.16,7.32,8.61,10.02,11.54,13.15,14.85,16.6,18.37,20.15,21.89,23.56,25.14,26.59,27.89,29.01,29.93,30.64,31.12,31.39,31.45,31.3,30.97,30.49,29.88,29.2,28.47,27.75,27.07,26.49,26.04,25.75,25.66,25.78,26.12,26.68,27.43,28.36,29.41,30.56,31.74,32.92,34.02,35.02,35.88,36.56,37.08,37.44,37.67,37.83,38.0,38.26,38.74,39.55,40.84,42.72,45.34,48.81,53.22,58.64,65.11,72.63,81.14,90.57,100.77,111.59,122.81,134.22,145.59,156.69,167.31,177.26,186.4,194.64,201.95,208.33,213.87,218.67,222.9,226.73,230.35,233.93,237.66,241.65,246.01,250.78,255.97,261.54,267.4,273.45,279.52,285.45,291.05,296.14,300.51,303.99,306.37,307.51,307.24,305.43,302.0,296.85,289.98,281.37,271.1,259.27,246.02,231.54,216.06,199.84,183.15,166.28,149.5,133.09,117.29,102.3,88.29,75.39,63.68,53.21,43.97,35.93,29.03,23.2,18.32,14.31,11.05,8.43,6.36,4.74,3.49,2.54,1.83,1.3,0.92,0.64,0.44,0.3,0.2,0.13,0.09,0.06,0.04,0.02,0.01,0.01,0.01,0.0,0.0
0.0,0.0,0.0,0.0,0.0,0.0,0.0,0.0,0.0,0.0,0.0,0.0,0.0,0.0,0.01,0.02,0.03,0.05,0.06,0.08,0.08,0.08,0.06,0.05,0.03,0.02,0.01,0.0,0.0,0.0,0.0,0.0,0.0,0.0,0.0,0.0,0.0,0.0,0.0,0.0,0.0,0.0,0.0,0.0,0.0,0.0,0.0,0.0,0.0,0.0,0.0,0.0,0.0,0.0,0.0,0.0,0.0,0.0,0.0,0.0,0.0,0.0,0.0,0.0,0.0,0.0,0.0,0.0,0.0,0.0,0.0,0.0,0.0,0.0,0.0,0.0,0.0,0.0,0.0,0.0,0.0,0.0,0.0,0.0,0.0,0.0,0.0,0.0,0.0,0.0,0.0,0.0,0.0,0.0,0.0,0.0,0.0,0.0,0.0,0.0,0.0,0.0,0.0,0.0,0.0,0.0,0.0,0.0,0.0,0.0,0.0,0.0,0.0,0.0,0.0,0.0,0.0,0.0,0.0,0.0,0.0,0.0,0.0,0.0,0.0,0.0,0.0,0.0,0.01,0.01,0.02,0.02,0.03,0.05,0.07,0.1,0.15,0.21,0.29,0.4,0.54,0.73,0.97,1.27,1.65,2.12,2.69,3.38,4.19,5.14,6.24,7.5,8.91,10.48,12.19,14.04,16.01,18.07,20.2,22.36,24.52,26.64,28.67,30.6,32.36,33.94,35.3,36.42,37.28,37.88,38.2,38.27,38.09,37.69,37.1,36.37,35.53,34.65,33.77,32.94,32.23,31.68,31.34,31.23,31.38,31.79,32.46,33.38,34.5,35.78,37.16,38.59,39.99,41.31,42.49,43.47,44.22,44.74,45.03,45.11,45.05,44.91,44.81,44.85,45.17,45.91,47.21,49.21,52.03,55.79,60.55,66.37,73.23,81.11,89.92,99.54,109.79,120.5,131.44,142.38,153.11,163.41,173.11,182.06,190.18,197.42,203.79,209.37,214.27,218.62,222.61,226.39,230.15,234.03,238.17,242.64,247.5,252.73,258.31,264.15,270.13,276.11,281.92,287.4,292.35,296.59,299.94,302.23,303.29,302.97,301.15,297.74,292.66,285.88,277.41,267.31,255.66,242.62,228.38,213.14,197.17,180.73,164.11,147.58,131.4,115.81,101.03,87.2,74.47,62.92,52.57,43.45,35.51,28.69,22.93,18.11,14.14,10.92,8.33,6.29,4.69,3.45,2.52,1.81,1.29,0.91,0.63,0.43,0.29,0.2,0.13,0.09,0.06,0.04,0.02,0.01,0.01,0.01,0.0,0.0
0.0,0.0,0.0,0.0,0.0,0.0,0.0,0.0,0.0,0.0,0.0,0.0,0.01,0.02,0.03,0.06,0.11,0.17,0.22,0.26,0.28,0.26,0.22,0.17,0.11,0.06,0.03,0.02,0.01,0.0,0.0,0.0,0.0,0.0,0.0,0.0,0.0,0.0,0.0,0.0,0.0,0.0,0.0,0.0,0.0,0.0,0.0,0.0,0.0,0.0,0.0,0.0,0.0,0.0,0.0,0.0,0.0,0.0,0.0,0.0,0.0,0.0,0.0,0.0,0.0,0.0,0.0,0.0,0.0,0.0,0.0,0.0,0.0,0.0,0.0,0.0,0.0,0.0,0.0,0.0,0.0,0.0,0.0,0.0,0.0,0.0,0.0,0.0,0.0,0.0,0.0,0.0,0.0,0.0,0.0,0.0,0.0,0.0,0.0,0.0,0.0,0.0,0.0,0.0,0.0,0.0,0.0,0.0,0.0,0.0,0.0,0.0,0.0,0.0,0.0,0.0,0.0,0.0,0.0,0.0,0.0,0.0,0.0,0.0,0.0,0.0,0.0,0.0,0.01,0.01,0.02,0.03,0.04,0.06,0.09,0.13,0.18,0.25,0.35,0.48,0.65,0.88,1.17,1.53,1.99,2.55,3.24,4.06,5.04,6.18,7.51,9.02,10.72,12.6,14.66,16.89,19.25,21.73,24.29,26.89,29.48,32.03,34.48,36.79,38.92,40.82,42.45,43.8,44.83,45.55,45.94,46.02,45.81,45.32,44.62,43.74,42.73,41.67,40.61,39.62,38.76,38.1,37.69,37.55,37.73,38.23,39.03,40.13,41.47,43.01,44.66,46.37,48.04,49.59,50.96,52.09,52.92,53.44,53.64,53.56,53.23,52.75,52.22,51.76,51.51,51.61,52.24,53.52,55.6,58.59,62.58,67.62,73.71,80.83,88.91,97.81,107.39,117.45,127.8,138.2,148.45,158.33,167.68,176.35,184.25,191.34,197.64,203.19,208.11,212.52,216.58,220.46,224.31,228.28,232.48,236.98,241.83,247.03,252.53,258.24,264.07,269.87,275.49,280.77,285.52,289.57,292.76,294.91,295.87,295.51,293.7,290.34,285.37,278.76,270.52,260.68,249.35,236.66,222.79,207.96,192.4,176.39,160.2,144.08,128.31,113.1,98.68,85.19,72.76,61.48,51.38,42.46,34.71,28.05,22.41,17.71,13.83,10.68,8.15,6.15,4.58,3.38,2.46,1.77,1.26,0.89,0.62,0.42,0.29,0.19,0.13,0.08,0.05,0.03,0.02,0.01,0.01,0.01,0.0,0.0
0.0,0.0,0.0,0.0,0.0,0.0,0.0,0.0,0.0,0.0,0.0,0.01,0.02,0.05,0.1,0.2,0.33,0.5,0.68,0.81,0.86,0.81,0.68,0.5,0.33,0.2,0.1,0.05,0.02,0.01,0.0,0.0,0.0,0.0,0.0,0.0,0.0,0.0,0.0,0.0,0.0,0.0,0.0,0.0,0.0,0.0,0.0,0.0,0.0,0.0,0.0,0.0,0.0,0.0,0.0,0.0,0.0,0.0,0.0,0.0,0.0,0.0,0.0,0.0,0.0,0.0,0.0,0.0,0.0,0.0,0.0,0.0,0.0,0.0,0.0,0.0,0.0,0.0,0.0,0.0,0.0,0.0,0.0,0.0,0.0,0.0,0.0,0.0,0.0,0.0,0.0,0.0,0.0,0.0,0.0,0.0,0.0,0.0,0.0,0.0,0.0,0.0,0.0,0.0,0.0,0.0,0.0,0.0,0.0,0.0,0.0,0.0,0.0,0.0,0.0,0.0,0.0,0.0,0.0,0.0,0.0,0.0,0.0,0.0,0.0,0.0,0.0,0.01,0.01,0.01,0.02,0.03,0.05,0.07,0.1,0.15,0.21,0.3,0.42,0.57,0.78,1.04,1.39,1.82,2.36,3.03,3.85,4.83,5.99,7.35,8.92,10.72,12.74,14.97,17.42,20.07,22.88,25.82,28.86,31.95,35.04,38.06,40.98,43.72,46.25,48.5,50.45,52.05,53.28,54.13,54.6,54.69,54.43,53.86,53.02,51.97,50.78,49.51,48.25,47.08,46.06,45.28,44.78,44.63,44.84,45.42,46.38,47.68,49.27,51.09,53.05,55.06,57.03,58.85,60.44,61.73,62.65,63.16,63.27,62.99,62.38,61.51,60.49,59.46,58.57,57.96,57.82,58.29,59.53,61.65,64.76,68.9,74.11,80.36,87.58,95.66,104.44,113.76,123.4,133.16,142.83,152.2,161.1,169.4,177.01,183.88,190.01,195.47,200.33,204.73,208.8,212.7,216.58,220.55,224.73,229.19,233.96,239.03,244.36,249.88,255.47,261.02,266.37,271.37,275.86,279.68,282.66,284.65,285.51,285.1,283.31,280.04,275.23,268.85,260.91,251.44,240.53,228.32,214.97,200.68,185.7,170.28,154.66,139.13,123.92,109.25,95.33,82.31,70.31,59.41,49.66,41.05,33.55,27.12,21.67,17.12,13.37,10.33,7.88,5.95,4.43,3.27,2.38,1.71,1.22,0.86,0.6,0.41,0.28,0.19,0.12,0.08,0.05,0.03,0.02,0.01,0.01,0.01,0.0,0.0
0.0,0.0,0.0,0.0,0.0,0.0,0.0,0.0,0.0,0.0,0.01,0.02,0.05,0.13,0.28,0.53,0.91,1.37,1.84,2.19,2.32,2.19,1.84,1.37,0.91,0.53,0.28,0.13,0.05,0.02,0.01,0.0,0.0,0.0,0.0,0.0,0.0,0.0,0.0,0.0,0.0,0.0,0.0,0.0,0.0,0.0,0.0,0.0,0.0,0.0,0.0,0.0,0.0,0.0,0.0,0.0,0.0,0.0,0.0,0.0,0.0,0.0,0.0,0.0,0.0,0.0,0.0,0.0,0.0,0.0,0.0,0.0,0.0,0.0,0.0,0.0,0.0,0.0,0.0,0.0,0.0,0.0,0.0,0.0,0.0,0.0,0.0,0.0,0.0,0.0,0.0,0.0,0.0,0.0,0.0,0.0,0.0,0.0,0.0,0.0,0.0,0.0,0.0,0.0,0.0,0.0,0.0,0.0,0.0,0.0,0.0,0.0,0.0,0.0,0.0,0.0,0.0,0.0,0.0,0.0,0.0,0.0,0.0,0.0,0.0,0.0,0.0,0.01,0.01,0.02,0.03,0.04,0.06,0.08,0.12,0.18,0.25,0.35,0.49,0.67,0.91,1.23,1.63,2.14,2.77,3.56,4.52,5.67,7.03,8.63,10.48,12.59,14.96,17.58,20.46,23.57,26.87,30.33,33.9,37.52,41.14,44.7,48.12,51.34,54.31,56.96,59.24,61.12,62.56,63.56,64.11,64.22,63.92,63.25,62.26,61.03,59.63,58.14,56.66,55.28,54.09,53.17,52.59,52.4,52.65,53.34,54.46,55.99,57.85,59.98,62.27,64.62,66.92,69.03,70.87,72.33,73.34,73.85,73.86,73.37,72.43,71.13,69.58,67.92,66.32,64.93,63.93,63.51,63.81,64.96,67.09,70.25,74.47,79.75,86.01,93.16,101.06,109.52,118.37,127.39,136.39,145.16,153.54,161.39,168.63,175.21,181.12,186.4,191.15,195.47,199.49,203.34,207.17,211.08,215.17,219.5,224.11,228.98,234.06,239.3,244.59,249.81,254.84,259.51,263.69,267.23,269.98,271.79,272.53,272.07,270.31,267.16,262.56,256.47,248.89,239.87,229.49,217.86,205.15,191.55,177.27,162.57,147.69,132.88,118.37,104.37,91.09,78.66,67.2,56.79,47.47,39.25,32.08,25.94,20.73,16.38,12.79,9.88,7.54,5.69,4.24,3.13,2.28,1.64,1.17,0.82,0.57,0.39,0.27,0.18,0.12,0.08,0.05,0.03,0.02,0.01,0.01,0.0,0.0,0.0
0.0,0.0,0.0,0.0,0.0,0.0,0.0,0.0,0.0,0.0,0.02,0.05,0.13,0.32,0.68,1.29,2.19,3.31,4.44,5.29,5.61,5.29,4.44,3.31,2.19,1.29,0.68,0.32,0.13,0.05,0.02,0.0,0.0,0.0,0.0,0.0,0.0,0.0,0.0,0.0,0.0,0.0,0.0,0.0,0.0,0.0,0.0,0.0,0.0,0.0,0.0,0.0,0.0,0.0,0.0,0.0,0.0,0.0,0.0,0.0,0.0,0.0,0.0,0.0,0.0,0.0,0.0,0.0,0.0,0.0,0.0,0.0,0.0,0.0,0.0,0.0,0.0,0.0,0.0,0.0,0.0,0.0,0.0,0.0,0.0,0.0,0.0,0.0,0.0,0.0,0.0,0.0,0.0,0.0,0.0,0.0,0.0,0.0,0.0,0.0,0.0,0.0,0.0,0.0,0.0,0.0,0.0,0.0,0.0,0.0,0.0,0.0,0.0,0.0,0.0,0.0,0.0,0.0,0.0,0.0,0.0,0.0,0.0,0.0,0.0,0.0,0.01,0.01,0.01,0.02,0.03,0.04,0.07,0.1,0.14,0.2,0.29,0.41,0.57,0.78,1.06,1.42,1.89,2.48,3.22,4.13,5.24,6.58,8.16,10.02,12.16,14.61,17.36,20.41,23.74,27.35,31.18,35.19,39.33,43.54,47.74,51.87,55.84,59.58,63.02,66.09,68.74,70.92,72.6,73.76,74.39,74.52,74.17,73.39,72.25,70.82,69.19,67.47,65.75,64.15,62.77,61.7,61.02,60.81,61.09,61.89,63.19,64.96,67.12,69.59,72.24,74.96,77.6,80.04,82.13,83.78,84.89,85.41,85.3,84.57,83.29,81.52,79.4,77.06,74.68,72.44,70.53,69.13,68.41,68.52,69.58,71.67,74.82,79.04,84.26,90.4,97.32,104.86,112.83,121.04,129.29,137.39,145.17,152.52,159.33,165.54,171.17,176.23,180.8,184.98,188.89,192.64,196.35,200.13,204.06,208.21,212.58,217.17,221.95,226.85,231.77,236.61,241.25,245.56,249.39,252.62,255.1,256.71,257.33,256.83,255.12,252.11,247.74,241.99,234.84,226.34,216.56,205.61,193.64,180.83,167.38,153.52,139.49,125.52,111.83,98.63,86.08,74.35,63.53,53.7,44.89,37.12,30.35,24.53,19.61,15.5,12.11,9.35,7.14,5.39,4.02,2.96,2.16,1.55,1.11,0.78,0.54,0.37,0.25,0.17,0.11,0.07,0.05,0.03,0.02,0.01,0.01,0.0,0.0,0.0
0.0,0.0,0.0,0.0,0.0,0.0,0.0,0.0,0.0,0.01,0.03,0.1,0.28,0.68,1.45,2.77,4.71,7.1,9.53,11.36,12.05,11.36,9.53,7.1,4.71,2.77,1.45,0.68,0.28,0.1,0.03,0.01,0.0,0.0,0.0,0.0,0.0,0.0,0.0,0.0,0.0,0.0,0.0,0.0,0.0,0.0,0.0,0.0,0.0,0.0,0.0,0.0,0.0,0.0,0.0,0.0,0.0,0.0,0.0,0.0,0.0,0.0,0.0,0.0,0.0,0.0,0.0,0.0,0.0,0.0,0.0,0.0,0.0,0.0,0.0,0.0,0.0,0.0,0.0,0.0,0.0,0.0,0.0,0.0,0.0,0.0,0.0,0.0,0.0,0.0,0.0,0.0,0.0,0.0,0.0,0.0,0.0,0.0,0.0,0.0,0.0,0.0,0.0,0.0,0.0,0.0,0.0,0.0,0.0,0.0,0.0,0.0,0.0,0.0,0.0,0.0,0.0,0.0,0.0,0.0,0.0,0.0,0.0,0.0,0.0,0.0,0.01,0.01,0.01,0.02,0.03,0.05,0.08,0.11,0.16,0.23,0.33,0.47,0.65,0.9,1.22,1.63,2.17,2.85,3.69,4.74,6.01,7.54,9.36,11.49,13.95,16.75,19.9,23.4,27.23,31.36,35.75,40.35,45.1,49.93,54.75,59.48,64.03,68.32,72.26,75.79,78.82,81.32,83.25,84.58,85.31,85.45,85.05,84.16,82.85,81.21,79.34,77.36,75.39,73.56,71.97,70.75,69.97,69.72,70.05,70.97,72.46,74.48,76.96,79.78,82.82,85.92,88.94,91.71,94.08,95.93,97.15,97.66,97.43,96.47,94.81,92.55,89.82,86.76,83.56,80.42,77.53,75.09,73.3,72.3,72.23,73.17,75.19,78.27,82.39,87.45,93.33,99.88,106.92,114.25,121.7,129.07,136.22,143.0,149.32,155.13,160.42,165.21,169.56,173.55,177.29,180.87,184.42,188.02,191.74,195.63,199.71,203.98,208.39,212.9,217.4,221.82,226.03,229.93,233.38,236.27,238.48,239.88,240.36,239.83,238.17,235.32,231.22,225.84,219.17,211.25,202.13,191.93,180.78,168.84,156.31,143.4,130.31,117.28,104.51,92.18,80.47,69.51,59.41,50.22,41.99,34.72,28.39,22.96,18.35,14.51,11.33,8.76,6.69,5.05,3.76,2.78,2.02,1.46,1.04,0.73,0.51,0.35,0.24,0.16,0.11,0.07,0.04,0.03,0.02,0.01,0.01,0.0,0.0,0.0
0.0,0.0,0.0,0.0,0.0,0.0,0.0,0.0,0.0,0.02,0.06,0.2,0.53,1.29,2.77,5.29,8.98,13.56,18.19,21.69,23.01,21.69,18.19,13.56,8.98,5.29,2.77,1.29,0.53,0.2,0.06,0.02,0.0,0.0,0.0,0.0,0.0,0.0,0.0,0.0,0.0,0.0,0.0,0.0,0.0,0.0,0.0,0.0,0.0,0.0,0.0,0.0,0.0,0.0,0.0,0.0,0.0,0.0,0.0,0.0,0.0,0.0,0.0,0.0,0.0,0.0,0.0,0.0,0.0,0.0,0.0,0.0,0.0,0.0,0.0,0.0,0.0,0.0,0.0,0.0,0.0,0.0,0.0,0.0,0.0,0.0,0.0,0.0,0.0,0.0,0.0,0.0,0.0,0.0,0.0,0.0,0.0,0.0,0.0,0.0,0.0,0.0,0.0,0.0,0.0,0.0,0.0,0.0,0.0,0.0,0.0,0.0,0.0,0.0,0.0,0.0,0.0,0.0,0.0,0.0,0.0,0.0,0.0,0.0,0.0,0.0,0.01,0.01,0.02,0.03,0.04,0.06,0.09,0.13,0.19,0.27,0.38,0.53,0.74,1.02,1.38,1.85,2.46,3.23,4.19,5.37,6.81,8.55,10.61,13.02,15.8,18.98,22.55,26.52,30.85,35.53,40.51,45.73,51.11,56.57,62.03,67.39,72.55,77.41,81.88,85.87,89.32,92.15,94.33,95.83,96.66,96.83,96.37,95.36,93.87,92.02,89.9,87.66,85.43,83.35,81.55,80.16,79.28,79.0,79.37,80.41,82.1,84.39,87.2,90.39,93.82,97.33,100.74,103.86,106.52,108.58,109.91,110.42,110.06,108.84,106.8,104.03,100.66,96.85,92.8,88.72,84.81,81.3,78.38,76.23,74.98,74.74,75.57,77.49,80.45,84.39,89.19,94.7,100.77,107.19,113.8,120.41,126.87,133.05,138.86,144.24,149.15,153.63,157.72,161.48,165.0,168.38,171.72,175.08,178.54,182.13,185.88,189.78,193.78,197.85,201.9,205.86,209.62,213.08,216.13,218.67,220.59,221.77,222.12,221.55,219.96,217.28,213.47,208.48,202.32,195.02,186.62,177.22,166.94,155.94,144.39,132.48,120.41,108.39,96.6,85.22,74.41,64.29,54.95,46.46,38.86,32.14,26.28,21.26,17.0,13.44,10.5,8.11,6.2,4.68,3.49,2.57,1.88,1.35,0.96,0.68,0.47,0.32,0.22,0.15,0.1,0.06,0.04,0.03,0.02,0.01,0.01,0.0,0.0,0.0
0.0,0.0,0.0,0.0,0.0,0.0,0.0,0.0,0.01,0.03,0.11,0.33,0.91,2.19,4.71,8.98,15.25,23.01,30.87,36.82,39.05,36.82,30.87,23.01,15.25,8.98,4.71,2.19,0.91,0.33,0.11,0.03,0.01,0.0,0.0,0.0,0.0,0.0,0.0,0.0,0.0,0.0,0.0,0.0,0.0,0.0,0.0,0.0,0.0,0.0,0.0,0.0,0.0,0.0,0.0,0.0,0.0,0.0,0.0,0.0,0.0,0.0,0.0,0.0,0.0,0.0,0.0,0.0,0.0,0.0,0.0,0.0,0.0,0.0,0.0,0.0,0.0,0.0,0.0,0.0,0.0,0.0,0.0,0.0,0.0,0.0,0.0,0.0,0.0,0.0,0.0,0.0,0.0,0.0,0.0,0.0,0.0,0.0,0.0,0.0,0.0,0.0,0.0,0.0,0.0,0.0,0.0,0.0,0.0,0.0,0.0,0.0,0.0,0.0,0.0,0.0,0.0,0.0,0.0,0.0,0.0,0.0,0.0,0.0,0.0,0.0,0.01,0.01,0.02,0.03,0.04,0.07,0.1,0.14,0.21,0.3,0.43,0.6,0.83,1.14,1.55,2.08,2.76,3.61,4.69,6.02,7.63,9.58,11.88,14.58,17.7,21.26,25.26,29.69,34.55,39.79,45.36,51.2,57.23,63.35,69.46,75.46,81.24,86.68,91.68,96.15,100.01,103.18,105.62,107.31,108.23,108.42,107.91,106.77,105.11,103.03,100.66,98.15,95.66,93.33,91.31,89.76,88.77,88.46,88.87,90.03,91.93,94.49,97.63,101.2,105.04,108.96,112.76,116.24,119.2,121.47,122.91,123.41,122.93,121.45,119.02,115.72,111.7,107.13,102.22,97.17,92.24,87.63,83.57,80.24,77.79,76.35,75.97,76.69,78.49,81.29,84.99,89.45,94.52,100.02,105.77,111.6,117.36,122.93,128.2,133.11,137.64,141.78,145.57,149.08,152.36,155.51,158.59,161.69,164.84,168.11,171.48,174.97,178.54,182.14,185.71,189.19,192.47,195.48,198.12,200.3,201.91,202.87,203.09,202.48,200.96,198.47,194.95,190.38,184.75,178.08,170.42,161.85,152.49,142.46,131.93,121.07,110.06,99.09,88.33,77.94,68.07,58.82,50.29,42.53,35.57,29.43,24.07,19.47,15.57,12.32,9.63,7.44,5.68,4.29,3.21,2.37,1.73,1.24,0.89,0.62,0.44,0.3,0.2,0.14,0.09,0.06,0.04,0.03,0.02,0.01,0.01,0.0,0.0,0.0
0.0,0.0,0.0,0.0,0.0,0.0,0.0,0.0,0.01,0.05,0.17,0.5,1.37,3.31,7.1,13.56,23.01,34.72,46.58,55.56,58.92,55.56,46.58,34.72,23.01,13.56,7.1,3.31,1.37,0.5,0.17,0.05,0.01,0.0,0.0,0.0,0.0,0.0,0.0,0.0,0.0,0.0,0.0,0.0,0.0,0.0,0.0,0.0,0.0,0.0,0.0,0.0,0.0,0.0,0.0,0.0,0.0,0.0,0.0,0.0,0.0,0.0,0.0,0.0,0.0,0.0,0.0,0.0,0.0,0.0,0.0,0.0,0.0,0.0,0.0,0.0,0.0,0.0,0.0,0.0,0.0,0.0,0.0,0.0,0.0,0.0,0.0,0.0,0.0,0.0,0.0,0.0,0.0,0.0,0.0,0.0,0.0,0.0,0.0,0.0,0.0,0.0,0.0,0.0,0.0,0.0,0.0,0.0,0.0,0.0,0.0,0.0,0.0,0.0,0.0,0.0,0.0,0.0,0.0,0.0,0.0,0.0,0.0,0.0,0.0,0.01,0.01,0.01,0.02,0.03,0.05,0.07,0.11,0.16,0.23,0.33,0.47,0.66,0.92,1.26,1.71,2.3,3.05,4.0,5.19,6.66,8.45,10.6,13.15,16.14,19.59,23.52,27.95,32.86,38.23,44.03,50.2,56.66,63.32,70.09,76.86,83.5,89.89,95.91,101.44,106.39,110.65,114.16,116.86,118.73,119.75,119.96,119.39,118.14,116.3,114.0,111.38,108.6,105.84,103.26,101.03,99.31,98.22,97.88,98.33,99.62,101.71,104.54,108.01,111.96,116.2,120.54,124.73,128.56,131.82,134.3,135.85,136.36,135.75,134.01,131.18,127.37,122.7,117.37,111.59,105.59,99.63,93.93,88.73,84.23,80.59,77.95,76.37,75.91,76.54,78.2,80.81,84.23,88.31,92.88,97.78,102.84,107.91,112.86,117.59,122.03,126.16,129.95,133.44,136.67,139.69,142.58,145.39,148.19,151.03,153.93,156.91,159.97,163.08,166.19,169.27,172.24,175.04,177.59,179.81,181.62,182.94,183.68,183.76,183.11,181.67,179.36,176.14,171.99,166.89,160.86,153.95,146.22,137.78,128.74,119.24,109.45,99.52,89.62,79.91,70.53,61.61,53.25,45.54,38.52,32.23,26.67,21.83,17.66,14.13,11.18,8.74,6.76,5.17,3.9,2.92,2.15,1.57,1.14,0.81,0.57,0.4,0.27,0.19,0.13,0.08,0.06,0.04,0.02,0.01,0.01,0.01,0.0,0.0,0.0
0.0,0.0,0.0,0.0,0.0,0.0,0.0,0.0,0.02,0.06,0.22,0.68,1.84,4.44,9.53,18.19,30.87,46.58,62.49,74.54,79.05,74.54,62.49,46.58,30.87,18.19,9.53,4.44,1.84,0.68,0.22,0.06,0.02,0.0,0.0,0.0,0.0,0.0,0.0,0.0,0.0,0.0,0.0,0.0,0.0,0.0,0.0,0.0,0.0,0.0,0.0,0.0,0.0,0.0,0.0,0.0,0.0,0.0,0.0,0.0,0.0,0.0,0.0,0.0,0.0,0.0,0.0,0.0,0.0,0.0,0.0,0.0,0.0,0.0,0.0,0.0,0.0,0.0,0.0,0.0,0.0,0.0,0.0,0.0,0.0,0.0,0.0,0.0,0.0,0.0,0.0,0.0,0.0,0.0,0.0,0.0,0.0,0.0,0.0,0.0,0.0,0.0,0.0,0.0,0.0,0.0,0.0,0.0,0.0,0.0,0.0,0.0,0.0,0.0,0.0,0.0,0.0,0.0,0.0,0.0,0.0,0.0,0.0,0.0,0.0,0.01,0.01,0.02,0.02,0.04,0.05,0.08,0.12,0.18,0.26,0.37,0.52,0.73,1.01,1.39,1.88,2.52,3.34,4.38,5.69,7.29,9.25,11.6,14.39,17.65,21.43,25.73,30.57,35.94,41.81,48.15,54.89,61.95,69.24,76.64,84.04,91.3,98.28,104.87,110.92,116.33,120.99,124.82,127.78,129.81,130.93,131.16,130.54,129.17,127.16,124.64,121.78,118.74,115.72,112.9,110.47,108.58,107.39,107.01,107.51,108.91,111.2,114.3,118.09,122.4,127.04,131.77,136.35,140.52,144.06,146.75,148.41,148.92,148.18,146.19,142.99,138.67,133.37,127.3,120.68,113.76,106.79,100.03,93.73,88.09,83.29,79.48,76.74,75.12,74.62,75.18,76.73,79.13,82.26,85.94,90.01,94.32,98.71,103.06,107.27,111.26,114.99,118.44,121.63,124.57,127.33,129.94,132.47,134.96,137.46,139.99,142.56,145.17,147.8,150.42,152.99,155.46,157.77,159.86,161.66,163.1,164.11,164.63,164.58,163.89,162.52,160.39,157.47,153.72,149.15,143.76,137.59,130.69,123.16,115.1,106.63,97.89,89.03,80.2,71.53,63.15,55.18,47.71,40.81,34.54,28.91,23.93,19.6,15.87,12.7,10.05,7.87,6.09,4.66,3.52,2.63,1.95,1.42,1.03,0.74,0.52,0.36,0.25,0.17,0.12,0.08,0.05,0.03,0.02,0.01,0.01,0.01,0.0,0.0,0.0
0.0,0.0,0.0,0.0,0.0,0.0,0.0,0.0,0.02,0.08,0.26,0.81,2.19,5.29,11.36,21.69,36.82,55.56,74.54,88.91,94.29,88.91,74.54,55.56,36.82,21.69,11.36,5.29,2.19,0.81,0.26,0.08,0.02,0.0,0.0,0.0,0.0,0.0,0.0,0.0,0.0,0.0,0.0,0.0,0.0,0.0,0.0,0.0,0.0,0.0,0.0,0.0,0.0,0.0,0.0,0.0,0.0,0.0,0.0,0.0,0.0,0.0,0.0,0.0,0.0,0.0,0.0,0.0,0.0,0.0,0.0,0.0,0.0,0.0,0.0,0.0,0.0,0.0,0.0,0.0,0.0,0.0,0.0,0.0,0.0,0.0,0.0,0.0,0.0,0.0,0.0,0.0,0.0,0.0,0.0,0.0,0.0,0.0,0.0,0.0,0.0,0.0,0.0,0.0,0.0,0.0,0.0,0.0,0.0,0.0,0.0,0.0,0.0,0.0,0.0,0.0,0.0,0.0,0.0,0.0,0.0,0.0,0.0,0.0,0.0,0.01,0.01,0.02,0.03,0.04,0.06,0.09,0.13,0.19,0.28,0.4,0.56,0.79,1.1,1.5,2.04,2.73,3.62,4.75,6.15,7.89,10.0,12.54,15.56,19.09,23.16,27.81,33.04,38.84,45.19,52.03,59.31,66.94,74.82,82.82,90.81,98.65,106.19,113.31,119.84,125.68,130.72,134.86,138.05,140.26,141.46,141.71,141.04,139.56,137.39,134.66,131.57,128.29,125.03,121.98,119.35,117.32,116.03,115.62,116.16,117.67,120.14,123.49,127.58,132.24,137.25,142.35,147.29,151.79,155.6,158.48,160.24,160.74,159.89,157.66,154.1,149.3,143.41,136.65,129.23,121.43,113.52,105.76,98.4,91.68,85.79,80.87,77.03,74.32,72.75,72.27,72.81,74.26,76.47,79.31,82.61,86.21,89.97,93.75,97.47,101.03,104.39,107.51,110.41,113.08,115.57,117.91,120.15,122.33,124.48,126.62,128.77,130.93,133.08,135.21,137.27,139.23,141.05,142.68,144.05,145.13,145.84,146.13,145.95,145.22,143.91,141.95,139.31,135.96,131.9,127.12,121.67,115.58,108.93,101.82,94.35,86.65,78.83,71.03,63.37,55.97,48.93,42.33,36.23,30.67,25.69,21.28,17.44,14.13,11.32,8.97,7.03,5.45,4.17,3.16,2.37,1.75,1.28,0.93,0.67,0.47,0.33,0.23,0.16,0.11,0.07,0.05,0.03,0.02,0.01,0.01,0.01,0.0,0.0,0.0
0.0,0.0,0.0,0.0,0.0,0.0,0.0,0.0,0.02,0.08,0.28,0.86,2.32,5.61,12.05,23.01,39.05,58.92,79.05,94.29,100.0,94.29,79.05,58.92,39.05,23.01,12.05,5.61,2.32,0.86,0.28,0.08,0.02,0.0,0.0,0.0,0.0,0.0,0.0,0.0,0.0,0.0,0.0,0.0,0.0,0.0,0.0,0.0,0.0,0.0,0.0,0.0,0.0,0.0,0.0,0.0,0.0,0.0,0.0,0.0,0.0,0.0,0.0,0.0,0.0,0.0,0.0,0.0,0.0,0.0,0.0,0.0,0.0,0.0,0.0,0.0,0.0,0.0,0.0,0.0,0.0,0.0,0.0,0.0,0.0,0.0,0.0,0.0,0.0,0.0,0.0,0.0,0.0,0.0,0.0,0.0,0.0,0.0,0.0,0.0,0.0,0.0,0.0,0.0,0.0,0.0,0.0,0.0,0.0,0.0,0.0,0.0,0.0,0.0,0.0,0.0,0.0,0.0,0.0,0.0,0.0,0.0,0.0,0.0,0.01,0.01,0.01,0.02,0.03,0.04,0.07,0.1,0.14,0.21,0.3,0.43,0.61,0.85,1.18,1.62,2.19,2.93,3.88,5.08,6.59,8.44,10.7,13.41,16.63,20.4,24.75,29.71,35.29,41.49,48.26,55.57,63.34,71.49,79.89,88.43,96.96,105.33,113.39,120.98,127.96,134.19,139.57,143.99,147.4,149.75,151.04,151.29,150.58,149.0,146.68,143.77,140.47,136.97,133.48,130.23,127.42,125.25,123.88,123.44,124.01,125.63,128.27,131.84,136.21,141.18,146.52,151.97,157.23,162.03,166.08,169.13,170.99,171.48,170.53,168.08,164.19,158.95,152.53,145.12,136.98,128.37,119.59,110.91,102.6,94.89,87.99,82.06,77.2,73.48,70.92,69.49,69.11,69.67,71.06,73.13,75.71,78.67,81.85,85.13,88.4,91.58,94.6,97.42,100.04,102.46,104.7,106.78,108.74,110.6,112.4,114.16,115.89,117.59,119.26,120.88,122.44,123.9,125.23,126.39,127.35,128.06,128.48,128.54,128.22,127.45,126.18,124.38,122.0,119.03,115.45,111.26,106.48,101.16,95.36,89.16,82.64,75.92,69.1,62.29,55.61,49.14,42.98,37.21,31.87,27.01,22.64,18.78,15.4,12.49,10.03,7.96,6.24,4.85,3.72,2.82,2.12,1.58,1.16,0.84,0.61,0.43,0.3,0.21,0.15,0.1,0.07,0.05,0.03,0.02,0.01,0.01,0.01,0.0,0.0,0.0
0.0,0.0,0.0,0.0,0.0,0.0,0.0,0.0,0.02,0.08,0.26,0.81,2.19,5.29,11.36,21.69,36.82,55.56,74.54,88.91,94.29,88.91,74.54,55.56,36.82,21.69,11.36,5.29,2.19,0.81,0.26,0.08,0.02,0.0,0.0,0.0,0.0,0.0,0.0,0.0,0.0,0.0,0.0,0.0,0.0,0.0,0.0,0.0,0.0,0.0,0.0,0.0,0.0,0.0,0.0,0.0,0.0,0.0,0.0,0.0,0.0,0.0,0.0,0.0,0.0,0.0,0.0,0.0,0.0,0.0,0.0,0.0,0.0,0.0,0.0,0.0,0.0,0.0,0.0,0.0,0.0,0.0,0.0,0.0,0.0,0.0,0.0,0.0,0.0,0.0,0.0,0.0,0.0,0.0,0.0,0.0,0.0,0.0,0.0,0.0,0.0,0.0,0.0,0.0,0.0,0.0,0.0,0.0,0.0,0.0,0.0,0.0,0.0,0.0,0.0,0.0,0.0,0.0,0.0,0.0,0.0,0.0,0.0,0.0,0.01,0.01,0.01,0.02,0.03,0.05,0.07,0.11,0.16,0.23,0.33,0.46,0.65,0.91,1.26,1.72,2.32,3.11,4.11,5.39,6.97,8.93,11.31,14.18,17.57,21.55,26.14,31.38,37.27,43.8,50.94,58.65,66.85,75.44,84.31,93.31,102.31,111.14,119.64,127.64,135.01,141.58,147.25,151.92,155.51,157.99,159.35,159.62,158.87,157.2,154.75,151.68,148.2,144.5,140.83,137.4,134.43,132.14,130.69,130.23,130.83,132.54,135.32,139.09,143.7,148.94,154.58,160.32,165.86,170.91,175.18,178.38,180.32,180.81,179.75,177.12,172.94,167.32,160.41,152.45,143.67,134.36,124.81,115.32,106.16,97.58,89.78,82.95,77.19,72.58,69.15,66.86,65.66,65.45,66.1,67.48,69.45,71.84,74.52,77.36,80.25,83.09,85.82,88.39,90.77,92.96,94.96,96.8,98.48,100.04,101.49,102.87,104.18,105.43,106.61,107.74,108.79,109.75,110.6,111.31,111.85,112.2,112.31,112.15,111.68,110.85,109.62,107.95,105.82,103.19,100.05,96.4,92.27,87.67,82.66,77.31,71.69,65.89,60.01,54.13,48.36,42.77,37.45,32.45,27.83,23.61,19.82,16.47,13.53,11.0,8.84,7.03,5.54,4.31,3.32,2.53,1.91,1.42,1.05,0.77,0.56,0.4,0.28,0.2,0.14,0.09,0.06,0.04,0.03,0.02,0.01,0.01,0.01,0.0,0.0,0.0
0.0,0.0,0.0,0.0,0.0,0.0,0.0,0.0,0.02,0.06,0.22,0.68,1.84,4.44,9.53,18.19,30.87,46.58,62.49,74.54,79.05,74.54,62.49,46.58,30.87,18.19,9.53,4.44,1.84,0.68,0.22,0.06,0.02,0.0,0.0,0.0,0.0,0.0,0.0,0.0,0.0,0.0,0.0,0.0,0.0,0.0,0.0,0.0,0.0,0.0,0.0,0.0,0.0,0.0,0.0,0.0,0.0,0.0,0.0,0.0,0.0,0.0,0.0,0.0,0.0,0.0,0.0,0.0,0.0,0.0,0.0,0.0,0.0,0.0,0.0,0.0,0.0,0.0,0.0,0.0,0.0,0.0,0.0,0.0,0.0,0.0,0.0,0.0,0.0,0.0,0.0,0.0,0.0,0.0,0.0,0.0,0.0,0.0,0.0,0.0,0.0,0.0,0.0,0.0,0.0,0.0,0.0,0.0,0.0,0.0,0.0,0.0,0.0,0.0,0.0,0.0,0.0,0.0,0.0,0.0,0.0,0.0,0.0,0.0,0.01,0.01,0.02,0.02,0.04,0.05,0.08,0.12,0.17,0.24,0.35,0.49,0.69,0.97,1.33,1.81,2.45,3.27,4.32,5.65,7.31,9.35,11.84,14.82,18.37,22.51,27.3,32.76,38.9,45.7,53.15,61.19,69.73,78.69,87.93,97.31,106.69,115.89,124.75,133.09,140.76,147.62,153.53,158.39,162.13,164.71,166.13,166.41,165.63,163.89,161.33,158.14,154.5,150.65,146.82,143.24,140.15,137.76,136.25,135.77,136.4,138.18,141.08,145.01,149.81,155.27,161.14,167.12,172.9,178.16,182.59,185.92,187.92,188.41,187.27,184.48,180.06,174.12,166.82,158.38,149.07,139.17,128.99,118.82,108.94,99.62,91.07,83.48,76.95,71.59,67.41,64.39,62.5,61.62,61.66,62.47,63.91,65.84,68.1,70.58,73.16,75.73,78.23,80.59,82.78,84.77,86.57,88.17,89.6,90.86,91.98,92.98,93.87,94.67,95.38,96.01,96.56,97.02,97.38,97.64,97.77,97.75,97.56,97.17,96.54,95.64,94.43,92.88,90.96,88.64,85.91,82.76,79.2,75.27,71.0,66.43,61.64,56.7,51.68,46.67,41.74,36.97,32.41,28.13,24.17,20.55,17.29,14.4,11.86,9.67,7.8,6.23,4.92,3.85,2.98,2.28,1.73,1.3,0.97,0.71,0.52,0.38,0.27,0.19,0.13,0.09,0.06,0.04,0.03,0.02,0.01,0.01,0.01,0.0,0.0,0.0
0.0,0.0,0.0,0.0,0.0,0.0,0.0,0.0,0.01,0.05,0.17,0.5,1.37,3.31,7.1,13.56,23.01,34.72,46.58,55.56,58.92,55.56,46.58,34.72,23.01,13.56,7.1,3.31,1.37,0.5,0.17,0.05,0.01,0.0,0.0,0.0,0.0,0.0,0.0,0.0,0.0,0.0,0.0,0.0,0.0,0.0,0.0,0.0,0.0,0.0,0.0,0.0,0.0,0.0,0.0,0.0,0.0,0.0,0.0,0.0,0.0,0.0,0.0,0.0,0.0,0.0,0.0,0.0,0.0,0.0,0.0,0.0,0.0,0.0,0.0,0.0,0.0,0.0,0.0,0.0,0.0,0.0,0.0,0.0,0.0,0.0,0.0,0.0,0.0,0.0,0.0,0.0,0.0,0.0,0.0,0.0,0.0,0.0,0.0,0.0,0.0,0.0,0.0,0.0,0.0,0.0,0.0,0.0,0.0,0.0,0.0,0.0,0.0,0.0,0.0,0.0,0.0,0.0,0.0,0.0,0.0,0.0,0.0,0.01,0.01,0.01,0.02,0.03,0.04,0.06,0.09,0.13,0.18,0.26,0.37,0.53,0.74,1.02,1.4,1.9,2.56,3.41,4.5,5.87,7.58,9.69,12.26,15.34,18.99,23.26,28.19,33.82,40.14,47.15,54.82,63.09,71.89,81.11,90.63,100.29,109.95,119.42,128.54,137.13,145.03,152.09,158.18,163.18,167.04,169.69,171.15,171.44,170.63,168.84,166.21,162.91,159.17,155.2,151.25,147.57,144.38,141.92,140.37,139.87,140.52,142.35,145.34,149.38,154.33,159.96,166.0,172.16,178.11,183.52,188.08,191.5,193.54,194.02,192.82,189.91,185.3,179.11,171.51,162.72,153.0,142.64,131.96,121.26,110.83,100.92,91.78,83.57,76.44,70.47,65.69,62.1,59.65,58.25,57.79,58.15,59.18,60.75,62.7,64.91,67.26,69.64,71.97,74.18,76.22,78.06,79.68,81.08,82.27,83.25,84.05,84.67,85.15,85.5,85.73,85.86,85.91,85.87,85.75,85.55,85.26,84.88,84.38,83.74,82.95,81.97,80.76,79.3,77.56,75.51,73.14,70.45,67.43,64.1,60.49,56.64,52.61,48.44,44.22,39.99,35.83,31.8,27.94,24.31,20.95,17.86,15.08,12.61,10.43,8.54,6.93,5.56,4.42,3.48,2.71,2.1,1.6,1.21,0.91,0.68,0.5,0.37,0.27,0.19,0.14,0.1,0.07,0.05,0.03,0.02,0.01,0.01,0.01,0.0,0.0,0.0
0.0,0.0,0.0,0.0,0.0,0.0,0.0,0.0,0.01,0.03,0.11,0.33,0.91,2.19,4.71,8.98,15.25,23.01,30.87,36.82,39.05,36.82,30.87,23.01,15.25,8.98,4.71,2.19,0.91,0.33,0.11,0.03,0.01,0.0,0.0,0.0,0.0,0.0,0.0,0.0,0.0,0.0,0.0,0.0,0.0,0.0,0.0,0.0,0.0,0.0,0.0,0.0,0.0,0.0,0.0,0.0,0.0,0.0,0.0,0.0,0.0,0.0,0.0,0.0,0.0,0.0,0.0,0.0,0.0,0.0,0.0,0.0,0.0,0.0,0.0,0.0,0.0,0.0,0.0,0.0,0.0,0.0,0.0,0.0,0.0,0.0,0.0,0.0,0.0,0.0,0.0,0.0,0.0,0.0,0.0,0.0,0.0,0.0,0.0,0.0,0.0,0.0,0.0,0.0,0.0,0.0,0.0,0.0,0.0,0.0,0.0,0.0,0.0,0.0,0.0,0.0,0.0,0.0,0.0,0.0,0.0,0.0,0.0,0.01,0.01,0.02,0.02,0.03,0.05,0.07,0.1,0.14,0.2,0.29,0.4,0.56,0.78,1.07,1.47,1.98,2.66,3.53,4.65,6.05,7.8,9.95,12.57,15.71,19.43,23.78,28.8,34.52,40.96,48.09,55.9,64.32,73.27,82.65,92.33,102.16,111.98,121.62,130.9,139.64,147.68,154.86,161.05,166.14,170.06,172.76,174.24,174.54,173.71,171.89,169.2,165.85,162.04,158.0,153.98,150.23,146.99,144.48,142.9,142.39,143.05,144.91,147.96,152.07,157.11,162.84,168.99,175.26,181.31,186.81,191.45,194.92,196.98,197.45,196.21,193.21,188.48,182.13,174.33,165.29,155.29,144.63,133.61,122.54,111.72,101.41,91.84,83.2,75.63,69.21,64.0,59.98,57.12,55.34,54.53,54.57,55.32,56.64,58.39,60.43,62.65,64.91,67.14,69.26,71.21,72.93,74.41,75.64,76.61,77.32,77.8,78.06,78.13,78.02,77.78,77.41,76.95,76.4,75.79,75.13,74.43,73.67,72.86,71.97,71.0,69.92,68.69,67.3,65.71,63.9,61.85,59.55,57.0,54.22,51.21,48.01,44.66,41.2,37.69,34.17,30.7,27.33,24.1,21.05,18.21,15.6,13.24,11.13,9.27,7.64,6.24,5.05,4.05,3.22,2.53,1.98,1.53,1.17,0.89,0.67,0.5,0.37,0.27,0.2,0.14,0.1,0.07,0.05,0.04,0.03,0.02,0.01,0.01,0.01,0.0,0.0
0.0,0.0,0.0,0.0,0.0,0.0,0.0,0.0,0.0,0.02,0.06,0.2,0.53,1.29,2.77,5.29,8.98,13.56,18.19,21.69,23.01,21.69,18.19,13.56,8.98,5.29,2.77,1.29,0.53,0.2,0.06,0.02,0.0,0.0,0.0,0.0,0.0,0.0,0.0,0.0,0.0,0.0,0.0,0.0,0.0,0.0,0.0,0.0,0.0,0.0,0.0,0.0,0.0,0.0,0.0,0.0,0.0,0.0,0.0,0.0,0.0,0.0,0.0,0.0,0.0,0.0,0.0,0.0,0.0,0.0,0.0,0.0,0.0,0.0,0.0,0.0,0.0,0.0,0.0,0.0,0.0,0.0,0.0,0.0,0.0,0.0,0.0,0.0,0.0,0.0,0.0,0.0,0.0,0.0,0.0,0.0,0.0,0.0,0.0,0.0,0.0,0.0,0.0,0.0,0.0,0.0,0.0,0.0,0.0,0.0,0.0,0.0,0.0,0.0,0.0,0.0,0.0,0.0,0.0,0.0,0.0,0.0,0.01,0.01,0.01,0.02,0.03,0.04,0.06,0.08,0.11,0.16,0.22,0.31,0.44,0.6,0.83,1.13,1.54,2.07,2.75,3.64,4.77,6.19,7.96,10.13,12.77,15.93,19.68,24.06,29.11,34.87,41.34,48.51,56.36,64.82,73.82,83.25,92.98,102.86,112.73,122.42,131.74,140.52,148.6,155.82,162.04,167.16,171.1,173.81,175.3,175.59,174.76,172.92,170.22,166.84,163.01,158.94,154.9,151.12,147.86,145.34,143.75,143.24,143.9,145.78,148.84,152.98,158.04,163.81,169.99,176.3,182.38,187.92,192.57,196.06,198.12,198.58,197.32,194.27,189.49,183.06,175.16,166.01,155.87,145.06,133.86,122.6,111.56,101.02,91.21,82.32,74.48,67.8,62.32,58.05,54.94,52.93,51.91,51.77,52.37,53.57,55.23,57.2,59.37,61.61,63.82,65.91,67.81,69.47,70.84,71.92,72.69,73.15,73.31,73.21,72.87,72.31,71.58,70.71,69.73,68.67,67.57,66.44,65.3,64.17,63.03,61.88,60.72,59.51,58.25,56.89,55.42,53.81,52.04,50.1,47.98,45.67,43.2,40.58,37.84,35.01,32.13,29.24,26.38,23.59,20.91,18.37,16.0,13.8,11.8,10.0,8.4,6.99,5.77,4.72,3.83,3.08,2.45,1.94,1.52,1.18,0.91,0.7,0.53,0.4,0.3,0.22,0.16,0.12,0.08,0.06,0.04,0.03,0.02,0.01,0.01,0.01,0.0,0.0
0.0,0.0,0.0,0.0,0.0,0.0,0.0,0.0,0.0,0.01,0.03,0.1,0.28,0.68,1.45,2.77,4.71,7.1,9.53,11.36,12.05,11.36,9.53,7.1,4.71,2.77,1.45,0.68,0.28,0.1,0.03,0.01,0.0,0.0,0.0,0.0,0.0,0.0,0.0,0.0,0.0,0.0,0.0,0.0,0.0,0.0,0.0,0.0,0.0,0.0,0.0,0.0,0.0,0.0,0.0,0.0,0.0,0.0,0.0,0.0,0.0,0.0,0.0,0.0,0.0,0.0,0.0,0.0,0.0,0.0,0.0,0.0,0.0,0.0,0.0,0.0,0.0,0.0,0.0,0.0,0.0,0.0,0.0,0.0,0.0,0.0,0.0,0.0,0.0,0.0,0.0,0.0,0.0,0.0,0.0,0.0,0.0,0.0,0.0,0.0,0.0,0.0,0.0,0.0,0.0,0.0,0.0,0.0,0.0,0.0,0.0,0.0,0.0,0.0,0.0,0.0,0.0,0.0,0.0,0.0,0.0,0.01,0.01,0.01,0.02,0.02,0.03,0.05,0.07,0.09,0.13,0.18,0.25,0.35,0.48,0.65,0.89,1.2,1.61,2.15,2.85,3.74,4.88,6.31,8.08,10.25,12.88,16.03,19.76,24.12,29.14,34.86,41.29,48.42,56.21,64.61,73.54,82.9,92.56,102.37,112.17,121.79,131.04,139.76,147.78,154.95,161.12,166.2,170.11,172.8,174.28,174.56,173.73,171.9,169.22,165.86,162.04,158.0,153.98,150.23,146.99,144.48,142.9,142.39,143.05,144.91,147.95,152.07,157.11,162.83,168.98,175.25,181.3,186.79,191.42,194.88,196.92,197.37,196.1,193.06,188.28,181.86,173.97,164.83,154.71,143.89,132.69,121.4,110.34,99.75,89.89,80.92,73.01,66.24,60.67,56.31,53.11,51.03,49.95,49.77,50.35,51.55,53.23,55.25,57.47,59.76,62.02,64.15,66.06,67.69,69.0,69.95,70.53,70.75,70.61,70.14,69.38,68.36,67.14,65.75,64.25,62.67,61.06,59.45,57.87,56.34,54.86,53.44,52.07,50.73,49.4,48.07,46.69,45.25,43.72,42.09,40.34,38.46,36.46,34.36,32.15,29.88,27.56,25.22,22.9,20.62,18.42,16.32,14.33,12.49,10.79,9.24,7.85,6.62,5.53,4.59,3.77,3.08,2.49,2.0,1.59,1.25,0.98,0.76,0.59,0.45,0.34,0.25,0.19,0.14,0.1,0.07,0.05,0.04,0.03,0.02,0.01,0.01,0.01,0.0
0.02,0.02,0.02,0.01,0.01,0.0,0.0,0.0,0.0,0.0,0.02,0.05,0.13,0.32,0.68,1.29,2.19,3.31,4.44,5.29,5.61,5.29,4.44,3.31,2.19,1.29,0.68,0.32,0.13,0.05,0.02,0.0,0.0,0.0,0.0,0.0,0.0,0.0,0.0,0.0,0.0,0.0,0.0,0.0,0.0,0.0,0.0,0.0,0.0,0.0,0.0,0.0,0.0,0.0,0.0,0.0,0.0,0.0,0.0,0.0,0.0,0.0,0.0,0.0,0.0,0.0,0.0,0.0,0.0,0.0,0.0,0.0,0.0,0.0,0.0,0.0,0.0,0.0,0.0,0.0,0.0,0.0,0.0,0.0,0.0,0.0,0.0,0.0,0.0,0.0,0.0,0.0,0.0,0.0,0.0,0.0,0.0,0.0,0.0,0.0,0.0,0.0,0.0,0.0,0.0,0.0,0.0,0.0,0.0,0.0,0.0,0.0,0.0,0.0,0.0,0.0,0.0,0.0,0.0,0.0,0.01,0.01,0.01,0.02,0.02,0.03,0.04,0.06,0.08,0.11,0.15,0.21,0.29,0.39,0.53,0.72,0.96,1.28,1.7,2.25,2.95,3.85,4.99,6.41,8.16,10.31,12.91,16.02,19.69,23.97,28.91,34.53,40.84,47.83,55.47,63.71,72.47,81.65,91.12,100.73,110.34,119.77,128.85,137.4,145.26,152.28,158.33,163.31,167.14,169.78,171.22,171.49,170.67,168.87,166.23,162.93,159.18,155.21,151.26,147.57,144.39,141.92,140.37,139.87,140.52,142.35,145.34,149.38,154.33,159.95,165.99,172.14,178.08,183.48,188.02,191.42,193.42,193.86,192.6,189.6,184.89,178.57,170.8,161.8,151.82,141.16,130.12,118.99,108.08,97.63,87.89,79.03,71.22,64.54,59.05,54.76,51.65,49.64,48.65,48.57,49.26,50.59,52.41,54.57,56.94,59.37,61.75,63.97,65.94,67.59,68.86,69.7,70.12,70.1,69.65,68.82,67.63,66.15,64.41,62.49,60.45,58.34,56.21,54.11,52.07,50.13,48.31,46.6,45.0,43.51,42.11,40.76,39.45,38.15,36.83,35.47,34.05,32.56,30.98,29.33,27.6,25.82,23.99,22.13,20.27,18.44,16.64,14.91,13.25,11.69,10.23,8.88,7.65,6.54,5.55,4.67,3.9,3.23,2.65,2.16,1.74,1.39,1.11,0.87,0.68,0.52,0.4,0.3,0.23,0.17,0.12,0.09,0.06,0.05,0.03,0.02,0.02,0.01,0.01,0.0
0.08,0.08,0.06,0.05,0.03,0.02,0.01,0.0,0.0,0.0,0.01,0.02,0.05,0.13,0.28,0.53,0.91,1.37,1.84,2.19,2.32,2.19,1.84,1.37,0.91,0.53,0.28,0.13,0.05,0.02,0.01,0.0,0.0,0.0,0.0,0.0,0.0,0.0,0.0,0.0,0.0,0.0,0.0,0.0,0.0,0.0,0.0,0.0,0.0,0.0,0.0,0.0,0.0,0.0,0.0,0.0,0.0,0.0,0.0,0.0,0.0,0.0,0.0,0.0,0.0,0.0,0.0,0.0,0.0,0.0,0.0,0.0,0.0,0.0,0.0,0.0,0.0,0.0,0.0,0.0,0.0,0.0,0.0,0.0,0.0,0.0,0.0,0.0,0.0,0.0,0.0,0.0,0.0,0.0,0.0,0.0,0.0,0.0,0.0,0.0,0.0,0.0,0.0,0.0,0.0,0.0,0.0,0.0,0.0,0.0,0.0,0.0,0.0,0.0,0.0,0.0,0.0,0.0,0.0,0.0,0.01,0.01,0.01,0.02,0.03,0.04,0.05,0.07,0.1,0.14,0.19,0.25,0.34,0.45,0.6,0.8,1.05,1.39,1.82,2.38,3.08,3.98,5.11,6.51,8.24,10.34,12.89,15.92,19.49,23.66,28.45,33.91,40.02,46.8,54.2,62.18,70.66,79.55,88.71,98.02,107.32,116.45,125.23,133.51,141.12,147.92,153.78,158.59,162.3,164.85,166.24,166.49,165.69,163.94,161.37,158.17,154.52,150.67,146.83,143.25,140.16,137.77,136.26,135.77,136.4,138.18,141.08,145.0,149.8,155.26,161.12,167.1,172.86,178.1,182.51,185.8,187.75,188.16,186.94,184.02,179.45,173.31,165.76,157.01,147.32,136.96,126.23,115.43,104.84,94.7,85.26,76.7,69.16,62.74,57.5,53.45,50.56,48.79,48.03,48.18,49.12,50.69,52.75,55.16,57.75,60.41,62.98,65.35,67.43,69.12,70.37,71.13,71.39,71.13,70.38,69.16,67.54,65.57,63.32,60.85,58.25,55.58,52.92,50.31,47.81,45.45,43.26,41.24,39.42,37.76,36.26,34.9,33.64,32.45,31.31,30.19,29.06,27.91,26.71,25.46,24.16,22.81,21.41,19.97,18.51,17.05,15.59,14.16,12.77,11.43,10.15,8.95,7.83,6.79,5.85,4.99,4.23,3.55,2.95,2.44,1.99,1.61,1.29,1.03,0.81,0.63,0.49,0.37,0.28,0.21,0.15,0.11,0.08,0.06,0.04,0.03,0.02,0.01,0.01,0.01
0.28,0.26,0.22,0.17,0.11,0.06,0.03,0.02,0.01,0.0,0.0,0.01,0.02,0.05,0.1,0.2,0.33,0.5,0.68,0.81,0.86,0.81,0.68,0.5,0.33,0.2,0.1,0.05,0.02,0.01,0.0,0.0,0.0,0.0,0.0,0.0,0.0,0.0,0.0,0.0,0.0,0.0,0.0,0.0,0.0,0.0,0.0,0.0,0.0,0.0,0.0,0.0,0.0,0.0,0.0,0.0,0.0,0.0,0.0,0.0,0.0,0.0,0.0,0.0,0.0,0.0,0.0,0.0,0.0,0.0,0.0,0.0,0.0,0.0,0.0,0.0,0.0,0.0,0.0,0.0,0.0,0.0,0.0,0.0,0.0,0.0,0.0,0.0,0.0,0.0,0.0,0.0,0.0,0.0,0.0,0.0,0.0,0.0,0.0,0.0,0.0,0.0,0.0,0.0,0.0,0.0,0.0,0.0,0.0,0.0,0.0,0.0,0.0,0.0,0.0,0.0,0.0,0.0,0.0,0.01,0.01,0.01,0.02,0.03,0.04,0.05,0.07,0.09,0.13,0.17,0.23,0.3,0.4,0.53,0.69,0.91,1.18,1.53,1.97,2.54,3.26,4.15,5.27,6.65,8.34,10.39,12.85,15.78,19.22,23.23,27.83,33.06,38.91,45.4,52.48,60.11,68.22,76.7,85.46,94.36,103.24,111.96,120.35,128.26,135.53,142.02,147.62,152.22,155.76,158.18,159.5,159.74,158.96,157.27,154.8,151.73,148.23,144.53,140.84,137.41,134.44,132.15,130.7,130.23,130.84,132.54,135.32,139.09,143.69,148.93,154.55,160.28,165.81,170.84,175.06,178.22,180.09,180.49,179.31,176.52,172.13,166.25,159.01,150.63,141.34,131.43,121.17,110.84,100.72,91.07,82.09,73.98,66.88,60.87,56.04,52.38,49.87,48.47,48.08,48.59,49.88,51.81,54.22,56.96,59.88,62.82,65.64,68.21,70.43,72.2,73.46,74.14,74.24,73.74,72.67,71.07,69.0,66.52,63.72,60.69,57.52,54.28,51.06,47.93,44.94,42.15,39.58,37.26,35.19,33.36,31.76,30.36,29.13,28.05,27.07,26.17,25.31,24.46,23.61,22.72,21.8,20.83,19.81,18.73,17.62,16.47,15.29,14.1,12.91,11.74,10.59,9.47,8.41,7.4,6.46,5.58,4.79,4.07,3.42,2.85,2.35,1.92,1.55,1.24,0.99,0.77,0.6,0.46,0.35,0.26,0.19,0.14,0.1,0.07,0.05,0.04,0.03,0.02,0.01,0.01
0.86,0.81,0.68,0.5,0.33,0.2,0.1,0.05,0.02,0.01,0.0,0.0,0.01,0.02,0.03,0.06,0.11,0.17,0.22,0.26,0.28,0.26,0.22,0.17,0.11,0.06,0.03,0.02,0.01,0.0,0.0,0.0,0.0,0.0,0.0,0.0,0.0,0.0,0.0,0.0,0.0,0.0,0.0,0.0,0.0,0.0,0.0,0.0,0.0,0.0,0.0,0.0,0.0,0.0,0.0,0.0,0.0,0.0,0.0,0.0,0.0,0.0,0.0,0.0,0.0,0.0,0.0,0.0,0.0,0.0,0.0,0.0,0.0,0.0,0.0,0.0,0.0,0.0,0.0,0.0,0.0,0.0,0.0,0.0,0.0,0.0,0.0,0.0,0.0,0.0,0.0,0.0,0.0,0.0,0.0,0.0,0.0,0.0,0.0,0.0,0.0,0.0,0.0,0.0,0.0,0.0,0.0,0.0,0.0,0.0,0.0,0.0,0.0,0.0,0.0,0.0,0.0,0.0,0.01,0.01,0.01,0.02,0.02,0.03,0.05,0.07,0.09,0.12,0.16,0.21,0.28,0.37,0.49,0.63,0.82,1.05,1.34,1.72,2.18,2.76,3.49,4.38,5.49,6.84,8.49,10.47,12.84,15.65,18.93,22.74,27.11,32.06,37.6,43.72,50.4,57.6,65.25,73.25,81.5,89.89,98.26,106.48,114.39,121.84,128.69,134.81,140.08,144.41,147.74,150.02,151.25,151.46,150.72,149.1,146.76,143.83,140.51,137.0,133.51,130.25,127.43,125.26,123.88,123.44,124.01,125.63,128.26,131.83,136.2,141.16,146.49,151.92,157.17,161.93,165.94,168.93,170.7,171.09,169.98,167.34,163.19,157.63,150.79,142.87,134.1,124.75,115.08,105.37,95.87,86.84,78.48,70.97,64.44,59.01,54.72,51.58,49.59,48.69,48.79,49.79,51.55,53.93,56.78,59.94,63.24,66.53,69.65,72.47,74.86,76.73,77.99,78.61,78.54,77.8,76.4,74.39,71.85,68.85,65.49,61.87,58.1,54.27,50.49,46.82,43.34,40.1,37.15,34.51,32.19,30.18,28.47,27.03,25.84,24.85,24.02,23.32,22.71,22.15,21.61,21.06,20.49,19.86,19.17,18.42,17.59,16.7,15.75,14.75,13.71,12.64,11.56,10.48,9.41,8.38,7.4,6.46,5.59,4.79,4.07,3.41,2.84,2.33,1.9,1.53,1.21,0.96,0.74,0.57,0.44,0.33,0.24,0.18,0.13,0.09,0.07,0.05,0.03,0.02,0.02,0.01
2.32,2.19,1.84,1.37,0.91,0.53,0.28,0.13,0.05,0.02,0.01,0.0,0.0,0.0,0.01,0.02,0.03,0.05,0.06,0.08,0.08,0.08,0.06,0.05,0.03,0.02,0.01,0.0,0.0,0.0,0.0,0.0,0.0,0.0,0.0,0.0,0.0,0.0,0.0,0.0,0.0,0.0,0.0,0.0,0.0,0.0,0.0,0.0,0.0,0.0,0.0,0.0,0.0,0.0,0.0,0.0,0.0,0.0,0.0,0.0,0.0,0.0,0.0,0.0,0.0,0.0,0.0,0.0,0.0,0.0,0.0,0.0,0.0,0.0,0.0,0.0,0.0,0.0,0.0,0.0,0.0,0.0,0.0,0.0,0.0,0.0,0.0,0.0,0.0,0.0,0.0,0.0,0.0,0.0,0.0,0.0,0.0,0.0,0.0,0.0,0.0,0.0,0.0,0.0,0.0,0.0,0.0,0.0,0.0,0.0,0.0,0.0,0.0,0.0,0.0,0.0,0.0,0.01,0.01,0.01,0.02,0.02,0.03,0.04,0.06,0.08,0.11,0.15,0.21,0.27,0.36,0.46,0.6,0.77,0.98,1.24,1.56,1.96,2.46,3.06,3.8,4.71,5.81,7.14,8.74,10.65,12.91,15.58,18.68,22.27,26.37,30.99,36.17,41.88,48.1,54.79,61.9,69.34,77.01,84.79,92.57,100.21,107.55,114.48,120.84,126.52,131.42,135.44,138.52,140.63,141.76,141.94,141.22,139.7,137.49,134.74,131.63,128.33,125.06,122.0,119.37,117.33,116.04,115.62,116.16,117.67,120.14,123.48,127.57,132.22,137.21,142.3,147.21,151.68,155.43,158.24,159.91,160.27,159.24,156.78,152.92,147.73,141.36,133.98,125.83,117.14,108.18,99.19,90.44,82.16,74.54,67.76,61.95,57.2,53.58,51.11,49.75,49.47,50.17,51.75,54.08,57.01,60.38,64.02,67.77,71.45,74.91,78.0,80.59,82.57,83.85,84.39,84.15,83.14,81.39,78.96,75.93,72.38,68.44,64.22,59.84,55.4,51.03,46.81,42.83,39.15,35.81,32.85,30.28,28.09,26.27,24.8,23.63,22.73,22.06,21.56,21.19,20.91,20.67,20.44,20.18,19.87,19.49,19.01,18.44,17.77,17.0,16.13,15.18,14.16,13.1,12.0,10.88,9.78,8.7,7.66,6.67,5.75,4.91,4.14,3.46,2.85,2.33,1.88,1.5,1.18,0.92,0.71,0.54,0.41,0.31,0.23,0.16,0.12,0.08,0.06,0.04,0.03,0.02,0.01
5.61,5.29,4.44,3.31,2.19,1.29,0.68,0.32,0.13,0.05,0.02,0.0,0.0,0.0,0.0,0.0,0.01,0.01,0.02,0.02,0.02,0.02,0.02,0.01,0.01,0.0,0.0,0.0,0.0,0.0,0.0,0.0,0.0,0.0,0.0,0.0,0.0,0.0,0.0,0.0,0.0,0.0,0.0,0.0,0.0,0.0,0.0,0.0,0.0,0.0,0.0,0.0,0.0,0.0,0.0,0.0,0.0,0.0,0.0,0.0,0.0,0.0,0.0,0.0,0.0,0.0,0.0,0.0,0.0,0.0,0.0,0.0,0.0,0.0,0.0,0.0,0.0,0.0,0.0,0.0,0.0,0.0,0.0,0.0,0.0,0.0,0.0,0.0,0.0,0.0,0.0,0.0,0.0,0.0,0.0,0.0,0.0,0.0,0.0,0.0,0.0,0.0,0.0,0.0,0.0,0.0,0.0,0.0,0.0,0.0,0.0,0.0,0.0,0.0,0.0,0.0,0.01,0.01,0.01,0.01,0.02,0.03,0.04,0.06,0.08,0.11,0.15,0.2,0.26,0.35,0.45,0.58,0.74,0.94,1.19,1.48,1.85,2.29,2.82,3.46,4.23,5.15,6.26,7.57,9.13,10.97,13.13,15.64,18.55,21.89,25.69,29.97,34.73,39.98,45.69,51.83,58.33,65.14,72.15,79.28,86.39,93.37,100.09,106.43,112.25,117.44,121.92,125.59,128.4,130.31,131.33,131.47,130.78,129.35,127.3,124.74,121.85,118.8,115.76,112.93,110.49,108.6,107.4,107.02,107.51,108.91,111.2,114.29,118.07,122.38,127.0,131.71,136.26,140.39,143.87,146.48,148.03,148.38,147.44,145.18,141.63,136.87,131.01,124.25,116.78,108.84,100.67,92.52,84.61,77.18,70.4,64.46,59.47,55.54,52.7,50.98,50.37,50.8,52.2,54.45,57.43,60.98,64.94,69.13,73.38,77.5,81.32,84.7,87.49,89.58,90.87,91.32,90.9,89.61,87.49,84.61,81.06,76.95,72.41,67.56,62.55,57.5,52.53,47.75,43.26,39.13,35.41,32.13,29.31,26.95,25.03,23.53,22.41,21.61,21.09,20.8,20.68,20.67,20.73,20.81,20.86,20.85,20.74,20.52,20.17,19.67,19.03,18.26,17.35,16.34,15.23,14.06,12.84,11.61,10.39,9.19,8.05,6.97,5.97,5.05,4.23,3.5,2.87,2.32,1.85,1.47,1.15,0.89,0.68,0.51,0.38,0.28,0.2,0.15,0.1,0.07,0.05,0.04,0.02,0.02
12.05,11.36,9.53,7.1,4.71,2.77,1.45,0.68,0.28,0.1,0.03,0.01,0.0,0.0,0.0,0.0,0.0,0.0,0.0,0.0,0.0,0.0,0.0,0.0,0.0,0.0,0.0,0.0,0.0,0.0,0.0,0.0,0.0,0.0,0.0,0.0,0.0,0.0,0.0,0.0,0.0,0.0,0.0,0.0,0.0,0.0,0.0,0.0,0.0,0.0,0.0,0.0,0.0,0.0,0.0,0.0,0.0,0.0,0.0,0.0,0.0,0.0,0.0,0.0,0.0,0.0,0.0,0.0,0.0,0.0,0.0,0.0,0.0,0.0,0.0,0.0,0.0,0.0,0.0,0.0,0.0,0.0,0.0,0.0,0.0,0.0,0.0,0.0,0.0,0.0,0.0,0.0,0.0,0.0,0.0,0.0,0.0,0.0,0.0,0.0,0.0,0.0,0.0,0.0,0.0,0.0,0.0,0.0,0.0,0.0,0.0,0.0,0.0,0.0,0.01,0.01,0.01,0.01,0.01,0.02,0.03,0.04,0.05,0.08,0.1,0.14,0.19,0.25,0.34,0.44,0.57,0.73,0.92,1.16,1.45,1.8,2.22,2.71,3.3,3.99,4.8,5.76,6.88,8.18,9.71,11.48,13.54,15.9,18.61,21.7,25.18,29.09,33.41,38.16,43.32,48.85,54.71,60.84,67.15,73.55,79.95,86.22,92.26,97.96,103.19,107.86,111.87,115.17,117.68,119.38,120.27,120.36,119.71,118.38,116.48,114.13,111.48,108.67,105.89,103.3,101.06,99.33,98.24,97.88,98.33,99.61,101.7,104.53,107.99,111.93,116.16,120.47,124.63,128.42,131.6,133.99,135.42,135.76,134.92,132.88,129.67,125.36,120.07,113.96,107.24,100.11,92.8,85.54,78.56,72.06,66.22,61.2,57.12,54.08,52.11,51.25,51.46,52.7,54.87,57.88,61.58,65.81,70.41,75.19,79.97,84.55,88.76,92.43,95.42,97.61,98.91,99.25,98.61,97.01,94.5,91.15,87.06,82.36,77.19,71.71,66.05,60.37,54.8,49.47,44.47,39.89,35.79,32.2,29.15,26.64,24.64,23.12,22.05,21.37,21.03,20.95,21.09,21.37,21.73,22.12,22.48,22.76,22.92,22.93,22.77,22.42,21.88,21.15,20.25,19.19,17.99,16.7,15.32,13.91,12.49,11.09,9.74,8.46,7.26,6.16,5.17,4.28,3.51,2.84,2.28,1.8,1.41,1.09,0.83,0.63,0.47,0.35,0.25,0.18,0.13,0.09,0.06,0.04,0.03,0.02
23.01,21.69,18.19,13.56,8.98,5.29,2.77,1.29,0.53,0.2,0.06,0.02,0.0,0.0,0.0,0.0,0.0,0.0,0.0,0.0,0.0,0.0,0.0,0.0,0.0,0.0,0.0,0.0,0.0,0.0,0.0,0.0,0.0,0.0,0.0,0.0,0.0,0.0,0.0,0.0,0.0,0.0,0.0,0.0,0.0,0.0,0.0,0.0,0.0,0.0,0.0,0.0,0.0,0.0,0.0,0.0,0.0,0.0,0.0,0.0,0.0,0.0,0.0,0.0,0.0,0.0,0.0,0.0,0.0,0.0,0.0,0.0,0.0,0.0,0.0,0.0,0.0,0.0,0.0,0.0,0.0,0.0,0.0,0.0,0.0,0.0,0.01,0.01,0.01,0.01,0.01,0.01,0.01,0.01,0.01,0.0,0.0,0.0,0.0,0.0,0.0,0.0,0.0,0.0,0.0,0.0,0.0,0.0,0.01,0.01,0.01,0.01,0.01,0.01,0.01,0.01,0.01,0.02,0.02,0.03,0.04,0.05,0.07,0.1,0.13,0.18,0.24,0.32,0.43,0.55,0.71,0.91,1.15,1.44,1.79,2.2,2.68,3.25,3.9,4.66,5.54,6.55,7.7,9.02,10.53,12.25,14.21,16.44,18.95,21.78,24.94,28.45,32.32,36.56,41.13,46.03,51.21,56.61,62.17,67.82,73.45,78.99,84.31,89.33,93.94,98.05,101.59,104.48,106.67,108.15,108.9,108.94,108.31,107.09,105.35,103.21,100.79,98.25,95.72,93.37,91.35,89.78,88.79,88.47,88.88,90.03,91.92,94.48,97.61,101.17,104.99,108.89,112.65,116.08,118.96,121.13,122.44,122.76,122.03,120.22,117.36,113.52,108.82,103.41,97.46,91.18,84.78,78.47,72.46,66.95,62.11,58.08,54.99,52.91,51.89,51.94,53.05,55.16,58.18,62.0,66.47,71.44,76.71,82.11,87.44,92.5,97.09,101.06,104.24,106.51,107.78,107.99,107.12,105.18,102.24,98.39,93.74,88.43,82.62,76.48,70.18,63.86,57.7,51.81,46.31,41.29,36.82,32.94,29.68,27.02,24.96,23.46,22.47,21.93,21.78,21.95,22.37,22.95,23.64,24.34,25.01,25.58,26.01,26.24,26.25,26.03,25.55,24.84,23.89,22.74,21.4,19.93,18.35,16.7,15.04,13.38,11.77,10.24,8.8,7.48,6.28,5.21,4.28,3.47,2.78,2.2,1.72,1.33,1.02,0.77,0.57,0.42,0.31,0.22,0.16,0.11,0.08,0.05,0.04,0.02
39.05,36.82,30.87,23.01,15.25,8.98,4.71,2.19,0.91,0.33,0.11,0.03,0.01,0.0,0.0,0.0,0.0,0.0,0.0,0.0,0.0,0.0,0.0,0.0,0.0,0.0,0.0,0.0,0.0,0.0,0.0,0.0,0.0,0.0,0.0,0.0,0.0,0.0,0.0,0.0,0.0,0.0,0.0,0.0,0.0,0.0,0.0,0.0,0.0,0.0,0.0,0.0,0.0,0.0,0.0,0.0,0.0,0.0,0.0,0.0,0.0,0.0,0.0,0.0,0.0,0.0,0.0,0.0,0.0,0.0,0.0,0.0,0.0,0.0,0.0,0.0,0.0,0.0,0.0,0.0,0.0,0.0,0.0,0.01,0.01,0.01,0.02,0.02,0.03,0.03,0.03,0.03,0.03,0.02,0.02,0.01,0.01,0.01,0.0,0.0,0.0,0.0,0.0,0.0,0.0,0.01,0.01,0.01,0.02,0.02,0.03,0.03,0.04,0.04,0.03,0.03,0.03,0.03,0.03,0.04,0.05,0.06,0.09,0.12,0.17,0.23,0.31,0.41,0.54,0.7,0.89,1.14,1.43,1.78,2.2,2.69,3.26,3.91,4.66,5.52,6.48,7.56,8.78,10.13,11.65,13.34,15.22,17.31,19.64,22.21,25.05,28.17,31.58,35.28,39.26,43.5,47.97,52.63,57.43,62.28,67.13,71.89,76.48,80.8,84.76,88.3,91.33,93.81,95.67,96.91,97.52,97.5,96.89,95.76,94.18,92.24,90.07,87.78,85.52,83.41,81.6,80.19,79.3,79.02,79.38,80.41,82.1,84.38,87.17,90.35,93.77,97.25,100.62,103.68,106.27,108.22,109.4,109.71,109.09,107.52,105.02,101.67,97.57,92.86,87.7,82.29,76.82,71.49,66.5,62.02,58.21,55.22,53.15,52.09,52.06,53.1,55.16,58.19,62.11,66.78,72.07,77.8,83.78,89.82,95.71,101.24,106.22,110.46,113.81,116.14,117.35,117.39,116.25,113.94,110.55,106.17,100.93,94.99,88.53,81.73,74.77,67.82,61.06,54.62,48.63,43.19,38.37,34.22,30.76,28.0,25.9,24.44,23.56,23.2,23.28,23.72,24.45,25.36,26.39,27.44,28.43,29.3,29.99,30.44,30.61,30.49,30.06,29.32,28.29,27.0,25.48,23.78,21.94,20.0,18.03,16.07,14.15,12.32,10.6,9.02,7.58,6.3,5.17,4.19,3.36,2.66,2.09,1.61,1.23,0.93,0.7,0.51,0.38,0.27,0.19,0.14,0.09,0.06,0.04,0.03
58.92,55.56,46.58,34.72,23.01,13.56,7.1,3.31,1.37,0.5,0.17,0.05,0.01,0.0,0.0,0.0,0.0,0.0,0.0,0.0,0.0,0.0,0.0,0.0,0.0,0.0,0.0,0.0,0.0,0.0,0.0,0.0,0.0,0.0,0.0,0.0,0.0,0.0,0.0,0.0,0.0,0.0,0.0,0.0,0.0,0.0,0.0,0.0,0.0,0.0,0.0,0.0,0.0,0.0,0.0,0.0,0.0,0.0,0.0,0.0,0.0,0.0,0.0,0.0,0.0,0.0,0.0,0.0,0.0,0.0,0.0,0.0,0.0,0.0,0.0,0.0,0.0,0.0,0.0,0.0,0.0,0.01,0.01,0.02,0.03,0.04,0.05,0.07,0.08,0.09,0.09,0.09,0.08,0.07,0.05,0.04,0.03,0.02,0.01,0.01,0.0,0.0,0.0,0.01,0.01,0.02,0.03,0.04,0.05,0.07,0.08,0.09,0.1,0.09,0.09,0.08,0.07,0.06,0.05,0.05,0.07,0.08,0.11,0.16,0.21,0.29,0.38,0.51,0.67,0.87,1.11,1.41,1.77,2.2,2.71,3.29,3.97,4.74,5.6,6.57,7.65,8.84,10.14,11.56,13.11,14.79,16.62,18.6,20.75,23.08,25.61,28.35,31.29,34.46,37.84,41.41,45.17,49.07,53.07,57.13,61.18,65.16,68.98,72.59,75.9,78.84,81.37,83.41,84.95,85.94,86.39,86.3,85.71,84.66,83.23,81.49,79.55,77.52,75.51,73.64,72.03,70.78,70.0,69.74,70.06,70.97,72.46,74.47,76.94,79.75,82.76,85.84,88.81,91.53,93.82,95.56,96.62,96.92,96.41,95.07,92.94,90.07,86.57,82.56,78.2,73.66,69.13,64.79,60.81,57.38,54.63,52.7,51.69,51.68,52.69,54.74,57.79,61.79,66.63,72.19,78.32,84.84,91.54,98.23,104.68,110.67,116.01,120.51,123.99,126.34,127.46,127.3,125.85,123.14,119.26,114.33,108.48,101.9,94.77,87.3,79.68,72.11,64.75,57.78,51.32,45.48,40.33,35.94,32.32,29.47,27.37,25.98,25.25,25.1,25.44,26.2,27.27,28.55,29.94,31.36,32.7,33.88,34.84,35.5,35.84,35.8,35.39,34.6,33.46,31.99,30.24,28.25,26.1,23.82,21.5,19.17,16.9,14.72,12.68,10.79,9.07,7.54,6.19,5.02,4.03,3.19,2.5,1.94,1.48,1.12,0.84,0.62,0.45,0.32,0.23,0.16,0.11,0.08,0.05,0.04
79.05,74.54,62.49,46.58,30.87,18.19,9.53,4.44,1.84,0.68,0.22,0.06,0.02,0.0,0.0,0.0,0.0,0.0,0.0,0.0,0.0,0.0,0.0,0.0,0.0,0.0,0.0,0.0,0.0,0.0,0.0,0.0,0.0,0.0,0.0,0.0,0.0,0.0,0.0,0.0,0.0,0.0,0.0,0.0,0.0,0.0,0.0,0.0,0.0,0.0,0.0,0.0,0.0,0.0,0.0,0.0,0.0,0.0,0.0,0.0,0.0,0.0,0.0,0.0,0.0,0.0,0.0,0.0,0.0,0.0,0.0,0.0,0.0,0.0,0.0,0.0,0.0,0.0,0.0,0.0,0.01,0.02,0.03,0.04,0.07,0.1,0.14,0.18,0.21,0.24,0.25,0.24,0.21,0.18,0.14,0.1,0.07,0.04,0.03,0.01,0.01,0.01,0.01,0.01,0.03,0.04,0.07,0.1,0.14,0.18,0.21,0.24,0.25,0.24,0.22,0.19,0.15,0.12,0.1,0.09,0.09,0.11,0.14,0.19,0.26,0.36,0.48,0.63,0.83,1.07,1.38,1.74,2.18,2.7,3.31,4.02,4.82,5.73,6.74,7.86,9.08,10.4,11.83,13.35,14.96,16.66,18.46,20.36,22.36,24.47,26.7,29.06,31.56,34.19,36.97,39.88,42.92,46.06,49.27,52.52,55.76,58.95,62.01,64.9,67.55,69.91,71.91,73.53,74.72,75.46,75.74,75.58,74.99,74.02,72.72,71.17,69.45,67.66,65.89,64.25,62.84,61.74,61.05,60.83,61.1,61.89,63.19,64.95,67.1,69.55,72.19,74.87,77.47,79.85,81.86,83.39,84.34,84.64,84.23,83.13,81.35,78.96,76.04,72.72,69.14,65.47,61.86,58.5,55.54,53.15,51.46,50.61,50.67,51.72,53.79,56.88,60.95,65.93,71.73,78.21,85.19,92.51,99.93,107.26,114.26,120.7,126.38,131.09,134.68,137.02,138.0,137.6,135.8,132.65,128.26,122.74,116.26,109.02,101.22,93.07,84.8,76.61,68.68,61.19,54.27,48.05,42.61,38.0,34.24,31.35,29.29,28.01,27.46,27.56,28.21,29.32,30.77,32.45,34.25,36.06,37.77,39.29,40.53,41.42,41.9,41.95,41.54,40.67,39.38,37.69,35.66,33.35,30.83,28.16,25.43,22.69,20.01,17.44,15.02,12.78,10.75,8.94,7.34,5.96,4.78,3.79,2.97,2.3,1.76,1.33,0.99,0.73,0.53,0.39,0.27,0.19,0.13,0.09,0.06,0.04
94.29,88.91,74.54,55.56,36.82,21.69,11.36,5.29,2.19,0.81,0.26,0.08,0.02,0.0,0.0,0.0,0.0,0.0,0.0,0.0,0.0,0.0,0.0,0.0,0.0,0.0,0.0,0.0,0.0,0.0,0.0,0.0,0.0,0.0,0.0,0.0,0.0,0.0,0.0,0.0,0.0,0.0,0.0,0.0,0.0,0.0,0.0,0.0,0.0,0.0,0.0,0.0,0.0,0.0,0.0,0.0,0.0,0.0,0.0,0.0,0.0,0.0,0.0,0.0,0.0,0.0,0.0,0.0,0.0,0.0,0.0,0.0,0.0,0.0,0.0,0.01,0.01,0.01,0.01,0.01,0.02,0.04,0.06,0.11,0.17,0.25,0.34,0.43,0.52,0.58,0.6,0.58,0.52,0.43,0.34,0.25,0.17,0.1,0.06,0.04,0.02,0.02,0.02,0.04,0.06,0.1,0.17,0.25,0.34,0.43,0.52,0.58,0.6,0.58,0.53,0.45,0.36,0.27,0.21,0.16,0.15,0.15,0.19,0.24,0.33,0.44,0.59,0.78,1.02,1.32,1.68,2.13,2.66,3.29,4.03,4.87,5.83,6.9,8.09,9.39,10.79,12.29,13.87,15.52,17.23,18.99,20.8,22.64,24.52,26.44,28.39,30.39,32.45,34.56,36.75,39.0,41.32,43.71,46.13,48.58,51.02,53.42,55.73,57.9,59.89,61.65,63.15,64.33,65.17,65.66,65.77,65.52,64.93,64.02,62.85,61.47,59.95,58.38,56.83,55.4,54.18,53.23,52.63,52.43,52.66,53.34,54.46,55.98,57.83,59.94,62.22,64.54,66.79,68.84,70.59,71.93,72.78,73.07,72.78,71.9,70.46,68.52,66.17,63.52,60.69,57.85,55.15,52.74,50.78,49.42,48.78,48.99,50.13,52.25,55.38,59.52,64.62,70.62,77.38,84.78,92.63,100.74,108.89,116.85,124.37,131.24,137.22,142.12,145.78,148.05,148.87,148.17,145.99,142.37,137.42,131.3,124.17,116.26,107.77,98.96,90.04,81.23,72.75,64.76,57.41,50.84,45.13,40.33,36.48,33.57,31.58,30.46,30.13,30.52,31.52,33.02,34.89,37.01,39.26,41.49,43.61,45.48,47.02,48.13,48.77,48.89,48.46,47.5,46.03,44.09,41.74,39.05,36.12,33.01,29.81,26.61,23.48,20.47,17.63,15.01,12.63,10.5,8.62,7.0,5.62,4.45,3.49,2.7,2.07,1.56,1.17,0.86,0.63,0.45,0.32,0.23,0.16,0.11,0.07,0.05
100.0,94.29,79.05,58.92,39.05,23.01,12.05,5.61,2.32,0.86,0.28,0.08,0.02,0.0,0.0,0.0,0.0,0.0,0.0,0.0,0.0,0.0,0.0,0.0,0.0,0.0,0.0,0.0,0.0,0.0,0.0,0.0,0.0,0.0,0.0,0.0,0.0,0.0,0.0,0.0,0.0,0.0,0.0,0.0,0.0,0.0,0.0,0.0,0.0,0.0,0.0,0.0,0.0,0.0,0.0,0.0,0.0,0.0,0.0,0.0,0.0,0.0,0.0,0.0,0.0,0.0,0.0,0.0,0.0,0.0,0.0,0.01,0.01,0.01,0.01,0.02,0.02,0.02,0.03,0.04,0.05,0.09,0.15,0.25,0.38,0.56,0.77,0.99,1.18,1.31,1.35,1.31,1.17,0.98,0.77,0.56,0.38,0.24,0.14,0.08,0.05,0.04,0.05,0.08,0.14,0.24,0.38,0.56,0.77,0.98,1.18,1.31,1.36,1.31,1.18,1.0,0.79,0.59,0.43,0.31,0.24,0.22,0.24,0.3,0.4,0.53,0.71,0.94,1.23,1.59,2.04,2.58,3.22,3.98,4.86,5.86,7.0,8.27,9.67,11.18,12.8,14.51,16.28,18.1,19.96,21.82,23.66,25.49,27.27,29.02,30.72,32.39,34.02,35.64,37.24,38.85,40.47,42.11,43.76,45.42,47.06,48.68,50.23,51.7,53.04,54.22,55.2,55.96,56.45,56.68,56.62,56.27,55.66,54.8,53.73,52.51,51.17,49.8,48.46,47.23,46.17,45.35,44.83,44.66,44.85,45.43,46.38,47.67,49.25,51.06,52.99,54.98,56.9,58.66,60.17,61.33,62.08,62.38,62.19,61.53,60.41,58.91,57.09,55.07,52.97,50.93,49.08,47.59,46.6,46.24,46.64,47.9,50.09,53.28,57.48,62.67,68.81,75.81,83.54,91.87,100.58,109.49,118.35,126.92,134.96,142.22,148.47,153.52,157.2,159.38,159.97,158.95,156.34,152.22,146.69,139.94,132.15,123.55,114.38,104.89,95.33,85.93,76.9,68.43,60.68,53.79,47.83,42.88,38.96,36.07,34.19,33.26,33.2,33.92,35.31,37.24,39.57,42.17,44.9,47.6,50.14,52.39,54.24,55.6,56.39,56.57,56.12,55.04,53.36,51.13,48.43,45.33,41.93,38.33,34.63,30.92,27.28,23.78,20.49,17.45,14.68,12.21,10.03,8.14,6.53,5.18,4.06,3.14,2.4,1.82,1.36,1.0,0.73,0.53,0.38,0.26,0.18,0.13,0.09,0.06
94.29,88.91,74.54,55.56,36.82,21.69,11.36,5.29,2.19,0.81,0.26,0.08,0.02,0.0,0.0,0.0,0.0,0.0,0.0,0.0,0.0,0.0,0.0,0.0,0.0,0.0,0.0,0.0,0.0,0.0,0.0,0.0,0.0,0.0,0.0,0.0,0.0,0.0,0.0,0.0,0.0,0.0,0.0,0.0,0.0,0.0,0.0,0.0,0.0,0.0,0.0,0.0,0.0,0.0,0.0,0.0,0.0,0.0,0.0,0.0,0.0,0.0,0.0,0.0,0.0,0.0,0.0,0.0,0.01,0.01,0.01,0.02,0.03,0.04,0.04,0.05,0.05,0.06,0.07,0.09,0.13,0.2,0.33,0.53,0.82,1.19,1.63,2.08,2.48,2.76,2.86,2.76,2.48,2.07,1.62,1.17,0.79,0.5,0.3,0.17,0.1,0.08,0.1,0.17,0.3,0.5,0.79,1.17,1.62,2.08,2.48,2.76,2.86,2.76,2.49,2.09,1.64,1.21,0.85,0.59,0.42,0.34,0.33,0.38,0.49,0.64,0.86,1.13,1.48,1.91,2.44,3.09,3.85,4.76,5.8,7.0,8.35,9.84,11.48,13.24,15.11,17.07,19.08,21.12,23.15,25.14,27.07,28.91,30.64,32.24,33.72,35.08,36.32,37.45,38.5,39.48,40.41,41.32,42.2,43.08,43.95,44.8,45.62,46.39,47.09,47.69,48.17,48.5,48.65,48.62,48.38,47.93,47.28,46.46,45.48,44.38,43.21,42.01,40.86,39.8,38.89,38.19,37.75,37.59,37.76,38.24,39.04,40.12,41.45,42.97,44.61,46.28,47.91,49.4,50.69,51.7,52.37,52.67,52.59,52.12,51.31,50.21,48.89,47.47,46.04,44.75,43.73,43.12,43.05,43.66,45.06,47.33,50.57,54.81,60.05,66.29,73.47,81.47,90.18,99.43,109.0,118.7,128.25,137.42,145.94,153.57,160.07,165.23,168.9,170.93,171.27,169.89,166.82,162.15,156.03,148.62,140.15,130.86,121.0,110.85,100.66,90.67,81.11,72.18,64.05,56.85,50.68,45.6,41.65,38.81,37.07,36.36,36.6,37.69,39.51,41.91,44.75,47.86,51.1,54.29,57.29,59.94,62.12,63.73,64.69,64.93,64.44,63.23,61.32,58.77,55.68,52.13,48.23,44.1,39.84,35.58,31.39,27.37,23.59,20.08,16.9,14.05,11.54,9.37,7.52,5.96,4.67,3.62,2.77,2.09,1.56,1.15,0.84,0.61,0.43,0.3,0.21,0.15,0.1,0.07
79.05,74.54,62.49,46.58,30.87,18.19,9.53,4.44,1.84,0.68,0.22,0.06,0.02,0.0,0.0,0.0,0.0,0.0,0.0,0.0,0.0,0.0,0.0,0.0,0.0,0.0,0.0,0.0,0.0,0.0,0.0,0.0,0.0,0.0,0.0,0.0,0.0,0.0,0.0,0.0,0.0,0.0,0.0,0.0,0.0,0.0,0.0,0.0,0.0,0.0,0.0,0.0,0.0,0.0,0.0,0.0,0.0,0.0,0.0,0.0,0.0,0.0,0.0,0.0,0.0,0.0,0.01,0.01,0.02,0.03,0.04,0.06,0.08,0.1,0.12,0.13,0.15,0.16,0.18,0.22,0.29,0.43,0.67,1.06,1.62,2.35,3.21,4.09,4.88,5.42,5.62,5.42,4.87,4.08,3.18,2.31,1.56,0.98,0.58,0.33,0.19,0.15,0.19,0.33,0.58,0.99,1.56,2.31,3.18,4.08,4.87,5.42,5.62,5.43,4.88,4.1,3.21,2.36,1.63,1.09,0.72,0.52,0.45,0.48,0.59,0.77,1.02,1.34,1.76,2.27,2.9,3.66,4.56,5.63,6.86,8.27,9.85,11.61,13.52,15.56,17.73,19.97,22.26,24.55,26.8,28.97,31.01,32.9,34.61,36.11,37.4,38.47,39.33,40.01,40.52,40.89,41.16,41.35,41.49,41.6,41.71,41.81,41.91,42.0,42.08,42.12,42.1,42.01,41.82,41.52,41.1,40.54,39.85,39.04,38.12,37.13,36.1,35.06,34.07,33.16,32.39,31.79,31.41,31.28,31.41,31.81,32.47,33.37,34.48,35.75,37.11,38.51,39.87,41.13,42.22,43.09,43.69,44.0,44.01,43.74,43.21,42.48,41.63,40.75,39.96,39.38,39.12,39.34,40.15,41.68,44.03,47.3,51.55,56.81,63.09,70.37,78.56,87.57,97.24,107.4,117.84,128.3,138.54,148.29,157.28,165.25,171.96,177.21,180.82,182.68,182.73,180.95,177.39,172.16,165.41,157.34,148.18,138.19,127.64,116.82,106.0,95.44,85.37,75.99,67.5,60.01,53.65,48.47,44.5,41.75,40.18,39.72,40.3,41.78,44.06,46.96,50.33,54.0,57.78,61.49,64.97,68.04,70.57,72.44,73.56,73.87,73.33,71.96,69.8,66.92,63.41,59.37,54.94,50.23,45.39,40.54,35.77,31.19,26.88,22.89,19.26,16.01,13.16,10.68,8.57,6.8,5.32,4.12,3.15,2.38,1.78,1.32,0.96,0.69,0.49,0.35,0.24,0.17,0.11,0.08
58.92,55.56,46.58,34.72,23.01,13.56,7.1,3.31,1.37,0.5,0.17,0.05,0.01,0.0,0.0,0.0,0.0,0.0,0.0,0.0,0.0,0.0,0.0,0.0,0.0,0.0,0.0,0.0,0.0,0.0,0.0,0.0,0.0,0.0,0.0,0.0,0.0,0.0,0.0,0.0,0.0,0.0,0.0,0.0,0.0,0.0,0.0,0.0,0.0,0.0,0.0,0.0,0.0,0.0,0.0,0.0,0.0,0.0,0.0,0.0,0.0,0.0,0.0,0.0,0.0,0.01,0.01,0.03,0.04,0.07,0.11,0.15,0.2,0.26,0.31,0.35,0.39,0.42,0.45,0.52,0.64,0.88,1.31,2.0,3.01,4.33,5.89,7.5,8.94,9.93,10.28,9.92,8.91,7.46,5.82,4.22,2.86,1.8,1.07,0.6,0.35,0.28,0.35,0.6,1.07,1.8,2.86,4.22,5.82,7.46,8.91,9.92,10.28,9.93,8.93,7.49,5.85,4.28,2.94,1.92,1.23,0.82,0.64,0.62,0.72,0.91,1.2,1.58,2.06,2.66,3.4,4.29,5.35,6.59,8.03,9.68,11.52,13.55,15.77,18.14,20.62,23.19,25.79,28.38,30.89,33.27,35.47,37.45,39.17,40.59,41.71,42.53,43.05,43.29,43.28,43.07,42.69,42.19,41.6,40.97,40.33,39.7,39.1,38.54,38.0,37.49,37.0,36.5,35.97,35.41,34.8,34.12,33.37,32.56,31.69,30.79,29.87,28.96,28.1,27.33,26.67,26.16,25.84,25.72,25.82,26.15,26.69,27.43,28.34,29.39,30.51,31.67,32.8,33.85,34.77,35.52,36.07,36.39,36.49,36.38,36.11,35.73,35.3,34.93,34.72,34.79,35.25,36.24,37.88,40.29,43.55,47.77,53.0,59.26,66.56,74.84,84.05,94.04,104.67,115.74,127.02,138.25,149.16,159.48,168.91,177.2,184.1,189.4,192.94,194.61,194.34,192.14,188.07,182.26,174.86,166.11,156.25,145.55,134.32,122.84,111.39,100.26,89.68,79.88,71.03,63.28,56.74,51.47,47.51,44.86,43.47,43.29,44.22,46.13,48.89,52.32,56.26,60.49,64.84,69.09,73.07,76.58,79.47,81.61,82.89,83.26,82.67,81.14,78.72,75.48,71.52,66.97,61.97,56.67,51.21,45.74,40.36,35.2,30.33,25.83,21.73,18.07,14.85,12.06,9.67,7.67,6.01,4.65,3.56,2.69,2.01,1.48,1.08,0.78,0.56,0.39,0.27,0.19,0.13,0.09
39.05,36.82,30.87,23.01,15.25,8.98,4.71,2.19,0.91,0.33,0.11,0.03,0.01,0.0,0.0,0.0,0.0,0.0,0.0,0.0,0.0,0.0,0.0,0.0,0.0,0.0,0.0,0.0,0.0,0.0,0.0,0.0,0.0,0.0,0.0,0.0,0.0,0.0,0.0,0.0,0.0,0.0,0.0,0.0,0.0,0.0,0.0,0.0,0.0,0.0,0.0,0.0,0.0,0.0,0.0,0.0,0.0,0.0,0.0,0.0,0.0,0.0,0.0,0.0,0.01,0.02,0.03,0.06,0.11,0.17,0.26,0.37,0.5,0.62,0.74,0.85,0.93,1.0,1.06,1.15,1.34,1.73,2.42,3.56,5.24,7.46,10.09,12.83,15.25,16.94,17.53,16.91,15.19,12.72,9.92,7.2,4.87,3.07,1.82,1.03,0.6,0.47,0.6,1.03,1.82,3.07,4.87,7.2,9.92,12.72,15.19,16.91,17.52,16.91,15.21,12.75,9.96,7.26,4.97,3.21,2.0,1.27,0.9,0.79,0.87,1.07,1.4,1.83,2.39,3.08,3.94,4.97,6.2,7.64,9.3,11.2,13.32,15.67,18.21,20.93,23.78,26.7,29.65,32.56,35.37,38.0,40.39,42.49,44.25,45.63,46.62,47.2,47.4,47.23,46.74,45.96,44.95,43.78,42.49,41.15,39.79,38.45,37.17,35.96,34.84,33.8,32.83,31.93,31.08,30.26,29.45,28.64,27.83,27.0,26.16,25.32,24.49,23.69,22.95,22.28,21.72,21.29,21.02,20.91,20.99,21.25,21.68,22.29,23.03,23.88,24.8,25.74,26.68,27.55,28.33,28.97,29.47,29.81,29.99,30.04,30.0,29.93,29.89,29.98,30.3,30.97,32.1,33.81,36.22,39.44,43.58,48.7,54.87,62.1,70.38,79.67,89.86,100.83,112.4,124.37,136.48,148.46,160.04,170.91,180.78,189.38,196.45,201.8,205.25,206.69,206.09,203.46,198.87,192.45,184.41,174.97,164.4,153.0,141.07,128.93,116.87,105.17,94.09,83.86,74.66,66.65,59.94,54.59,50.65,48.1,46.92,47.03,48.32,50.67,53.93,57.91,62.41,67.24,72.17,76.98,81.46,85.42,88.68,91.09,92.55,92.97,92.33,90.63,87.93,84.31,79.9,74.82,69.24,63.32,57.22,51.1,45.1,39.33,33.89,28.86,24.29,20.19,16.59,13.47,10.81,8.57,6.72,5.2,3.98,3.01,2.25,1.66,1.21,0.87,0.62,0.44,0.3,0.21,0.14,0.1
23.01,21.69,18.19,13.56,8.98,5.29,2.77,1.29,0.53,0.2,0.06,0.02,0.0,0.0,0.0,0.0,0.0,0.0,0.0,0.0,0.0,0.0,0.0,0.0,0.0,0.0,0.0,0.0,0.0,0.0,0.0,0.0,0.0,0.0,0.0,0.0,0.0,0.0,0.0,0.0,0.0,0.0,0.0,0.0,0.0,0.0,0.0,0.0,0.0,0.0,0.0,0.0,0.0,0.0,0.0,0.0,0.0,0.0,0.0,0.0,0.0,0.0,0.0,0.01,0.02,0.04,0.08,0.14,0.25,0.39,0.6,0.84,1.12,1.41,1.69,1.92,2.1,2.23,2.32,2.45,2.7,3.24,4.27,5.99,8.57,12.03,16.14,20.43,24.26,26.91,27.84,26.85,24.13,20.19,15.74,11.43,7.73,4.88,2.88,1.63,0.96,0.75,0.96,1.63,2.88,4.88,7.73,11.43,15.74,20.19,24.12,26.84,27.81,26.85,24.14,20.22,15.79,11.51,7.84,5.03,3.09,1.89,1.25,1.01,1.04,1.25,1.61,2.1,2.74,3.54,4.51,5.69,7.1,8.75,10.65,12.82,15.24,17.92,20.82,23.91,27.14,30.45,33.78,37.05,40.17,43.08,45.7,47.95,49.78,51.14,52.02,52.41,52.31,51.75,50.79,49.48,47.87,46.06,44.09,42.05,40.0,37.98,36.04,34.22,32.53,30.97,29.55,28.26,27.08,26.0,25.0,24.06,23.17,22.31,21.48,20.69,19.93,19.22,18.57,17.99,17.51,17.14,16.91,16.81,16.86,17.07,17.41,17.9,18.49,19.17,19.92,20.69,21.45,22.17,22.83,23.39,23.85,24.21,24.47,24.66,24.83,25.04,25.35,25.85,26.66,27.87,29.6,31.97,35.1,39.1,44.06,50.04,57.11,65.27,74.51,84.76,95.92,107.85,120.35,133.2,146.14,158.88,171.11,182.53,192.83,201.73,208.97,214.35,217.71,218.93,218.0,214.92,209.8,202.79,194.09,183.96,172.69,160.58,147.96,135.15,122.47,110.2,98.62,87.96,78.42,70.14,63.26,57.83,53.9,51.47,50.49,50.88,52.55,55.34,59.1,63.63,68.71,74.13,79.64,85.02,90.02,94.43,98.06,100.75,102.37,102.85,102.15,100.28,97.29,93.3,88.41,82.8,76.62,70.07,63.33,56.56,49.91,43.53,37.51,31.94,26.88,22.35,18.36,14.91,11.97,9.49,7.43,5.76,4.4,3.33,2.49,1.84,1.34,0.97,0.69,0.48,0.34,0.23,0.16,0.11
12.05,11.36,9.53,7.1,4.71,2.77,1.45,0.68,0.28,0.1,0.03,0.01,0.0,0.0,0.0,0.0,0.0,0.0,0.0,0.0,0.0,0.0,0.0,0.0,0.0,0.0,0.0,0.0,0.0,0.0,0.0,0.0,0.0,0.0,0.0,0.0,0.0,0.0,0.0,0.0,0.0,0.0,0.0,0.0,0.0,0.0,0.0,0.0,0.0,0.0,0.0,0.0,0.0,0.0,0.0,0.0,0.0,0.0,0.0,0.0,0.0,0.0,0.01,0.02,0.04,0.08,0.16,0.3,0.52,0.83,1.26,1.78,2.37,2.98,3.56,4.04,4.41,4.65,4.8,4.93,5.21,5.86,7.2,9.57,13.21,18.16,24.11,30.37,35.96,39.84,41.19,39.71,35.68,29.86,23.28,16.9,11.44,7.21,4.26,2.41,1.42,1.11,1.42,2.41,4.26,7.21,11.44,16.9,23.28,29.86,35.67,39.68,41.12,39.69,35.69,29.89,23.33,16.99,11.56,7.38,4.48,2.68,1.69,1.28,1.23,1.44,1.83,2.38,3.1,4.0,5.11,6.45,8.04,9.9,12.05,14.5,17.24,20.27,23.54,27.02,30.65,34.37,38.1,41.75,45.22,48.43,51.29,53.71,55.64,57.01,57.81,58.02,57.65,56.74,55.34,53.51,51.34,48.9,46.29,43.58,40.86,38.19,35.63,33.21,30.97,28.92,27.07,25.4,23.91,22.58,21.39,20.31,19.33,18.43,17.6,16.83,16.13,15.48,14.9,14.4,13.98,13.66,13.46,13.37,13.4,13.55,13.83,14.21,14.68,15.22,15.82,16.44,17.06,17.66,18.21,18.71,19.14,19.51,19.84,20.17,20.52,20.98,21.6,22.48,23.71,25.41,27.7,30.68,34.48,39.19,44.92,51.72,59.64,68.7,78.86,90.05,102.15,115.02,128.44,142.16,155.92,169.4,182.28,194.25,204.98,214.19,221.61,227.03,230.3,231.31,230.04,226.53,220.89,213.28,203.94,193.12,181.15,168.33,155.02,141.54,128.24,115.4,103.32,92.22,82.32,73.77,66.7,61.19,57.26,54.92,54.13,54.81,56.83,60.06,64.31,69.38,75.04,81.05,87.14,93.07,98.58,103.44,107.43,110.4,112.19,112.72,111.96,109.91,106.65,102.27,96.91,90.76,84.0,76.82,69.42,62.0,54.71,47.72,41.12,35.02,29.47,24.5,20.13,16.35,13.12,10.4,8.15,6.31,4.83,3.65,2.73,2.01,1.47,1.06,0.75,0.53,0.37,0.25,0.17,0.12
5.61,5.29,4.44,3.31,2.19,1.29,0.68,0.32,0.13,0.05,0.02,0.0,0.0,0.0,0.0,0.0,0.0,0.0,0.0,0.0,0.0,0.0,0.0,0.0,0.0,0.0,0.0,0.0,0.0,0.0,0.0,0.0,0.0,0.0,0.0,0.0,0.0,0.0,0.0,0.0,0.0,0.0,0.0,0.0,0.0,0.0,0.0,0.0,0.0,0.0,0.0,0.0,0.0,0.0,0.0,0.0,0.0,0.0,0.0,0.0,0.0,0.01,0.01,0.03,0.08,0.16,0.32,0.59,1.02,1.64,2.47,3.49,4.65,5.85,6.98,7.94,8.65,9.08,9.28,9.36,9.54,10.16,11.67,14.57,19.23,25.74,33.69,42.13,49.7,54.96,56.78,54.71,49.14,41.13,32.06,23.28,15.75,9.93,5.87,3.32,1.96,1.53,1.96,3.32,5.87,9.93,15.75,23.28,32.06,41.11,49.11,54.65,56.63,54.66,49.14,41.15,32.12,23.37,15.88,10.12,6.11,3.59,2.2,1.57,1.44,1.64,2.06,2.67,3.48,4.48,5.72,7.21,8.99,11.08,13.49,16.22,19.29,22.66,26.31,30.19,34.24,38.38,42.52,46.56,50.4,53.93,57.05,59.66,61.7,63.11,63.84,63.9,63.28,62.04,60.22,57.92,55.2,52.18,48.96,45.62,42.27,38.98,35.82,32.84,30.08,27.57,25.3,23.27,21.48,19.91,18.52,17.31,16.24,15.29,14.44,13.68,13.01,12.41,11.88,11.43,11.07,10.79,10.61,10.52,10.53,10.65,10.86,11.15,11.52,11.95,12.43,12.92,13.43,13.92,14.39,14.83,15.24,15.64,16.03,16.47,16.99,17.66,18.56,19.77,21.39,23.54,26.32,29.86,34.27,39.65,46.09,53.65,62.39,72.3,83.34,95.43,108.46,122.24,136.55,151.14,165.7,179.92,193.46,205.98,217.15,226.68,234.29,239.77,242.96,243.78,242.2,238.28,232.14,223.95,213.97,202.49,189.81,176.3,162.29,148.15,134.22,120.8,108.2,96.65,86.38,77.54,70.27,64.65,60.71,58.45,57.82,58.75,61.12,64.76,69.48,75.07,81.29,87.86,94.52,100.98,106.99,112.29,116.64,119.86,121.82,122.4,121.58,119.36,115.82,111.06,105.25,98.57,91.22,83.43,75.4,67.34,59.42,51.82,44.66,38.03,32.0,26.61,21.87,17.76,14.25,11.3,8.85,6.85,5.24,3.96,2.96,2.19,1.59,1.15,0.82,0.58,0.4,0.28,0.19,0.13
2.32,2.19,1.84,1.37,0.91,0.53,0.28,0.13,0.05,0.02,0.01,0.0,0.0,0.0,0.0,0.0,0.0,0.0,0.0,0.0,0.0,0.0,0.0,0.0,0.0,0.0,0.0,0.0,0.0,0.0,0.0,0.0,0.0,0.0,0.0,0.0,0.0,0.0,0.0,0.0,0.0,0.0,0.0,0.0,0.0,0.0,0.0,0.0,0.0,0.0,0.0,0.0,0.0,0.0,0.0,0.0,0.0,0.0,0.0,0.0,0.0,0.01,0.03,0.06,0.14,0.3,0.59,1.08,1.86,3.0,4.52,6.39,8.52,10.71,12.78,14.52,15.8,16.55,16.81,16.71,16.57,16.85,18.17,21.23,26.58,34.37,44.11,54.59,64.07,70.66,72.91,70.22,63.05,52.75,41.12,29.86,20.2,12.74,7.53,4.25,2.51,1.97,2.51,4.25,7.53,12.74,20.2,29.86,41.11,52.73,62.99,70.09,72.63,70.1,63.02,52.78,41.18,29.96,20.34,12.94,7.78,4.53,2.72,1.88,1.66,1.84,2.29,2.96,3.85,4.96,6.33,7.98,9.95,12.25,14.91,17.94,21.32,25.05,29.08,33.36,37.83,42.39,46.94,51.38,55.58,59.43,62.82,65.64,67.81,69.26,69.95,69.87,69.04,67.49,65.3,62.54,59.32,55.76,51.96,48.03,44.08,40.21,36.49,32.99,29.74,26.78,24.12,21.76,19.69,17.88,16.31,14.96,13.79,12.79,11.91,11.15,10.5,9.93,9.44,9.04,8.71,8.46,8.29,8.21,8.2,8.28,8.43,8.66,8.95,9.28,9.66,10.05,10.46,10.87,11.27,11.67,12.07,12.48,12.94,13.48,14.15,15.01,16.15,17.65,19.61,22.16,25.39,29.43,34.39,40.38,47.48,55.77,65.26,75.97,87.86,100.82,114.73,129.39,144.58,160.01,175.37,190.33,204.52,217.6,229.23,239.09,246.92,252.48,255.63,256.29,254.43,250.13,243.51,234.77,224.19,212.04,198.69,184.48,169.79,154.99,140.42,126.42,113.28,101.27,90.6,81.46,73.96,68.2,64.21,62.0,61.51,62.67,65.34,69.35,74.52,80.6,87.33,94.44,101.63,108.61,115.09,120.8,125.49,128.97,131.08,131.71,130.82,128.44,124.63,119.51,113.26,106.07,98.17,89.78,81.14,72.46,63.95,55.77,48.06,40.93,34.44,28.64,23.53,19.11,15.33,12.16,9.52,7.37,5.64,4.27,3.19,2.35,1.72,1.24,0.88,0.62,0.43,0.3,0.2,0.14
0.86,0.81,0.68,0.5,0.33,0.2,0.1,0.05,0.02,0.01,0.0,0.0,0.0,0.0,0.0,0.0,0.0,0.0,0.0,0.0,0.0,0.0,0.0,0.0,0.0,0.0,0.0,0.0,0.0,0.0,0.0,0.0,0.0,0.0,0.0,0.0,0.0,0.0,0.0,0.0,0.0,0.0,0.0,0.0,0.0,0.0,0.0,0.0,0.0,0.0,0.0,0.0,0.0,0.0,0.0,0.0,0.0,0.0,0.0,0.0,0.01,0.02,0.04,0.11,0.24,0.51,1.0,1.84,3.17,5.11,7.7,10.9,14.52,18.26,21.78,24.74,26.9,28.12,28.43,27.99,27.19,26.64,27.17,29.71,35.02,43.36,54.22,66.16,77.09,84.71,87.25,83.95,75.35,63.03,49.13,35.67,24.13,15.22,8.99,5.08,3.0,2.35,3.0,5.08,8.99,15.22,24.13,35.67,49.11,62.99,75.25,83.72,86.76,83.73,75.28,63.04,49.19,35.78,24.29,15.44,9.26,5.37,3.18,2.15,1.86,2.03,2.51,3.24,4.2,5.42,6.92,8.72,10.87,13.39,16.3,19.61,23.3,27.37,31.77,36.44,41.31,46.28,51.24,56.07,60.63,64.81,68.46,71.49,73.79,75.3,75.96,75.77,74.74,72.92,70.38,67.21,63.53,59.46,55.12,50.65,46.16,41.75,37.52,33.53,29.83,26.47,23.45,20.77,18.43,16.41,14.67,13.18,11.92,10.85,9.94,9.17,8.52,7.97,7.51,7.13,6.83,6.6,6.44,6.35,6.33,6.38,6.49,6.66,6.88,7.14,7.43,7.74,8.07,8.42,8.77,9.13,9.52,9.96,10.47,11.09,11.89,12.92,14.27,16.02,18.29,21.18,24.81,29.3,34.77,41.31,49.02,57.96,68.17,79.64,92.31,106.1,120.85,136.37,152.4,168.65,184.8,200.48,215.33,228.98,241.08,251.3,259.36,265.05,268.19,268.73,266.63,261.99,254.94,245.69,234.53,221.76,207.75,192.87,177.51,162.04,146.84,132.24,118.56,106.07,94.98,85.5,77.74,71.81,67.74,65.54,65.15,66.49,69.42,73.77,79.33,85.85,93.06,100.66,108.35,115.8,122.72,128.81,133.82,137.53,139.78,140.45,139.51,136.97,132.91,127.45,120.78,113.12,104.69,95.74,86.53,77.28,68.2,59.47,51.25,43.64,36.73,30.54,25.1,20.38,16.35,12.96,10.16,7.86,6.02,4.55,3.4,2.51,1.83,1.32,0.94,0.66,0.46,0.32,0.21,0.14
0.28,0.26,0.22,0.17,0.11,0.06,0.03,0.02,0.01,0.0,0.0,0.0,0.0,0.0,0.0,0.0,0.0,0.0,0.0,0.0,0.0,0.0,0.0,0.0,0.0,0.0,0.0,0.0,0.0,0.0,0.0,0.0,0.0,0.0,0.0,0.0,0.0,0.0,0.0,0.0,0.0,0.0,0.0,0.0,0.0,0.0,0.0,0.0,0.0,0.0,0.0,0.0,0.0,0.0,0.0,0.0,0.0,0.0,0.0,0.0,0.01,0.03,0.07,0.17,0.38,0.8,1.59,2.92,5.04,8.11,12.22,17.3,23.05,28.99,34.57,39.27,42.66,44.54,44.88,43.88,41.99,39.98,38.9,39.95,44.13,51.9,62.74,75.11,86.64,94.72,97.31,93.52,83.88,70.15,54.66,39.69,26.85,16.93,10.01,5.65,3.33,2.61,3.33,5.65,10.01,16.93,26.84,39.68,54.64,70.08,83.72,93.15,96.52,93.16,83.75,70.13,54.72,39.8,27.01,17.17,10.3,5.96,3.52,2.36,2.02,2.2,2.71,3.5,4.54,5.86,7.47,9.42,11.75,14.47,17.61,21.18,25.17,29.56,34.31,39.35,44.6,49.96,55.3,60.5,65.41,69.88,73.8,77.03,79.46,81.03,81.68,81.39,80.19,78.13,75.27,71.74,67.64,63.11,58.3,53.34,48.35,43.46,38.76,34.33,30.23,26.5,23.15,20.19,17.61,15.39,13.49,11.88,10.53,9.39,8.45,7.66,7.0,6.46,6.01,5.65,5.36,5.15,4.99,4.9,4.86,4.89,4.96,5.08,5.24,5.44,5.66,5.91,6.18,6.47,6.78,7.12,7.51,7.96,8.52,9.22,10.12,11.3,12.83,14.8,17.33,20.53,24.51,29.4,35.31,42.36,50.62,60.16,71.02,83.18,96.6,111.16,126.71,143.03,159.87,176.92,193.83,210.22,225.73,239.95,252.53,263.13,271.47,277.31,280.5,280.95,278.67,273.74,266.31,256.6,244.9,231.55,216.92,201.39,185.37,169.25,153.42,138.23,123.99,111.0,99.48,89.62,81.58,75.44,71.25,69.01,68.68,70.15,73.29,77.92,83.82,90.73,98.36,106.4,114.53,122.41,129.72,136.16,141.45,145.37,147.75,148.46,147.46,144.77,140.48,134.71,127.67,119.56,110.65,101.2,91.46,81.68,72.08,62.86,54.17,46.13,38.82,32.28,26.53,21.54,17.28,13.7,10.74,8.31,6.36,4.81,3.59,2.65,1.93,1.39,0.99,0.7,0.49,0.33,0.23,0.15
0.08,0.08,0.06,0.05,0.03,0.02,0.01,0.0,0.0,0.0,0.0,0.0,0.0,0.0,0.0,0.0,0.0,0.0,0.0,0.0,0.0,0.0,0.0,0.0,0.0,0.0,0.0,0.0,0.0,0.0,0.0,0.0,0.0,0.0,0.0,0.0,0.0,0.0,0.0,0.0,0.0,0.0,0.0,0.0,0.0,0.0,0.0,0.0,0.0,0.0,0.0,0.0,0.0,0.0,0.0,0.0,0.0,0.0,0.0,0.0,0.01,0.04,0.1,0.25,0.56,1.19,2.35,4.32,7.45,11.99,18.08,25.58,34.08,42.86,51.12,58.05,63.04,65.76,66.11,64.3,60.87,56.72,53.13,51.59,53.39,59.19,68.6,80.06,91.07,98.85,101.19,97.07,86.99,72.72,56.66,41.13,27.82,17.55,10.37,5.86,3.45,2.71,3.45,5.86,10.37,17.55,27.82,41.12,56.62,72.62,86.75,96.52,100.02,96.53,86.78,72.67,56.7,41.24,28.0,17.8,10.68,6.19,3.67,2.48,2.14,2.34,2.89,3.74,4.85,6.25,7.98,10.06,12.54,15.44,18.79,22.6,26.86,31.55,36.62,41.99,47.59,53.3,59.0,64.53,69.75,74.51,78.67,82.08,84.64,86.27,86.92,86.56,85.21,82.93,79.81,75.95,71.49,66.57,61.33,55.94,50.52,45.2,40.1,35.28,30.83,26.78,23.14,19.94,17.14,14.74,12.7,10.98,9.54,8.34,7.36,6.54,5.88,5.33,4.89,4.54,4.26,4.04,3.88,3.78,3.73,3.73,3.77,3.85,3.97,4.11,4.29,4.48,4.71,4.95,5.23,5.55,5.94,6.41,7.0,7.77,8.77,10.06,11.74,13.91,16.66,20.12,24.4,29.64,35.95,43.44,52.19,62.27,73.72,86.52,100.61,115.88,132.17,149.25,166.85,184.65,202.29,219.38,235.52,250.32,263.4,274.4,283.04,289.08,292.35,292.79,290.38,285.21,277.46,267.34,255.17,241.28,226.07,209.93,193.28,176.54,160.09,144.3,129.5,116.0,104.02,93.78,85.42,79.04,74.69,72.37,72.03,73.58,76.88,81.72,87.9,95.13,103.11,111.53,120.04,128.29,135.94,142.68,148.22,152.32,154.81,155.55,154.51,151.69,147.19,141.15,133.76,125.27,115.94,106.03,95.83,85.58,75.53,65.86,56.76,48.34,40.67,33.82,27.79,22.57,18.11,14.36,11.25,8.71,6.66,5.04,3.76,2.78,2.03,1.46,1.04,0.73,0.51,0.35,0.24,0.16
0.02,0.02,0.02,0.01,0.01,0.0,0.0,0.0,0.0,0.0,0.0,0.0,0.0,0.0,0.0,0.0,0.0,0.0,0.0,0.0,0.0,0.0,0.0,0.0,0.0,0.0,0.0,0.0,0.0,0.0,0.0,0.0,0.0,0.0,0.0,0.0,0.0,0.0,0.0,0.0,0.0,0.0,0.0,0.0,0.0,0.0,0.0,0.0,0.0,0.0,0.0,0.0,0.0,0.0,0.0,0.0,0.0,0.0,0.0,0.01,0.02,0.05,0.14,0.34,0.77,1.64,3.23,5.96,10.25,16.51,24.89,35.23,46.93,59.03,70.39,79.92,86.78,90.46,90.8,88.0,82.65,75.8,68.94,63.83,62.06,64.57,71.15,80.33,89.67,96.37,98.14,93.91,84.05,70.22,54.69,39.7,26.85,16.94,10.01,5.65,3.33,2.61,3.33,5.65,10.01,16.93,26.84,39.68,54.64,70.08,83.72,93.15,96.52,93.16,83.75,70.14,54.73,39.81,27.04,17.2,10.34,6.03,3.61,2.49,2.21,2.44,3.04,3.94,5.11,6.6,8.42,10.61,13.23,16.29,19.83,23.84,28.34,33.28,38.62,44.29,50.19,56.21,62.21,68.04,73.53,78.54,82.9,86.48,89.16,90.85,91.49,91.07,89.61,87.16,83.81,79.68,74.91,69.65,64.07,58.31,52.53,46.86,41.41,36.27,31.52,27.2,23.33,19.91,16.94,14.39,12.22,10.4,8.89,7.64,6.61,5.77,5.09,4.54,4.09,3.73,3.45,3.23,3.07,2.95,2.89,2.86,2.87,2.92,2.99,3.1,3.23,3.39,3.57,3.78,4.04,4.35,4.73,5.22,5.85,6.66,7.74,9.13,10.94,13.26,16.2,19.88,24.42,29.96,36.6,44.47,53.65,64.21,76.18,89.54,104.23,120.15,137.11,154.88,173.18,191.69,210.01,227.76,244.53,259.89,273.46,284.88,293.84,300.12,303.53,303.99,301.52,296.19,288.18,277.72,265.13,250.77,235.03,218.33,201.09,183.75,166.71,150.34,135.0,120.98,108.54,97.89,89.19,82.53,77.98,75.54,75.15,76.72,80.1,85.1,91.48,98.96,107.23,115.95,124.76,133.31,141.25,148.24,153.99,158.24,160.82,161.59,160.5,157.57,152.89,146.61,138.94,130.12,120.43,110.14,99.54,88.89,78.45,68.41,58.96,50.21,42.25,35.13,28.87,23.44,18.81,14.91,11.68,9.05,6.92,5.23,3.91,2.89,2.11,1.52,1.08,0.76,0.53,0.36,0.25,0.17
0.0,0.0,0.0,0.0,0.0,0.0,0.0,0.0,0.0,0.0,0.0,0.0,0.0,0.0,0.0,0.0,0.0,0.0,0.0,0.0,0.0,0.0,0.0,0.0,0.0,0.0,0.0,0.0,0.0,0.0,0.0,0.0,0.0,0.0,0.0,0.0,0.0,0.0,0.0,0.0,0.0,0.0,0.0,0.0,0.0,0.0,0.0,0.0,0.0,0.0,0.0,0.0,0.0,0.0,0.0,0.0,0.0,0.0,0.0,0.01,0.02,0.07,0.18,0.44,0.99,2.1,4.14,7.64,13.15,21.17,31.93,45.19,60.19,75.71,90.28,102.5,111.27,115.93,116.24,112.36,104.95,95.14,84.62,75.38,69.31,67.59,70.28,76.14,82.88,87.86,88.84,84.7,75.68,63.17,49.18,35.69,24.14,15.22,8.99,5.08,3.0,2.35,3.0,5.08,8.99,15.22,24.13,35.67,49.11,62.99,75.25,83.72,86.76,83.74,75.29,63.05,49.21,35.81,24.33,15.5,9.36,5.51,3.37,2.41,2.22,2.51,3.16,4.1,5.33,6.88,8.77,11.06,13.79,16.98,20.67,24.85,29.54,34.69,40.26,46.16,52.32,58.59,64.83,70.9,76.62,81.83,86.37,90.09,92.86,94.6,95.25,94.78,93.23,90.64,87.11,82.77,77.76,72.24,66.38,60.33,54.27,48.31,42.6,37.21,32.23,27.69,23.63,20.05,16.94,14.27,12.0,10.1,8.52,7.22,6.16,5.29,4.59,4.02,3.56,3.19,2.9,2.67,2.49,2.37,2.28,2.23,2.21,2.23,2.27,2.34,2.43,2.56,2.71,2.9,3.13,3.43,3.81,4.31,4.97,5.83,6.96,8.44,10.35,12.79,15.89,19.75,24.5,30.28,37.21,45.4,54.94,65.9,78.31,92.16,107.37,123.85,141.4,159.78,178.72,197.85,216.81,235.17,252.52,268.42,282.47,294.32,303.63,310.17,313.75,314.31,311.83,306.4,298.2,287.48,274.55,259.78,243.58,226.38,208.61,190.72,173.12,156.2,140.33,125.81,112.91,101.85,92.79,85.84,81.05,78.44,77.95,79.49,82.89,87.97,94.48,102.13,110.61,119.55,128.6,137.38,145.53,152.71,158.62,162.99,165.64,166.43,165.3,162.28,157.46,151.0,143.1,134.01,124.03,113.43,102.51,91.55,80.79,70.46,60.72,51.71,43.51,36.18,29.73,24.14,19.37,15.36,12.03,9.32,7.13,5.39,4.03,2.97,2.17,1.56,1.11,0.78,0.55,0.37,0.25,0.17
0.0,0.0,0.0,0.0,0.0,0.0,0.0,0.0,0.0,0.0,0.0,0.0,0.0,0.0,0.0,0.0,0.0,0.0,0.0,0.0,0.0,0.0,0.0,0.0,0.0,0.0,0.0,0.0,0.0,0.0,0.0,0.0,0.0,0.0,0.0,0.0,0.0,0.0,0.0,0.0,0.0,0.0,0.0,0.0,0.0,0.0,0.0,0.0,0.0,0.0,0.0,0.0,0.0,0.0,0.0,0.0,0.0,0.0,0.0,0.01,0.03,0.08,0.21,0.52,1.18,2.51,4.95,9.13,15.71,25.29,38.14,53.98,71.9,90.44,107.84,122.43,132.89,138.41,138.67,133.81,124.48,111.91,97.9,84.62,74.17,67.99,66.4,68.44,72.11,75.03,75.12,71.26,63.51,52.94,41.19,29.88,20.21,12.74,7.53,4.25,2.51,1.97,2.51,4.25,7.53,12.74,20.2,29.86,41.11,52.73,63.0,70.09,72.63,70.11,63.03,52.8,41.21,30.0,20.41,13.04,7.92,4.73,2.99,2.26,2.18,2.55,3.24,4.22,5.49,7.08,9.04,11.4,14.2,17.49,21.29,25.6,30.43,35.73,41.47,47.55,53.89,60.34,66.78,73.02,78.91,84.27,88.94,92.76,95.61,97.39,98.04,97.55,95.93,93.24,89.59,85.1,79.92,74.21,68.15,61.91,55.64,49.49,43.58,38.02,32.87,28.19,24.0,20.3,17.09,14.33,11.99,10.03,8.4,7.06,5.96,5.07,4.34,3.75,3.27,2.89,2.58,2.33,2.13,1.98,1.87,1.8,1.75,1.74,1.75,1.79,1.85,1.94,2.07,2.24,2.46,2.74,3.13,3.63,4.31,5.2,6.38,7.92,9.91,12.45,15.66,19.66,24.59,30.56,37.71,46.15,55.98,67.26,80.03,94.28,109.93,126.87,144.91,163.82,183.3,202.99,222.5,241.41,259.28,275.68,290.2,302.45,312.12,318.94,322.74,323.43,321.0,315.55,307.24,296.33,283.14,268.05,251.47,233.84,215.61,197.23,179.13,161.71,145.35,130.35,117.01,105.54,96.12,88.86,83.81,81.0,80.37,81.81,85.18,90.28,96.84,104.58,113.17,122.26,131.46,140.39,148.69,156.01,162.02,166.48,169.17,169.97,168.81,165.73,160.8,154.2,146.13,136.85,126.65,115.83,104.68,93.49,82.51,71.95,62.01,52.8,44.43,36.95,30.36,24.65,19.78,15.68,12.29,9.51,7.28,5.5,4.11,3.04,2.21,1.6,1.14,0.8,0.56,0.38,0.26,0.17
0.0,0.0,0.0,0.0,0.0,0.0,0.0,0.0,0.0,0.0,0.0,0.0,0.0,0.0,0.0,0.0,0.0,0.0,0.0,0.0,0.0,0.0,0.0,0.0,0.0,0.0,0.0,0.0,0.0,0.0,0.0,0.0,0.0,0.0,0.0,0.0,0.0,0.0,0.0,0.0,0.0,0.0,0.0,0.0,0.0,0.0,0.0,0.0,0.0,0.0,0.0,0.0,0.0,0.0,0.0,0.0,0.0,0.0,0.0,0.01,0.03,0.09,0.24,0.58,1.32,2.79,5.51,10.15,17.48,28.14,42.43,60.06,79.99,100.62,119.97,136.2,147.83,153.93,154.13,148.54,137.8,123.15,106.43,89.91,75.8,65.71,60.19,58.59,59.26,60.15,59.4,55.96,49.69,41.35,32.14,23.31,15.76,9.94,5.87,3.32,1.96,1.53,1.96,3.32,5.87,9.93,15.75,23.28,32.06,41.12,49.12,54.65,56.63,54.67,49.15,41.18,32.16,23.43,15.97,10.24,6.29,3.85,2.55,2.07,2.12,2.55,3.28,4.29,5.59,7.21,9.2,11.6,14.46,17.81,21.67,26.06,30.97,36.37,42.21,48.4,54.85,61.42,67.97,74.33,80.32,85.77,90.52,94.4,97.3,99.11,99.76,99.26,97.6,94.87,91.14,86.57,81.29,75.48,69.31,62.95,56.57,50.31,44.3,38.64,33.41,28.65,24.38,20.62,17.35,14.55,12.17,10.17,8.5,7.13,6.0,5.07,4.32,3.7,3.2,2.79,2.45,2.18,1.95,1.77,1.63,1.53,1.45,1.41,1.39,1.4,1.44,1.51,1.61,1.76,1.96,2.24,2.62,3.13,3.82,4.73,5.94,7.53,9.57,12.18,15.48,19.58,24.62,30.73,38.05,46.68,56.72,68.24,81.28,95.83,111.81,129.11,147.55,166.87,186.78,206.92,226.9,246.27,264.6,281.45,296.38,309.02,319.03,326.15,330.19,331.05,328.73,323.31,314.97,303.96,290.61,275.28,258.41,240.45,221.84,203.05,184.53,166.67,149.87,134.45,120.69,108.84,99.07,91.49,86.18,83.14,82.32,83.63,86.9,91.94,98.49,106.24,114.87,124.01,133.28,142.29,150.66,158.05,164.12,168.62,171.33,172.13,170.96,167.83,162.84,156.15,147.98,138.58,128.26,117.3,106.01,94.67,83.55,72.86,62.79,53.47,44.99,37.42,30.74,24.96,20.03,15.88,12.44,9.63,7.37,5.57,4.16,3.07,2.24,1.62,1.15,0.81,0.56,0.39,0.26,0.18
0.0,0.0,0.0,0.0,0.0,0.0,0.0,0.0,0.0,0.0,0.0,0.0,0.0,0.0,0.0,0.0,0.0,0.0,0.0,0.0,0.0,0.0,0.0,0.0,0.0,0.0,0.0,0.0,0.0,0.0,0.0,0.0,0.0,0.0,0.0,0.0,0.0,0.0,0.0,0.0,0.0,0.0,0.0,0.0,0.0,0.0,0.0,0.0,0.0,0.0,0.0,0.0,0.0,0.0,0.0,0.0,0.0,0.0,0.0,0.01,0.03,0.09,0.25,0.6,1.36,2.89,5.71,10.52,18.11,29.16,43.97,62.23,82.89,104.26,124.32,141.13,153.16,159.46,159.6,153.68,142.29,126.62,108.48,90.09,73.66,60.87,52.43,47.96,46.18,45.38,44.0,41.04,36.26,30.1,23.37,16.94,11.45,7.22,4.26,2.41,1.42,1.11,1.42,2.41,4.26,7.21,11.44,16.9,23.28,29.86,35.67,39.69,41.13,39.7,35.71,29.92,23.38,17.05,11.66,7.53,4.7,2.98,2.12,1.86,2.04,2.53,3.29,4.31,5.62,7.25,9.25,11.67,14.55,17.91,21.8,26.22,31.16,36.59,42.46,48.69,55.18,61.79,68.37,74.77,80.8,86.28,91.06,94.96,97.87,99.69,100.36,99.85,98.19,95.45,91.71,87.12,81.82,75.99,69.8,63.42,57.02,50.75,44.73,39.06,33.81,29.04,24.77,21.0,17.72,14.9,12.51,10.49,8.81,7.41,6.26,5.3,4.52,3.87,3.33,2.88,2.51,2.2,1.94,1.72,1.55,1.41,1.3,1.22,1.17,1.15,1.16,1.2,1.28,1.41,1.6,1.87,2.25,2.76,3.45,4.38,5.61,7.22,9.3,11.95,15.3,19.46,24.57,30.77,38.18,46.93,57.1,68.78,82.0,96.74,112.94,130.49,149.2,168.81,189.04,209.52,229.84,249.57,268.27,285.49,300.78,313.76,324.1,331.5,335.79,336.86,334.69,329.38,321.08,310.05,296.62,281.17,264.11,245.91,227.03,207.94,189.07,170.87,153.7,137.92,123.81,111.61,101.51,93.64,88.05,84.77,83.74,84.87,88.0,92.92,99.38,107.07,115.65,124.76,134.01,143.02,151.39,158.78,164.86,169.36,172.08,172.87,171.69,168.54,163.53,156.81,148.6,139.17,128.79,117.79,106.45,95.07,83.9,73.17,63.05,53.69,45.18,37.57,30.87,25.07,20.11,15.95,12.5,9.68,7.4,5.6,4.18,3.09,2.25,1.62,1.16,0.81,0.57,0.39,0.26,0.18
0.0,0.0,0.0,0.0,0.0,0.0,0.0,0.0,0.0,0.0,0.0,0.0,0.0,0.0,0.0,0.0,0.0,0.0,0.0,0.0,0.0,0.0,0.0,0.0,0.0,0.0,0.0,0.0,0.0,0.0,0.0,0.0,0.0,0.0,0.0,0.0,0.0,0.0,0.0,0.0,0.0,0.0,0.0,0.0,0.0,0.0,0.0,0.0,0.0,0.0,0.0,0.0,0.0,0.0,0.0,0.0,0.0,0.0,0.0,0.01,0.03,0.09,0.24,0.58,1.32,2.79,5.51,10.15,17.48,28.14,42.43,60.06,79.99,100.62,119.97,136.19,147.8,153.86,153.96,148.15,136.98,121.53,103.47,84.86,67.79,53.86,43.88,37.67,34.27,32.34,30.59,28.15,24.7,20.43,15.83,11.46,7.74,4.88,2.88,1.63,0.96,0.75,0.96,1.63,2.88,4.88,7.73,11.43,15.74,20.19,24.13,26.84,27.82,26.86,24.16,20.26,15.84,11.58,7.95,5.2,3.33,2.23,1.73,1.68,1.95,2.48,3.25,4.28,5.58,7.21,9.2,11.6,14.46,17.81,21.67,26.06,30.97,36.37,42.21,48.4,54.85,61.42,67.97,74.33,80.32,85.78,90.53,94.41,97.31,99.13,99.8,99.31,97.68,94.96,91.27,86.73,81.49,75.73,69.61,63.31,56.99,50.79,44.85,39.25,34.08,29.37,25.15,21.43,18.19,15.4,13.02,11.01,9.32,7.92,6.74,5.76,4.94,4.25,3.66,3.17,2.75,2.39,2.08,1.82,1.59,1.41,1.26,1.15,1.06,1.01,0.99,1.01,1.07,1.18,1.35,1.61,1.97,2.48,3.17,4.1,5.34,6.96,9.05,11.72,15.08,19.27,24.41,30.64,38.09,46.88,57.1,68.84,82.13,96.96,113.27,130.93,149.78,169.55,189.96,210.64,231.19,251.16,270.12,287.6,303.18,316.44,327.05,334.73,339.26,340.56,338.59,333.43,325.25,314.29,300.89,285.41,268.28,249.97,230.93,211.64,192.55,174.09,156.66,140.59,126.2,113.72,103.34,95.19,89.35,85.83,84.58,85.5,88.44,93.18,99.48,107.03,115.49,124.49,133.64,142.56,150.87,158.2,164.23,168.7,171.39,172.17,170.99,167.85,162.86,156.16,147.99,138.59,128.26,117.3,106.01,94.67,83.55,72.86,62.79,53.47,44.99,37.42,30.74,24.96,20.03,15.88,12.44,9.63,7.37,5.57,4.16,3.07,2.24,1.62,1.15,0.81,0.56,0.39,0.26,0.18
0.0,0.0,0.0,0.0,0.0,0.0,0.0,0.0,0.0,0.0,0.0,0.0,0.0,0.0,0.0,0.0,0.0,0.0,0.0,0.0,0.0,0.0,0.0,0.0,0.0,0.0,0.0,0.0,0.0,0.0,0.0,0.0,0.0,0.0,0.0,0.0,0.0,0.0,0.0,0.0,0.0,0.0,0.0,0.0,0.0,0.0,0.0,0.0,0.0,0.0,0.0,0.0,0.0,0.0,0.0,0.0,0.0,0.0,0.0,0.01,0.03,0.08,0.21,0.52,1.18,2.51,4.95,9.13,15.71,25.29,38.14,53.98,71.9,90.44,107.83,122.41,132.84,138.27,138.34,133.06,122.9,108.81,92.23,74.97,58.85,45.34,35.21,28.43,24.32,21.85,20.02,18.09,15.71,12.93,10.0,7.23,4.88,3.08,1.82,1.03,0.61,0.47,0.61,1.03,1.82,3.07,4.87,7.2,9.92,12.72,15.2,16.91,17.53,16.93,15.24,12.78,10.02,7.35,5.09,3.39,2.26,1.64,1.42,1.51,1.85,2.41,3.19,4.2,5.48,7.08,9.04,11.4,14.2,17.49,21.29,25.6,30.43,35.73,41.46,47.55,53.88,60.34,66.77,73.02,78.91,84.28,88.95,92.78,95.64,97.43,98.11,97.65,96.07,93.43,89.84,85.42,80.32,74.71,68.75,62.63,56.48,50.46,44.68,39.25,34.22,29.65,25.56,21.94,18.78,16.06,13.73,11.75,10.07,8.66,7.46,6.45,5.58,4.84,4.2,3.65,3.16,2.74,2.37,2.05,1.77,1.53,1.34,1.18,1.05,0.96,0.91,0.9,0.94,1.03,1.18,1.42,1.78,2.28,2.96,3.88,5.11,6.72,8.8,11.46,14.82,18.99,24.11,30.32,37.74,46.5,56.69,68.4,81.66,96.46,112.74,130.39,149.23,169.03,189.47,210.2,230.82,250.91,270.0,287.64,303.39,316.86,327.69,335.59,340.36,341.89,340.15,335.2,327.2,316.4,303.12,287.73,270.66,252.35,233.29,213.93,194.75,176.16,158.57,142.33,127.74,115.05,104.45,96.08,90.01,86.25,84.77,85.46,88.18,92.7,98.78,106.12,114.38,123.19,132.17,140.93,149.1,156.31,162.24,166.64,169.28,170.05,168.87,165.77,160.83,154.22,146.14,136.86,126.66,115.84,104.69,93.49,82.51,71.95,62.01,52.8,44.43,36.95,30.36,24.65,19.78,15.68,12.29,9.51,7.28,5.5,4.11,3.04,2.21,1.6,1.14,0.8,0.56,0.38,0.26,0.17
0.0,0.0,0.0,0.0,0.0,0.0,0.0,0.0,0.0,0.0,0.0,0.0,0.0,0.0,0.0,0.0,0.0,0.0,0.0,0.0,0.0,0.0,0.0,0.0,0.0,0.0,0.0,0.0,0.0,0.0,0.0,0.0,0.0,0.0,0.0,0.0,0.0,0.0,0.0,0.0,0.0,0.0,0.0,0.0,0.0,0.0,0.0,0.0,0.0,0.0,0.0,0.0,0.0,0.0,0.0,0.0,0.0,0.0,0.0,0.01,0.02,0.07,0.18,0.44,0.99,2.1,4.14,7.64,13.15,21.17,31.93,45.19,60.19,75.71,90.27,102.47,111.2,115.74,115.78,111.33,102.76,90.85,76.76,61.99,48.05,36.15,26.99,20.61,16.55,14.06,12.38,10.91,9.35,7.64,5.89,4.25,2.87,1.81,1.07,0.6,0.35,0.28,0.35,0.6,1.07,1.8,2.86,4.23,5.82,7.46,8.92,9.93,10.29,9.94,8.95,7.53,5.91,4.37,3.07,2.11,1.5,1.21,1.19,1.38,1.76,2.32,3.09,4.07,5.32,6.87,8.77,11.06,13.79,16.98,20.67,24.85,29.53,34.68,40.25,46.16,52.31,58.58,64.83,70.9,76.62,81.83,86.38,90.11,92.9,94.67,95.35,94.93,93.44,90.92,87.49,83.25,78.37,72.99,67.29,61.43,55.55,49.79,44.27,39.08,34.29,29.92,26.01,22.56,19.53,16.91,14.65,12.72,11.07,9.66,8.44,7.39,6.48,5.68,4.97,4.33,3.77,3.27,2.82,2.42,2.07,1.77,1.51,1.3,1.13,1.0,0.91,0.87,0.87,0.94,1.07,1.3,1.64,2.12,2.79,3.69,4.9,6.49,8.55,11.17,14.48,18.6,23.66,29.79,37.12,45.78,55.86,67.44,80.55,95.21,111.34,128.84,147.53,167.19,187.5,208.14,228.69,248.73,267.8,285.47,301.3,314.87,325.84,333.92,338.9,340.66,339.15,334.45,326.71,316.15,303.1,287.91,271.02,252.86,233.91,214.63,195.48,176.9,159.28,142.98,128.3,115.49,104.75,96.21,89.95,85.99,84.29,84.74,87.2,91.47,97.29,104.36,112.35,120.9,129.63,138.16,146.12,153.15,158.94,163.22,165.8,166.54,165.38,162.34,157.5,151.02,143.11,134.02,124.03,113.43,102.51,91.55,80.79,70.46,60.72,51.71,43.51,36.18,29.73,24.14,19.37,15.36,12.03,9.32,7.13,5.39,4.03,2.97,2.17,1.56,1.11,0.78,0.55,0.37,0.25,0.17
0.0,0.0,0.0,0.0,0.0,0.0,0.0,0.0,0.0,0.0,0.0,0.0,0.0,0.0,0.0,0.0,0.0,0.0,0.0,0.0,0.0,0.0,0.0,0.0,0.0,0.0,0.0,0.0,0.0,0.0,0.0,0.0,0.0,0.0,0.0,0.0,0.0,0.0,0.0,0.0,0.0,0.0,0.0,0.0,0.0,0.0,0.0,0.0,0.0,0.0,0.0,0.0,0.0,0.0,0.0,0.0,0.0,0.0,0.0,0.01,0.02,0.05,0.14,0.34,0.77,1.64,3.23,5.96,10.25,16.51,24.89,35.23,46.93,59.03,70.38,79.89,86.7,90.24,90.26,86.77,80.05,70.7,59.61,47.92,36.8,27.21,19.7,14.34,10.84,8.66,7.26,6.2,5.21,4.22,3.23,2.33,1.57,0.99,0.58,0.33,0.19,0.15,0.19,0.33,0.58,0.99,1.56,2.31,3.18,4.08,4.88,5.43,5.63,5.44,4.91,4.14,3.27,2.45,1.77,1.28,1.01,0.93,1.02,1.26,1.66,2.22,2.96,3.91,5.1,6.59,8.41,10.61,13.23,16.29,19.82,23.84,28.33,33.27,38.61,44.28,50.18,56.2,62.2,68.02,73.52,78.54,82.91,86.5,89.21,90.93,91.62,91.26,89.88,87.53,84.3,80.32,75.72,70.66,65.3,59.78,54.26,48.86,43.68,38.82,34.33,30.24,26.58,23.33,20.48,18.0,15.84,13.98,12.36,10.95,9.72,8.63,7.65,6.77,5.97,5.24,4.58,3.98,3.43,2.94,2.51,2.13,1.79,1.51,1.28,1.1,0.97,0.89,0.87,0.9,1.02,1.22,1.53,2.0,2.64,3.52,4.7,6.25,8.26,10.83,14.07,18.1,23.05,29.05,36.24,44.72,54.6,65.96,78.83,93.22,109.07,126.28,144.67,164.03,184.07,204.43,224.74,244.58,263.5,281.06,296.82,310.39,321.42,329.61,334.76,336.72,335.47,331.05,323.62,313.38,300.65,285.79,269.2,251.32,232.63,213.58,194.63,176.2,158.69,142.46,127.8,114.98,104.19,95.55,89.16,85.02,83.11,83.33,85.53,89.5,95.01,101.76,109.42,117.65,126.06,134.3,141.99,148.78,154.38,158.53,161.02,161.73,160.6,157.64,152.94,146.65,138.96,130.14,120.44,110.14,99.54,88.9,78.45,68.42,58.96,50.21,42.25,35.13,28.87,23.44,18.81,14.91,11.68,9.05,6.92,5.23,3.91,2.89,2.11,1.52,1.08,0.76,0.53,0.36,0.25,0.17
0.02,0.02,0.02,0.01,0.01,0.0,0.0,0.0,0.0,0.0,0.0,0.0,0.0,0.0,0.0,0.0,0.0,0.0,0.0,0.0,0.0,0.0,0.0,0.0,0.0,0.0,0.0,0.0,0.0,0.0,0.0,0.0,0.0,0.0,0.0,0.0,0.0,0.0,0.0,0.0,0.0,0.0,0.0,0.0,0.0,0.0,0.0,0.0,0.0,0.0,0.0,0.0,0.0,0.0,0.0,0.0,0.0,0.0,0.0,0.0,0.01,0.04,0.1,0.25,0.56,1.19,2.35,4.32,7.45,11.99,18.08,25.58,34.08,42.86,51.11,58.01,62.95,65.52,65.53,62.99,58.1,51.28,43.17,34.6,26.4,19.28,13.64,9.55,6.83,5.13,4.07,3.34,2.74,2.19,1.66,1.19,0.8,0.5,0.3,0.17,0.1,0.08,0.1,0.17,0.3,0.5,0.8,1.18,1.62,2.08,2.48,2.77,2.87,2.78,2.52,2.13,1.71,1.31,0.99,0.78,0.7,0.74,0.89,1.16,1.56,2.1,2.8,3.7,4.84,6.25,7.98,10.06,12.54,15.44,18.79,22.6,26.86,31.54,36.6,41.98,47.58,53.28,58.98,64.51,69.73,74.5,78.66,82.09,84.68,86.35,87.05,86.77,85.52,83.37,80.41,76.74,72.49,67.82,62.88,57.79,52.71,47.75,42.99,38.53,34.42,30.67,27.31,24.32,21.69,19.37,17.35,15.57,13.99,12.59,11.33,10.18,9.12,8.15,7.24,6.4,5.61,4.89,4.22,3.62,3.08,2.6,2.18,1.82,1.52,1.28,1.09,0.97,0.91,0.91,0.99,1.17,1.46,1.9,2.51,3.36,4.5,6.0,7.94,10.43,13.57,17.48,22.28,28.11,35.09,43.33,52.93,63.97,76.5,90.51,105.95,122.73,140.68,159.59,179.18,199.11,219.02,238.49,257.09,274.39,289.97,303.42,314.4,322.63,327.89,330.04,329.03,324.93,317.84,308.0,295.69,281.26,265.1,247.66,229.37,210.7,192.09,173.97,156.72,140.69,126.19,113.47,102.71,94.06,87.6,83.34,81.25,81.24,83.17,86.83,92.0,98.38,105.67,113.51,121.55,129.43,136.8,143.31,148.68,152.66,155.05,155.72,154.62,151.77,147.24,141.18,133.79,125.29,115.95,106.04,95.83,85.58,75.53,65.86,56.76,48.34,40.67,33.82,27.79,22.57,18.11,14.36,11.25,8.71,6.66,5.04,3.76,2.78,2.03,1.46,1.04,0.73,0.51,0.35,0.24,0.16
0.08,0.08,0.06,0.05,0.03,0.02,0.01,0.0,0.0,0.0,0.0,0.0,0.0,0.0,0.0,0.0,0.0,0.0,0.0,0.0,0.0,0.0,0.0,0.0,0.0,0.0,0.0,0.0,0.0,0.0,0.0,0.0,0.0,0.0,0.0,0.0,0.0,0.0,0.0,0.0,0.0,0.0,0.0,0.0,0.0,0.0,0.0,0.0,0.0,0.0,0.0,0.0,0.0,0.0,0.0,0.0,0.0,0.0,0.0,0.0,0.01,0.03,0.07,0.17,0.38,0.8,1.59,2.92,5.04,8.11,12.22,17.3,23.05,28.99,34.56,39.24,42.58,44.31,44.32,42.6,39.29,34.67,29.16,23.34,17.75,12.86,8.96,6.11,4.19,2.98,2.23,1.74,1.38,1.08,0.81,0.58,0.38,0.24,0.14,0.08,0.05,0.04,0.05,0.08,0.14,0.24,0.38,0.56,0.77,0.99,1.18,1.32,1.37,1.33,1.21,1.04,0.85,0.68,0.56,0.5,0.52,0.62,0.8,1.07,1.45,1.96,2.62,3.47,4.53,5.85,7.47,9.42,11.74,14.46,17.6,21.17,25.16,29.55,34.29,39.33,44.58,49.93,55.27,60.46,65.37,69.85,73.77,77.02,79.48,81.1,81.81,81.62,80.53,78.62,75.96,72.65,68.82,64.61,60.15,55.57,51.01,46.55,42.3,38.31,34.63,31.29,28.28,25.6,23.21,21.1,19.22,17.53,16.01,14.61,13.31,12.09,10.94,9.84,8.8,7.82,6.89,6.01,5.2,4.46,3.79,3.19,2.67,2.21,1.83,1.52,1.27,1.09,0.99,0.95,1.0,1.15,1.41,1.81,2.39,3.2,4.29,5.72,7.59,9.98,12.99,16.75,21.37,26.98,33.69,41.62,50.88,61.52,73.6,87.12,102.04,118.25,135.62,153.93,172.91,192.25,211.59,230.54,248.66,265.56,280.8,294.02,304.85,313.03,318.34,320.64,319.88,316.09,309.41,300.03,288.22,274.32,258.73,241.84,224.11,205.97,187.86,170.19,153.35,137.67,123.45,110.95,100.33,91.76,85.29,80.96,78.72,78.51,80.16,83.51,88.31,94.29,101.16,108.57,116.19,123.67,130.66,136.86,141.96,145.74,148.01,148.64,147.59,144.86,140.54,134.75,127.69,119.58,110.66,101.2,91.46,81.68,72.08,62.86,54.17,46.13,38.82,32.28,26.53,21.54,17.28,13.7,10.74,8.31,6.36,4.81,3.59,2.65,1.93,1.39,0.99,0.7,0.49,0.33,0.23,0.15
0.28,0.26,0.22,0.17,0.11,0.06,0.03,0.02,0.01,0.0,0.0,0.0,0.0,0.0,0.0,0.0,0.0,0.0,0.0,0.0,0.0,0.0,0.0,0.0,0.0,0.0,0.0,0.0,0.0,0.0,0.0,0.0,0.0,0.0,0.0,0.0,0.0,0.0,0.0,0.0,0.0,0.0,0.0,0.0,0.0,0.0,0.0,0.0,0.0,0.0,0.0,0.0,0.0,0.0,0.0,0.0,0.0,0.0,0.0,0.0,0.01,0.02,0.04,0.11,0.24,0.51,1.0,1.84,3.17,5.11,7.7,10.9,14.52,18.26,21.77,24.71,26.82,27.92,27.93,26.85,24.77,21.87,18.42,14.76,11.24,8.16,5.68,3.85,2.6,1.79,1.28,0.95,0.72,0.55,0.4,0.28,0.18,0.11,0.07,0.04,0.02,0.02,0.02,0.04,0.06,0.11,0.17,0.25,0.34,0.44,0.52,0.59,0.61,0.6,0.55,0.48,0.42,0.36,0.33,0.35,0.41,0.53,0.72,0.98,1.34,1.81,2.43,3.21,4.19,5.42,6.91,8.72,10.87,13.39,16.29,19.59,23.29,27.35,31.75,36.41,41.27,46.24,51.19,56.01,60.57,64.74,68.4,71.44,73.77,75.33,76.06,75.97,75.08,73.43,71.11,68.21,64.86,61.16,57.25,53.25,49.26,45.38,41.69,38.24,35.06,32.16,29.56,27.22,25.12,23.23,21.51,19.93,18.45,17.05,15.7,14.4,13.13,11.89,10.69,9.53,8.42,7.37,6.39,5.48,4.66,3.92,3.26,2.7,2.22,1.82,1.5,1.27,1.11,1.03,1.04,1.15,1.37,1.74,2.28,3.04,4.06,5.42,7.2,9.47,12.34,15.92,20.32,25.67,32.07,39.64,48.48,58.64,70.19,83.12,97.4,112.93,129.58,147.14,165.38,183.97,202.59,220.85,238.35,254.69,269.48,282.33,292.92,300.96,306.26,308.66,308.12,304.67,298.41,289.54,278.32,265.06,250.13,233.94,216.9,199.44,181.97,164.91,148.61,133.42,119.62,107.44,97.07,88.66,82.26,77.91,75.58,75.17,76.57,79.59,84.01,89.58,95.99,102.94,110.09,117.13,123.71,129.54,134.36,137.92,140.05,140.64,139.64,137.06,132.96,127.49,120.81,113.13,104.7,95.75,86.53,77.28,68.2,59.47,51.25,43.64,36.73,30.54,25.1,20.38,16.35,12.96,10.16,7.86,6.02,4.55,3.4,2.51,1.83,1.32,0.94,0.66,0.46,0.32,0.21,0.14
0.86,0.81,0.68,0.5,0.33,0.2,0.1,0.05,0.02,0.01,0.0,0.0,0.0,0.0,0.0,0.0,0.0,0.0,0.0,0.0,0.0,0.0,0.0,0.0,0.0,0.0,0.0,0.0,0.0,0.0,0.0,0.0,0.0,0.0,0.0,0.0,0.0,0.0,0.0,0.0,0.0,0.0,0.0,0.0,0.0,0.0,0.0,0.0,0.0,0.0,0.0,0.0,0.0,0.0,0.0,0.0,0.0,0.0,0.0,0.0,0.01,0.01,0.03,0.06,0.14,0.3,0.59,1.08,1.86,3.0,4.52,6.39,8.52,10.71,12.77,14.5,15.74,16.39,16.41,15.8,14.61,12.95,10.98,8.9,6.9,5.14,3.71,2.64,1.87,1.34,0.98,0.72,0.52,0.37,0.25,0.17,0.1,0.06,0.03,0.02,0.01,0.01,0.01,0.01,0.03,0.04,0.07,0.1,0.14,0.18,0.22,0.25,0.26,0.26,0.24,0.23,0.21,0.21,0.22,0.27,0.35,0.47,0.65,0.9,1.23,1.66,2.22,2.93,3.84,4.95,6.32,7.98,9.94,12.24,14.9,17.92,21.3,25.02,29.05,33.32,37.77,42.32,46.86,51.28,55.48,59.32,62.71,65.54,67.73,69.23,69.99,70.02,69.34,67.98,66.04,63.59,60.75,57.62,54.31,50.94,47.59,44.34,41.27,38.4,35.77,33.38,31.21,29.25,27.46,25.81,24.27,22.79,21.36,19.95,18.54,17.13,15.71,14.3,12.91,11.55,10.23,8.97,7.79,6.69,5.68,4.78,3.98,3.28,2.69,2.19,1.79,1.48,1.26,1.13,1.1,1.16,1.35,1.67,2.17,2.87,3.83,5.11,6.77,8.92,11.62,15.0,19.16,24.21,30.26,37.42,45.77,55.4,66.33,78.59,92.12,106.87,122.68,139.37,156.72,174.43,192.19,209.62,226.36,242.01,256.2,268.58,278.81,286.64,291.86,294.32,293.99,290.87,285.06,276.75,266.17,253.63,239.48,224.08,207.86,191.21,174.53,158.21,142.6,128.02,114.75,103.01,93.0,84.82,78.57,74.26,71.87,71.31,72.47,75.17,79.21,84.33,90.27,96.72,103.39,109.94,116.09,121.53,126.03,129.35,131.35,131.9,130.95,128.53,124.68,119.55,113.28,106.08,98.17,89.78,81.14,72.46,63.95,55.77,48.06,40.92,34.44,28.64,23.53,19.11,15.33,12.16,9.52,7.37,5.64,4.27,3.19,2.35,1.72,1.24,0.88,0.62,0.43,0.3,0.2,0.14
2.32,2.19,1.84,1.37,0.91,0.53,0.28,0.13,0.05,0.02,0.01,0.0,0.0,0.0,0.0,0.0,0.0,0.0,0.0,0.0,0.0,0.0,0.0,0.0,0.0,0.0,0.0,0.0,0.0,0.0,0.0,0.0,0.0,0.0,0.0,0.0,0.0,0.0,0.0,0.0,0.0,0.0,0.0,0.0,0.0,0.0,0.0,0.0,0.0,0.0,0.0,0.0,0.0,0.0,0.01,0.01,0.01,0.01,0.01,0.01,0.01,0.01,0.02,0.04,0.08,0.16,0.32,0.59,1.02,1.64,2.47,3.49,4.65,5.85,6.98,7.93,8.61,8.98,9.02,8.74,8.16,7.36,6.42,5.44,4.5,3.68,3.0,2.44,1.98,1.59,1.24,0.93,0.67,0.46,0.3,0.18,0.1,0.06,0.03,0.01,0.01,0.0,0.0,0.01,0.01,0.02,0.03,0.04,0.05,0.07,0.09,0.1,0.11,0.11,0.11,0.11,0.12,0.13,0.17,0.22,0.3,0.42,0.58,0.81,1.11,1.5,2.01,2.65,3.47,4.48,5.72,7.21,8.99,11.07,13.47,16.2,19.26,22.62,26.26,30.13,34.16,38.28,42.4,46.42,50.24,53.75,56.86,59.47,61.53,62.97,63.78,63.94,63.48,62.45,60.91,58.94,56.65,54.12,51.46,48.76,46.1,43.54,41.13,38.89,36.85,34.99,33.3,31.74,30.29,28.9,27.53,26.17,24.77,23.34,21.84,20.3,18.72,17.11,15.5,13.89,12.33,10.83,9.41,8.09,6.88,5.78,4.81,3.97,3.24,2.63,2.13,1.74,1.45,1.26,1.18,1.2,1.34,1.62,2.06,2.7,3.59,4.77,6.33,8.32,10.85,14.01,17.9,22.62,28.29,34.99,42.82,51.85,62.11,73.61,86.33,100.18,115.06,130.78,147.13,163.83,180.6,197.08,212.93,227.77,241.26,253.05,262.84,270.37,275.44,277.92,277.76,274.96,269.62,261.9,252.03,240.28,226.98,212.49,197.19,181.46,165.69,150.23,135.43,121.58,108.95,97.76,88.19,80.34,74.3,70.09,67.68,67.0,67.94,70.33,73.98,78.66,84.11,90.06,96.2,102.26,107.95,112.99,117.15,120.23,122.07,122.58,121.69,119.44,115.87,111.09,105.27,98.58,91.23,83.43,75.4,67.33,59.42,51.82,44.66,38.03,32.0,26.61,21.87,17.76,14.25,11.3,8.85,6.85,5.24,3.96,2.96,2.19,1.59,1.15,0.82,0.58,0.4,0.28,0.19,0.13
5.61,5.29,4.44,3.31,2.19,1.29,0.68,0.32,0.13,0.05,0.02,0.0,0.0,0.0,0.0,0.0,0.0,0.0,0.0,0.0,0.0,0.0,0.0,0.0,0.0,0.0,0.0,0.0,0.0,0.0,0.0,0.0,0.0,0.0,0.0,0.0,0.0,0.0,0.0,0.0,0.0,0.0,0.0,0.0,0.0,0.0,0.0,0.0,0.0,0.0,0.0,0.01,0.01,0.01,0.02,0.02,0.03,0.03,0.03,0.03,0.03,0.03,0.03,0.03,0.05,0.09,0.17,0.3,0.52,0.83,1.26,1.78,2.37,2.98,3.56,4.05,4.41,4.63,4.71,4.67,4.53,4.35,4.16,3.99,3.86,3.75,3.61,3.4,3.09,2.67,2.19,1.69,1.22,0.83,0.52,0.31,0.17,0.09,0.04,0.02,0.01,0.0,0.0,0.0,0.0,0.01,0.01,0.01,0.02,0.03,0.03,0.04,0.04,0.05,0.05,0.06,0.08,0.1,0.13,0.19,0.26,0.37,0.52,0.72,0.99,1.34,1.79,2.37,3.1,4.0,5.11,6.44,8.03,9.89,12.03,14.48,17.21,20.22,23.47,26.93,30.54,34.24,37.93,41.55,44.99,48.17,51.0,53.4,55.33,56.73,57.58,57.89,57.67,56.98,55.86,54.41,52.69,50.8,48.82,46.83,44.89,43.04,41.33,39.77,38.35,37.06,35.87,34.74,33.63,32.51,31.33,30.07,28.71,27.23,25.64,23.94,22.16,20.32,18.44,16.57,14.73,12.95,11.27,9.69,8.24,6.93,5.76,4.75,3.87,3.13,2.53,2.04,1.68,1.42,1.28,1.25,1.34,1.57,1.95,2.53,3.34,4.43,5.86,7.7,10.04,12.96,16.57,20.95,26.2,32.42,39.69,48.07,57.61,68.3,80.13,93.03,106.89,121.54,136.79,152.4,168.07,183.5,198.35,212.28,224.96,236.08,245.34,252.5,257.37,259.82,259.8,257.32,252.45,245.34,236.21,225.3,212.93,199.42,185.14,170.43,155.66,141.17,127.27,114.26,102.37,91.82,82.76,75.31,69.55,65.49,63.11,62.34,63.08,65.18,68.45,72.69,77.65,83.07,88.7,94.24,99.45,104.08,107.9,110.72,112.41,112.87,112.05,109.97,106.68,102.29,96.92,90.76,83.99,76.82,69.42,62.0,54.71,47.71,41.12,35.01,29.46,24.5,20.13,16.35,13.12,10.4,8.15,6.31,4.83,3.65,2.73,2.01,1.47,1.06,0.75,0.53,0.37,0.25,0.17,0.12
12.05,11.37,9.53,7.1,4.71,2.77,1.45,0.68,0.28,0.1,0.03,0.01,0.0,0.0,0.0,0.0,0.0,0.0,0.0,0.0,0.0,0.0,0.0,0.0,0.0,0.0,0.0,0.0,0.0,0.0,0.0,0.0,0.0,0.0,0.0,0.0,0.0,0.0,0.0,0.0,0.0,0.0,0.0,0.0,0.0,0.0,0.0,0.0,0.0,0.01,0.01,0.02,0.03,0.04,0.05,0.07,0.08,0.09,0.09,0.09,0.08,0.07,0.06,0.05,0.04,0.06,0.09,0.15,0.25,0.4,0.6,0.84,1.12,1.42,1.7,1.94,2.15,2.32,2.47,2.65,2.89,3.24,3.72,4.3,4.92,5.47,5.82,5.87,5.57,4.96,4.13,3.21,2.33,1.57,0.99,0.58,0.32,0.16,0.08,0.03,0.01,0.01,0.0,0.0,0.0,0.0,0.0,0.01,0.01,0.01,0.01,0.02,0.02,0.02,0.03,0.04,0.06,0.08,0.11,0.16,0.23,0.33,0.46,0.64,0.87,1.18,1.58,2.09,2.73,3.53,4.51,5.68,7.09,8.73,10.62,12.78,15.2,17.85,20.73,23.8,26.99,30.27,33.55,36.77,39.85,42.7,45.27,47.48,49.28,50.65,51.56,52.02,52.06,51.72,51.05,50.12,49.0,47.76,46.49,45.23,44.03,42.94,41.95,41.09,40.32,39.61,38.94,38.25,37.51,36.66,35.66,34.51,33.16,31.63,29.91,28.04,26.03,23.92,21.75,19.57,17.42,15.33,13.34,11.48,9.77,8.22,6.83,5.62,4.58,3.7,2.97,2.39,1.93,1.61,1.4,1.31,1.35,1.52,1.85,2.36,3.09,4.07,5.38,7.07,9.21,11.89,15.19,19.21,24.04,29.75,36.44,44.14,52.92,62.76,73.66,85.55,98.33,111.86,125.95,140.37,154.88,169.17,182.94,195.88,207.68,218.04,226.7,233.43,238.05,240.44,240.53,238.34,233.94,227.46,219.08,209.06,197.66,185.19,171.99,158.38,144.69,131.25,118.34,106.23,95.16,85.32,76.85,69.86,64.43,60.57,58.25,57.43,58.0,59.82,62.73,66.53,71.0,75.91,81.01,86.04,90.77,94.98,98.45,101.01,102.55,102.96,102.22,100.31,97.31,93.3,88.41,82.79,76.61,70.07,63.32,56.55,49.9,43.52,37.5,31.94,26.88,22.35,18.36,14.91,11.96,9.49,7.43,5.75,4.4,3.33,2.49,1.84,1.34,0.97,0.69,0.48,0.34,0.23,0.16,0.11
23.01,21.7,18.19,13.56,8.99,5.29,2.77,1.29,0.53,0.2,0.06,0.02,0.0,0.0,0.0,0.0,0.0,0.0,0.0,0.0,0.0,0.0,0.0,0.0,0.0,0.0,0.0,0.0,0.0,0.0,0.0,0.0,0.0,0.0,0.0,0.0,0.0,0.0,0.0,0.0,0.0,0.0,0.0,0.0,0.0,0.0,0.0,0.0,0.01,0.01,0.03,0.04,0.07,0.1,0.14,0.18,0.21,0.24,0.25,0.24,0.21,0.18,0.14,0.1,0.08,0.06,0.06,0.08,0.12,0.18,0.26,0.37,0.5,0.63,0.77,0.9,1.05,1.25,1.53,1.97,2.64,3.6,4.85,6.31,7.83,9.18,10.09,10.38,9.98,8.95,7.48,5.83,4.23,2.86,1.8,1.06,0.58,0.29,0.14,0.06,0.03,0.01,0.0,0.0,0.0,0.0,0.0,0.0,0.0,0.0,0.01,0.01,0.01,0.02,0.02,0.03,0.05,0.07,0.1,0.14,0.2,0.29,0.4,0.55,0.76,1.03,1.38,1.82,2.38,3.08,3.93,4.96,6.18,7.61,9.27,11.15,13.26,15.58,18.1,20.78,23.59,26.46,29.35,32.19,34.92,37.47,39.78,41.81,43.5,44.85,45.84,46.47,46.77,46.79,46.57,46.17,45.66,45.1,44.54,44.02,43.59,43.26,43.02,42.86,42.76,42.66,42.52,42.28,41.9,41.32,40.52,39.45,38.11,36.5,34.64,32.56,30.29,27.89,25.4,22.88,20.38,17.95,15.63,13.46,11.45,9.63,8.01,6.59,5.36,4.33,3.46,2.77,2.22,1.81,1.54,1.39,1.37,1.49,1.76,2.19,2.84,3.72,4.9,6.42,8.37,10.8,13.8,17.45,21.84,27.04,33.13,40.15,48.14,57.11,67.05,77.9,89.57,101.93,114.81,128.01,141.3,154.4,167.04,178.93,189.79,199.35,207.35,213.6,217.92,220.2,220.38,218.47,214.52,208.67,201.06,191.94,181.54,170.15,158.06,145.6,133.05,120.71,108.84,97.71,87.51,78.42,70.59,64.12,59.06,55.43,53.22,52.37,52.79,54.36,56.92,60.3,64.3,68.7,73.27,77.8,82.06,85.84,88.97,91.28,92.66,93.03,92.36,90.64,87.92,84.3,79.88,74.8,69.22,63.3,57.21,51.09,45.09,39.32,33.88,28.85,24.28,20.19,16.59,13.47,10.81,8.57,6.72,5.2,3.98,3.01,2.25,1.66,1.21,0.87,0.62,0.44,0.3,0.21,0.14,0.1
39.07,36.84,30.88,23.02,15.25,8.99,4.71,2.19,0.91,0.33,0.11,0.03,0.01,0.0,0.0,0.0,0.0,0.0,0.0,0.0,0.0,0.0,0.0,0.0,0.0,0.0,0.0,0.0,0.0,0.0,0.0,0.0,0.0,0.0,0.0,0.0,0.0,0.0,0.0,0.0,0.0,0.0,0.0,0.0,0.0,0.0,0.0,0.01,0.02,0.03,0.06,0.1,0.17,0.25,0.34,0.43,0.52,0.58,0.6,0.58,0.52,0.43,0.34,0.25,0.17,0.11,0.08,0.06,0.06,0.08,0.11,0.16,0.21,0.27,0.35,0.45,0.61,0.89,1.37,2.18,3.41,5.17,7.46,10.12,12.87,15.3,16.97,17.56,16.93,15.21,12.73,9.92,7.2,4.87,3.07,1.8,0.98,0.5,0.24,0.1,0.04,0.02,0.01,0.0,0.0,0.0,0.0,0.0,0.0,0.0,0.0,0.01,0.01,0.01,0.02,0.03,0.04,0.06,0.08,0.12,0.17,0.25,0.34,0.48,0.66,0.89,1.19,1.57,2.05,2.65,3.39,4.27,5.33,6.57,7.99,9.62,11.44,13.45,15.62,17.95,20.38,22.88,25.4,27.88,30.29,32.56,34.64,36.5,38.1,39.44,40.51,41.32,41.9,42.28,42.51,42.65,42.75,42.86,43.02,43.26,43.59,44.02,44.54,45.1,45.66,46.17,46.57,46.79,46.78,46.47,45.84,44.85,43.51,41.81,39.79,37.47,34.92,32.2,29.36,26.47,23.59,20.79,18.11,15.59,13.27,11.17,9.29,7.64,6.21,5.0,4.0,3.18,2.53,2.04,1.69,1.48,1.4,1.46,1.67,2.04,2.59,3.38,4.42,5.79,7.53,9.72,12.42,15.7,19.66,24.34,29.82,36.15,43.36,51.46,60.44,70.24,80.79,91.96,103.62,115.58,127.61,139.5,150.97,161.78,171.67,180.38,187.7,193.43,197.42,199.56,199.8,198.15,194.64,189.39,182.56,174.33,164.94,154.64,143.7,132.4,121.01,109.8,99.02,88.88,79.59,71.3,64.15,58.21,53.55,50.19,48.11,47.26,47.57,48.9,51.14,54.12,57.66,61.57,65.64,69.67,73.47,76.84,79.63,81.69,82.92,83.25,82.64,81.1,78.67,75.43,71.47,66.93,61.94,56.64,51.19,45.71,40.34,35.18,30.32,25.82,21.73,18.07,14.85,12.05,9.67,7.67,6.01,4.65,3.56,2.69,2.01,1.48,1.08,0.78,0.56,0.39,0.27,0.19,0.13,0.09
59.0,55.63,46.64,34.76,23.04,13.57,7.11,3.31,1.37,0.5,0.17,0.05,0.01,0.0,0.0,0.0,0.0,0.0,0.0,0.0,0.0,0.0,0.0,0.0,0.0,0.0,0.0,0.0,0.0,0.0,0.0,0.0,0.0,0.0,0.0,0.0,0.0,0.0,0.0,0.0,0.0,0.0,0.0,0.0,0.0,0.0,0.01,0.02,0.04,0.08,0.14,0.24,0.38,0.56,0.77,0.98,1.17,1.31,1.35,1.31,1.17,0.98,0.77,0.56,0.38,0.24,0.14,0.09,0.06,0.05,0.05,0.06,0.09,0.12,0.19,0.3,0.52,0.94,1.71,3.0,5.0,7.85,11.53,15.82,20.25,24.16,26.86,27.82,26.84,24.12,20.19,15.74,11.43,7.73,4.87,2.86,1.56,0.79,0.38,0.17,0.07,0.03,0.01,0.0,0.0,0.0,0.0,0.0,0.0,0.0,0.0,0.0,0.01,0.01,0.01,0.02,0.03,0.05,0.07,0.1,0.15,0.21,0.29,0.41,0.56,0.76,1.01,1.34,1.75,2.26,2.89,3.64,4.54,5.59,6.81,8.2,9.75,11.47,13.33,15.32,17.41,19.56,21.74,23.91,26.02,28.03,29.9,31.62,33.15,34.5,35.66,36.65,37.5,38.25,38.93,39.61,40.31,41.08,41.95,42.93,44.03,45.22,46.49,47.76,49.0,50.12,51.05,51.72,52.07,52.03,51.56,50.65,49.28,47.48,45.27,42.71,39.85,36.78,33.56,30.28,27.0,23.8,20.74,17.86,15.21,12.79,10.64,8.75,7.12,5.73,4.57,3.62,2.87,2.28,1.86,1.58,1.44,1.44,1.59,1.89,2.36,3.04,3.96,5.17,6.72,8.66,11.07,14.0,17.52,21.7,26.59,32.24,38.68,45.92,53.94,62.7,72.14,82.15,92.59,103.3,114.1,124.76,135.07,144.79,153.69,161.54,168.15,173.34,176.98,178.96,179.24,177.81,174.72,170.07,163.98,156.64,148.24,139.02,129.21,119.08,108.85,98.78,89.09,79.96,71.59,64.11,57.65,52.27,48.04,44.97,43.04,42.21,42.41,43.55,45.49,48.09,51.19,54.63,58.22,61.77,65.12,68.1,70.57,72.39,73.48,73.77,73.23,71.86,69.71,66.83,63.32,59.3,54.88,50.18,45.35,40.5,35.74,31.17,26.86,22.87,19.25,16.01,13.15,10.68,8.57,6.79,5.32,4.12,3.15,2.38,1.78,1.31,0.96,0.69,0.49,0.35,0.24,0.17,0.11,0.08
79.33,74.8,62.71,46.74,30.98,18.25,9.56,4.45,1.84,0.68,0.22,0.06,0.02,0.0,0.0,0.0,0.0,0.0,0.0,0.0,0.0,0.0,0.0,0.0,0.0,0.0,0.0,0.0,0.0,0.0,0.0,0.0,0.0,0.0,0.0,0.0,0.0,0.0,0.0,0.0,0.0,0.0,0.0,0.0,0.0,0.01,0.02,0.04,0.08,0.16,0.29,0.5,0.79,1.17,1.62,2.07,2.48,2.76,2.86,2.76,2.48,2.07,1.62,1.17,0.79,0.5,0.3,0.16,0.09,0.05,0.03,0.03,0.04,0.07,0.14,0.29,0.61,1.23,2.36,4.28,7.25,11.47,16.94,23.3,29.87,35.68,39.69,41.12,39.68,35.66,29.85,23.28,16.9,11.43,7.2,4.22,2.31,1.17,0.56,0.25,0.1,0.04,0.01,0.0,0.0,0.0,0.0,0.0,0.0,0.0,0.0,0.0,0.0,0.01,0.01,0.02,0.03,0.04,0.06,0.09,0.12,0.18,0.25,0.34,0.47,0.64,0.85,1.13,1.47,1.9,2.43,3.07,3.82,4.71,5.74,6.91,8.22,9.67,11.25,12.94,14.72,16.56,18.43,20.31,22.15,23.93,25.63,27.22,28.69,30.06,31.32,32.5,33.62,34.73,35.86,37.05,38.34,39.76,41.33,43.04,44.88,46.82,48.82,50.8,52.69,54.41,55.86,56.98,57.67,57.89,57.58,56.73,55.33,53.41,51.0,48.17,45.0,41.56,37.94,34.25,30.55,26.94,23.48,20.23,17.22,14.49,12.05,9.91,8.06,6.48,5.16,4.08,3.22,2.54,2.04,1.7,1.5,1.44,1.52,1.75,2.14,2.73,3.53,4.58,5.94,7.65,9.77,12.36,15.47,19.16,23.48,28.48,34.17,40.58,47.67,55.43,63.79,72.66,81.91,91.41,100.99,110.46,119.62,128.26,136.19,143.19,149.09,153.74,157.01,158.81,159.1,157.88,155.18,151.08,145.71,139.22,131.79,123.62,114.92,105.92,96.84,87.89,79.27,71.14,63.68,57.01,51.24,46.43,42.62,39.85,38.09,37.3,37.43,38.38,40.04,42.29,44.99,47.98,51.11,54.22,57.15,59.76,61.92,63.51,64.46,64.71,64.23,63.04,61.15,58.62,55.55,52.02,48.14,44.02,39.78,35.53,31.35,27.34,23.56,20.07,16.88,14.04,11.54,9.37,7.52,5.96,4.67,3.62,2.77,2.09,1.56,1.15,0.84,0.61,0.43,0.3,0.21,0.15,0.1,0.07
95.15,89.72,75.21,56.06,37.15,21.89,11.47,5.34,2.21,0.81,0.27,0.08,0.02,0.0,0.0,0.0,0.0,0.0,0.0,0.0,0.0,0.0,0.0,0.0,0.0,0.0,0.0,0.0,0.0,0.0,0.0,0.0,0.0,0.0,0.0,0.0,0.0,0.0,0.0,0.0,0.0,0.0,0.0,0.0,0.01,0.01,0.03,0.08,0.16,0.32,0.58,0.98,1.56,2.31,3.18,4.08,4.87,5.42,5.61,5.42,4.87,4.08,3.18,2.31,1.56,0.98,0.58,0.32,0.16,0.08,0.04,0.03,0.03,0.07,0.15,0.35,0.78,1.64,3.2,5.83,9.93,15.76,23.29,32.06,41.12,49.11,54.64,56.62,54.64,49.11,41.11,32.05,23.28,15.74,9.92,5.82,3.18,1.62,0.77,0.34,0.14,0.05,0.02,0.01,0.0,0.0,0.0,0.0,0.0,0.0,0.0,0.0,0.0,0.01,0.01,0.02,0.02,0.03,0.05,0.07,0.1,0.15,0.21,0.28,0.39,0.53,0.71,0.94,1.23,1.58,2.02,2.55,3.18,3.92,4.78,5.76,6.85,8.07,9.39,10.81,12.31,13.88,15.48,17.09,18.7,20.28,21.82,23.31,24.75,26.15,27.51,28.88,30.27,31.72,33.28,34.98,36.83,38.88,41.11,43.52,46.09,48.75,51.45,54.11,56.64,58.94,60.9,62.45,63.48,63.94,63.78,62.98,61.54,59.48,56.87,53.76,50.25,46.43,42.42,38.3,34.18,30.15,26.28,22.64,19.28,16.22,13.49,11.09,9.02,7.25,5.77,4.56,3.58,2.81,2.23,1.82,1.56,1.44,1.46,1.62,1.94,2.43,3.12,4.03,5.21,6.71,8.56,10.82,13.54,16.77,20.55,24.92,29.91,35.52,41.74,48.54,55.87,63.65,71.77,80.11,88.52,96.84,104.89,112.5,119.47,125.64,130.85,134.96,137.86,139.47,139.75,138.71,136.36,132.79,128.1,122.41,115.9,108.73,101.1,93.19,85.21,77.34,69.75,62.6,56.02,50.14,45.04,40.78,37.41,34.93,33.35,32.61,32.68,33.47,34.88,36.81,39.13,41.72,44.42,47.11,49.65,51.91,53.77,55.15,55.98,56.19,55.78,54.74,53.09,50.9,48.23,45.17,41.8,38.22,34.54,30.85,27.22,23.74,20.46,17.42,14.66,12.19,10.02,8.13,6.53,5.18,4.05,3.14,2.4,1.82,1.36,1.0,0.73,0.53,0.38,0.26,0.18,0.13,0.09,0.06
102.32,96.48,80.89,60.29,39.95,23.54,12.33,5.74,2.38,0.88,0.29,0.08,0.02,0.0,0.0,0.0,0.0,0.0,0.0,0.0,0.0,0.0,0.0,0.0,0.0,0.0,0.0,0.0,0.0,0.0,0.0,0.0,0.0,0.0,0.0,0.0,0.0,0.0,0.0,0.0,0.0,0.0,0.0,0.0,0.01,0.03,0.06,0.14,0.29,0.58,1.06,1.8,2.86,4.22,5.82,7.46,8.91,9.92,10.27,9.92,8.91,7.46,5.82,4.22,2.86,1.8,1.06,0.58,0.29,0.14,0.07,0.04,0.04,0.08,0.18,0.44,0.99,2.08,4.08,7.47,12.72,20.19,29.86,41.11,52.73,62.99,70.08,72.62,70.08,62.99,52.73,41.11,29.85,20.19,12.72,7.46,4.08,2.08,0.98,0.43,0.18,0.07,0.03,0.01,0.0,0.0,0.0,0.0,0.0,0.0,0.0,0.0,0.0,0.01,0.01,0.01,0.02,0.03,0.04,0.06,0.08,0.12,0.17,0.23,0.32,0.43,0.58,0.77,1.01,1.3,1.66,2.1,2.62,3.23,3.94,4.74,5.65,6.66,7.76,8.94,10.2,11.52,12.88,14.27,15.68,17.09,18.5,19.91,21.33,22.76,24.24,25.78,27.43,29.22,31.18,33.35,35.75,38.38,41.25,44.32,47.57,50.92,54.3,57.6,60.74,63.59,66.04,67.98,69.34,70.02,70.0,69.23,67.74,65.55,62.72,59.34,55.49,51.3,46.88,42.34,37.79,33.34,29.07,25.05,21.33,17.95,14.93,12.28,9.98,8.02,6.38,5.03,3.94,3.08,2.42,1.94,1.62,1.45,1.41,1.52,1.76,2.17,2.74,3.53,4.54,5.83,7.43,9.39,11.75,14.55,17.83,21.63,25.95,30.82,36.22,42.13,48.49,55.25,62.31,69.56,76.87,84.1,91.11,97.73,103.8,109.17,113.71,117.3,119.83,121.25,121.52,120.62,118.6,115.5,111.43,106.5,100.84,94.61,87.98,81.1,74.16,67.31,60.7,54.47,48.74,43.61,39.15,35.42,32.47,30.29,28.88,28.21,28.23,28.88,30.07,31.71,33.69,35.89,38.21,40.51,42.69,44.62,46.22,47.41,48.11,48.3,47.94,47.04,45.63,43.75,41.45,38.82,35.92,32.85,29.69,26.51,23.4,20.4,17.58,14.97,12.6,10.48,8.61,6.99,5.61,4.45,3.48,2.7,2.06,1.56,1.17,0.86,0.63,0.45,0.32,0.23,0.16,0.11,0.07,0.05
99.91,94.2,78.97,58.86,39.01,22.98,12.04,5.61,2.32,0.86,0.28,0.08,0.02,0.0,0.0,0.0,0.0,0.0,0.0,0.0,0.0,0.0,0.0,0.0,0.0,0.0,0.0,0.0,0.0,0.0,0.0,0.0,0.0,0.0,0.0,0.0,0.0,0.0,0.0,0.0,0.0,0.0,0.0,0.01,0.02,0.04,0.1,0.24,0.5,0.98,1.8,3.07,4.87,7.2,9.92,12.72,15.19,16.9,17.51,16.9,15.19,12.72,9.92,7.2,4.87,3.07,1.8,0.98,0.5,0.24,0.11,0.05,0.05,0.09,0.22,0.52,1.18,2.48,4.87,8.91,15.19,24.12,35.66,49.11,62.99,75.25,83.72,86.75,83.72,75.25,62.99,49.11,35.66,24.12,15.19,8.91,4.87,2.48,1.18,0.52,0.22,0.08,0.03,0.01,0.0,0.0,0.0,0.0,0.0,0.0,0.0,0.01,0.01,0.01,0.01,0.01,0.02,0.02,0.03,0.05,0.07,0.1,0.14,0.19,0.26,0.35,0.47,0.63,0.82,1.06,1.35,1.71,2.13,2.63,3.2,3.86,4.61,5.44,6.34,7.33,8.37,9.48,10.64,11.84,13.08,14.35,15.65,17.0,18.4,19.88,21.46,23.18,25.07,27.17,29.51,32.12,35.01,38.2,41.65,45.35,49.23,53.22,57.23,61.14,64.84,68.2,71.1,73.43,75.08,75.98,76.07,75.34,73.79,71.46,68.42,64.76,60.59,56.03,51.22,46.27,41.31,36.45,31.78,27.39,23.32,19.63,16.33,13.43,10.91,8.77,6.98,5.5,4.3,3.35,2.62,2.07,1.7,1.47,1.38,1.43,1.61,1.93,2.41,3.07,3.94,5.04,6.42,8.1,10.13,12.54,15.36,18.63,22.35,26.54,31.19,36.28,41.76,47.57,53.65,59.89,66.19,72.42,78.45,84.15,89.37,94.0,97.91,101.0,103.19,104.41,104.64,103.87,102.13,99.46,95.96,91.71,86.84,81.47,75.76,69.84,63.86,57.95,52.25,46.88,41.94,37.51,33.66,30.44,27.87,25.97,24.74,24.13,24.12,24.65,25.65,27.02,28.69,30.56,32.52,34.47,36.32,37.96,39.32,40.32,40.92,41.08,40.77,40.01,38.81,37.21,35.25,33.01,30.55,27.94,25.25,22.55,19.9,17.35,14.95,12.73,10.72,8.91,7.32,5.95,4.77,3.78,2.96,2.29,1.76,1.33,0.99,0.73,0.53,0.38,0.27,0.19,0.13,0.09,0.06,0.04
91.1,85.9,72.01,53.68,35.57,20.96,10.98,5.11,2.12,0.78,0.26,0.07,0.02,0.0,0.0,0.0,0.0,0.0,0.0,0.0,0.0,0.0,0.0,0.0,0.0,0.0,0.0,0.0,0.0,0.0,0.0,0.0,0.0,0.0,0.0,0.0,0.0,0.0,0.0,0.0,0.0,0.0,0.0,0.01,0.03,0.07,0.17,0.38,0.79,1.56,2.86,4.87,7.73,11.43,15.74,20.19,24.12,26.83,27.8,26.83,24.12,20.19,15.74,11.43,7.73,4.87,2.86,1.56,0.79,0.38,0.17,0.08,0.06,0.1,0.24,0.58,1.31,2.76,5.42,9.92,16.9,26.84,39.68,54.64,70.09,83.72,93.15,96.52,93.15,83.72,70.09,54.65,39.68,26.84,16.91,9.92,5.43,2.77,1.32,0.59,0.25,0.1,0.04,0.02,0.01,0.01,0.01,0.01,0.01,0.01,0.01,0.01,0.01,0.01,0.01,0.02,0.02,0.02,0.03,0.04,0.06,0.08,0.11,0.15,0.21,0.28,0.38,0.5,0.66,0.85,1.09,1.37,1.71,2.11,2.58,3.11,3.72,4.39,5.14,5.95,6.82,7.75,8.73,9.77,10.87,12.02,13.23,14.53,15.93,17.45,19.14,21.02,23.14,25.52,28.21,31.22,34.57,38.25,42.24,46.5,50.96,55.53,60.11,64.58,68.8,72.63,75.95,78.62,80.54,81.62,81.82,81.11,79.51,77.04,73.8,69.88,65.4,60.5,55.31,49.97,44.62,39.38,34.34,29.6,25.21,21.22,17.66,14.52,11.8,9.49,7.55,5.94,4.64,3.61,2.81,2.2,1.77,1.5,1.36,1.36,1.48,1.73,2.12,2.68,3.41,4.35,5.52,6.96,8.69,10.75,13.16,15.95,19.14,22.72,26.69,31.04,35.72,40.69,45.88,51.21,56.58,61.9,67.05,71.9,76.36,80.3,83.63,86.25,88.1,89.13,89.31,88.64,87.14,84.86,81.85,78.22,74.05,69.47,64.59,59.53,54.42,49.38,44.51,39.93,35.7,31.92,28.62,25.87,23.67,22.03,20.96,20.43,20.4,20.82,21.64,22.79,24.18,25.74,27.39,29.03,30.57,31.95,33.09,33.94,34.44,34.57,34.31,33.67,32.66,31.31,29.67,27.78,25.71,23.51,21.25,18.98,16.75,14.6,12.58,10.72,9.02,7.5,6.16,5.0,4.01,3.18,2.49,1.93,1.48,1.12,0.83,0.62,0.45,0.32,0.23,0.16,0.11,0.08,0.05,0.04
81.93,77.25,64.76,48.27,31.99,18.85,9.87,4.6,1.9,0.7,0.23,0.07,0.02,0.0,0.0,0.0,0.0,0.0,0.0,0.0,0.0,0.0,0.0,0.0,0.0,0.0,0.0,0.0,0.0,0.0,0.0,0.0,0.0,0.0,0.0,0.0,0.0,0.0,0.0,0.0,0.0,0.0,0.0,0.01,0.04,0.1,0.25,0.56,1.17,2.31,4.22,7.2,11.43,16.9,23.28,29.85,35.66,39.68,41.11,39.68,35.66,29.85,23.28,16.9,11.43,7.2,4.22,2.31,1.17,0.56,0.25,0.11,0.07,0.11,0.25,0.6,1.35,2.86,5.62,10.28,17.52,27.81,41.13,56.63,72.64,86.77,96.54,100.03,96.54,86.77,72.64,56.64,41.13,27.82,17.53,10.3,5.64,2.89,1.39,0.63,0.28,0.12,0.06,0.03,0.02,0.02,0.02,0.02,0.02,0.03,0.03,0.03,0.04,0.04,0.03,0.03,0.03,0.03,0.03,0.04,0.05,0.06,0.09,0.12,0.17,0.23,0.3,0.4,0.52,0.67,0.86,1.09,1.36,1.68,2.06,2.48,2.97,3.52,4.12,4.79,5.51,6.29,7.13,8.04,9.01,10.07,11.21,12.47,13.87,15.45,17.23,19.26,21.57,24.21,27.2,30.57,34.32,38.44,42.91,47.67,52.64,57.73,62.82,67.78,72.46,76.71,80.39,83.37,85.53,86.78,87.07,86.38,84.72,82.13,78.71,74.55,69.79,64.57,59.04,53.35,47.65,42.05,36.68,31.62,26.93,22.68,18.87,15.52,12.62,10.15,8.07,6.36,4.97,3.86,2.99,2.33,1.86,1.54,1.36,1.31,1.38,1.57,1.89,2.35,2.96,3.75,4.75,5.97,7.44,9.2,11.25,13.63,16.34,19.39,22.77,26.46,30.44,34.66,39.06,43.58,48.14,52.64,56.99,61.09,64.85,68.17,70.97,73.16,74.7,75.54,75.67,75.07,73.77,71.81,69.24,66.14,62.6,58.7,54.55,50.27,45.94,41.66,37.55,33.66,30.09,26.88,24.09,21.75,19.88,18.49,17.57,17.1,17.06,17.39,18.06,19.01,20.16,21.46,22.82,24.18,25.46,26.61,27.56,28.26,28.68,28.78,28.57,28.03,27.19,26.07,24.7,23.13,21.41,19.58,17.69,15.8,13.94,12.16,10.48,8.92,7.51,6.24,5.13,4.17,3.34,2.65,2.08,1.61,1.23,0.93,0.69,0.51,0.37,0.27,0.19,0.14,0.09,0.06,0.04,0.03
78.09,73.64,61.73,46.01,30.49,17.97,9.41,4.38,1.82,0.67,0.22,0.06,0.02,0.0,0.0,0.0,0.0,0.0,0.0,0.0,0.0,0.0,0.0,0.0,0.0,0.0,0.0,0.0,0.0,0.0,0.0,0.0,0.0,0.0,0.0,0.0,0.0,0.0,0.0,0.0,0.0,0.0,0.01,0.02,0.05,0.14,0.34,0.77,1.62,3.18,5.82,9.92,15.74,23.28,32.05,41.11,49.11,54.64,56.62,54.64,49.11,41.11,32.05,23.28,15.74,9.92,5.82,3.18,1.62,0.77,0.34,0.15,0.09,0.11,0.24,0.58,1.31,2.76,5.42,9.92,16.92,26.86,39.71,54.69,70.15,83.79,93.23,96.6,93.23,83.8,70.15,54.7,39.73,26.88,16.96,9.98,5.49,2.84,1.4,0.67,0.33,0.17,0.1,0.07,0.05,0.04,0.04,0.05,0.06,0.07,0.08,0.09,0.1,0.09,0.08,0.07,0.06,0.05,0.04,0.04,0.04,0.05,0.07,0.1,0.13,0.18,0.24,0.31,0.41,0.53,0.68,0.86,1.07,1.33,1.62,1.96,2.35,2.79,3.28,3.83,4.43,5.09,5.81,6.6,7.48,8.45,9.54,10.78,12.18,13.8,15.66,17.82,20.3,23.16,26.41,30.08,34.18,38.68,43.55,48.74,54.15,59.69,65.22,70.6,75.67,80.28,84.27,87.51,89.88,91.28,91.65,90.97,89.26,86.57,82.98,78.62,73.61,68.12,62.3,56.31,50.29,44.39,38.73,33.39,28.45,23.96,19.94,16.41,13.35,10.74,8.55,6.74,5.26,4.09,3.17,2.46,1.95,1.59,1.38,1.29,1.31,1.45,1.7,2.08,2.6,3.27,4.11,5.15,6.41,7.9,9.65,11.67,13.97,16.57,19.43,22.57,25.94,29.51,33.24,37.05,40.89,44.68,48.34,51.78,54.92,57.68,60.0,61.81,63.06,63.72,63.77,63.22,62.08,60.38,58.18,55.54,52.53,49.22,45.72,42.1,38.45,34.85,31.38,28.12,25.11,22.42,20.08,18.11,16.53,15.36,14.57,14.17,14.11,14.38,14.92,15.69,16.63,17.69,18.81,19.92,20.98,21.92,22.7,23.28,23.62,23.71,23.53,23.09,22.4,21.47,20.35,19.05,17.63,16.12,14.57,13.01,11.48,10.01,8.63,7.35,6.18,5.14,4.23,3.43,2.75,2.18,1.71,1.32,1.01,0.77,0.57,0.42,0.31,0.22,0.16,0.11,0.08,0.05,0.04,0.02
81.93,77.25,64.76,48.27,31.99,18.85,9.87,4.6,1.9,0.7,0.23,0.07,0.02,0.0,0.0,0.0,0.0,0.0,0.0,0.0,0.0,0.0,0.0,0.0,0.0,0.0,0.0,0.0,0.0,0.0,0.0,0.0,0.0,0.0,0.0,0.0,0.0,0.0,0.0,0.0,0.0,0.0,0.01,0.02,0.07,0.18,0.43,0.98,2.07,4.08,7.46,12.72,20.19,29.85,41.11,52.73,62.99,70.08,72.61,70.08,62.99,52.73,41.11,29.85,20.19,12.72,7.46,4.08,2.07,0.98,0.44,0.19,0.1,0.11,0.22,0.52,1.18,2.49,4.88,8.94,15.23,24.19,35.76,49.25,63.17,75.46,83.95,86.99,83.95,75.46,63.18,49.27,35.81,24.25,15.34,9.08,5.06,2.7,1.42,0.77,0.45,0.3,0.21,0.16,0.13,0.11,0.11,0.13,0.15,0.19,0.22,0.24,0.25,0.24,0.22,0.18,0.14,0.11,0.08,0.06,0.05,0.05,0.06,0.08,0.1,0.14,0.18,0.24,0.32,0.41,0.53,0.67,0.83,1.03,1.27,1.54,1.85,2.2,2.6,3.04,3.54,4.1,4.73,5.43,6.23,7.14,8.18,9.39,10.8,12.45,14.39,16.64,19.27,22.3,25.77,29.69,34.06,38.87,44.08,49.61,55.39,61.29,67.17,72.89,78.29,83.2,87.45,90.9,93.44,94.95,95.39,94.73,92.98,90.2,86.49,81.96,76.75,71.04,64.98,58.74,52.47,46.33,40.42,34.86,29.71,25.03,20.84,17.16,13.96,11.24,8.96,7.07,5.53,4.3,3.34,2.6,2.05,1.66,1.42,1.29,1.28,1.38,1.58,1.89,2.33,2.9,3.62,4.5,5.58,6.85,8.35,10.08,12.05,14.26,16.7,19.37,22.23,25.26,28.41,31.63,34.87,38.05,41.1,43.97,46.58,48.86,50.75,52.21,53.19,53.68,53.65,53.12,52.1,50.61,48.7,46.44,43.87,41.06,38.09,35.04,31.97,28.95,26.04,23.31,20.79,18.54,16.58,14.94,13.62,12.63,11.97,11.62,11.55,11.76,12.19,12.8,13.57,14.43,15.33,16.24,17.1,17.86,18.5,18.97,19.25,19.32,19.17,18.81,18.25,17.49,16.58,15.52,14.36,13.14,11.87,10.6,9.36,8.16,7.03,5.99,5.04,4.19,3.44,2.8,2.24,1.78,1.39,1.08,0.83,0.62,0.47,0.34,0.25,0.18,0.13,0.09,0.06,0.04,0.03,0.02
91.1,85.9,72.01,53.68,35.57,20.96,10.98,5.11,2.12,0.78,0.26,0.07,0.02,0.0,0.0,0.0,0.0,0.0,0.0,0.0,0.0,0.0,0.0,0.0,0.0,0.0,0.0,0.0,0.0,0.0,0.0,0.0,0.0,0.0,0.0,0.0,0.0,0.0,0.0,0.0,0.0,0.0,0.01,0.03,0.08,0.21,0.52,1.17,2.48,4.87,8.91,15.19,24.12,35.66,49.11,62.99,75.24,83.71,86.74,83.71,75.24,62.99,49.11,35.66,24.12,15.19,8.91,4.87,2.48,1.18,0.52,0.22,0.11,0.1,0.19,0.44,0.99,2.09,4.11,7.52,12.82,20.36,30.1,41.45,53.16,63.51,70.66,73.22,70.66,63.52,53.2,41.51,30.2,20.52,13.07,7.86,4.54,2.61,1.57,1.04,0.76,0.6,0.48,0.38,0.31,0.27,0.27,0.31,0.37,0.45,0.53,0.58,0.6,0.58,0.52,0.44,0.34,0.25,0.18,0.12,0.08,0.06,0.06,0.06,0.08,0.11,0.14,0.19,0.24,0.32,0.4,0.51,0.64,0.8,0.98,1.19,1.44,1.72,2.04,2.41,2.83,3.31,3.85,4.48,5.22,6.07,7.08,8.26,9.68,11.35,13.33,15.67,18.4,21.57,25.2,29.3,33.89,38.94,44.4,50.2,56.25,62.42,68.58,74.56,80.21,85.34,89.79,93.41,96.07,97.68,98.17,97.52,95.75,92.91,89.11,84.45,79.11,73.23,67.0,60.57,54.12,47.8,41.71,35.98,30.68,25.86,21.54,17.75,14.46,11.66,9.3,7.35,5.77,4.5,3.5,2.73,2.16,1.75,1.49,1.34,1.3,1.36,1.52,1.78,2.15,2.64,3.26,4.03,4.96,6.07,7.36,8.86,10.56,12.47,14.57,16.86,19.31,21.9,24.58,27.32,30.05,32.72,35.28,37.67,39.82,41.68,43.2,44.35,45.09,45.41,45.29,44.75,43.8,42.46,40.78,38.81,36.59,34.19,31.66,29.07,26.48,23.93,21.5,19.21,17.11,15.23,13.59,12.22,11.12,10.29,9.73,9.43,9.36,9.51,9.85,10.34,10.95,11.64,12.36,13.09,13.78,14.4,14.91,15.29,15.51,15.57,15.45,15.16,14.7,14.1,13.36,12.51,11.57,10.58,9.57,8.54,7.54,6.57,5.67,4.82,4.06,3.38,2.77,2.25,1.81,1.43,1.12,0.87,0.67,0.5,0.38,0.28,0.2,0.15,0.1,0.07,0.05,0.03,0.02,0.02
99.91,94.2,78.97,58.86,39.01,22.98,12.04,5.61,2.32,0.86,0.28,0.08,0.02,0.0,0.0,0.0,0.0,0.0,0.0,0.0,0.0,0.0,0.0,0.0,0.0,0.0,0.0,0.0,0.0,0.0,0.0,0.0,0.0,0.0,0.0,0.0,0.0,0.0,0.0,0.0,0.0,0.0,0.01,0.03,0.09,0.24,0.58,1.31,2.76,5.42,9.92,16.9,26.83,39.68,54.64,70.08,83.71,93.14,96.51,93.14,83.71,70.08,54.64,39.68,26.83,16.9,9.92,5.42,2.76,1.31,0.58,0.24,0.11,0.09,0.15,0.35,0.79,1.66,3.25,5.96,10.15,16.12,23.83,32.82,42.09,50.29,55.95,57.98,55.96,50.32,42.17,32.96,24.07,16.49,10.71,6.72,4.24,2.83,2.09,1.7,1.46,1.25,1.04,0.85,0.7,0.61,0.61,0.7,0.84,1.02,1.19,1.32,1.36,1.31,1.18,0.99,0.77,0.56,0.38,0.25,0.15,0.1,0.07,0.06,0.07,0.08,0.11,0.14,0.19,0.24,0.31,0.39,0.49,0.61,0.75,0.92,1.11,1.34,1.6,1.91,2.26,2.67,3.15,3.72,4.4,5.21,6.18,7.35,8.75,10.44,12.45,14.83,17.63,20.89,24.63,28.87,33.6,38.8,44.43,50.42,56.65,63.01,69.35,75.51,81.32,86.6,91.19,94.93,97.68,99.36,99.89,99.26,97.48,94.61,90.76,86.04,80.61,74.63,68.29,61.76,55.2,48.76,42.57,36.74,31.34,26.43,22.04,18.18,14.83,11.97,9.58,7.59,5.98,4.68,3.67,2.88,2.3,1.87,1.59,1.43,1.37,1.4,1.53,1.76,2.08,2.51,3.06,3.74,4.56,5.54,6.69,8.01,9.51,11.19,13.03,15.03,17.17,19.42,21.73,24.08,26.42,28.69,30.84,32.83,34.6,36.1,37.31,38.18,38.7,38.85,38.63,38.05,37.13,35.89,34.36,32.6,30.65,28.56,26.37,24.15,21.94,19.78,17.72,15.79,14.03,12.46,11.09,9.94,9.02,8.33,7.85,7.59,7.52,7.62,7.88,8.26,8.74,9.29,9.86,10.44,10.99,11.48,11.88,12.18,12.36,12.41,12.31,12.08,11.72,11.23,10.64,9.97,9.22,8.44,7.62,6.81,6.01,5.24,4.51,3.84,3.24,2.69,2.21,1.8,1.44,1.14,0.89,0.69,0.53,0.4,0.3,0.22,0.16,0.12,0.08,0.06,0.04,0.03,0.02,0.01
102.32,96.48,80.89,60.29,39.95,23.54,12.33,5.74,2.38,0.88,0.29,0.08,0.02,0.0,0.0,0.0,0.0,0.0,0.0,0.0,0.0,0.0,0.0,0.0,0.0,0.0,0.0,0.0,0.0,0.0,0.0,0.0,0.0,0.0,0.0,0.0,0.0,0.0,0.0,0.0,0.0,0.0,0.01,0.03,0.09,0.25,0.6,1.35,2.86,5.61,10.27,17.51,27.8,41.11,56.62,72.61,86.74,96.51,100.0,96.51,86.74,72.61,56.62,41.11,27.8,17.51,10.27,5.61,2.86,1.35,0.6,0.25,0.11,0.07,0.12,0.27,0.6,1.26,2.47,4.52,7.7,12.22,18.08,24.89,31.93,38.14,42.44,43.98,42.47,38.22,32.09,25.19,18.58,13.02,8.87,6.13,4.54,3.73,3.35,3.13,2.88,2.56,2.17,1.78,1.47,1.29,1.29,1.47,1.78,2.16,2.52,2.77,2.86,2.76,2.48,2.08,1.62,1.18,0.8,0.51,0.3,0.18,0.1,0.07,0.06,0.07,0.08,0.11,0.14,0.18,0.23,0.29,0.37,0.46,0.57,0.7,0.86,1.04,1.26,1.51,1.81,2.17,2.6,3.12,3.75,4.52,5.45,6.59,7.98,9.66,11.68,14.09,16.92,20.22,24.01,28.32,33.13,38.41,44.13,50.21,56.54,62.99,69.43,75.68,81.58,86.94,91.59,95.39,98.2,99.92,100.49,99.88,98.11,95.25,91.39,86.65,81.21,75.21,68.84,62.28,55.68,49.21,42.98,37.12,31.69,26.75,22.33,18.44,15.07,12.2,9.79,7.79,6.17,4.87,3.84,3.05,2.46,2.03,1.74,1.57,1.5,1.52,1.63,1.83,2.12,2.51,3.01,3.63,4.39,5.28,6.33,7.53,8.89,10.41,12.08,13.88,15.79,17.79,19.84,21.9,23.93,25.89,27.73,29.4,30.86,32.08,33.01,33.64,33.95,33.94,33.6,32.95,32.01,30.81,29.37,27.75,25.98,24.1,22.17,20.22,18.29,16.43,14.66,13.02,11.52,10.19,9.03,8.07,7.29,6.7,6.29,6.06,5.98,6.05,6.24,6.53,6.91,7.33,7.78,8.23,8.66,9.05,9.37,9.6,9.74,9.78,9.7,9.52,9.23,8.85,8.39,7.86,7.27,6.65,6.01,5.36,4.73,4.13,3.56,3.03,2.55,2.12,1.74,1.41,1.14,0.9,0.71,0.55,0.42,0.32,0.24,0.17,0.13,0.09,0.07,0.05,0.03,0.02,0.01,0.01
95.15,89.72,75.21,56.06,37.15,21.89,11.47,5.34,2.21,0.81,0.27,0.08,0.02,0.0,0.0,0.0,0.0,0.0,0.0,0.0,0.0,0.0,0.0,0.0,0.0,0.0,0.0,0.0,0.0,0.0,0.0,0.0,0.0,0.0,0.0,0.0,0.0,0.0,0.0,0.0,0.0,0.0,0.01,0.03,0.09,0.24,0.58,1.31,2.76,5.42,9.92,16.9,26.83,39.68,54.64,70.08,83.71,93.14,96.51,93.14,83.71,70.08,54.64,39.68,26.83,16.9,9.92,5.42,2.76,1.31,0.58,0.24,0.1,0.06,0.09,0.2,0.45,0.95,1.88,3.43,5.85,9.29,13.74,18.92,24.27,28.99,32.26,33.45,32.33,29.15,24.58,19.5,14.72,10.85,8.16,6.61,5.95,5.83,5.88,5.83,5.53,4.98,4.25,3.5,2.89,2.54,2.54,2.88,3.49,4.24,4.95,5.45,5.63,5.42,4.87,4.08,3.18,2.31,1.56,0.99,0.59,0.33,0.18,0.1,0.07,0.06,0.06,0.08,0.1,0.13,0.17,0.22,0.28,0.35,0.43,0.54,0.66,0.81,0.98,1.2,1.46,1.77,2.16,2.64,3.23,3.96,4.86,5.97,7.33,8.99,10.99,13.39,16.21,19.51,23.31,27.62,32.43,37.73,43.46,49.54,55.88,62.34,68.78,75.04,80.94,86.31,90.98,94.79,97.62,99.35,99.95,99.37,97.63,94.81,90.99,86.3,80.9,74.95,68.63,62.12,55.57,49.14,42.95,37.12,31.73,26.82,22.42,18.56,15.21,12.35,9.95,7.97,6.35,5.06,4.05,3.26,2.67,2.25,1.96,1.78,1.71,1.72,1.82,2.01,2.28,2.65,3.13,3.72,4.43,5.28,6.27,7.41,8.7,10.13,11.69,13.37,15.14,16.98,18.86,20.73,22.55,24.29,25.89,27.32,28.54,29.52,30.22,30.64,30.75,30.57,30.1,29.35,28.35,27.13,25.72,24.16,22.48,20.74,18.97,17.21,15.48,13.83,12.27,10.83,9.53,8.38,7.39,6.56,5.89,5.38,5.03,4.81,4.73,4.76,4.9,5.12,5.4,5.72,6.07,6.42,6.75,7.05,7.3,7.48,7.59,7.62,7.56,7.42,7.2,6.9,6.54,6.12,5.66,5.18,4.68,4.18,3.69,3.22,2.77,2.36,1.99,1.65,1.36,1.1,0.88,0.7,0.55,0.43,0.33,0.25,0.18,0.14,0.1,0.07,0.05,0.04,0.02,0.02,0.01,0.01
79.33,74.8,62.71,46.74,30.98,18.25,9.56,4.45,1.84,0.68,0.22,0.06,0.02,0.0,0.0,0.0,0.0,0.0,0.0,0.0,0.0,0.0,0.0,0.0,0.0,0.0,0.0,0.0,0.0,0.0,0.0,0.0,0.0,0.0,0.0,0.0,0.0,0.0,0.0,0.0,0.0,0.0,0.01,0.03,0.08,0.21,0.52,1.17,2.48,4.87,8.91,15.19,24.12,35.66,49.11,62.99,75.24,83.71,86.74,83.71,75.24,62.99,49.11,35.66,24.12,15.19,8.91,4.87,2.48,1.17,0.52,0.22,0.09,0.06,0.08,0.17,0.38,0.79,1.56,2.85,4.87,7.73,11.42,15.73,20.18,24.11,26.84,27.85,26.96,24.4,20.75,16.79,13.22,10.58,9.09,8.67,9.02,9.71,10.3,10.47,10.04,9.08,7.76,6.4,5.28,4.66,4.66,5.28,6.39,7.75,9.05,9.98,10.3,9.93,8.92,7.46,5.82,4.23,2.86,1.8,1.06,0.59,0.31,0.16,0.09,0.06,0.05,0.06,0.08,0.1,0.13,0.16,0.21,0.26,0.33,0.41,0.51,0.63,0.78,0.96,1.18,1.46,1.81,2.25,2.8,3.5,4.36,5.43,6.76,8.38,10.35,12.7,15.49,18.74,22.49,26.75,31.5,36.74,42.4,48.41,54.66,61.05,67.41,73.6,79.43,84.74,89.36,93.14,95.94,97.68,98.29,97.75,96.08,93.33,89.6,85.02,79.73,73.9,67.71,61.32,54.89,48.58,42.51,36.79,31.48,26.66,22.34,18.54,15.25,12.45,10.09,8.14,6.56,5.29,4.29,3.53,2.95,2.54,2.26,2.09,2.01,2.03,2.13,2.31,2.58,2.95,3.42,4.0,4.71,5.55,6.53,7.65,8.92,10.32,11.85,13.48,15.2,16.97,18.76,20.52,22.22,23.82,25.26,26.52,27.56,28.34,28.85,29.08,29.01,28.66,28.03,27.15,26.04,24.75,23.3,21.72,20.08,18.39,16.69,15.03,13.42,11.9,10.48,9.18,8.02,7.0,6.12,5.38,4.79,4.34,4.02,3.82,3.72,3.73,3.82,3.97,4.18,4.42,4.69,4.95,5.21,5.44,5.63,5.77,5.85,5.87,5.83,5.72,5.54,5.32,5.04,4.72,4.36,3.99,3.61,3.22,2.84,2.48,2.14,1.82,1.53,1.27,1.05,0.85,0.68,0.54,0.42,0.33,0.25,0.19,0.14,0.1,0.08,0.05,0.04,0.03,0.02,0.01,0.01,0.01
59.0,55.63,46.64,34.76,23.04,13.57,7.11,3.31,1.37,0.5,0.17,0.05,0.01,0.0,0.0,0.0,0.0,0.0,0.0,0.0,0.0,0.0,0.0,0.0,0.0,0.0,0.0,0.0,0.0,0.0,0.0,0.0,0.0,0.0,0.0,0.0,0.0,0.0,0.0,0.0,0.0,0.0,0.01,0.02,0.07,0.18,0.43,0.98,2.07,4.08,7.46,12.72,20.19,29.85,41.11,52.73,62.99,70.08,72.61,70.08,62.99,52.73,41.11,29.85,20.19,12.72,7.46,4.08,2.07,0.98,0.43,0.18,0.08,0.05,0.08,0.17,0.38,0.79,1.56,2.85,4.87,7.73,11.42,15.73,20.18,24.12,26.86,27.89,27.05,24.6,21.16,17.53,14.49,12.6,12.07,12.77,14.28,15.99,17.29,17.72,17.07,15.45,13.23,10.9,9.0,7.94,7.94,9.0,10.9,13.22,15.43,17.01,17.56,16.92,15.2,12.72,9.92,7.2,4.87,3.07,1.8,0.99,0.51,0.25,0.12,0.07,0.05,0.05,0.06,0.07,0.09,0.12,0.15,0.2,0.25,0.31,0.39,0.49,0.61,0.77,0.97,1.22,1.54,1.94,2.46,3.11,3.94,4.97,6.24,7.81,9.72,12.01,14.72,17.89,21.54,25.69,30.33,35.43,40.95,46.81,52.92,59.15,65.36,71.39,77.09,82.27,86.79,90.49,93.25,94.97,95.6,95.11,93.51,90.88,87.29,82.86,77.76,72.12,66.12,59.94,53.71,47.59,41.7,36.15,31.0,26.32,22.13,18.44,15.24,12.52,10.23,8.34,6.8,5.58,4.61,3.88,3.33,2.93,2.66,2.5,2.44,2.46,2.57,2.76,3.04,3.42,3.9,4.5,5.23,6.09,7.1,8.25,9.55,10.98,12.54,14.2,15.93,17.71,19.49,21.23,22.89,24.42,25.77,26.92,27.83,28.46,28.81,28.86,28.61,28.08,27.28,26.23,24.98,23.56,22.0,20.35,18.65,16.94,15.25,13.6,12.04,10.58,9.23,8.01,6.92,5.98,5.17,4.5,3.95,3.54,3.23,3.03,2.93,2.91,2.96,3.06,3.21,3.39,3.58,3.78,3.97,4.15,4.29,4.39,4.46,4.47,4.44,4.36,4.22,4.05,3.84,3.59,3.32,3.04,2.75,2.45,2.17,1.89,1.63,1.39,1.17,0.97,0.8,0.65,0.52,0.41,0.32,0.25,0.19,0.14,0.11,0.08,0.06,0.04,0.03,0.02,0.01,0.01,0.01,0.0
39.07,36.84,30.88,23.02,15.25,8.99,4.71,2.19,0.91,0.33,0.11,0.03,0.01,0.0,0.0,0.0,0.0,0.0,0.0,0.0,0.0,0.0,0.0,0.0,0.0,0.0,0.0,0.0,0.0,0.0,0.0,0.0,0.0,0.0,0.0,0.0,0.0,0.0,0.0,0.0,0.0,0.0,0.01,0.02,0.05,0.14,0.34,0.77,1.62,3.18,5.82,9.92,15.74,23.28,32.05,41.11,49.11,54.64,56.62,54.64,49.11,41.11,32.05,23.28,15.74,9.92,5.82,3.18,1.62,0.77,0.34,0.14,0.06,0.05,0.09,0.2,0.45,0.95,1.88,3.43,5.85,9.29,13.74,18.92,24.28,29.01,32.32,33.58,32.63,29.78,25.83,21.78,18.61,17.02,17.28,19.18,22.07,25.08,27.31,28.07,27.08,24.53,21.0,17.31,14.29,12.6,12.6,14.29,17.3,20.98,24.49,27.0,27.87,26.86,24.13,20.19,15.74,11.43,7.73,4.87,2.86,1.57,0.8,0.39,0.18,0.09,0.05,0.04,0.04,0.05,0.07,0.09,0.11,0.15,0.19,0.24,0.3,0.38,0.49,0.63,0.8,1.02,1.32,1.69,2.17,2.78,3.56,4.54,5.76,7.26,9.09,11.29,13.9,16.95,20.46,24.46,28.92,33.84,39.15,44.8,50.68,56.68,62.67,68.49,73.99,79.0,83.37,86.96,89.64,91.33,91.98,91.55,90.06,87.57,84.16,79.95,75.09,69.71,63.98,58.06,52.11,46.25,40.61,35.28,30.34,25.85,21.83,18.28,15.22,12.6,10.41,8.6,7.13,5.96,5.04,4.34,3.82,3.45,3.2,3.06,3.01,3.05,3.17,3.38,3.67,4.07,4.58,5.22,5.99,6.9,7.97,9.2,10.58,12.1,13.75,15.49,17.31,19.17,21.01,22.8,24.48,26.01,27.35,28.44,29.26,29.78,29.99,29.88,29.45,28.73,27.73,26.49,25.05,23.44,21.72,19.93,18.11,16.3,14.54,12.85,11.26,9.79,8.45,7.25,6.2,5.28,4.5,3.86,3.34,2.94,2.64,2.44,2.32,2.27,2.28,2.35,2.45,2.57,2.71,2.86,3.0,3.13,3.23,3.31,3.36,3.37,3.34,3.28,3.18,3.05,2.89,2.71,2.5,2.29,2.07,1.85,1.63,1.42,1.23,1.04,0.88,0.73,0.6,0.49,0.39,0.31,0.24,0.19,0.14,0.11,0.08,0.06,0.04,0.03,0.02,0.02,0.01,0.01,0.01,0.0
23.01,21.7,18.19,13.56,8.99,5.29,2.77,1.29,0.53,0.2,0.06,0.02,0.0,0.0,0.0,0.0,0.0,0.0,0.0,0.0,0.0,0.0,0.0,0.0,0.0,0.0,0.0,0.0,0.0,0.0,0.0,0.0,0.0,0.0,0.0,0.0,0.0,0.0,0.0,0.0,0.0,0.0,0.0,0.01,0.04,0.1,0.25,0.56,1.17,2.31,4.22,7.2,11.43,16.9,23.28,29.85,35.66,39.68,41.11,39.68,35.66,29.85,23.28,16.9,11.43,7.2,4.22,2.31,1.17,0.56,0.25,0.11,0.05,0.06,0.11,0.26,0.6,1.26,2.47,4.52,7.7,12.23,18.08,24.9,31.94,38.18,42.53,44.21,42.99,39.31,34.23,29.12,25.28,23.66,24.6,27.79,32.33,36.93,40.31,41.47,40.03,36.26,31.04,25.59,21.13,18.63,18.63,21.13,25.58,31.03,36.22,39.92,41.21,39.71,35.68,29.86,23.28,16.9,11.43,7.2,4.23,2.31,1.18,0.56,0.25,0.11,0.05,0.04,0.03,0.04,0.05,0.07,0.08,0.11,0.14,0.18,0.24,0.3,0.4,0.51,0.67,0.87,1.13,1.48,1.93,2.5,3.23,4.15,5.3,6.73,8.46,10.54,13.02,15.92,19.26,23.06,27.31,31.98,37.04,42.41,48.02,53.73,59.44,64.99,70.24,75.03,79.21,82.66,85.25,86.91,87.57,87.21,85.86,83.55,80.37,76.43,71.85,66.79,61.39,55.81,50.18,44.64,39.3,34.26,29.58,25.32,21.5,18.14,15.23,12.75,10.67,8.96,7.57,6.47,5.61,4.95,4.47,4.13,3.91,3.8,3.77,3.82,3.96,4.18,4.51,4.94,5.49,6.17,7.01,8.0,9.17,10.5,12.0,13.65,15.44,17.33,19.3,21.29,23.27,25.17,26.94,28.53,29.89,30.98,31.76,32.2,32.29,32.02,31.42,30.49,29.27,27.8,26.13,24.29,22.36,20.36,18.36,16.39,14.49,12.69,11.02,9.48,8.09,6.86,5.79,4.86,4.08,3.44,2.92,2.51,2.21,2.0,1.86,1.79,1.77,1.79,1.85,1.94,2.03,2.14,2.24,2.33,2.41,2.47,2.5,2.51,2.49,2.44,2.37,2.27,2.15,2.01,1.86,1.7,1.54,1.38,1.21,1.06,0.91,0.78,0.65,0.54,0.45,0.36,0.29,0.23,0.18,0.14,0.11,0.08,0.06,0.04,0.03,0.02,0.02,0.01,0.01,0.01,0.0,0.0
12.05,11.37,9.53,7.1,4.71,2.77,1.45,0.68,0.28,0.1,0.03,0.01,0.0,0.0,0.0,0.0,0.0,0.0,0.0,0.0,0.0,0.0,0.0,0.0,0.0,0.0,0.0,0.0,0.0,0.0,0.0,0.0,0.0,0.0,0.0,0.0,0.0,0.0,0.0,0.0,0.0,0.0,0.0,0.01,0.03,0.07,0.17,0.38,0.79,1.56,2.86,4.87,7.73,11.43,15.74,20.19,24.12,26.83,27.8,26.83,24.12,20.19,15.74,11.43,7.73,4.87,2.86,1.56,0.79,0.38,0.17,0.07,0.05,0.06,0.15,0.35,0.79,1.66,3.25,5.96,10.15,16.12,23.83,32.83,42.11,50.34,56.08,58.31,56.71,51.9,45.27,38.64,33.75,31.86,33.43,38.01,44.37,50.78,55.48,57.1,55.12,49.93,42.75,35.24,29.09,25.66,25.66,29.09,35.23,42.73,49.88,54.98,56.75,54.69,49.13,41.12,32.06,23.28,15.74,9.92,5.82,3.18,1.62,0.77,0.34,0.15,0.06,0.03,0.03,0.03,0.04,0.05,0.06,0.08,0.11,0.14,0.19,0.24,0.32,0.43,0.56,0.74,0.99,1.3,1.71,2.24,2.92,3.78,4.86,6.19,7.81,9.77,12.09,14.81,17.95,21.52,25.52,29.91,34.67,39.73,45.0,50.39,55.77,61.01,65.96,70.5,74.47,77.76,80.25,81.87,82.55,82.29,81.09,78.99,76.08,72.45,68.22,63.52,58.51,53.31,48.07,42.9,37.91,33.19,28.81,24.81,21.23,18.08,15.35,13.02,11.07,9.47,8.18,7.16,6.36,5.76,5.33,5.03,4.84,4.75,4.74,4.81,4.97,5.22,5.57,6.04,6.64,7.38,8.3,9.39,10.67,12.14,13.79,15.62,17.59,19.68,21.85,24.04,26.2,28.27,30.19,31.89,33.33,34.45,35.22,35.6,35.59,35.18,34.39,33.24,31.78,30.05,28.1,26.0,23.79,21.54,19.3,17.11,15.01,13.04,11.22,9.57,8.09,6.78,5.65,4.68,3.87,3.2,2.66,2.24,1.92,1.68,1.52,1.43,1.38,1.38,1.4,1.45,1.52,1.59,1.66,1.72,1.78,1.82,1.84,1.85,1.83,1.8,1.74,1.67,1.58,1.48,1.37,1.25,1.13,1.01,0.89,0.78,0.67,0.57,0.48,0.4,0.33,0.27,0.21,0.17,0.13,0.1,0.08,0.06,0.04,0.03,0.02,0.02,0.01,0.01,0.01,0.0,0.0,0.0
5.61,5.29,4.44,3.31,2.19,1.29,0.68,0.32,0.13,0.05,0.02,0.0,0.0,0.0,0.0,0.0,0.0,0.0,0.0,0.0,0.0,0.0,0.0,0.0,0.0,0.0,0.0,0.0,0.0,0.0,0.0,0.0,0.0,0.0,0.0,0.0,0.0,0.0,0.0,0.0,0.0,0.0,0.0,0.01,0.02,0.04,0.1,0.24,0.5,0.98,1.8,3.07,4.87,7.2,9.92,12.72,15.19,16.9,17.51,16.9,15.19,12.72,9.92,7.2,4.87,3.07,1.8,0.98,0.5,0.24,0.11,0.05,0.04,0.07,0.18,0.44,0.99,2.09,4.11,7.52,12.82,20.36,30.1,41.46,53.19,63.57,70.83,73.65,71.64,65.58,57.24,48.91,42.82,40.55,42.68,48.64,56.85,65.1,71.14,73.23,70.69,64.04,54.83,45.2,37.32,32.91,32.91,37.31,45.19,54.8,63.97,70.51,72.79,70.15,63.01,52.74,41.11,29.85,20.19,12.72,7.46,4.08,2.08,0.99,0.44,0.18,0.08,0.04,0.02,0.02,0.03,0.04,0.05,0.06,0.08,0.11,0.15,0.2,0.26,0.36,0.48,0.64,0.86,1.15,1.52,2.01,2.64,3.43,4.42,5.66,7.16,8.97,11.13,13.65,16.57,19.88,23.6,27.68,32.11,36.82,41.73,46.75,51.77,56.67,61.31,65.57,69.32,72.43,74.82,76.4,77.12,76.96,75.94,74.09,71.48,68.19,64.35,60.07,55.49,50.72,45.9,41.14,36.53,32.17,28.12,24.41,21.09,18.17,15.64,13.48,11.68,10.2,9.01,8.07,7.36,6.82,6.43,6.18,6.02,5.96,5.97,6.07,6.25,6.52,6.9,7.4,8.05,8.87,9.87,11.07,12.49,14.11,15.95,17.98,20.18,22.51,24.91,27.35,29.74,32.03,34.14,36.0,37.55,38.74,39.52,39.87,39.76,39.21,38.23,36.86,35.13,33.11,30.85,28.43,25.91,23.35,20.82,18.36,16.02,13.83,11.82,10.0,8.38,6.96,5.74,4.7,3.83,3.11,2.54,2.08,1.73,1.47,1.29,1.17,1.1,1.07,1.07,1.09,1.12,1.17,1.21,1.26,1.3,1.33,1.34,1.35,1.33,1.31,1.27,1.22,1.15,1.08,1.0,0.91,0.82,0.74,0.65,0.57,0.49,0.42,0.35,0.29,0.24,0.19,0.16,0.12,0.1,0.07,0.06,0.04,0.03,0.02,0.02,0.01,0.01,0.01,0.0,0.0,0.0,0.0
2.32,2.19,1.84,1.37,0.91,0.53,0.28,0.13,0.05,0.02,0.01,0.0,0.0,0.0,0.0,0.0,0.0,0.0,0.0,0.0,0.0,0.0,0.0,0.0,0.0,0.0,0.0,0.0,0.0,0.0,0.0,0.0,0.0,0.0,0.0,0.0,0.0,0.0,0.0,0.0,0.0,0.0,0.0,0.0,0.01,0.03,0.06,0.14,0.29,0.58,1.06,1.8,2.86,4.22,5.82,7.46,8.91,9.92,10.27,9.92,8.91,7.46,5.82,4.22,2.86,1.8,1.06,0.58,0.29,0.14,0.06,0.03,0.04,0.09,0.21,0.52,1.18,2.48,4.88,8.94,15.23,24.19,35.77,49.26,63.2,75.54,84.16,87.51,85.12,77.93,68.04,58.16,50.95,48.3,50.9,58.05,67.88,77.76,84.97,87.48,84.44,76.5,65.5,53.99,44.58,39.31,39.31,44.57,53.98,65.47,76.42,84.23,86.96,83.79,75.27,63.0,49.11,35.66,24.12,15.19,8.91,4.87,2.48,1.18,0.52,0.22,0.09,0.04,0.02,0.02,0.02,0.03,0.04,0.05,0.06,0.09,0.12,0.16,0.22,0.3,0.41,0.55,0.75,1.01,1.35,1.79,2.36,3.09,4.0,5.12,6.5,8.16,10.14,12.46,15.14,18.18,21.59,25.35,29.43,33.76,38.29,42.93,47.57,52.11,56.43,60.4,63.91,66.86,69.14,70.69,71.47,71.44,70.62,69.04,66.76,63.86,60.44,56.61,52.49,48.19,43.82,39.5,35.3,31.32,27.62,24.22,21.18,18.49,16.17,14.19,12.54,11.2,10.12,9.28,8.64,8.17,7.84,7.63,7.51,7.47,7.51,7.63,7.83,8.12,8.52,9.06,9.77,10.65,11.74,13.06,14.62,16.42,18.45,20.71,23.16,25.75,28.44,31.15,33.82,36.36,38.7,40.75,42.45,43.73,44.55,44.88,44.69,44.0,42.82,41.2,39.19,36.85,34.26,31.48,28.61,25.7,22.84,20.06,17.43,14.98,12.73,10.71,8.92,7.36,6.01,4.87,3.92,3.15,2.52,2.02,1.64,1.35,1.14,0.99,0.9,0.84,0.82,0.82,0.83,0.86,0.88,0.91,0.94,0.96,0.97,0.97,0.96,0.94,0.91,0.87,0.83,0.78,0.72,0.66,0.59,0.53,0.47,0.41,0.35,0.3,0.25,0.21,0.17,0.14,0.11,0.09,0.07,0.05,0.04,0.03,0.02,0.02,0.01,0.01,0.01,0.0,0.0,0.0,0.0,0.0
0.86,0.81,0.68,0.5,0.33,0.2,0.1,0.05,0.02,0.01,0.0,0.0,0.0,0.0,0.0,0.0,0.0,0.0,0.0,0.0,0.0,0.0,0.0,0.0,0.0,0.0,0.0,0.0,0.0,0.0,0.0,0.0,0.0,0.0,0.0,0.0,0.0,0.0,0.0,0.0,0.0,0.0,0.0,0.0,0.01,0.01,0.03,0.08,0.16,0.32,0.58,0.98,1.56,2.31,3.18,4.08,4.87,5.42,5.61,5.42,4.87,4.08,3.18,2.31,1.56,0.98,0.58,0.32,0.16,0.08,0.04,0.02,0.04,0.09,0.24,0.58,1.31,2.76,5.42,9.92,16.92,26.86,39.72,54.7,70.18,83.89,93.46,97.18,94.53,86.55,75.56,64.61,56.62,53.69,56.59,64.57,75.51,86.5,94.53,97.32,93.95,85.11,72.87,60.07,49.59,43.73,43.73,49.59,60.06,72.84,85.02,93.71,96.74,93.23,83.75,70.09,54.64,39.68,26.83,16.9,9.92,5.42,2.76,1.31,0.58,0.24,0.09,0.04,0.02,0.01,0.02,0.02,0.03,0.04,0.05,0.07,0.1,0.13,0.18,0.25,0.35,0.48,0.65,0.89,1.19,1.59,2.11,2.76,3.58,4.6,5.85,7.36,9.15,11.25,13.69,16.45,19.56,22.98,26.69,30.65,34.79,39.03,43.3,47.48,51.46,55.15,58.44,61.22,63.41,64.95,65.8,65.92,65.33,64.05,62.13,59.65,56.68,53.32,49.69,45.87,41.98,38.11,34.35,30.76,27.41,24.34,21.58,19.14,17.03,15.24,13.75,12.53,11.57,10.83,10.28,9.88,9.61,9.44,9.36,9.35,9.41,9.54,9.75,10.06,10.48,11.05,11.8,12.74,13.92,15.35,17.06,19.03,21.28,23.77,26.49,29.37,32.35,35.37,38.34,41.16,43.75,46.02,47.9,49.29,50.17,50.48,50.22,49.39,48.01,46.13,43.82,41.14,38.18,35.03,31.77,28.48,25.24,22.12,19.16,16.41,13.9,11.65,9.66,7.92,6.43,5.18,4.13,3.27,2.59,2.04,1.61,1.29,1.05,0.88,0.76,0.69,0.64,0.62,0.62,0.63,0.64,0.66,0.67,0.68,0.69,0.69,0.68,0.67,0.65,0.62,0.59,0.55,0.51,0.47,0.42,0.38,0.33,0.29,0.25,0.21,0.18,0.15,0.12,0.1,0.08,0.06,0.05,0.04,0.03,0.02,0.02,0.01,0.01,0.01,0.0,0.0,0.0,0.0,0.0,0.0
0.28,0.26,0.22,0.17,0.11,0.06,0.03,0.02,0.01,0.0,0.0,0.0,0.0,0.0,0.0,0.0,0.0,0.0,0.0,0.0,0.0,0.0,0.0,0.0,0.0,0.0,0.0,0.0,0.0,0.0,0.0,0.0,0.0,0.0,0.0,0.0,0.0,0.0,0.0,0.0,0.0,0.0,0.0,0.0,0.0,0.01,0.02,0.04,0.08,0.16,0.29,0.5,0.79,1.17,1.62,2.07,2.48,2.76,2.86,2.76,2.48,2.07,1.62,1.17,0.79,0.5,0.29,0.16,0.08,0.04,0.02,0.02,0.04,0.1,0.25,0.6,1.35,2.86,5.62,10.28,17.52,27.81,41.13,56.65,72.67,86.87,96.78,100.63,97.89,89.63,78.25,66.91,58.64,55.62,58.63,66.9,78.24,89.63,97.96,100.84,97.35,88.19,75.51,62.24,51.39,45.32,45.32,51.39,62.23,75.47,88.1,97.1,100.25,96.6,86.78,72.63,56.62,41.11,27.8,17.51,10.27,5.61,2.86,1.35,0.6,0.25,0.1,0.04,0.02,0.01,0.01,0.01,0.02,0.03,0.04,0.06,0.08,0.11,0.15,0.21,0.3,0.41,0.57,0.77,1.05,1.4,1.86,2.45,3.18,4.1,5.22,6.57,8.18,10.07,12.25,14.74,17.54,20.62,23.98,27.56,31.31,35.18,39.06,42.89,46.56,49.98,53.05,55.69,57.82,59.37,60.31,60.61,60.27,59.32,57.78,55.73,53.23,50.37,47.24,43.93,40.53,37.13,33.8,30.61,27.61,24.86,22.38,20.19,18.29,16.68,15.35,14.27,13.43,12.79,12.33,12.0,11.79,11.67,11.63,11.65,11.72,11.86,12.07,12.38,12.81,13.4,14.17,15.17,16.42,17.95,19.79,21.94,24.39,27.13,30.11,33.28,36.58,39.92,43.2,46.32,49.18,51.69,53.75,55.28,56.22,56.53,56.19,55.22,53.63,51.49,48.87,45.84,42.49,38.94,35.27,31.57,27.94,24.44,21.13,18.06,15.26,12.75,10.54,8.61,6.97,5.58,4.42,3.48,2.72,2.11,1.64,1.28,1.01,0.82,0.68,0.58,0.52,0.49,0.47,0.46,0.46,0.47,0.48,0.48,0.49,0.49,0.48,0.47,0.46,0.44,0.41,0.39,0.36,0.33,0.3,0.26,0.23,0.2,0.18,0.15,0.13,0.1,0.09,0.07,0.06,0.04,0.03,0.03,0.02,0.02,0.01,0.01,0.01,0.0,0.0,0.0,0.0,0.0,0.0,0.0
0.08,0.08,0.06,0.05,0.03,0.02,0.01,0.0,0.0,0.0,0.0,0.0,0.0,0.0,0.0,0.0,0.0,0.0,0.0,0.0,0.0,0.0,0.0,0.0,0.0,0.0,0.0,0.0,0.0,0.0,0.0,0.0,0.0,0.0,0.0,0.0,0.0,0.0,0.0,0.0,0.0,0.0,0.0,0.0,0.0,0.0,0.01,0.02,0.04,0.08,0.14,0.24,0.38,0.56,0.77,0.98,1.17,1.31,1.35,1.31,1.17,0.98,0.77,0.56,0.38,0.24,0.14,0.08,0.04,0.02,0.01,0.01,0.03,0.09,0.24,0.58,1.31,2.76,5.42,9.92,16.9,26.84,39.68,54.65,70.12,83.81,93.38,97.09,94.45,86.48,75.5,64.56,56.58,53.67,56.58,64.56,75.51,86.5,94.53,97.32,93.95,85.11,72.87,60.07,49.59,43.73,43.73,49.59,60.06,72.84,85.02,93.71,96.74,93.23,83.75,70.09,54.64,39.68,26.83,16.9,9.92,5.42,2.76,1.31,0.58,0.24,0.09,0.04,0.01,0.01,0.01,0.01,0.02,0.02,0.03,0.05,0.06,0.09,0.13,0.18,0.26,0.36,0.49,0.67,0.91,1.23,1.63,2.15,2.8,3.61,4.6,5.8,7.23,8.91,10.86,13.08,15.58,18.34,21.35,24.57,27.95,31.44,34.98,38.48,41.85,45.03,47.91,50.43,52.52,54.11,55.17,55.68,55.62,55.01,53.89,52.29,50.28,47.93,45.31,42.51,39.6,36.66,33.76,30.96,28.32,25.88,23.67,21.72,20.03,18.6,17.42,16.48,15.76,15.22,14.84,14.59,14.44,14.37,14.36,14.4,14.49,14.63,14.83,15.13,15.55,16.13,16.91,17.93,19.24,20.86,22.81,25.11,27.76,30.72,33.97,37.43,41.03,44.69,48.28,51.71,54.85,57.6,59.85,61.51,62.52,62.84,62.43,61.32,59.53,57.12,54.17,50.78,47.04,43.08,38.98,34.87,30.82,26.93,23.26,19.85,16.75,13.97,11.52,9.39,7.58,6.04,4.77,3.73,2.89,2.23,1.71,1.31,1.01,0.79,0.63,0.52,0.44,0.39,0.36,0.35,0.34,0.34,0.34,0.34,0.34,0.34,0.34,0.33,0.32,0.3,0.29,0.27,0.25,0.23,0.21,0.18,0.16,0.14,0.12,0.1,0.09,0.07,0.06,0.05,0.04,0.03,0.02,0.02,0.01,0.01,0.01,0.01,0.0,0.0,0.0,0.0,0.0,0.0,0.0,0.0
0.02,0.02,0.02,0.01,0.01,0.0,0.0,0.0,0.0,0.0,0.0,0.0,0.0,0.0,0.0,0.0,0.0,0.0,0.0,0.0,0.0,0.0,0.0,0.0,0.0,0.0,0.0,0.0,0.0,0.0,0.0,0.0,0.0,0.0,0.0,0.0,0.0,0.0,0.0,0.0,0.0,0.0,0.0,0.0,0.0,0.0,0.0,0.01,0.02,0.03,0.06,0.1,0.17,0.25,0.34,0.43,0.52,0.58,0.6,0.58,0.52,0.43,0.34,0.25,0.17,0.1,0.06,0.03,0.02,0.01,0.01,0.01,0.03,0.08,0.21,0.52,1.17,2.48,4.87,8.91,15.19,24.12,35.67,49.12,63.02,75.33,83.93,87.26,84.89,77.72,67.86,58.02,50.85,48.24,50.85,58.03,67.87,77.75,84.97,87.47,84.44,76.5,65.5,53.99,44.58,39.31,39.31,44.57,53.98,65.47,76.42,84.23,86.96,83.79,75.27,63.0,49.11,35.66,24.12,15.19,8.91,4.87,2.48,1.17,0.52,0.21,0.08,0.03,0.01,0.01,0.01,0.01,0.01,0.02,0.03,0.04,0.05,0.08,0.11,0.15,0.22,0.3,0.42,0.58,0.79,1.06,1.42,1.87,2.44,3.15,4.03,5.08,6.34,7.82,9.54,11.51,13.72,16.18,18.86,21.74,24.78,27.93,31.14,34.33,37.45,40.41,43.15,45.58,47.66,49.33,50.54,51.28,51.53,51.29,50.6,49.47,47.96,46.12,44.03,41.73,39.3,36.82,34.34,31.92,29.62,27.48,25.53,23.8,22.31,21.05,20.02,19.21,18.6,18.17,17.87,17.7,17.62,17.59,17.61,17.67,17.76,17.88,18.06,18.33,18.72,19.27,20.03,21.05,22.38,24.05,26.09,28.52,31.33,34.5,37.98,41.72,45.61,49.57,53.47,57.2,60.61,63.6,66.04,67.84,68.92,69.23,68.76,67.5,65.51,62.84,59.57,55.82,51.69,47.3,42.78,38.24,33.79,29.5,25.45,21.71,18.3,15.25,12.56,10.22,8.23,6.55,5.16,4.02,3.1,2.37,1.8,1.36,1.03,0.79,0.6,0.48,0.39,0.33,0.29,0.26,0.25,0.24,0.24,0.24,0.24,0.23,0.23,0.23,0.22,0.21,0.2,0.18,0.17,0.16,0.14,0.13,0.11,0.1,0.08,0.07,0.06,0.05,0.04,0.03,0.03,0.02,0.02,0.01,0.01,0.01,0.01,0.0,0.0,0.0,0.0,0.0,0.0,0.0,0.0,0.0
0.0,0.0,0.0,0.0,0.0,0.0,0.0,0.0,0.0,0.0,0.0,0.0,0.0,0.0,0.0,0.0,0.0,0.0,0.0,0.0,0.0,0.01,0.01,0.02,0.02,0.02,0.02,0.02,0.01,0.01,0.0,0.0,0.0,0.0,0.0,0.0,0.0,0.0,0.0,0.0,0.0,0.0,0.0,0.0,0.0,0.0,0.0,0.0,0.01,0.01,0.03,0.04,0.07,0.1,0.14,0.18,0.21,0.24,0.25,0.24,0.21,0.18,0.14,0.1,0.07,0.04,0.03,0.01,0.01,0.0,0.0,0.01,0.02,0.07,0.18,0.43,0.98,2.07,4.08,7.46,12.72,20.19,29.86,41.12,52.75,63.06,70.26,73.05,71.06,65.06,56.81,48.57,42.57,40.38,42.57,48.57,56.81,65.09,71.13,73.23,70.69,64.04,54.83,45.2,37.32,32.91,32.91,37.31,45.19,54.8,63.97,70.51,72.79,70.15,63.01,52.74,41.11,29.85,20.19,12.72,7.46,4.08,2.07,0.98,0.43,0.18,0.07,0.03,0.01,0.01,0.01,0.01,0.01,0.01,0.02,0.03,0.04,0.06,0.09,0.13,0.18,0.26,0.36,0.5,0.68,0.92,1.22,1.62,2.11,2.73,3.49,4.41,5.51,6.8,8.31,10.04,11.99,14.17,16.55,19.12,21.85,24.69,27.61,30.55,33.45,36.24,38.86,41.26,43.37,45.14,46.55,47.55,48.13,48.29,48.04,47.4,46.4,45.08,43.49,41.7,39.75,37.7,35.63,33.57,31.59,29.73,28.02,26.5,25.19,24.08,23.2,22.51,22.01,21.68,21.47,21.37,21.35,21.37,21.42,21.48,21.56,21.66,21.8,22.01,22.34,22.83,23.54,24.52,25.84,27.52,29.61,32.12,35.06,38.4,42.08,46.05,50.21,54.45,58.63,62.63,66.3,69.51,72.13,74.05,75.2,75.52,74.97,73.59,71.39,68.46,64.89,60.78,56.27,51.48,46.54,41.59,36.73,32.05,27.64,23.56,19.85,16.52,13.6,11.06,8.89,7.07,5.55,4.32,3.32,2.53,1.91,1.43,1.07,0.8,0.6,0.46,0.36,0.29,0.24,0.21,0.19,0.18,0.17,0.17,0.16,0.16,0.16,0.15,0.15,0.14,0.13,0.13,0.12,0.11,0.1,0.09,0.08,0.07,0.06,0.05,0.04,0.03,0.03,0.02,0.02,0.01,0.01,0.01,0.01,0.01,0.0,0.0,0.0,0.0,0.0,0.0,0.0,0.0,0.0,0.0
0.0,0.0,0.0,0.0,0.0,0.0,0.0,0.0,0.0,0.0,0.0,0.0,0.0,0.0,0.0,0.0,0.0,0.0,0.0,0.01,0.02,0.03,0.05,0.06,0.08,0.08,0.08,0.06,0.05,0.03,0.02,0.01,0.0,0.0,0.0,0.0,0.0,0.0,0.0,0.0,0.0,0.0,0.0,0.0,0.0,0.0,0.0,0.0,0.0,0.01,0.01,0.02,0.03,0.04,0.05,0.07,0.08,0.09,0.09,0.09,0.08,0.07,0.05,0.04,0.03,0.02,0.01,0.01,0.0,0.0,0.0,0.01,0.02,0.05,0.14,0.34,0.77,1.62,3.18,5.82,9.92,15.74,23.28,32.06,41.13,49.16,54.78,56.95,55.4,50.73,44.29,37.87,33.19,31.48,33.19,37.87,44.3,50.75,55.46,57.09,55.12,49.93,42.75,35.24,29.09,25.66,25.66,29.09,35.23,42.73,49.88,54.98,56.75,54.69,49.13,41.12,32.06,23.28,15.74,9.92,5.82,3.18,1.62,0.77,0.34,0.14,0.05,0.02,0.01,0.0,0.0,0.01,0.01,0.01,0.02,0.02,0.04,0.05,0.08,0.11,0.16,0.22,0.31,0.42,0.58,0.78,1.04,1.38,1.81,2.34,3.0,3.79,4.75,5.88,7.19,8.71,10.42,12.34,14.46,16.75,19.21,21.79,24.47,27.19,29.91,32.58,35.14,37.54,39.72,41.65,43.28,44.58,45.52,46.1,46.31,46.16,45.67,44.87,43.8,42.49,41.0,39.38,37.68,35.97,34.28,32.67,31.19,29.86,28.7,27.74,26.98,26.41,26.02,25.78,25.66,25.64,25.67,25.74,25.81,25.87,25.92,25.98,26.05,26.18,26.42,26.82,27.44,28.34,29.59,31.24,33.33,35.88,38.89,42.34,46.18,50.34,54.72,59.19,63.62,67.86,71.75,75.16,77.94,79.98,81.18,81.5,80.89,79.37,76.99,73.81,69.94,65.5,60.63,55.46,50.13,44.78,39.54,34.49,29.74,25.34,21.34,17.76,14.6,11.87,9.54,7.57,5.94,4.61,3.54,2.69,2.02,1.51,1.12,0.82,0.61,0.45,0.34,0.26,0.21,0.17,0.15,0.13,0.12,0.12,0.11,0.11,0.11,0.1,0.1,0.1,0.09,0.08,0.08,0.07,0.06,0.06,0.05,0.04,0.04,0.03,0.03,0.02,0.02,0.02,0.01,0.01,0.01,0.01,0.0,0.0,0.0,0.0,0.0,0.0,0.0,0.0,0.0,0.0,0.0,0.0
0.0,0.0,0.0,0.0,0.0,0.0,0.0,0.0,0.0,0.0,0.0,0.0,0.0,0.0,0.0,0.0,0.0,0.01,0.02,0.03,0.06,0.11,0.17,0.22,0.26,0.28,0.26,0.22,0.17,0.11,0.06,0.03,0.02,0.01,0.0,0.0,0.0,0.0,0.0,0.0,0.0,0.0,0.0,0.0,0.0,0.0,0.0,0.0,0.0,0.0,0.0,0.01,0.01,0.01,0.02,0.02,0.03,0.03,0.03,0.03,0.03,0.02,0.02,0.01,0.01,0.01,0.0,0.0,0.0,0.0,0.0,0.0,0.01,0.04,0.1,0.25,0.56,1.17,2.31,4.22,7.2,11.43,16.9,23.28,29.87,35.7,39.78,41.36,40.23,36.84,32.16,27.5,24.1,22.86,24.1,27.5,32.17,36.85,40.27,41.46,40.02,36.26,31.04,25.59,21.13,18.63,18.63,21.13,25.58,31.03,36.22,39.92,41.21,39.71,35.67,29.86,23.28,16.9,11.43,7.2,4.22,2.31,1.17,0.56,0.25,0.1,0.04,0.01,0.01,0.0,0.0,0.0,0.01,0.01,0.01,0.02,0.03,0.04,0.06,0.09,0.13,0.18,0.26,0.36,0.49,0.66,0.88,1.17,1.54,1.99,2.56,3.24,4.07,5.05,6.19,7.51,9.02,10.72,12.61,14.67,16.89,19.26,21.73,24.29,26.89,29.48,32.03,34.48,36.79,38.91,40.8,42.42,43.76,44.78,45.46,45.82,45.85,45.56,44.98,44.15,43.1,41.88,40.54,39.14,37.72,36.34,35.05,33.89,32.88,32.05,31.4,30.94,30.64,30.5,30.46,30.51,30.6,30.7,30.79,30.84,30.86,30.85,30.83,30.86,30.97,31.23,31.71,32.48,33.62,35.18,37.2,39.73,42.75,46.26,50.19,54.48,59.02,63.67,68.29,72.73,76.81,80.38,83.29,85.42,86.67,86.98,86.31,84.67,82.11,78.71,74.58,69.83,64.62,59.1,53.42,47.71,42.12,36.74,31.67,26.98,22.71,18.89,15.53,12.62,10.13,8.04,6.31,4.89,3.75,2.84,2.13,1.59,1.17,0.85,0.62,0.45,0.33,0.25,0.19,0.15,0.12,0.1,0.09,0.08,0.08,0.08,0.07,0.07,0.07,0.06,0.06,0.06,0.05,0.05,0.04,0.04,0.03,0.03,0.03,0.02,0.02,0.02,0.01,0.01,0.01,0.01,0.0,0.0,0.0,0.0,0.0,0.0,0.0,0.0,0.0,0.0,0.0,0.0,0.0,0.0
0.0,0.0,0.0,0.0,0.0,0.0,0.0,0.0,0.0,0.0,0.0,0.0,0.0,0.0,0.0,0.0,0.01,0.02,0.05,0.1,0.2,0.33,0.5,0.68,0.81,0.86,0.81,0.68,0.5,0.33,0.2,0.1,0.05,0.02,0.01,0.0,0.0,0.0,0.0,0.0,0.0,0.0,0.0,0.0,0.0,0.0,0.0,0.0,0.0,0.0,0.0,0.0,0.0,0.0,0.01,0.01,0.01,0.01,0.01,0.01,0.01,0.01,0.01,0.0,0.0,0.0,0.0,0.0,0.0,0.0,0.0,0.0,0.01,0.03,0.07,0.17,0.38,0.79,1.56,2.86,4.87,7.73,11.43,15.74,20.2,24.14,26.9,27.97,27.21,24.91,21.75,18.6,16.3,15.46,16.3,18.6,21.75,24.92,27.24,28.04,27.07,24.52,20.99,17.31,14.29,12.6,12.6,14.29,17.3,20.98,24.49,27.0,27.87,26.86,24.13,20.19,15.74,11.43,7.73,4.87,2.86,1.56,0.79,0.38,0.17,0.07,0.03,0.01,0.0,0.0,0.0,0.0,0.0,0.01,0.01,0.02,0.02,0.04,0.05,0.08,0.11,0.15,0.21,0.3,0.41,0.55,0.74,0.99,1.3,1.69,2.17,2.76,3.47,4.32,5.31,6.47,7.81,9.32,11.01,12.87,14.91,17.1,19.43,21.88,24.4,26.97,29.56,32.11,34.58,36.94,39.13,41.12,42.87,44.34,45.52,46.39,46.93,47.15,47.06,46.69,46.06,45.21,44.21,43.09,41.91,40.73,39.61,38.59,37.71,36.99,36.44,36.08,35.87,35.81,35.86,35.97,36.11,36.25,36.34,36.38,36.34,36.25,36.12,36.01,35.95,36.04,36.33,36.92,37.88,39.28,41.18,43.61,46.58,50.07,54.03,58.37,63.0,67.77,72.52,77.09,81.31,85.0,88.02,90.21,91.49,91.78,91.05,89.3,86.59,82.99,78.62,73.61,68.11,62.29,56.29,50.27,44.37,38.7,33.36,28.41,23.91,19.89,16.35,13.28,10.66,8.46,6.63,5.14,3.94,2.98,2.23,1.66,1.22,0.88,0.64,0.46,0.33,0.24,0.18,0.13,0.1,0.08,0.07,0.06,0.06,0.05,0.05,0.05,0.04,0.04,0.04,0.04,0.03,0.03,0.03,0.02,0.02,0.02,0.02,0.01,0.01,0.01,0.01,0.01,0.01,0.01,0.0,0.0,0.0,0.0,0.0,0.0,0.0,0.0,0.0,0.0,0.0,0.0,0.0,0.0
0.0,0.0,0.0,0.0,0.0,0.0,0.0,0.0,0.0,0.0,0.0,0.0,0.0,0.0,0.0,0.01,0.02,0.05,0.13,0.28,0.53,0.91,1.37,1.84,2.19,2.32,2.19,1.84,1.37,0.91,0.53,0.28,0.13,0.05,0.02,0.01,0.0,0.0,0.0,0.0,0.0,0.0,0.0,0.0,0.0,0.0,0.0,0.0,0.0,0.0,0.0,0.0,0.0,0.0,0.0,0.0,0.0,0.0,0.0,0.0,0.0,0.0,0.0,0.0,0.0,0.0,0.0,0.0,0.0,0.0,0.0,0.0,0.01,0.02,0.04,0.1,0.24,0.5,0.98,1.8,3.07,4.87,7.2,9.92,12.72,15.21,16.94,17.62,17.14,15.69,13.7,11.71,10.27,9.74,10.27,11.71,13.7,15.7,17.15,17.66,17.05,15.44,13.22,10.9,9.0,7.94,7.94,9.0,10.9,13.22,15.43,17.01,17.56,16.92,15.2,12.72,9.92,7.2,4.87,3.07,1.8,0.98,0.5,0.24,0.1,0.04,0.02,0.01,0.0,0.0,0.0,0.0,0.0,0.01,0.01,0.01,0.02,0.03,0.04,0.06,0.09,0.13,0.18,0.25,0.34,0.46,0.62,0.83,1.09,1.42,1.83,2.34,2.95,3.69,4.56,5.59,6.77,8.13,9.66,11.37,13.27,15.34,17.57,19.95,22.45,25.05,27.72,30.42,33.1,35.73,38.26,40.64,42.83,44.79,46.47,47.85,48.91,49.63,50.01,50.08,49.85,49.35,48.65,47.78,46.82,45.82,44.84,43.94,43.16,42.53,42.07,41.79,41.68,41.7,41.82,42.0,42.19,42.35,42.45,42.45,42.35,42.15,41.89,41.6,41.34,41.2,41.26,41.61,42.33,43.51,45.21,47.47,50.3,53.69,57.59,61.92,66.56,71.36,76.18,80.83,85.12,88.88,91.96,94.19,95.48,95.74,94.95,93.11,90.27,86.5,81.94,76.71,70.97,64.9,58.65,52.37,46.22,40.31,34.74,29.59,24.9,20.71,17.02,13.82,11.09,8.8,6.9,5.34,4.09,3.1,2.32,1.72,1.26,0.91,0.65,0.47,0.33,0.24,0.17,0.12,0.09,0.07,0.06,0.06,0.12,0.19,0.11,0.04,0.03,0.03,0.03,0.02,0.02,0.02,0.02,0.02,0.01,0.01,0.01,0.01,0.01,0.01,0.01,0.01,0.08,0.16,0.08,0.01,0.0,0.0,0.0,0.0,0.0,0.0,0.0,0.0,0.0,0.0,0.0,0.0
0.0,0.0,0.0,0.0,0.0,0.0,0.0,0.0,0.0,0.0,0.0,0.0,0.0,0.0,0.0,0.02,0.05,0.13,0.32,0.68,1.29,2.19,3.31,4.44,5.29,5.61,5.29,4.44,3.31,2.19,1.29,0.68,0.32,0.13,0.05,0.02,0.0,0.0,0.0,0.0,0.0,0.0,0.0,0.0,0.0,0.0,0.0,0.0,0.0,0.0,0.0,0.0,0.0,0.0,0.0,0.0,0.0,0.0,0.0,0.0,0.0,0.0,0.0,0.0,0.0,0.0,0.0,0.0,0.0,0.0,0.0,0.0,0.0,0.01,0.03,0.06,0.14,0.29,0.58,1.06,1.8,2.86,4.22,5.82,7.46,8.92,9.94,10.34,10.05,9.21,8.04,6.87,6.02,5.71,6.02,6.87,8.04,9.21,10.06,10.36,10.0,9.06,7.76,6.39,5.28,4.66,4.66,5.28,6.39,7.75,9.05,9.98,10.3,9.92,8.92,7.46,5.82,4.22,2.86,1.8,1.06,0.58,0.29,0.14,0.06,0.03,0.01,0.0,0.0,0.0,0.0,0.0,0.0,0.0,0.01,0.01,0.02,0.02,0.03,0.05,0.07,0.1,0.15,0.2,0.28,0.38,0.52,0.69,0.91,1.2,1.55,1.98,2.52,3.16,3.93,4.84,5.91,7.15,8.56,10.16,11.95,13.94,16.12,18.48,21.01,23.69,26.49,29.38,32.32,35.26,38.16,40.96,43.61,46.05,48.25,50.15,51.71,52.93,53.77,54.26,54.4,54.23,53.8,53.16,52.38,51.53,50.67,49.87,49.17,48.62,48.24,48.03,47.99,48.09,48.28,48.52,48.76,48.95,49.04,49.0,48.82,48.49,48.06,47.56,47.07,46.66,46.43,46.48,46.9,47.79,49.22,51.23,53.85,57.06,60.81,65.03,69.6,74.36,79.16,83.81,88.11,91.89,94.98,97.21,98.49,98.72,97.88,95.95,93.01,89.12,84.4,79.01,73.1,66.84,60.39,53.93,47.59,41.5,35.77,30.46,25.63,21.32,17.52,14.23,11.42,9.05,7.1,5.5,4.21,3.18,2.38,1.76,1.29,0.93,0.67,0.47,0.33,0.23,0.16,0.12,0.08,0.06,0.05,0.35,2.76,5.64,2.76,0.34,0.03,0.02,0.02,0.02,0.01,0.01,0.01,0.01,0.01,0.01,0.01,0.01,0.0,0.0,0.01,0.32,2.73,5.62,2.73,0.32,0.01,0.0,0.0,0.0,0.0,0.0,0.0,0.0,0.0,0.0,0.0,0.0
0.0,0.0,0.0,0.0,0.0,0.0,0.0,0.0,0.0,0.0,0.0,0.0,0.0,0.0,0.01,0.03,0.1,0.28,0.68,1.45,2.77,4.71,7.1,9.53,11.36,12.05,11.36,9.53,7.1,4.71,2.77,1.45,0.68,0.28,0.1,0.03,0.01,0.0,0.0,0.0,0.0,0.0,0.0,0.0,0.0,0.0,0.0,0.0,0.0,0.0,0.0,0.0,0.0,0.0,0.0,0.0,0.0,0.0,0.0,0.0,0.0,0.0,0.0,0.0,0.0,0.0,0.0,0.0,0.0,0.0,0.0,0.0,0.0,0.01,0.01,0.03,0.08,0.16,0.32,0.58,0.98,1.56,2.31,3.18,4.08,4.87,5.43,5.65,5.49,5.03,4.39,3.75,3.29,3.12,3.29,3.76,4.39,5.03,5.5,5.66,5.46,4.95,4.24,3.49,2.88,2.54,2.54,2.88,3.49,4.24,4.95,5.45,5.63,5.42,4.87,4.08,3.18,2.31,1.56,0.98,0.58,0.32,0.16,0.08,0.03,0.01,0.01,0.0,0.0,0.0,0.0,0.0,0.0,0.0,0.01,0.01,0.01,0.02,0.03,0.04,0.06,0.08,0.12,0.17,0.23,0.32,0.43,0.58,0.77,1.01,1.31,1.69,2.16,2.73,3.42,4.24,5.22,6.36,7.69,9.21,10.95,12.89,15.06,17.45,20.05,22.85,25.82,28.94,32.17,35.45,38.75,41.99,45.11,48.06,50.77,53.19,55.26,56.95,58.24,59.12,59.62,59.75,59.57,59.13,58.51,57.77,57.01,56.28,55.65,55.16,54.84,54.7,54.73,54.9,55.16,55.46,55.74,55.94,56.02,55.93,55.65,55.18,54.56,53.83,53.06,52.34,51.77,51.46,51.53,52.06,53.14,54.83,57.14,60.09,63.61,67.63,72.03,76.67,81.37,85.94,90.19,93.93,96.98,99.19,100.42,100.62,99.72,97.74,94.71,90.74,85.93,80.43,74.41,68.03,61.47,54.89,48.44,42.24,36.4,31.0,26.08,21.69,17.82,14.47,11.61,9.21,7.22,5.59,4.28,3.24,2.42,1.79,1.31,0.94,0.67,0.48,0.33,0.23,0.16,0.11,0.08,0.06,0.11,2.76,23.72,48.69,23.71,2.75,0.09,0.01,0.01,0.01,0.01,0.01,0.01,0.01,0.01,0.01,0.0,0.0,0.0,0.0,0.08,2.73,23.69,48.68,23.69,2.73,0.08,0.0,0.0,0.0,0.0,0.0,0.0,0.0,0.0,0.0,0.0,0.0
0.0,0.0,0.0,0.0,0.0,0.0,0.0,0.0,0.0,0.0,0.0,0.0,0.0,0.0,0.02,0.06,0.2,0.53,1.29,2.77,5.29,8.98,13.56,18.19,21.69,23.01,21.69,18.19,13.56,8.98,5.29,2.77,1.29,0.53,0.2,0.06,0.02,0.0,0.0,0.0,0.0,0.0,0.0,0.0,0.0,0.0,0.0,0.0,0.0,0.0,0.0,0.0,0.0,0.0,0.0,0.0,0.0,0.0,0.0,0.0,0.0,0.0,0.0,0.0,0.0,0.0,0.0,0.0,0.0,0.0,0.0,0.0,0.0,0.0,0.01,0.02,0.04,0.08,0.16,0.29,0.5,0.79,1.17,1.62,2.08,2.48,2.76,2.87,2.8,2.56,2.23,1.91,1.67,1.59,1.67,1.91,2.23,2.56,2.8,2.88,2.78,2.52,2.16,1.78,1.47,1.29,1.29,1.47,1.78,2.16,2.52,2.77,2.86,2.76,2.48,2.07,1.62,1.17,0.79,0.5,0.29,0.16,0.08,0.04,0.02,0.01,0.0,0.0,0.0,0.0,0.0,0.0,0.0,0.0,0.0,0.01,0.01,0.02,0.02,0.03,0.05,0.07,0.1,0.14,0.19,0.26,0.36,0.48,0.64,0.85,1.12,1.45,1.87,2.38,3.01,3.76,4.67,5.76,7.03,8.51,10.21,12.16,14.36,16.81,19.52,22.47,25.65,29.03,32.57,36.23,39.93,43.63,47.24,50.7,53.92,56.84,59.41,61.56,63.28,64.54,65.36,65.77,65.81,65.55,65.06,64.42,63.73,63.06,62.47,62.03,61.76,61.68,61.77,62.0,62.33,62.69,63.0,63.22,63.27,63.12,62.73,62.1,61.27,60.27,59.2,58.13,57.18,56.47,56.12,56.23,56.9,58.18,60.12,62.72,65.92,69.66,73.81,78.23,82.75,87.17,91.3,94.93,97.9,100.03,101.21,101.36,100.41,98.39,95.32,91.31,86.46,80.92,74.85,68.43,61.83,55.21,48.72,42.48,36.61,31.17,26.23,21.81,17.92,14.55,11.68,9.26,7.26,5.62,4.3,3.25,2.43,1.8,1.31,0.95,0.68,0.48,0.33,0.23,0.16,0.11,0.07,0.05,0.19,5.64,48.69,100.01,48.69,5.62,0.16,0.01,0.01,0.01,0.01,0.01,0.0,0.0,0.0,0.0,0.0,0.0,0.0,0.0,0.15,5.61,48.68,100.0,48.68,5.61,0.15,0.0,0.0,0.0,0.0,0.0,0.0,0.0,0.0,0.0,0.0,0.0
0.0,0.0,0.0,0.0,0.0,0.0,0.0,0.0,0.0,0.0,0.0,0.0,0.0,0.01,0.03,0.11,0.33,0.91,2.19,4.71,8.98,15.25,23.01,30.87,36.82,39.05,36.82,30.87,23.01,15.25,8.98,4.71,2.19,0.91,0.33,0.11,0.03,0.01,0.0,0.0,0.0,0.0,0.0,0.0,0.0,0.0,0.0,0.0,0.0,0.0,0.0,0.0,0.0,0.0,0.0,0.0,0.0,0.0,0.0,0.0,0.0,0.0,0.0,0.0,0.0,0.0,0.0,0.0,0.0,0.0,0.0,0.0,0.0,0.0,0.0,0.01,0.02,0.04,0.08,0.14,0.24,0.38,0.56,0.77,0.98,1.18,1.31,1.36,1.32,1.21,1.06,0.91,0.79,0.75,0.79,0.91,1.06,1.21,1.33,1.37,1.32,1.19,1.02,0.84,0.7,0.61,0.61,0.7,0.84,1.02,1.19,1.31,1.36,1.31,1.17,0.98,0.77,0.56,0.38,0.24,0.14,0.08,0.04,0.02,0.01,0.0,0.0,0.0,0.0,0.0,0.0,0.0,0.0,0.0,0.0,0.01,0.01,0.01,0.02,0.03,0.04,0.06,0.08,0.11,0.16,0.22,0.3,0.41,0.55,0.73,0.96,1.26,1.64,2.11,2.69,3.4,4.26,5.31,6.55,8.01,9.72,11.69,13.95,16.5,19.34,22.48,25.89,29.56,33.43,37.47,41.6,45.76,49.86,53.82,57.55,60.97,64.0,66.6,68.72,70.34,71.47,72.13,72.36,72.25,71.87,71.32,70.68,70.05,69.5,69.09,68.86,68.83,68.97,69.26,69.65,70.05,70.41,70.63,70.65,70.43,69.92,69.12,68.06,66.78,65.37,63.92,62.56,61.41,60.59,60.22,60.41,61.23,62.72,64.89,67.69,71.06,74.88,79.01,83.27,87.46,91.39,94.87,97.7,99.73,100.83,100.92,99.93,97.89,94.82,90.81,85.97,80.45,74.42,68.03,61.46,54.88,48.42,42.23,36.39,30.98,26.07,21.68,17.81,14.47,11.61,9.2,7.21,5.58,4.27,3.23,2.41,1.78,1.3,0.94,0.67,0.47,0.33,0.23,0.16,0.11,0.07,0.05,0.11,2.76,23.71,48.69,23.7,2.74,0.08,0.01,0.0,0.0,0.0,0.0,0.0,0.0,0.0,0.0,0.0,0.0,0.0,0.0,0.08,2.73,23.69,48.68,23.69,2.73,0.07,0.0,0.0,0.0,0.0,0.0,0.0,0.0,0.0,0.0,0.0,0.0
0.0,0.0,0.0,0.0,0.0,0.0,0.0,0.0,0.0,0.0,0.0,0.0,0.0,0.01,0.05,0.17,0.5,1.37,3.31,7.1,13.56,23.01,34.72,46.58,55.56,58.92,55.56,46.58,34.72,23.01,13.56,7.1,3.31,1.37,0.5,0.17,0.05,0.01,0.0,0.0,0.0,0.0,0.0,0.0,0.0,0.0,0.0,0.0,0.0,0.0,0.0,0.0,0.0,0.0,0.0,0.0,0.0,0.0,0.0,0.0,0.0,0.0,0.0,0.0,0.0,0.0,0.0,0.0,0.0,0.0,0.0,0.0,0.0,0.0,0.0,0.0,0.01,0.02,0.03,0.06,0.1,0.17,0.25,0.34,0.43,0.52,0.58,0.6,0.58,0.54,0.47,0.4,0.35,0.33,0.35,0.4,0.47,0.54,0.59,0.6,0.58,0.53,0.45,0.37,0.31,0.27,0.27,0.31,0.37,0.45,0.53,0.58,0.6,0.58,0.52,0.43,0.34,0.25,0.17,0.1,0.06,0.03,0.02,0.01,0.0,0.0,0.0,0.0,0.0,0.0,0.0,0.0,0.0,0.0,0.0,0.0,0.01,0.01,0.01,0.02,0.03,0.05,0.07,0.09,0.13,0.18,0.25,0.35,0.47,0.63,0.84,1.11,1.46,1.9,2.45,3.13,3.97,4.99,6.22,7.69,9.42,11.45,13.79,16.45,19.46,22.8,26.46,30.42,34.64,39.06,43.62,48.24,52.81,57.26,61.48,65.38,68.87,71.9,74.39,76.35,77.75,78.63,79.05,79.06,78.77,78.28,77.68,77.07,76.54,76.16,75.96,75.96,76.16,76.51,76.94,77.39,77.78,78.0,77.99,77.69,77.05,76.07,74.76,73.19,71.43,69.58,67.78,66.15,64.83,63.94,63.61,63.91,64.88,66.55,68.89,71.82,75.23,78.99,82.91,86.81,90.48,93.74,96.4,98.29,99.29,99.31,98.3,96.25,93.21,89.25,84.48,79.05,73.11,66.83,60.38,53.91,47.57,41.48,35.74,30.43,25.61,21.29,17.5,14.21,11.4,9.04,7.08,5.48,4.2,3.17,2.37,1.75,1.28,0.92,0.66,0.46,0.32,0.22,0.15,0.1,0.07,0.05,0.04,0.34,2.75,5.62,2.74,0.32,0.01,0.0,0.0,0.0,0.0,0.0,0.0,0.0,0.0,0.0,0.0,0.0,0.0,0.0,0.01,0.32,2.73,5.61,2.73,0.32,0.01,0.0,0.0,0.0,0.0,0.0,0.0,0.0,0.0,0.0,0.0,0.0
0.0,0.0,0.0,0.0,0.0,0.0,0.0,0.0,0.0,0.0,0.0,0.0,0.0,0.02,0.06,0.22,0.68,1.84,4.44,9.53,18.19,30.87,46.58,62.49,74.54,79.05,74.54,62.49,46.58,30.87,18.19,9.53,4.44,1.84,0.68,0.22,0.06,0.02,0.0,0.0,0.0,0.0,0.0,0.0,0.0,0.0,0.0,0.0,0.0,0.0,0.0,0.0,0.0,0.0,0.0,0.0,0.0,0.0,0.0,0.0,0.0,0.0,0.0,0.0,0.0,0.0,0.0,0.0,0.0,0.0,0.0,0.0,0.0,0.0,0.0,0.0,0.0,0.01,0.01,0.03,0.04,0.07,0.1,0.14,0.18,0.21,0.24,0.25,0.24,0.22,0.19,0.16,0.14,0.14,0.14,0.16,0.19,0.22,0.24,0.25,0.24,0.22,0.19,0.15,0.13,0.11,0.11,0.13,0.15,0.19,0.22,0.24,0.25,0.24,0.21,0.18,0.14,0.1,0.07,0.04,0.03,0.01,0.01,0.0,0.0,0.0,0.0,0.0,0.0,0.0,0.0,0.0,0.0,0.0,0.0,0.0,0.01,0.01,0.01,0.02,0.03,0.04,0.05,0.08,0.11,0.16,0.22,0.3,0.41,0.56,0.75,1.0,1.33,1.75,2.27,2.94,3.76,4.78,6.02,7.51,9.29,11.38,13.81,16.61,19.79,23.34,27.26,31.52,36.08,40.88,45.85,50.91,55.95,60.86,65.55,69.9,73.82,77.23,80.08,82.33,83.99,85.08,85.64,85.77,85.55,85.1,84.52,83.93,83.41,83.05,82.87,82.91,83.15,83.54,84.03,84.52,84.92,85.14,85.1,84.71,83.94,82.77,81.23,79.35,77.23,74.97,72.71,70.58,68.73,67.3,66.41,66.14,66.56,67.68,69.49,71.92,74.86,78.17,81.7,85.24,88.61,91.6,94.04,95.77,96.65,96.6,95.57,93.54,90.55,86.68,82.04,76.76,70.99,64.89,58.62,52.33,46.17,40.26,34.69,29.54,24.86,20.67,16.98,13.79,11.06,8.77,6.87,5.32,4.07,3.08,2.3,1.7,1.24,0.89,0.64,0.45,0.31,0.22,0.15,0.1,0.07,0.04,0.03,0.03,0.09,0.16,0.08,0.01,0.0,0.0,0.0,0.0,0.0,0.0,0.0,0.0,0.0,0.0,0.0,0.0,0.0,0.0,0.0,0.01,0.07,0.15,0.07,0.01,0.0,0.0,0.0,0.0,0.0,0.0,0.0,0.0,0.0,0.0,0.0,0.0
0.0,0.0,0.0,0.0,0.0,0.0,0.0,0.0,0.0,0.0,0.0,0.0,0.0,0.02,0.08,0.26,0.81,2.19,5.29,11.36,21.69,36.82,55.56,74.54,88.91,94.29,88.91,74.54,55.56,36.82,21.69,11.36,5.29,2.19,0.81,0.26,0.08,0.02,0.0,0.0,0.0,0.0,0.0,0.0,0.0,0.0,0.0,0.0,0.0,0.0,0.0,0.0,0.0,0.0,0.0,0.0,0.0,0.0,0.0,0.0,0.0,0.0,0.0,0.0,0.0,0.0,0.0,0.0,0.0,0.0,0.0,0.0,0.0,0.0,0.0,0.0,0.0,0.0,0.01,0.01,0.02,0.03,0.04,0.05,0.07,0.08,0.09,0.09,0.09,0.08,0.07,0.06,0.06,0.05,0.06,0.06,0.07,0.08,0.09,0.09,0.09,0.08,0.07,0.06,0.05,0.04,0.04,0.05,0.06,0.07,0.08,0.09,0.09,0.09,0.08,0.07,0.05,0.04,0.03,0.02,0.01,0.01,0.0,0.0,0.0,0.0,0.0,0.0,0.0,0.0,0.0,0.0,0.0,0.0,0.0,0.0,0.0,0.01,0.01,0.01,0.02,0.03,0.05,0.07,0.09,0.13,0.19,0.26,0.36,0.5,0.68,0.92,1.23,1.64,2.15,2.81,3.63,4.66,5.91,7.44,9.27,11.43,13.97,16.91,20.25,24.01,28.18,32.73,37.62,42.78,48.15,53.62,59.08,64.44,69.55,74.32,78.63,82.4,85.57,88.1,89.98,91.24,91.94,92.16,92.0,91.58,91.02,90.43,89.92,89.56,89.4,89.47,89.74,90.18,90.7,91.23,91.65,91.87,91.78,91.31,90.41,89.05,87.26,85.08,82.6,79.93,77.21,74.58,72.2,70.21,68.73,67.88,67.71,68.25,69.48,71.36,73.78,76.61,79.68,82.82,85.83,88.52,90.71,92.25,93.0,92.88,91.83,89.84,86.94,83.21,78.74,73.66,68.11,62.25,56.23,50.2,44.29,38.62,33.28,28.33,23.84,19.82,16.29,13.23,10.61,8.41,6.59,5.1,3.91,2.95,2.21,1.63,1.19,0.86,0.61,0.43,0.3,0.21,0.14,0.09,0.06,0.04,0.03,0.02,0.01,0.01,0.01,0.0,0.0,0.0,0.0,0.0,0.0,0.0,0.0,0.0,0.0,0.0,0.0,0.0,0.0,0.0,0.0,0.0,0.0,0.0,0.0,0.0,0.0,0.0,0.0,0.0,0.0,0.0,0.0,0.0,0.0,0.0,0.0,0.0
0.0,0.0,0.0,0.0,0.0,0.0,0.0,0.0,0.0,0.0,0.0,0.0,0.0,0.02,0.08,0.28,0.86,2.32,5.61,12.05,23.01,39.05,58.92,79.05,94.29,100.0,94.29,79.05,58.92,39.05,23.01,12.05,5.61,2.32,0.86,0.28,0.08,0.02,0.0,0.0,0.0,0.0,0.0,0.0,0.0,0.0,0.0,0.0,0.0,0.0,0.0,0.0,0.0,0.0,0.0,0.0,0.0,0.0,0.0,0.0,0.0,0.0,0.0,0.0,0.0,0.0,0.0,0.0,0.0,0.0,0.0,0.0,0.0,0.0,0.0,0.0,0.0,0.0,0.0,0.0,0.01,0.01,0.01,0.02,0.02,0.03,0.03,0.03,0.03,0.03,0.03,0.02,0.02,0.02,0.02,0.02,0.03,0.03,0.03,0.03,0.03,0.03,0.03,0.02,0.02,0.02,0.02,0.02,0.02,0.03,0.03,0.03,0.03,0.03,0.03,0.02,0.02,0.01,0.01,0.01,0.0,0.0,0.0,0.0,0.0,0.0,0.0,0.0,0.0,0.0,0.0,0.0,0.0,0.0,0.0,0.0,0.0,0.01,0.01,0.01,0.02,0.03,0.04,0.06,0.08,0.12,0.17,0.24,0.33,0.46,0.63,0.86,1.16,1.56,2.07,2.73,3.55,4.59,5.87,7.43,9.32,11.57,14.21,17.27,20.78,24.74,29.14,33.96,39.15,44.64,50.36,56.21,62.07,67.81,73.31,78.45,83.11,87.2,90.65,93.41,95.49,96.91,97.72,98.01,97.9,97.5,96.95,96.36,95.84,95.49,95.34,95.43,95.73,96.21,96.77,97.32,97.76,97.96,97.83,97.28,96.25,94.72,92.69,90.23,87.4,84.33,81.16,78.04,75.13,72.58,70.53,69.08,68.3,68.24,68.88,70.18,72.04,74.35,76.93,79.63,82.25,84.6,86.52,87.85,88.47,88.27,87.21,85.28,82.5,78.93,74.67,69.85,64.58,59.02,53.31,47.59,41.99,36.61,31.54,26.86,22.6,18.79,15.44,12.54,10.06,7.98,6.25,4.84,3.7,2.8,2.09,1.54,1.13,0.81,0.58,0.41,0.28,0.2,0.13,0.09,0.06,0.04,0.03,0.02,0.01,0.01,0.0,0.0,0.0,0.0,0.0,0.0,0.0,0.0,0.0,0.0,0.0,0.0,0.0,0.0,0.0,0.0,0.0,0.0,0.0,0.0,0.0,0.0,0.0,0.0,0.0,0.0,0.0,0.0,0.0,0.0,0.0,0.0,0.0,0.0
0.0,0.0,0.0,0.0,0.0,0.0,0.0,0.0,0.0,0.0,0.0,0.0,0.0,0.02,0.08,0.26,0.81,2.19,5.29,11.36,21.69,36.82,55.56,74.54,88.91,94.29,88.91,74.54,55.56,36.82,21.69,11.36,5.29,2.19,0.81,0.26,0.08,0.02,0.0,0.0,0.0,0.0,0.0,0.0,0.0,0.0,0.0,0.0,0.0,0.0,0.0,0.0,0.0,0.0,0.0,0.0,0.0,0.0,0.0,0.0,0.0,0.0,0.0,0.0,0.0,0.0,0.0,0.0,0.0,0.0,0.0,0.0,0.0,0.0,0.0,0.0,0.0,0.0,0.0,0.0,0.0,0.0,0.0,0.01,0.01,0.01,0.01,0.01,0.01,0.01,0.01,0.01,0.01,0.01,0.01,0.01,0.01,0.01,0.01,0.01,0.01,0.01,0.01,0.01,0.01,0.01,0.01,0.01,0.01,0.01,0.01,0.01,0.01,0.01,0.01,0.01,0.01,0.0,0.0,0.0,0.0,0.0,0.0,0.0,0.0,0.0,0.0,0.0,0.0,0.0,0.0,0.0,0.0,0.0,0.0,0.0,0.0,0.0,0.01,0.01,0.02,0.02,0.03,0.05,0.07,0.11,0.15,0.22,0.31,0.43,0.6,0.82,1.12,1.51,2.02,2.68,3.51,4.56,5.87,7.47,9.41,11.73,14.46,17.65,21.31,25.44,30.05,35.1,40.55,46.33,52.37,58.54,64.73,70.81,76.64,82.1,87.06,91.42,95.11,98.08,100.32,101.86,102.77,103.12,103.04,102.66,102.11,101.52,101.0,100.65,100.51,100.62,100.94,101.44,102.03,102.61,103.05,103.25,103.08,102.45,101.3,99.6,97.35,94.62,91.47,88.03,84.44,80.85,77.44,74.35,71.73,69.7,68.33,67.66,67.71,68.42,69.71,71.47,73.54,75.78,77.98,79.98,81.62,82.73,83.19,82.92,81.87,80.01,77.37,74.0,69.99,65.45,60.51,55.29,49.94,44.58,39.33,34.29,29.55,25.16,21.17,17.6,14.46,11.74,9.42,7.47,5.85,4.53,3.47,2.62,1.96,1.45,1.05,0.76,0.54,0.38,0.27,0.18,0.12,0.08,0.06,0.04,0.02,0.02,0.01,0.01,0.0,0.0,0.0,0.0,0.0,0.0,0.0,0.0,0.0,0.0,0.0,0.0,0.0,0.0,0.0,0.0,0.0,0.0,0.0,0.0,0.0,0.0,0.0,0.0,0.0,0.0,0.0,0.0,0.0,0.0,0.0,0.0,0.0,0.0
0.0,0.0,0.0,0.0,0.0,0.0,0.0,0.0,0.0,0.0,0.0,0.0,0.0,0.02,0.06,0.22,0.68,1.84,4.44,9.53,18.19,30.87,46.58,62.49,74.54,79.05,74.54,62.49,46.58,30.87,18.19,9.53,4.44,1.84,0.68,0.22,0.06,0.02,0.0,0.0,0.0,0.0,0.0,0.0,0.0,0.0,0.0,0.0,0.0,0.0,0.0,0.0,0.0,0.0,0.0,0.0,0.0,0.0,0.0,0.0,0.0,0.0,0.0,0.0,0.0,0.0,0.0,0.0,0.0,0.0,0.0,0.0,0.0,0.0,0.0,0.0,0.0,0.0,0.0,0.0,0.0,0.0,0.0,0.0,0.0,0.0,0.0,0.0,0.0,0.0,0.0,0.0,0.0,0.0,0.0,0.0,0.0,0.0,0.0,0.0,0.0,0.0,0.0,0.0,0.0,0.0,0.0,0.0,0.0,0.0,0.0,0.0,0.0,0.0,0.0,0.0,0.0,0.0,0.0,0.0,0.0,0.0,0.0,0.0,0.0,0.0,0.0,0.0,0.0,0.0,0.0,0.0,0.0,0.0,0.0,0.0,0.0,0.0,0.01,0.01,0.01,0.02,0.03,0.04,0.07,0.1,0.14,0.2,0.29,0.41,0.57,0.79,1.08,1.47,1.98,2.64,3.49,4.55,5.88,7.51,9.5,11.88,14.7,17.98,21.76,26.04,30.81,36.06,41.73,47.75,54.03,60.47,66.94,73.29,79.39,85.11,90.31,94.89,98.77,101.9,104.28,105.92,106.9,107.3,107.25,106.88,106.33,105.74,105.21,104.86,104.73,104.84,105.19,105.71,106.32,106.92,107.36,107.54,107.33,106.63,105.37,103.53,101.09,98.11,94.67,90.9,86.93,82.92,79.04,75.46,72.31,69.72,67.78,66.53,65.99,66.12,66.84,68.05,69.62,71.38,73.16,74.8,76.14,77.02,77.34,77.01,75.96,74.19,71.71,68.56,64.83,60.62,56.03,51.19,46.24,41.27,36.41,31.74,27.35,23.29,19.59,16.29,13.39,10.87,8.72,6.91,5.42,4.19,3.21,2.43,1.81,1.34,0.98,0.7,0.5,0.35,0.25,0.17,0.11,0.08,0.05,0.03,0.02,0.01,0.01,0.01,0.0,0.0,0.0,0.0,0.0,0.0,0.0,0.0,0.0,0.0,0.0,0.0,0.0,0.0,0.0,0.0,0.0,0.0,0.0,0.0,0.0,0.0,0.0,0.0,0.0,0.0,0.0,0.0,0.0,0.0,0.0,0.0,0.0,0.0
0.02,0.02,0.02,0.01,0.01,0.0,0.0,0.0,0.0,0.0,0.0,0.0,0.0,0.01,0.05,0.17,0.5,1.37,3.31,7.1,13.56,23.01,34.72,46.58,55.56,58.92,55.56,46.58,34.72,23.01,13.56,7.1,3.31,1.37,0.5,0.17,0.05,0.01,0.0,0.0,0.0,0.0,0.0,0.0,0.0,0.0,0.0,0.0,0.0,0.0,0.0,0.0,0.0,0.0,0.0,0.0,0.0,0.0,0.0,0.0,0.0,0.0,0.0,0.0,0.0,0.0,0.0,0.0,0.0,0.0,0.0,0.0,0.0,0.0,0.0,0.0,0.0,0.0,0.0,0.0,0.0,0.0,0.0,0.0,0.0,0.0,0.0,0.0,0.0,0.0,0.0,0.0,0.0,0.0,0.0,0.0,0.0,0.0,0.0,0.0,0.0,0.0,0.0,0.0,0.0,0.0,0.0,0.0,0.0,0.0,0.0,0.0,0.0,0.0,0.0,0.0,0.0,0.0,0.0,0.0,0.0,0.0,0.0,0.0,0.0,0.0,0.0,0.0,0.0,0.0,0.0,0.0,0.0,0.0,0.0,0.0,0.0,0.0,0.0,0.01,0.01,0.02,0.03,0.04,0.06,0.09,0.13,0.19,0.27,0.39,0.55,0.77,1.06,1.44,1.95,2.62,3.46,4.54,5.88,7.54,9.56,11.99,14.86,18.22,22.09,26.48,31.38,36.76,42.59,48.79,55.26,61.89,68.56,75.12,81.42,87.33,92.71,97.45,101.48,104.73,107.2,108.92,109.95,110.39,110.36,110.0,109.45,108.85,108.33,107.97,107.85,107.97,108.33,108.87,109.49,110.09,110.54,110.7,110.46,109.69,108.35,106.37,103.77,100.59,96.91,92.84,88.54,84.17,79.88,75.85,72.23,69.14,66.67,64.88,63.78,63.35,63.53,64.21,65.27,66.56,67.93,69.21,70.25,70.92,71.1,70.7,69.67,68.0,65.69,62.78,59.35,55.48,51.27,46.84,42.3,37.75,33.3,29.03,25.01,21.3,17.92,14.9,12.24,9.94,7.98,6.32,4.95,3.84,2.93,2.22,1.66,1.22,0.89,0.64,0.46,0.32,0.22,0.15,0.1,0.07,0.05,0.03,0.02,0.01,0.01,0.01,0.0,0.0,0.0,0.0,0.0,0.0,0.0,0.0,0.0,0.0,0.0,0.0,0.0,0.0,0.0,0.0,0.0,0.0,0.0,0.0,0.0,0.0,0.0,0.0,0.0,0.0,0.0,0.0,0.0,0.0,0.0,0.0,0.0,0.0
0.08,0.08,0.06,0.05,0.03,0.02,0.01,0.0,0.0,0.0,0.0,0.0,0.0,0.01,0.03,0.11,0.33,0.91,2.19,4.71,8.98,15.25,23.01,30.87,36.82,39.05,36.82,30.87,23.01,15.25,8.98,4.71,2.19,0.91,0.33,0.11,0.03,0.01,0.0,0.0,0.0,0.0,0.0,0.0,0.0,0.0,0.0,0.0,0.0,0.0,0.0,0.0,0.0,0.0,0.0,0.0,0.0,0.0,0.0,0.0,0.0,0.0,0.0,0.0,0.0,0.0,0.0,0.0,0.0,0.0,0.0,0.0,0.0,0.0,0.0,0.0,0.0,0.0,0.0,0.0,0.0,0.0,0.0,0.0,0.0,0.0,0.0,0.0,0.0,0.0,0.0,0.0,0.0,0.0,0.0,0.0,0.0,0.0,0.0,0.0,0.0,0.0,0.0,0.0,0.0,0.0,0.0,0.0,0.0,0.0,0.0,0.0,0.0,0.0,0.0,0.0,0.0,0.0,0.0,0.0,0.0,0.0,0.0,0.0,0.0,0.0,0.0,0.0,0.0,0.0,0.0,0.0,0.0,0.0,0.0,0.0,0.0,0.0,0.0,0.01,0.01,0.02,0.02,0.04,0.06,0.08,0.12,0.18,0.26,0.38,0.53,0.75,1.03,1.42,1.93,2.59,3.44,4.52,5.87,7.54,9.58,12.03,14.94,18.34,22.26,26.71,31.68,37.15,43.08,49.38,55.97,62.72,69.52,76.2,82.63,88.66,94.15,98.99,103.11,106.44,108.98,110.75,111.81,112.28,112.26,111.91,111.36,110.76,110.24,109.88,109.76,109.89,110.25,110.8,111.43,112.03,112.48,112.62,112.34,111.53,110.11,108.03,105.3,101.96,98.08,93.79,89.23,84.55,79.92,75.52,71.49,67.95,65.01,62.73,61.13,60.19,59.85,60.03,60.61,61.46,62.43,63.36,64.12,64.57,64.62,64.17,63.17,61.6,59.47,56.81,53.69,50.17,46.36,42.35,38.24,34.13,30.1,26.24,22.61,19.25,16.2,13.47,11.06,8.98,7.21,5.72,4.48,3.47,2.65,2.01,1.5,1.11,0.81,0.58,0.41,0.29,0.2,0.14,0.09,0.06,0.04,0.03,0.02,0.01,0.01,0.0,0.0,0.0,0.0,0.0,0.0,0.0,0.0,0.0,0.0,0.0,0.0,0.0,0.0,0.0,0.0,0.0,0.0,0.0,0.0,0.0,0.0,0.0,0.0,0.0,0.0,0.0,0.0,0.0,0.0,0.0,0.0,0.0,0.0,0.0
0.28,0.26,0.22,0.17,0.11,0.06,0.03,0.02,0.01,0.0,0.0,0.0,0.0,0.0,0.02,0.06,0.2,0.53,1.29,2.77,5.29,8.98,13.56,18.19,21.69,23.01,21.69,18.19,13.56,8.98,5.29,2.77,1.29,0.53,0.2,0.06,0.02,0.0,0.0,0.0,0.0,0.0,0.0,0.0,0.0,0.0,0.0,0.0,0.0,0.0,0.0,0.0,0.0,0.0,0.0,0.0,0.0,0.0,0.0,0.0,0.0,0.0,0.0,0.0,0.0,0.0,0.0,0.0,0.0,0.0,0.0,0.0,0.0,0.0,0.0,0.0,0.0,0.0,0.0,0.0,0.0,0.0,0.0,0.0,0.0,0.0,0.0,0.0,0.0,0.0,0.0,0.0,0.0,0.0,0.0,0.0,0.0,0.0,0.0,0.0,0.0,0.0,0.0,0.0,0.0,0.0,0.0,0.0,0.0,0.0,0.0,0.0,0.0,0.0,0.0,0.0,0.0,0.0,0.0,0.0,0.0,0.0,0.0,0.0,0.0,0.0,0.0,0.0,0.0,0.0,0.0,0.0,0.0,0.0,0.0,0.0,0.0,0.0,0.0,0.01,0.01,0.01,0.02,0.04,0.05,0.08,0.12,0.17,0.25,0.36,0.52,0.73,1.01,1.39,1.89,2.55,3.4,4.47,5.82,7.48,9.52,11.97,14.89,18.29,22.22,26.69,31.68,37.18,43.14,49.47,56.1,62.9,69.73,76.46,82.94,89.01,94.55,99.43,103.58,106.95,109.51,111.31,112.39,112.87,112.87,112.52,111.98,111.39,110.86,110.51,110.39,110.52,110.89,111.44,112.07,112.66,113.1,113.22,112.92,112.07,110.59,108.45,105.63,102.18,98.16,93.71,88.95,84.04,79.15,74.45,70.08,66.19,62.85,60.15,58.1,56.7,55.9,55.63,55.77,56.2,56.79,57.4,57.89,58.15,58.07,57.58,56.62,55.16,53.22,50.82,48.0,44.85,41.43,37.84,34.16,30.49,26.89,23.44,20.19,17.19,14.47,12.03,9.88,8.02,6.44,5.1,4.0,3.1,2.37,1.79,1.34,0.99,0.72,0.52,0.37,0.26,0.18,0.12,0.08,0.06,0.04,0.02,0.02,0.01,0.01,0.0,0.0,0.0,0.0,0.0,0.0,0.0,0.0,0.0,0.0,0.0,0.0,0.0,0.0,0.0,0.0,0.0,0.0,0.0,0.0,0.0,0.0,0.0,0.0,0.0,0.0,0.0,0.0,0.0,0.0,0.0,0.0,0.0,0.0,0.0
0.86,0.81,0.68,0.5,0.33,0.2,0.1,0.05,0.02,0.01,0.0,0.0,0.0,0.0,0.01,0.03,0.1,0.28,0.68,1.45,2.77,4.71,7.1,9.53,11.36,12.05,11.36,9.53,7.1,4.71,2.77,1.45,0.68,0.28,0.1,0.03,0.01,0.0,0.0,0.0,0.0,0.0,0.0,0.0,0.0,0.0,0.0,0.0,0.0,0.0,0.0,0.0,0.0,0.0,0.0,0.0,0.0,0.0,0.0,0.0,0.0,0.0,0.0,0.0,0.0,0.0,0.0,0.0,0.0,0.0,0.0,0.0,0.0,0.0,0.0,0.0,0.0,0.0,0.0,0.0,0.0,0.0,0.0,0.0,0.0,0.0,0.0,0.0,0.0,0.0,0.0,0.0,0.0,0.0,0.0,0.0,0.0,0.0,0.0,0.0,0.0,0.0,0.0,0.0,0.0,0.0,0.0,0.0,0.0,0.0,0.0,0.0,0.0,0.0,0.0,0.0,0.0,0.0,0.0,0.0,0.0,0.0,0.0,0.0,0.0,0.0,0.0,0.0,0.0,0.0,0.0,0.0,0.0,0.0,0.0,0.0,0.0,0.0,0.0,0.01,0.01,0.01,0.02,0.03,0.05,0.08,0.11,0.17,0.24,0.35,0.5,0.71,0.98,1.36,1.85,2.5,3.33,4.39,5.72,7.37,9.39,11.82,14.7,18.08,21.98,26.41,31.37,36.83,42.74,49.04,55.62,62.38,69.18,75.88,82.32,88.36,93.87,98.74,102.87,106.23,108.79,110.58,111.67,112.15,112.15,111.82,111.28,110.7,110.18,109.84,109.72,109.85,110.21,110.75,111.38,111.96,112.38,112.49,112.17,111.29,109.79,107.61,104.74,101.23,97.14,92.58,87.7,82.64,77.58,72.67,68.06,63.88,60.23,57.18,54.76,52.97,51.77,51.09,50.84,50.9,51.15,51.47,51.72,51.8,51.62,51.09,50.17,48.83,47.07,44.92,42.42,39.62,36.59,33.41,30.16,26.91,23.74,20.69,17.82,15.18,12.77,10.62,8.72,7.08,5.68,4.5,3.53,2.73,2.09,1.58,1.18,0.87,0.64,0.46,0.33,0.23,0.16,0.11,0.07,0.05,0.03,0.02,0.01,0.01,0.01,0.0,0.0,0.0,0.0,0.0,0.0,0.0,0.0,0.0,0.0,0.0,0.0,0.0,0.0,0.0,0.0,0.0,0.0,0.0,0.0,0.0,0.0,0.0,0.0,0.0,0.0,0.0,0.0,0.0,0.0,0.0,0.0,0.0,0.0,0.0
2.32,2.19,1.84,1.37,0.91,0.53,0.28,0.13,0.05,0.02,0.01,0.0,0.0,0.0,0.0,0.02,0.05,0.13,0.32,0.68,1.29,2.19,3.31,4.44,5.29,5.61,5.29,4.44,3.31,2.19,1.29,0.68,0.32,0.13,0.05,0.02,0.0,0.0,0.0,0.0,0.0,0.0,0.0,0.0,0.0,0.0,0.0,0.0,0.0,0.0,0.0,0.0,0.0,0.0,0.0,0.0,0.0,0.0,0.0,0.0,0.0,0.0,0.0,0.0,0.0,0.0,0.0,0.0,0.0,0.0,0.0,0.0,0.0,0.0,0.0,0.0,0.0,0.0,0.0,0.0,0.0,0.0,0.0,0.0,0.0,0.0,0.0,0.0,0.0,0.0,0.0,0.0,0.0,0.0,0.0,0.0,0.0,0.0,0.0,0.0,0.0,0.0,0.0,0.0,0.0,0.0,0.0,0.0,0.0,0.0,0.0,0.0,0.0,0.0,0.0,0.0,0.0,0.0,0.0,0.0,0.0,0.0,0.0,0.0,0.0,0.0,0.0,0.0,0.0,0.0,0.0,0.0,0.0,0.0,0.0,0.0,0.0,0.0,0.0,0.01,0.01,0.01,0.02,0.03,0.05,0.07,0.11,0.16,0.23,0.34,0.48,0.68,0.95,1.32,1.8,2.43,3.24,4.28,5.58,7.19,9.17,11.55,14.38,17.69,21.51,25.86,30.73,36.09,41.89,48.08,54.54,61.18,67.86,74.44,80.77,86.71,92.13,96.92,100.99,104.29,106.81,108.58,109.65,110.13,110.14,109.81,109.29,108.72,108.22,107.88,107.76,107.89,108.25,108.78,109.39,109.95,110.36,110.45,110.11,109.23,107.71,105.53,102.66,99.13,95.03,90.45,85.52,80.4,75.25,70.21,65.45,61.08,57.2,53.89,51.18,49.08,47.54,46.53,45.93,45.67,45.62,45.68,45.72,45.65,45.37,44.82,43.95,42.73,41.16,39.25,37.04,34.58,31.93,29.16,26.32,23.48,20.71,18.05,15.55,13.24,11.14,9.26,7.61,6.18,4.96,3.93,3.08,2.38,1.82,1.38,1.03,0.76,0.55,0.4,0.28,0.2,0.14,0.1,0.07,0.04,0.03,0.02,0.01,0.01,0.0,0.0,0.0,0.0,0.0,0.0,0.0,0.0,0.0,0.0,0.0,0.0,0.0,0.0,0.0,0.0,0.0,0.0,0.0,0.0,0.0,0.0,0.0,0.0,0.0,0.0,0.0,0.0,0.0,0.0,0.0,0.0,0.0,0.0,0.0,0.0
5.61,5.29,4.44,3.31,2.19,1.29,0.68,0.32,0.13,0.05,0.02,0.0,0.0,0.0,0.0,0.01,0.02,0.05,0.13,0.28,0.53,0.91,1.37,1.84,2.19,2.32,2.19,1.84,1.37,0.91,0.53,0.28,0.13,0.05,0.02,0.01,0.0,0.0,0.0,0.0,0.0,0.0,0.0,0.0,0.0,0.0,0.0,0.0,0.0,0.0,0.0,0.0,0.0,0.0,0.0,0.0,0.0,0.0,0.0,0.0,0.0,0.0,0.0,0.0,0.0,0.0,0.0,0.0,0.0,0.0,0.0,0.0,0.0,0.0,0.0,0.0,0.0,0.0,0.0,0.0,0.0,0.0,0.0,0.0,0.0,0.0,0.0,0.0,0.0,0.0,0.0,0.0,0.0,0.0,0.0,0.0,0.0,0.0,0.0,0.0,0.0,0.0,0.0,0.0,0.0,0.0,0.0,0.0,0.0,0.0,0.0,0.0,0.0,0.0,0.0,0.0,0.0,0.0,0.0,0.0,0.0,0.0,0.0,0.0,0.0,0.0,0.0,0.0,0.0,0.0,0.0,0.0,0.0,0.0,0.0,0.0,0.0,0.0,0.0,0.0,0.01,0.01,0.02,0.03,0.05,0.07,0.1,0.15,0.22,0.32,0.46,0.65,0.92,1.27,1.73,2.34,3.13,4.13,5.39,6.95,8.86,11.17,13.91,17.12,20.83,25.04,29.76,34.96,40.6,46.6,52.88,59.32,65.81,72.2,78.35,84.12,89.38,94.03,97.98,101.19,103.64,105.36,106.41,106.88,106.89,106.57,106.07,105.52,105.04,104.71,104.6,104.72,105.07,105.58,106.16,106.71,107.09,107.17,106.82,105.94,104.44,102.28,99.45,95.97,91.91,87.37,82.48,77.37,72.21,67.15,62.32,57.84,53.83,50.35,47.43,45.09,43.3,42.0,41.13,40.6,40.3,40.14,40.0,39.79,39.44,38.88,38.06,36.96,35.57,33.9,31.97,29.84,27.54,25.14,22.69,20.24,17.85,15.56,13.4,11.41,9.6,7.98,6.56,5.32,4.27,3.39,2.65,2.05,1.57,1.19,0.89,0.66,0.48,0.34,0.25,0.17,0.12,0.08,0.06,0.04,0.02,0.02,0.01,0.01,0.0,0.0,0.0,0.0,0.0,0.0,0.0,0.0,0.0,0.0,0.0,0.0,0.0,0.0,0.0,0.0,0.0,0.0,0.0,0.0,0.0,0.0,0.0,0.0,0.0,0.0,0.0,0.0,0.0,0.0,0.0,0.0,0.0,0.0,0.0,0.0
12.05,11.36,9.53,7.1,4.71,2.77,1.45,0.68,0.28,0.1,0.03,0.01,0.0,0.0,0.0,0.0,0.01,0.02,0.05,0.1,0.2,0.33,0.5,0.68,0.81,0.86,0.81,0.68,0.5,0.33,0.2,0.1,0.05,0.02,0.01,0.0,0.0,0.0,0.0,0.0,0.0,0.0,0.0,0.0,0.0,0.0,0.0,0.0,0.0,0.0,0.0,0.0,0.0,0.0,0.0,0.0,0.0,0.0,0.0,0.0,0.0,0.0,0.0,0.0,0.0,0.0,0.0,0.0,0.0,0.0,0.0,0.0,0.0,0.0,0.0,0.0,0.0,0.0,0.0,0.0,0.0,0.0,0.0,0.0,0.0,0.0,0.0,0.0,0.0,0.0,0.0,0.0,0.0,0.0,0.0,0.0,0.0,0.0,0.0,0.0,0.0,0.0,0.0,0.0,0.0,0.0,0.0,0.0,0.0,0.0,0.0,0.0,0.0,0.0,0.0,0.0,0.0,0.0,0.0,0.0,0.0,0.0,0.0,0.0,0.0,0.0,0.0,0.0,0.0,0.0,0.0,0.0,0.0,0.0,0.0,0.0,0.0,0.0,0.0,0.0,0.01,0.01,0.02,0.03,0.04,0.06,0.1,0.14,0.21,0.31,0.44,0.62,0.87,1.21,1.65,2.23,2.99,3.94,5.15,6.65,8.48,10.68,13.31,16.39,19.94,23.98,28.51,33.5,38.9,44.66,50.68,56.86,63.08,69.21,75.11,80.65,85.7,90.16,93.95,97.03,99.39,101.04,102.05,102.5,102.51,102.21,101.74,101.21,100.74,100.43,100.32,100.44,100.77,101.26,101.82,102.34,102.69,102.76,102.41,101.55,100.09,97.98,95.22,91.83,87.87,83.44,78.65,73.64,68.56,63.55,58.74,54.26,50.2,46.62,43.58,41.08,39.1,37.6,36.51,35.77,35.27,34.92,34.63,34.33,33.92,33.36,32.6,31.61,30.38,28.93,27.28,25.44,23.48,21.43,19.33,17.24,15.2,13.25,11.41,9.72,8.17,6.8,5.58,4.53,3.64,2.88,2.26,1.75,1.34,1.01,0.76,0.56,0.41,0.29,0.21,0.15,0.1,0.07,0.05,0.03,0.02,0.01,0.01,0.01,0.0,0.0,0.0,0.0,0.0,0.0,0.0,0.0,0.0,0.0,0.0,0.0,0.0,0.0,0.0,0.0,0.0,0.0,0.0,0.0,0.0,0.0,0.0,0.0,0.0,0.0,0.0,0.0,0.0,0.0,0.0,0.0,0.0,0.0,0.0,0.0
23.01,21.69,18.19,13.56,8.98,5.29,2.77,1.29,0.53,0.2,0.06,0.02,0.0,0.0,0.0,0.0,0.0,0.01,0.02,0.03,0.06,0.11,0.17,0.22,0.26,0.28,0.26,0.22,0.17,0.11,0.06,0.03,0.02,0.01,0.0,0.0,0.0,0.0,0.0,0.0,0.0,0.0,0.0,0.0,0.0,0.0,0.0,0.0,0.0,0.0,0.0,0.0,0.0,0.0,0.0,0.0,0.0,0.0,0.0,0.0,0.0,0.0,0.0,0.0,0.0,0.0,0.0,0.0,0.0,0.0,0.0,0.0,0.0,0.0,0.0,0.0,0.0,0.0,0.0,0.0,0.0,0.0,0.0,0.0,0.0,0.0,0.0,0.0,0.0,0.0,0.0,0.0,0.0,0.0,0.0,0.0,0.0,0.0,0.0,0.0,0.0,0.0,0.0,0.0,0.0,0.0,0.0,0.0,0.0,0.0,0.0,0.0,0.0,0.0,0.0,0.0,0.0,0.0,0.0,0.0,0.0,0.0,0.0,0.0,0.0,0.0,0.0,0.0,0.0,0.0,0.0,0.0,0.0,0.0,0.0,0.0,0.0,0.0,0.0,0.0,0.01,0.01,0.02,0.03,0.04,0.06,0.09,0.14,0.2,0.29,0.41,0.59,0.82,1.14,1.56,2.11,2.82,3.73,4.87,6.29,8.02,10.11,12.6,15.51,18.88,22.71,27.0,31.72,36.84,42.3,48.01,53.87,59.76,65.57,71.17,76.42,81.2,85.44,89.03,91.96,94.19,95.76,96.71,97.15,97.16,96.88,96.42,95.92,95.48,95.19,95.08,95.2,95.51,95.97,96.5,96.98,97.31,97.37,97.03,96.19,94.79,92.77,90.11,86.86,83.05,78.78,74.16,69.32,64.39,59.51,54.81,50.4,46.37,42.79,39.7,37.11,35.01,33.37,32.14,31.23,30.57,30.09,29.69,29.3,28.86,28.31,27.6,26.72,25.66,24.41,23.0,21.44,19.78,18.04,16.28,14.52,12.8,11.15,9.61,8.18,6.88,5.72,4.7,3.81,3.06,2.43,1.9,1.47,1.13,0.85,0.64,0.47,0.34,0.25,0.18,0.12,0.09,0.06,0.04,0.03,0.02,0.01,0.01,0.0,0.0,0.0,0.0,0.0,0.0,0.0,0.0,0.0,0.0,0.0,0.0,0.0,0.0,0.0,0.0,0.0,0.0,0.0,0.0,0.0,0.0,0.0,0.0,0.0,0.0,0.0,0.0,0.0,0.0,0.0,0.0,0.0,0.0,0.0,0.0,0.0
39.05,36.82,30.87,23.01,15.25,8.98,4.71,2.19,0.91,0.33,0.11,0.03,0.01,0.0,0.0,0.0,0.0,0.0,0.0,0.01,0.02,0.03,0.05,0.06,0.08,0.08,0.08,0.06,0.05,0.03,0.02,0.01,0.0,0.0,0.0,0.0,0.0,0.0,0.0,0.0,0.0,0.0,0.0,0.0,0.0,0.0,0.0,0.0,0.0,0.0,0.0,0.0,0.0,0.0,0.0,0.0,0.0,0.0,0.0,0.0,0.0,0.0,0.0,0.0,0.0,0.0,0.0,0.0,0.0,0.0,0.0,0.0,0.0,0.0,0.0,0.0,0.0,0.0,0.0,0.0,0.0,0.0,0.0,0.0,0.0,0.0,0.0,0.0,0.0,0.0,0.0,0.0,0.0,0.0,0.0,0.0,0.0,0.0,0.0,0.0,0.0,0.0,0.0,0.0,0.0,0.0,0.0,0.0,0.0,0.0,0.0,0.0,0.0,0.0,0.0,0.0,0.0,0.0,0.0,0.0,0.0,0.0,0.0,0.0,0.0,0.0,0.0,0.0,0.0,0.0,0.0,0.0,0.0,0.0,0.0,0.0,0.0,0.0,0.0,0.0,0.01,0.01,0.02,0.02,0.04,0.06,0.08,0.13,0.18,0.27,0.39,0.55,0.77,1.06,1.46,1.97,2.64,3.48,4.55,5.88,7.5,9.46,11.79,14.52,17.67,21.25,25.27,29.69,34.49,39.6,44.94,50.43,55.96,61.4,66.64,71.56,76.04,80.01,83.38,86.12,88.21,89.68,90.58,90.98,91.0,90.73,90.31,89.84,89.43,89.15,89.06,89.16,89.45,89.88,90.37,90.82,91.13,91.17,90.84,90.05,88.72,86.8,84.29,81.2,77.59,73.54,69.14,64.53,59.82,55.14,50.61,46.35,42.42,38.91,35.84,33.24,31.09,29.38,28.04,27.03,26.26,25.68,25.2,24.75,24.29,23.76,23.12,22.34,21.42,20.36,19.17,17.86,16.47,15.02,13.55,12.08,10.65,9.28,7.99,6.8,5.72,4.76,3.91,3.17,2.54,2.02,1.58,1.22,0.94,0.71,0.53,0.39,0.28,0.21,0.15,0.1,0.07,0.05,0.03,0.02,0.01,0.01,0.01,0.0,0.0,0.0,0.0,0.0,0.0,0.0,0.0,0.0,0.0,0.0,0.0,0.0,0.0,0.0,0.0,0.0,0.0,0.0,0.0,0.0,0.0,0.0,0.0,0.0,0.0,0.0,0.0,0.0,0.0,0.0,0.0,0.0,0.0,0.0,0.0,0.0
58.92,55.56,46.58,34.72,23.01,13.56,7.1,3.31,1.37,0.5,0.17,0.05,0.01,0.0,0.0,0.0,0.0,0.0,0.0,0.0,0.0,0.01,0.01,0.02,0.02,0.02,0.02,0.02,0.01,0.01,0.0,0.0,0.0,0.0,0.0,0.0,0.0,0.0,0.0,0.0,0.0,0.0,0.0,0.0,0.0,0.0,0.0,0.0,0.0,0.0,0.0,0.0,0.0,0.0,0.0,0.0,0.0,0.0,0.0,0.0,0.0,0.0,0.0,0.0,0.0,0.0,0.0,0.0,0.0,0.0,0.0,0.0,0.0,0.0,0.0,0.0,0.0,0.0,0.0,0.0,0.0,0.0,0.0,0.0,0.0,0.0,0.0,0.0,0.0,0.0,0.0,0.0,0.0,0.0,0.0,0.0,0.0,0.0,0.0,0.0,0.0,0.0,0.0,0.0,0.0,0.0,0.0,0.0,0.0,0.0,0.0,0.0,0.0,0.0,0.0,0.0,0.0,0.0,0.0,0.0,0.0,0.0,0.0,0.0,0.0,0.0,0.0,0.0,0.0,0.0,0.0,0.0,0.0,0.0,0.0,0.0,0.0,0.0,0.0,0.0,0.01,0.01,0.01,0.02,0.03,0.05,0.08,0.12,0.17,0.25,0.36,0.5,0.71,0.98,1.34,1.82,2.44,3.22,4.21,5.43,6.93,8.75,10.9,13.43,16.34,19.66,23.38,27.47,31.91,36.64,41.59,46.67,51.78,56.82,61.67,66.22,70.37,74.04,77.17,79.7,81.64,83.0,83.83,84.21,84.22,83.98,83.59,83.15,82.77,82.51,82.42,82.52,82.79,83.19,83.64,84.05,84.33,84.36,84.05,83.31,82.06,80.26,77.91,75.03,71.65,67.85,63.73,59.4,54.96,50.54,46.25,42.19,38.43,35.05,32.07,29.52,27.38,25.64,24.26,23.19,22.36,21.71,21.17,20.7,20.23,19.73,19.14,18.47,17.68,16.79,15.79,14.7,13.55,12.35,11.14,9.93,8.75,7.63,6.57,5.59,4.7,3.91,3.21,2.61,2.09,1.66,1.3,1.01,0.77,0.58,0.43,0.32,0.23,0.17,0.12,0.08,0.06,0.04,0.03,0.02,0.01,0.01,0.01,0.0,0.0,0.0,0.0,0.0,0.0,0.0,0.0,0.0,0.0,0.0,0.0,0.0,0.0,0.0,0.0,0.0,0.0,0.0,0.0,0.0,0.0,0.0,0.0,0.0,0.0,0.0,0.0,0.0,0.0,0.0,0.0,0.0,0.0,0.0,0.0,0.0
79.05,74.54,62.49,46.58,30.87,18.19,9.53,4.44,1.84,0.68,0.22,0.06,0.02,0.0,0.0,0.0,0.0,0.0,0.0,0.0,0.0,0.0,0.0,0.0,0.0,0.0,0.0,0.0,0.0,0.0,0.0,0.0,0.0,0.0,0.0,0.0,0.0,0.0,0.0,0.0,0.0,0.0,0.0,0.0,0.0,0.0,0.0,0.01,0.01,0.02,0.02,0.02,0.02,0.02,0.01,0.01,0.0,0.0,0.0,0.0,0.0,0.0,0.0,0.0,0.0,0.0,0.0,0.0,0.0,0.0,0.0,0.0,0.0,0.0,0.0,0.0,0.0,0.0,0.0,0.0,0.0,0.0,0.0,0.0,0.0,0.0,0.0,0.0,0.0,0.0,0.0,0.0,0.0,0.0,0.0,0.0,0.0,0.0,0.0,0.0,0.0,0.0,0.0,0.0,0.0,0.0,0.0,0.0,0.0,0.0,0.0,0.0,0.0,0.0,0.0,0.0,0.0,0.0,0.0,0.0,0.0,0.0,0.0,0.0,0.0,0.0,0.0,0.0,0.0,0.0,0.0,0.0,0.0,0.0,0.0,0.0,0.0,0.0,0.0,0.0,0.01,0.01,0.01,0.02,0.03,0.05,0.07,0.11,0.16,0.23,0.32,0.46,0.65,0.9,1.23,1.66,2.23,2.94,3.85,4.97,6.34,7.99,9.96,12.27,14.94,17.98,21.37,25.12,29.18,33.5,38.03,42.67,47.35,51.96,56.39,60.56,64.36,67.72,70.57,72.89,74.66,75.91,76.67,77.01,77.03,76.8,76.45,76.05,75.7,75.47,75.38,75.47,75.72,76.08,76.49,76.87,77.12,77.14,76.85,76.16,75.01,73.35,71.18,68.52,65.4,61.89,58.08,54.06,49.94,45.83,41.82,38.02,34.48,31.28,28.44,25.98,23.91,22.2,20.82,19.72,18.86,18.18,17.62,17.14,16.68,16.2,15.68,15.1,14.43,13.68,12.86,11.96,11.02,10.04,9.05,8.07,7.11,6.19,5.33,4.54,3.82,3.17,2.61,2.12,1.7,1.35,1.05,0.82,0.62,0.47,0.35,0.26,0.19,0.14,0.1,0.07,0.05,0.03,0.02,0.01,0.01,0.01,0.0,0.0,0.0,0.0,0.0,0.0,0.0,0.0,0.0,0.0,0.0,0.0,0.0,0.0,0.0,0.0,0.0,0.0,0.0,0.0,0.0,0.0,0.0,0.0,0.0,0.0,0.0,0.0,0.0,0.0,0.0,0.0,0.0,0.0,0.0,0.0,0.0,0.0
94.29,88.91,74.54,55.56,36.82,21.69,11.36,5.29,2.19,0.81,0.26,0.08,0.02,0.0,0.0,0.0,0.0,0.0,0.0,0.0,0.0,0.0,0.0,0.0,0.0,0.0,0.0,0.0,0.0,0.0,0.0,0.0,0.0,0.0,0.0,0.0,0.0,0.0,0.0,0.0,0.0,0.0,0.0,0.0,0.0,0.01,0.02,0.03,0.05,0.06,0.08,0.08,0.08,0.06,0.05,0.03,0.02,0.01,0.0,0.0,0.0,0.0,0.0,0.0,0.0,0.0,0.0,0.0,0.0,0.0,0.0,0.0,0.0,0.0,0.0,0.0,0.0,0.0,0.0,0.0,0.0,0.0,0.0,0.0,0.0,0.0,0.0,0.0,0.0,0.0,0.0,0.0,0.0,0.0,0.0,0.0,0.0,0.0,0.0,0.0,0.0,0.0,0.0,0.0,0.0,0.0,0.0,0.0,0.0,0.0,0.0,0.0,0.0,0.0,0.0,0.0,0.0,0.0,0.0,0.0,0.0,0.0,0.0,0.0,0.0,0.0,0.0,0.0,0.0,0.0,0.0,0.0,0.0,0.0,0.0,0.0,0.0,0.0,0.0,0.0,0.0,0.01,0.01,0.02,0.03,0.04,0.06,0.1,0.14,0.2,0.29,0.42,0.58,0.81,1.11,1.5,2.01,2.66,3.47,4.49,5.73,7.22,9.0,11.09,13.5,16.24,19.31,22.7,26.37,30.27,34.36,38.56,42.79,46.95,50.96,54.73,58.16,61.2,63.78,65.87,67.48,68.6,69.29,69.6,69.61,69.41,69.09,68.73,68.42,68.2,68.13,68.21,68.43,68.76,69.12,69.46,69.69,69.71,69.44,68.81,67.75,66.25,64.27,61.84,59.0,55.8,52.32,48.64,44.87,41.1,37.41,33.9,30.62,27.64,24.98,22.67,20.7,19.05,17.71,16.63,15.78,15.09,14.53,14.05,13.61,13.17,12.71,12.2,11.64,11.03,10.35,9.62,8.86,8.07,7.27,6.48,5.71,4.97,4.28,3.64,3.06,2.55,2.09,1.7,1.36,1.08,0.85,0.66,0.5,0.38,0.28,0.21,0.15,0.11,0.08,0.06,0.04,0.03,0.02,0.01,0.01,0.01,0.0,0.0,0.0,0.0,0.0,0.0,0.0,0.0,0.0,0.0,0.0,0.0,0.0,0.0,0.0,0.0,0.0,0.0,0.0,0.0,0.0,0.0,0.0,0.0,0.0,0.0,0.0,0.0,0.0,0.0,0.0,0.0,0.0,0.0,0.0,0.0,0.0,0.0
100.0,94.29,79.05,58.92,39.05,23.01,12.05,5.61,2.32,0.86,0.28,0.08,0.02,0.0,0.0,0.0,0.0,0.0,0.0,0.0,0.0,0.0,0.0,0.0,0.0,0.0,0.0,0.0,0.0,0.0,0.0,0.0,0.0,0.0,0.0,0.0,0.0,0.0,0.0,0.0,0.0,0.0,0.0,0.01,0.02,0.03,0.06,0.11,0.17,0.22,0.26,0.28,0.26,0.22,0.17,0.11,0.06,0.03,0.02,0.01,0.0,0.0,0.0,0.0,0.0,0.0,0.0,0.0,0.0,0.0,0.0,0.0,0.0,0.0,0.0,0.0,0.0,0.0,0.0,0.0,0.0,0.0,0.0,0.0,0.0,0.0,0.0,0.0,0.0,0.0,0.0,0.0,0.0,0.0,0.0,0.0,0.0,0.0,0.0,0.0,0.0,0.0,0.0,0.0,0.0,0.0,0.0,0.0,0.0,0.0,0.0,0.0,0.0,0.0,0.0,0.0,0.0,0.0,0.0,0.0,0.0,0.0,0.0,0.0,0.0,0.0,0.0,0.0,0.0,0.0,0.0,0.0,0.0,0.0,0.0,0.0,0.0,0.0,0.0,0.0,0.0,0.01,0.01,0.02,0.02,0.04,0.06,0.08,0.12,0.18,0.26,0.37,0.52,0.72,0.99,1.34,1.79,2.37,3.1,4.0,5.11,6.45,8.04,9.9,12.05,14.5,17.25,20.27,23.54,27.03,30.69,34.44,38.21,41.93,45.51,48.87,51.94,54.65,56.96,58.83,60.26,61.27,61.88,62.16,62.17,61.99,61.7,61.38,61.1,60.91,60.85,60.92,61.11,61.4,61.73,62.03,62.23,62.24,62.0,61.43,60.48,59.13,57.35,55.17,52.61,49.72,46.59,43.27,39.86,36.45,33.11,29.91,26.92,24.19,21.74,19.6,17.76,16.22,14.95,13.91,13.08,12.41,11.87,11.41,10.99,10.59,10.19,9.76,9.29,8.78,8.23,7.65,7.04,6.41,5.77,5.14,4.53,3.94,3.4,2.89,2.43,2.02,1.66,1.35,1.08,0.86,0.67,0.52,0.4,0.3,0.22,0.17,0.12,0.09,0.06,0.04,0.03,0.02,0.01,0.01,0.01,0.0,0.0,0.0,0.0,0.0,0.0,0.0,0.0,0.0,0.0,0.0,0.0,0.0,0.0,0.0,0.0,0.0,0.0,0.0,0.0,0.0,0.0,0.0,0.0,0.0,0.0,0.0,0.0,0.0,0.0,0.0,0.0,0.0,0.0,0.0,0.0,0.0,0.0,0.0
94.29,88.91,74.54,55.56,36.82,21.69,11.36,5.29,2.19,0.81,0.26,0.08,0.02,0.0,0.0,0.0,0.0,0.0,0.0,0.0,0.0,0.0,0.0,0.0,0.0,0.0,0.0,0.0,0.0,0.0,0.0,0.0,0.0,0.0,0.0,0.0,0.0,0.0,0.0,0.0,0.0,0.0,0.01,0.02,0.05,0.1,0.2,0.33,0.5,0.68,0.81,0.86,0.81,0.68,0.5,0.33,0.2,0.1,0.05,0.02,0.01,0.0,0.0,0.0,0.0,0.0,0.0,0.0,0.0,0.0,0.0,0.0,0.0,0.0,0.0,0.0,0.0,0.0,0.0,0.0,0.0,0.0,0.0,0.0,0.0,0.0,0.0,0.0,0.0,0.0,0.0,0.0,0.0,0.0,0.0,0.0,0.0,0.0,0.0,0.0,0.0,0.0,0.0,0.0,0.0,0.0,0.0,0.0,0.0,0.0,0.0,0.0,0.0,0.0,0.0,0.0,0.0,0.0,0.0,0.0,0.0,0.0,0.0,0.0,0.0,0.0,0.0,0.0,0.0,0.0,0.0,0.0,0.0,0.0,0.0,0.0,0.0,0.0,0.0,0.0,0.0,0.01,0.01,0.01,0.02,0.03,0.05,0.07,0.11,0.16,0.23,0.33,0.46,0.64,0.87,1.18,1.58,2.09,2.74,3.53,4.51,5.69,7.09,8.74,10.64,12.8,15.22,17.89,20.78,23.86,27.08,30.39,33.72,37.0,40.17,43.13,45.84,48.23,50.27,51.92,53.18,54.07,54.61,54.86,54.87,54.71,54.45,54.17,53.92,53.76,53.7,53.76,53.93,54.19,54.48,54.74,54.91,54.92,54.7,54.2,53.36,52.15,50.57,48.63,46.36,43.8,41.01,38.06,35.02,31.97,28.98,26.11,23.42,20.96,18.74,16.79,15.11,13.69,12.51,11.54,10.76,10.12,9.61,9.17,8.79,8.43,8.08,7.72,7.33,6.92,6.48,6.01,5.53,5.03,4.53,4.03,3.55,3.09,2.66,2.26,1.9,1.58,1.3,1.06,0.85,0.67,0.53,0.41,0.31,0.24,0.18,0.13,0.09,0.07,0.05,0.03,0.02,0.02,0.01,0.01,0.0,0.0,0.0,0.0,0.0,0.0,0.0,0.0,0.0,0.0,0.0,0.0,0.0,0.0,0.0,0.0,0.0,0.0,0.0,0.0,0.0,0.0,0.0,0.0,0.0,0.0,0.0,0.0,0.0,0.0,0.0,0.0,0.0,0.0,0.0,0.0,0.0,0.0,0.0,0.0
79.05,74.54,62.49,46.58,30.87,18.19,9.53,4.44,1.84,0.68,0.22,0.06,0.02,0.0,0.0,0.0,0.0,0.0,0.0,0.0,0.0,0.0,0.0,0.0,0.0,0.0,0.0,0.0,0.0,0.0,0.0,0.0,0.0,0.0,0.0,0.0,0.0,0.0,0.0,0.0,0.0,0.01,0.02,0.05,0.13,0.28,0.53,0.91,1.37,1.84,2.19,2.32,2.19,1.84,1.37,0.91,0.53,0.28,0.13,0.05,0.02,0.01,0.0,0.0,0.0,0.0,0.0,0.0,0.0,0.0,0.0,0.0,0.0,0.0,0.0,0.0,0.0,0.0,0.0,0.0,0.0,0.0,0.0,0.0,0.0,0.0,0.0,0.0,0.0,0.0,0.0,0.0,0.0,0.0,0.0,0.0,0.0,0.0,0.0,0.0,0.0,0.0,0.0,0.0,0.0,0.0,0.0,0.0,0.0,0.0,0.0,0.0,0.0,0.0,0.0,0.0,0.0,0.0,0.0,0.0,0.0,0.0,0.0,0.0,0.0,0.0,0.0,0.0,0.0,0.0,0.0,0.0,0.0,0.0,0.0,0.0,0.0,0.0,0.0,0.0,0.0,0.0,0.01,0.01,0.02,0.03,0.04,0.07,0.1,0.14,0.2,0.29,0.4,0.56,0.76,1.03,1.38,1.82,2.39,3.08,3.93,4.96,6.18,7.62,9.27,11.16,13.27,15.6,18.12,20.8,23.62,26.5,29.41,32.27,35.03,37.61,39.97,42.06,43.84,45.28,46.38,47.15,47.63,47.84,47.85,47.71,47.49,47.24,47.03,46.88,46.83,46.88,47.03,47.25,47.51,47.74,47.89,47.89,47.7,47.25,46.51,45.46,44.07,42.37,40.38,38.13,35.68,33.08,30.41,27.72,25.08,22.55,20.17,17.98,16.0,14.25,12.74,11.45,10.38,9.49,8.77,8.18,7.7,7.31,6.96,6.64,6.34,6.04,5.72,5.39,5.04,4.67,4.29,3.9,3.51,3.13,2.75,2.4,2.06,1.75,1.47,1.23,1.01,0.82,0.66,0.52,0.41,0.32,0.24,0.18,0.14,0.1,0.07,0.05,0.04,0.03,0.02,0.01,0.01,0.01,0.0,0.0,0.0,0.0,0.0,0.0,0.0,0.0,0.0,0.0,0.0,0.0,0.0,0.0,0.0,0.0,0.0,0.0,0.0,0.0,0.0,0.0,0.0,0.0,0.0,0.0,0.0,0.0,0.0,0.0,0.0,0.0,0.0,0.0,0.0,0.0,0.0,0.0,0.0,0.0
58.92,55.56,46.58,34.72,23.01,13.56,7.1,3.31,1.37,0.5,0.17,0.05,0.01,0.0,0.0,0.0,0.0,0.0,0.0,0.0,0.0,0.0,0.0,0.0,0.0,0.0,0.0,0.0,0.0,0.0,0.0,0.0,0.0,0.0,0.0,0.0,0.0,0.0,0.0,0.0,0.0,0.02,0.05,0.13,0.32,0.68,1.29,2.19,3.31,4.44,5.29,5.61,5.29,4.44,3.31,2.19,1.29,0.68,0.32,0.13,0.05,0.02,0.0,0.0,0.0,0.0,0.0,0.0,0.0,0.0,0.0,0.0,0.0,0.0,0.0,0.0,0.0,0.0,0.0,0.0,0.0,0.0,0.0,0.0,0.0,0.0,0.0,0.0,0.0,0.0,0.0,0.0,0.0,0.0,0.0,0.0,0.0,0.0,0.0,0.0,0.0,0.0,0.0,0.0,0.0,0.0,0.0,0.0,0.0,0.0,0.0,0.0,0.0,0.0,0.0,0.0,0.0,0.0,0.0,0.0,0.0,0.0,0.0,0.0,0.0,0.0,0.0,0.0,0.0,0.0,0.0,0.0,0.0,0.0,0.0,0.0,0.0,0.0,0.0,0.0,0.0,0.0,0.01,0.01,0.02,0.03,0.04,0.06,0.08,0.12,0.17,0.25,0.34,0.48,0.66,0.89,1.19,1.57,2.06,2.65,3.39,4.27,5.33,6.56,7.99,9.62,11.44,13.44,15.61,17.93,20.35,22.84,25.34,27.81,30.18,32.41,34.45,36.25,37.78,39.02,39.97,40.63,41.04,41.23,41.23,41.12,40.92,40.71,40.53,40.4,40.36,40.4,40.53,40.72,40.94,41.14,41.26,41.27,41.1,40.71,40.07,39.16,37.96,36.49,34.76,32.81,30.68,28.43,26.11,23.77,21.47,19.26,17.18,15.26,13.52,11.98,10.64,9.5,8.54,7.74,7.09,6.56,6.13,5.77,5.46,5.18,4.92,4.67,4.42,4.15,3.87,3.59,3.29,2.99,2.69,2.39,2.11,1.83,1.58,1.34,1.13,0.94,0.77,0.63,0.5,0.4,0.31,0.24,0.18,0.14,0.1,0.08,0.06,0.04,0.03,0.02,0.01,0.01,0.01,0.0,0.0,0.0,0.0,0.0,0.0,0.0,0.0,0.0,0.0,0.0,0.0,0.0,0.0,0.0,0.0,0.0,0.0,0.0,0.0,0.0,0.0,0.0,0.0,0.0,0.0,0.0,0.0,0.0,0.0,0.0,0.0,0.0,0.0,0.0,0.0,0.0,0.0,0.0,0.0,0.0
39.05,36.82,30.87,23.01,15.25,8.98,4.71,2.19,0.91,0.33,0.11,0.03,0.01,0.0,0.0,0.0,0.0,0.0,0.0,0.0,0.0,0.0,0.0,0.0,0.0,0.0,0.0,0.0,0.0,0.0,0.0,0.0,0.0,0.0,0.0,0.0,0.0,0.0,0.0,0.0,0.01,0.03,0.1,0.28,0.68,1.45,2.77,4.71,7.1,9.53,11.36,12.05,11.36,9.53,7.1,4.71,2.77,1.45,0.68,0.28,0.1,0.03,0.01,0.0,0.0,0.0,0.0,0.0,0.0,0.0,0.0,0.0,0.0,0.0,0.0,0.0,0.0,0.0,0.0,0.0,0.0,0.0,0.0,0.0,0.0,0.0,0.0,0.0,0.0,0.0,0.0,0.0,0.0,0.0,0.0,0.0,0.0,0.0,0.0,0.0,0.0,0.0,0.0,0.0,0.0,0.0,0.0,0.0,0.0,0.0,0.0,0.0,0.0,0.0,0.0,0.0,0.0,0.0,0.0,0.0,0.0,0.0,0.0,0.0,0.0,0.0,0.0,0.0,0.0,0.0,0.0,0.0,0.0,0.0,0.0,0.0,0.0,0.0,0.0,0.0,0.0,0.0,0.01,0.01,0.01,0.02,0.03,0.05,0.07,0.1,0.15,0.21,0.29,0.41,0.56,0.76,1.01,1.34,1.75,2.26,2.89,3.64,4.54,5.59,6.81,8.19,9.74,11.44,13.3,15.27,17.33,19.45,21.58,23.68,25.7,27.6,29.34,30.87,32.17,33.23,34.04,34.6,34.95,35.11,35.11,35.01,34.85,34.67,34.51,34.4,34.37,34.41,34.52,34.68,34.86,35.03,35.14,35.14,34.99,34.66,34.11,33.33,32.31,31.05,29.57,27.9,26.08,24.15,22.16,20.16,18.18,16.28,14.48,12.82,11.32,9.98,8.81,7.81,6.96,6.26,5.68,5.21,4.83,4.51,4.24,4.0,3.79,3.58,3.37,3.16,2.95,2.72,2.5,2.27,2.04,1.81,1.59,1.39,1.19,1.02,0.85,0.71,0.58,0.47,0.38,0.3,0.24,0.18,0.14,0.11,0.08,0.06,0.04,0.03,0.02,0.02,0.01,0.01,0.0,0.0,0.0,0.0,0.0,0.0,0.0,0.0,0.0,0.0,0.0,0.0,0.0,0.0,0.0,0.0,0.0,0.0,0.0,0.0,0.0,0.0,0.0,0.0,0.0,0.0,0.0,0.0,0.0,0.0,0.0,0.0,0.0,0.0,0.0,0.0,0.0,0.0,0.0,0.0,0.0,0.0
23.01,21.69,18.19,13.56,8.98,5.29,2.77,1.29,0.53,0.2,0.06,0.02,0.0,0.0,0.0,0.0,0.0,0.0,0.0,0.0,0.0,0.0,0.0,0.0,0.0,0.0,0.0,0.0,0.0,0.0,0.0,0.0,0.0,0.0,0.0,0.0,0.0,0.0,0.0,0.0,0.02,0.06,0.2,0.53,1.29,2.77,5.29,8.98,13.56,18.19,21.69,23.01,21.69,18.19,13.56,8.98,5.29,2.77,1.29,0.53,0.2,0.06,0.02,0.0,0.0,0.0,0.0,0.0,0.0,0.0,0.0,0.0,0.0,0.0,0.0,0.0,0.0,0.0,0.0,0.0,0.0,0.0,0.0,0.0,0.0,0.0,0.0,0.0,0.0,0.0,0.0,0.0,0.0,0.0,0.0,0.0,0.0,0.0,0.0,0.0,0.0,0.0,0.0,0.0,0.0,0.0,0.0,0.0,0.0,0.0,0.0,0.0,0.0,0.0,0.0,0.0,0.0,0.0,0.0,0.0,0.0,0.0,0.0,0.0,0.0,0.0,0.0,0.0,0.0,0.0,0.0,0.0,0.0,0.0,0.0,0.0,0.0,0.0,0.0,0.0,0.0,0.0,0.0,0.01,0.01,0.02,0.03,0.04,0.06,0.09,0.12,0.18,0.25,0.34,0.47,0.64,0.85,1.13,1.47,1.9,2.43,3.06,3.82,4.7,5.73,6.89,8.19,9.63,11.19,12.85,14.58,16.37,18.16,19.93,21.63,23.23,24.69,25.97,27.07,27.96,28.64,29.12,29.41,29.54,29.55,29.46,29.33,29.18,29.04,28.95,28.92,28.95,29.04,29.18,29.33,29.48,29.57,29.57,29.44,29.16,28.7,28.04,27.17,26.11,24.86,23.45,21.91,20.28,18.59,16.89,15.22,13.6,12.07,10.66,9.37,8.23,7.22,6.36,5.63,5.02,4.52,4.11,3.77,3.5,3.26,3.06,2.88,2.71,2.55,2.38,2.21,2.04,1.87,1.7,1.53,1.36,1.19,1.04,0.89,0.76,0.64,0.53,0.44,0.35,0.28,0.22,0.18,0.14,0.1,0.08,0.06,0.04,0.03,0.02,0.02,0.01,0.01,0.01,0.0,0.0,0.0,0.0,0.0,0.0,0.0,0.0,0.0,0.0,0.0,0.0,0.0,0.0,0.0,0.0,0.0,0.0,0.0,0.0,0.0,0.0,0.0,0.0,0.0,0.0,0.0,0.0,0.0,0.0,0.0,0.0,0.0,0.0,0.0,0.0,0.0,0.0,0.0,0.0,0.0,0.0
12.05,11.36,9.53,7.1,4.71,2.77,1.45,0.68,0.28,0.1,0.03,0.01,0.0,0.0,0.0,0.0,0.0,0.0,0.0,0.0,0.0,0.0,0.0,0.0,0.0,0.0,0.0,0.0,0.0,0.0,0.0,0.0,0.0,0.0,0.0,0.0,0.0,0.0,0.0,0.01,0.03,0.11,0.33,0.91,2.19,4.71,8.98,15.25,23.01,30.87,36.82,39.05,36.82,30.87,23.01,15.25,8.98,4.71,2.19,0.91,0.33,0.11,0.03,0.01,0.0,0.0,0.0,0.0,0.0,0.0,0.0,0.0,0.0,0.0,0.0,0.0,0.0,0.0,0.0,0.0,0.0,0.0,0.0,0.0,0.0,0.0,0.0,0.0,0.0,0.0,0.0,0.0,0.0,0.0,0.0,0.0,0.0,0.0,0.0,0.0,0.0,0.0,0.0,0.0,0.0,0.0,0.0,0.0,0.0,0.0,0.0,0.0,0.0,0.0,0.0,0.0,0.0,0.0,0.0,0.0,0.0,0.0,0.0,0.0,0.0,0.0,0.0,0.0,0.0,0.0,0.0,0.0,0.0,0.0,0.0,0.0,0.0,0.0,0.0,0.0,0.0,0.0,0.0,0.01,0.01,0.01,0.02,0.03,0.05,0.07,0.1,0.15,0.21,0.28,0.39,0.53,0.71,0.94,1.22,1.58,2.02,2.55,3.17,3.91,4.76,5.73,6.81,8.01,9.3,10.68,12.13,13.61,15.1,16.57,17.99,19.31,20.53,21.6,22.51,23.25,23.82,24.21,24.46,24.57,24.57,24.5,24.39,24.26,24.15,24.07,24.05,24.07,24.15,24.26,24.39,24.51,24.58,24.58,24.48,24.25,23.86,23.31,22.59,21.7,20.66,19.48,18.2,16.83,15.42,14.0,12.6,11.24,9.96,8.77,7.69,6.72,5.87,5.13,4.51,3.99,3.56,3.21,2.92,2.69,2.49,2.32,2.17,2.03,1.9,1.77,1.65,1.52,1.39,1.26,1.13,1.0,0.88,0.77,0.66,0.56,0.47,0.39,0.32,0.26,0.21,0.17,0.13,0.1,0.08,0.06,0.04,0.03,0.02,0.02,0.01,0.01,0.01,0.0,0.0,0.0,0.0,0.0,0.0,0.0,0.0,0.0,0.0,0.0,0.0,0.0,0.0,0.0,0.0,0.0,0.0,0.0,0.0,0.0,0.0,0.0,0.0,0.0,0.0,0.0,0.0,0.0,0.0,0.0,0.0,0.0,0.0,0.0,0.0,0.0,0.0,0.0,0.0,0.0,0.0,0.0
5.61,5.29,4.44,3.31,2.19,1.29,0.68,0.32,0.13,0.05,0.02,0.0,0.0,0.0,0.0,0.0,0.0,0.0,0.0,0.0,0.0,0.0,0.0,0.0,0.0,0.0,0.0,0.0,0.0,0.0,0.0,0.0,0.0,0.0,0.0,0.0,0.0,0.0,0.0,0.01,0.05,0.17,0.5,1.37,3.31,7.1,13.56,23.01,34.72,46.58,55.56,58.92,55.56,46.58,34.72,23.01,13.56,7.1,3.31,1.37,0.5,0.17,0.05,0.01,0.0,0.0,0.0,0.0,0.0,0.0,0.0,0.0,0.0,0.0,0.0,0.0,0.0,0.0,0.0,0.0,0.0,0.0,0.0,0.0,0.0,0.0,0.0,0.0,0.0,0.0,0.0,0.0,0.0,0.0,0.0,0.0,0.0,0.0,0.0,0.0,0.0,0.0,0.0,0.0,0.0,0.0,0.0,0.0,0.0,0.0,0.0,0.0,0.0,0.0,0.0,0.0,0.0,0.0,0.0,0.0,0.0,0.0,0.0,0.0,0.0,0.0,0.0,0.0,0.0,0.0,0.0,0.0,0.0,0.0,0.0,0.0,0.0,0.0,0.0,0.0,0.0,0.0,0.0,0.01,0.01,0.01,0.02,0.03,0.04,0.06,0.08,0.12,0.17,0.23,0.32,0.43,0.58,0.77,1.01,1.3,1.66,2.09,2.61,3.21,3.91,4.71,5.6,6.58,7.64,8.78,9.96,11.18,12.41,13.62,14.78,15.87,16.87,17.75,18.5,19.11,19.57,19.9,20.1,20.19,20.19,20.13,20.04,19.94,19.84,19.78,19.76,19.78,19.85,19.94,20.04,20.14,20.2,20.2,20.11,19.92,19.6,19.15,18.55,17.82,16.96,15.99,14.93,13.81,12.64,11.47,10.31,9.18,8.12,7.13,6.23,5.43,4.72,4.11,3.58,3.15,2.78,2.49,2.24,2.05,1.88,1.74,1.62,1.51,1.41,1.31,1.21,1.11,1.02,0.92,0.83,0.73,0.64,0.56,0.48,0.41,0.34,0.29,0.23,0.19,0.15,0.12,0.09,0.07,0.06,0.04,0.03,0.02,0.02,0.01,0.01,0.01,0.0,0.0,0.0,0.0,0.0,0.0,0.0,0.0,0.0,0.0,0.0,0.0,0.0,0.0,0.0,0.0,0.0,0.0,0.0,0.0,0.0,0.0,0.0,0.0,0.0,0.0,0.0,0.0,0.0,0.0,0.0,0.0,0.0,0.0,0.0,0.0,0.0,0.0,0.0,0.0,0.0,0.0,0.0,0.0
2.32,2.19,1.84,1.37,0.91,0.53,0.28,0.13,0.05,0.02,0.01,0.0,0.0,0.0,0.0,0.0,0.0,0.0,0.0,0.0,0.0,0.0,0.0,0.0,0.0,0.0,0.0,0.0,0.0,0.0,0.0,0.0,0.0,0.0,0.0,0.0,0.0,0.0,0.0,0.02,0.06,0.22,0.68,1.84,4.44,9.53,18.19,30.87,46.58,62.49,74.54,79.05,74.54,62.49,46.58,30.87,18.19,9.53,4.44,1.84,0.68,0.22,0.06,0.02,0.0,0.0,0.0,0.0,0.0,0.0,0.0,0.0,0.0,0.0,0.0,0.0,0.0,0.0,0.0,0.0,0.0,0.0,0.0,0.0,0.0,0.0,0.0,0.0,0.0,0.0,0.0,0.0,0.0,0.0,0.0,0.0,0.0,0.0,0.0,0.0,0.0,0.0,0.0,0.0,0.0,0.0,0.0,0.0,0.0,0.0,0.0,0.0,0.0,0.0,0.0,0.0,0.0,0.0,0.0,0.0,0.0,0.0,0.0,0.0,0.0,0.0,0.0,0.0,0.0,0.0,0.0,0.0,0.0,0.0,0.0,0.0,0.0,0.0,0.0,0.0,0.0,0.0,0.0,0.0,0.01,0.01,0.01,0.02,0.03,0.05,0.07,0.1,0.14,0.19,0.26,0.35,0.47,0.62,0.82,1.06,1.35,1.7,2.12,2.61,3.18,3.82,4.55,5.34,6.21,7.13,8.09,9.08,10.08,11.06,12.0,12.89,13.7,14.41,15.02,15.51,15.89,16.16,16.32,16.39,16.39,16.35,16.27,16.19,16.11,16.06,16.04,16.06,16.11,16.19,16.27,16.35,16.4,16.4,16.33,16.17,15.91,15.54,15.06,14.46,13.76,12.97,12.11,11.19,10.24,9.29,8.34,7.42,6.55,5.74,5.0,4.34,3.76,3.25,2.82,2.46,2.16,1.91,1.71,1.54,1.41,1.29,1.2,1.11,1.03,0.95,0.88,0.81,0.74,0.67,0.6,0.53,0.46,0.4,0.35,0.3,0.25,0.21,0.17,0.14,0.11,0.09,0.07,0.05,0.04,0.03,0.02,0.02,0.01,0.01,0.01,0.0,0.0,0.0,0.0,0.0,0.0,0.0,0.0,0.0,0.0,0.0,0.0,0.0,0.0,0.0,0.0,0.0,0.0,0.0,0.0,0.0,0.0,0.0,0.0,0.0,0.0,0.0,0.0,0.0,0.0,0.0,0.0,0.0,0.0,0.0,0.0,0.0,0.0,0.0,0.0,0.0,0.0,0.0,0.0,0.0
0.86,0.81,0.68,0.5,0.33,0.2,0.1,0.05,0.02,0.01,0.0,0.0,0.0,0.0,0.0,0.0,0.0,0.0,0.0,0.0,0.0,0.0,0.0,0.0,0.0,0.0,0.0,0.0,0.0,0.0,0.0,0.0,0.0,0.0,0.0,0.0,0.0,0.0,0.0,0.02,0.08,0.26,0.81,2.19,5.29,11.36,21.69,36.82,55.56,74.54,88.91,94.29,88.91,74.54,55.56,36.82,21.69,11.36,5.29,2.19,0.81,0.26,0.08,0.02,0.0,0.0,0.0,0.0,0.0,0.0,0.0,0.0,0.0,0.0,0.0,0.0,0.0,0.0,0.0,0.0,0.0,0.0,0.0,0.0,0.0,0.0,0.0,0.0,0.0,0.0,0.0,0.0,0.0,0.0,0.0,0.0,0.0,0.0,0.0,0.0,0.0,0.0,0.0,0.0,0.0,0.0,0.0,0.0,0.0,0.0,0.0,0.0,0.0,0.0,0.0,0.0,0.0,0.0,0.0,0.0,0.0,0.0,0.0,0.0,0.0,0.0,0.0,0.0,0.0,0.0,0.0,0.0,0.0,0.0,0.0,0.0,0.0,0.0,0.0,0.0,0.0,0.0,0.0,0.0,0.01,0.01,0.01,0.02,0.03,0.04,0.06,0.08,0.11,0.15,0.21,0.28,0.38,0.5,0.66,0.85,1.08,1.36,1.7,2.09,2.55,3.07,3.65,4.29,4.98,5.72,6.49,7.29,8.08,8.87,9.63,10.34,10.99,11.56,12.05,12.45,12.75,12.96,13.09,13.15,13.15,13.12,13.06,12.99,12.93,12.89,12.87,12.89,12.93,12.99,13.06,13.12,13.16,13.16,13.1,12.98,12.77,12.47,12.08,11.6,11.04,10.4,9.71,8.97,8.2,7.43,6.67,5.93,5.23,4.57,3.97,3.44,2.96,2.55,2.2,1.9,1.66,1.46,1.29,1.16,1.05,0.95,0.88,0.81,0.75,0.69,0.63,0.58,0.53,0.48,0.43,0.38,0.33,0.29,0.25,0.21,0.18,0.15,0.12,0.1,0.08,0.06,0.05,0.04,0.03,0.02,0.02,0.01,0.01,0.01,0.0,0.0,0.0,0.0,0.0,0.0,0.0,0.0,0.0,0.0,0.0,0.0,0.0,0.0,0.0,0.0,0.0,0.0,0.0,0.0,0.0,0.0,0.0,0.0,0.0,0.0,0.0,0.0,0.0,0.0,0.0,0.0,0.0,0.0,0.0,0.0,0.0,0.0,0.0,0.0,0.0,0.0,0.0,0.0,0.0,0.0
0.28,0.26,0.22,0.17,0.11,0.06,0.03,0.02,0.01,0.0,0.0,0.0,0.0,0.0,0.0,0.0,0.0,0.0,0.0,0.0,0.0,0.0,0.0,0.0,0.0,0.0,0.0,0.0,0.0,0.0,0.0,0.0,0.0,0.0,0.0,0.0,0.0,0.0,0.0,0.02,0.08,0.28,0.86,2.32,5.61,12.05,23.01,39.05,58.92,79.05,94.29,100.0,94.29,79.05,58.92,39.05,23.01,12.05,5.61,2.32,0.86,0.28,0.08,0.02,0.0,0.0,0.0,0.0,0.0,0.0,0.0,0.0,0.0,0.0,0.0,0.0,0.0,0.0,0.0,0.0,0.0,0.0,0.0,0.0,0.0,0.0,0.0,0.0,0.0,0.0,0.0,0.0,0.0,0.0,0.0,0.0,0.0,0.0,0.0,0.0,0.0,0.0,0.0,0.0,0.0,0.0,0.0,0.0,0.0,0.0,0.0,0.0,0.0,0.0,0.0,0.0,0.0,0.0,0.0,0.0,0.0,0.0,0.0,0.0,0.0,0.0,0.0,0.0,0.0,0.0,0.0,0.0,0.0,0.0,0.0,0.0,0.0,0.0,0.0,0.0,0.0,0.0,0.0,0.0,0.0,0.01,0.01,0.01,0.02,0.03,0.04,0.06,0.09,0.12,0.17,0.22,0.3,0.4,0.52,0.67,0.86,1.08,1.35,1.66,2.02,2.43,2.89,3.4,3.95,4.53,5.15,5.78,6.41,7.03,7.63,8.2,8.71,9.17,9.56,9.87,10.11,10.28,10.38,10.43,10.43,10.4,10.35,10.3,10.25,10.22,10.21,10.22,10.25,10.3,10.35,10.4,10.43,10.43,10.39,10.29,10.12,9.88,9.58,9.19,8.75,8.24,7.69,7.1,6.49,5.88,5.27,4.68,4.12,3.6,3.12,2.69,2.31,1.98,1.7,1.46,1.26,1.1,0.97,0.86,0.77,0.7,0.64,0.58,0.53,0.49,0.45,0.41,0.37,0.34,0.3,0.27,0.23,0.2,0.17,0.15,0.12,0.1,0.08,0.07,0.06,0.04,0.03,0.03,0.02,0.02,0.01,0.01,0.01,0.0,0.0,0.0,0.0,0.0,0.0,0.0,0.0,0.0,0.0,0.0,0.0,0.0,0.0,0.0,0.0,0.0,0.0,0.0,0.0,0.0,0.0,0.0,0.0,0.0,0.0,0.0,0.0,0.0,0.0,0.0,0.0,0.0,0.0,0.0,0.0,0.0,0.0,0.0,0.0,0.0,0.0,0.0,0.0,0.0,0.0,0.0
