0.0,0.0,0.0,0.0,0.0,0.0,0.0,0.0,0.0,0.0,0.0,0.0,0.0,0.0,0.0,0.0,0.0,0.0,0.0,0.0,0.0,0.0,0.0,0.0,0.0,0.0,0.0,0.0,0.0,0.0,0.0,0.0,0.0,0.0,0.0,0.0,0.0,0.0,0.0,0.0,0.0,0.0,0.0,0.0,0.0,0.0,0.0,0.0,0.0,0.0,0.0,0.0,0.0,0.0,0.0,0.0,0.0,0.0,0.0,0.0,0.0,0.0,0.0,0.0,0.0,0.0,0.0,0.0,0.0,0.0,0.0,0.0,0.0,0.0,0.0,0.0,0.0,0.0,0.0,0.0,0.0,0.0,0.0,0.0,0.0,0.0,0.0,0.0,0.0,0.0,0.0,0.0,0.0,0.0,0.0,0.0,0.0,0.0,0.0,0.0,0.0,0.0,0.0,0.0,0.0,0.0,0.0,0.0,0.0,0.0,0.0,0.0,0.0,0.0,0.0,0.0,0.0,0.0,0.0,0.0,0.0,0.0,0.0,0.0,0.0,0.0,0.01,0.01,0.02,0.03,0.04,0.05,0.07,0.08,0.09,0.09,0.09,0.08,0.07,0.05,0.04,0.03,0.02,0.01,0.01,0.0,0.0,0.0,0.0,0.0,0.0,0.0,0.0,0.0,0.0,0.0,0.0,0.0,0.0,0.0,0.0,0.0,0.0,0.0,0.01,0.03,0.09,0.24,0.58,1.31,2.76,5.42,9.92,16.9,26.83,39.68,54.64,70.08,83.71,93.14,96.51,93.14,83.71,70.08,54.64,39.68,26.83,16.9,9.92,5.42,2.76,1.31,0.58,0.24,0.09,0.03,0.01,0.0,0.0,0.0,0.0,0.0,0.0,0.0,0.0,0.0,0.0,0.0,0.0,0.0,0.0,0.0,0.0,0.0,0.0,0.0,0.0,0.0,0.0,0.0,0.0,0.0,0.0,0.0,0.0,0.0,0.0,0.0,0.0,0.0,0.0,0.0,0.0,0.0,0.0,0.0,0.0,0.0,0.0,0.0,0.0,0.0,0.0,0.0,0.0,0.0,0.0,0.0,0.0,0.0,0.0,0.0,0.0,0.0,0.0,0.0,0.0,0.0,0.0,0.0,0.0,0.0,0.0,0.0,0.0,0.0,0.0,0.0,0.0,0.0,0.0,0.0,0.0,0.0,0.0,0.0,0.0,0.0,0.0,0.0,0.0,0.0,0.0,0.0,0.0,0.0,0.0,0.0,0.0,0.0,0.0,0.0,0.0,0.0,0.0,0.0,0.0,0.0,0.0,0.0
0.0,0.0,0.0,0.0,0.0,0.0,0.0,0.0,0.0,0.0,0.0,0.0,0.0,0.0,0.0,0.0,0.0,0.0,0.0,0.0,0.0,0.0,0.0,0.0,0.0,0.0,0.0,0.0,0.0,0.0,0.0,0.0,0.0,0.0,0.0,0.0,0.0,0.0,0.0,0.0,0.0,0.0,0.0,0.0,0.0,0.0,0.0,0.0,0.0,0.0,0.0,0.0,0.0,0.0,0.0,0.0,0.0,0.0,0.0,0.0,0.0,0.0,0.0,0.0,0.0,0.0,0.0,0.0,0.0,0.0,0.0,0.0,0.0,0.0,0.0,0.0,0.0,0.0,0.0,0.0,0.0,0.0,0.0,0.0,0.0,0.0,0.0,0.0,0.0,0.0,0.0,0.0,0.0,0.0,0.0,0.0,0.0,0.0,0.0,0.0,0.0,0.0,0.0,0.0,0.0,0.0,0.0,0.0,0.0,0.0,0.0,0.0,0.0,0.0,0.0,0.0,0.0,0.0,0.0,0.0,0.0,0.0,0.0,0.0,0.0,0.01,0.01,0.03,0.04,0.07,0.1,0.14,0.18,0.21,0.24,0.25,0.24,0.21,0.18,0.14,0.1,0.07,0.04,0.03,0.01,0.01,0.0,0.0,0.0,0.0,0.0,0.0,0.0,0.0,0.0,0.0,0.0,0.0,0.0,0.0,0.0,0.0,0.0,0.0,0.01,0.03,0.08,0.21,0.52,1.17,2.48,4.87,8.91,15.19,24.12,35.66,49.11,62.99,75.24,83.71,86.74,83.71,75.24,62.99,49.11,35.66,24.12,15.19,8.91,4.87,2.48,1.17,0.52,0.21,0.08,0.03,0.01,0.0,0.0,0.0,0.0,0.0,0.0,0.0,0.0,0.0,0.0,0.0,0.0,0.0,0.0,0.0,0.0,0.0,0.0,0.0,0.0,0.0,0.0,0.0,0.0,0.0,0.0,0.0,0.0,0.0,0.0,0.0,0.0,0.0,0.0,0.0,0.0,0.0,0.0,0.0,0.0,0.0,0.0,0.0,0.0,0.0,0.0,0.0,0.0,0.0,0.0,0.0,0.0,0.0,0.0,0.0,0.0,0.0,0.0,0.0,0.0,0.0,0.0,0.0,0.0,0.0,0.0,0.0,0.0,0.0,0.0,0.0,0.0,0.0,0.0,0.0,0.0,0.0,0.0,0.0,0.0,0.0,0.0,0.0,0.0,0.0,0.0,0.0,0.0,0.0,0.0,0.0,0.0,0.0,0.0,0.0,0.0,0.0,0.0,0.0,0.0,0.0,0.0,0.0
0.0,0.0,0.0,0.0,0.0,0.0,0.0,0.0,0.0,0.0,0.0,0.0,0.0,0.0,0.0,0.0,0.0,0.0,0.0,0.0,0.0,0.0,0.0,0.0,0.0,0.0,0.0,0.0,0.0,0.0,0.0,0.0,0.0,0.0,0.0,0.0,0.0,0.0,0.0,0.0,0.0,0.0,0.0,0.0,0.0,0.0,0.0,0.0,0.0,0.0,0.0,0.0,0.0,0.0,0.0,0.0,0.0,0.0,0.0,0.0,0.0,0.0,0.0,0.0,0.0,0.0,0.0,0.0,0.0,0.0,0.0,0.0,0.0,0.0,0.0,0.0,0.0,0.0,0.0,0.0,0.0,0.0,0.0,0.0,0.0,0.0,0.0,0.0,0.0,0.0,0.0,0.0,0.0,0.0,0.0,0.0,0.0,0.0,0.0,0.0,0.0,0.0,0.0,0.0,0.0,0.0,0.0,0.0,0.0,0.0,0.0,0.0,0.0,0.0,0.0,0.0,0.0,0.0,0.0,0.0,0.0,0.0,0.0,0.0,0.01,0.02,0.03,0.06,0.1,0.17,0.25,0.34,0.43,0.52,0.58,0.6,0.58,0.52,0.43,0.34,0.25,0.17,0.11,0.06,0.03,0.02,0.01,0.01,0.0,0.0,0.0,0.0,0.0,0.0,0.0,0.0,0.0,0.0,0.0,0.0,0.0,0.0,0.0,0.0,0.01,0.02,0.07,0.18,0.43,0.98,2.07,4.08,7.46,12.72,20.19,29.85,41.11,52.73,62.99,70.08,72.61,70.08,62.99,52.73,41.11,29.85,20.19,12.72,7.46,4.08,2.07,0.98,0.43,0.18,0.07,0.02,0.01,0.0,0.0,0.0,0.0,0.0,0.0,0.0,0.0,0.0,0.0,0.0,0.0,0.0,0.0,0.0,0.0,0.0,0.0,0.0,0.0,0.0,0.0,0.0,0.0,0.0,0.0,0.0,0.0,0.0,0.0,0.0,0.0,0.0,0.0,0.0,0.0,0.0,0.0,0.0,0.0,0.0,0.0,0.0,0.0,0.0,0.0,0.0,0.0,0.0,0.0,0.0,0.0,0.0,0.0,0.0,0.0,0.0,0.0,0.0,0.0,0.0,0.0,0.0,0.0,0.0,0.0,0.0,0.0,0.0,0.0,0.0,0.0,0.0,0.0,0.0,0.0,0.0,0.0,0.0,0.0,0.0,0.0,0.0,0.0,0.0,0.0,0.0,0.0,0.0,0.0,0.0,0.0,0.0,0.0,0.0,0.0,0.0,0.0,0.0,0.0,0.0,0.0,0.0
0.0,0.0,0.0,0.0,0.0,0.0,0.0,0.0,0.0,0.0,0.0,0.0,0.0,0.0,0.0,0.0,0.0,0.0,0.0,0.0,0.0,0.0,0.0,0.0,0.0,0.0,0.0,0.0,0.0,0.0,0.0,0.0,0.0,0.0,0.0,0.0,0.0,0.0,0.0,0.0,0.0,0.0,0.0,0.0,0.0,0.0,0.0,0.0,0.0,0.0,0.0,0.0,0.0,0.0,0.0,0.0,0.0,0.0,0.0,0.0,0.0,0.0,0.0,0.0,0.0,0.0,0.0,0.0,0.0,0.0,0.0,0.0,0.0,0.0,0.0,0.0,0.0,0.0,0.0,0.0,0.0,0.0,0.0,0.0,0.0,0.0,0.0,0.0,0.0,0.0,0.0,0.0,0.0,0.0,0.0,0.0,0.0,0.0,0.0,0.0,0.0,0.0,0.0,0.0,0.0,0.0,0.0,0.0,0.0,0.0,0.0,0.0,0.0,0.0,0.0,0.0,0.0,0.0,0.0,0.0,0.0,0.0,0.0,0.01,0.02,0.04,0.08,0.14,0.24,0.38,0.56,0.77,0.98,1.17,1.31,1.35,1.31,1.17,0.98,0.77,0.56,0.38,0.24,0.14,0.08,0.04,0.02,0.02,0.01,0.01,0.01,0.01,0.01,0.01,0.01,0.0,0.0,0.0,0.0,0.0,0.0,0.0,0.0,0.0,0.01,0.02,0.05,0.14,0.34,0.77,1.62,3.18,5.82,9.92,15.74,23.28,32.05,41.11,49.11,54.64,56.62,54.64,49.11,41.11,32.05,23.28,15.74,9.92,5.82,3.18,1.62,0.77,0.34,0.14,0.05,0.02,0.01,0.0,0.0,0.0,0.0,0.0,0.0,0.0,0.0,0.0,0.0,0.0,0.0,0.0,0.0,0.0,0.0,0.0,0.0,0.0,0.0,0.0,0.0,0.0,0.0,0.0,0.0,0.0,0.0,0.0,0.0,0.0,0.0,0.0,0.0,0.0,0.0,0.0,0.0,0.0,0.0,0.0,0.0,0.0,0.0,0.0,0.0,0.0,0.0,0.0,0.0,0.0,0.0,0.0,0.0,0.0,0.0,0.0,0.0,0.0,0.0,0.0,0.0,0.0,0.0,0.0,0.0,0.0,0.0,0.0,0.0,0.0,0.0,0.0,0.0,0.0,0.0,0.0,0.0,0.0,0.0,0.0,0.0,0.0,0.0,0.0,0.0,0.0,0.0,0.0,0.0,0.0,0.0,0.0,0.0,0.0,0.0,0.0,0.0,0.0,0.0,0.0,0.0,0.0
0.0,0.0,0.0,0.0,0.0,0.0,0.0,0.0,0.0,0.0,0.0,0.0,0.0,0.0,0.0,0.0,0.0,0.0,0.0,0.0,0.0,0.0,0.0,0.0,0.0,0.0,0.0,0.0,0.0,0.0,0.0,0.0,0.0,0.0,0.0,0.0,0.0,0.0,0.0,0.0,0.0,0.0,0.0,0.0,0.0,0.0,0.0,0.0,0.0,0.0,0.0,0.0,0.0,0.0,0.0,0.0,0.0,0.0,0.0,0.0,0.0,0.0,0.0,0.0,0.0,0.0,0.0,0.0,0.0,0.0,0.0,0.0,0.0,0.0,0.0,0.0,0.0,0.0,0.0,0.0,0.0,0.0,0.0,0.0,0.0,0.0,0.0,0.0,0.0,0.0,0.0,0.0,0.0,0.0,0.0,0.0,0.0,0.0,0.0,0.0,0.0,0.0,0.0,0.0,0.0,0.0,0.0,0.0,0.0,0.0,0.0,0.0,0.0,0.0,0.0,0.0,0.0,0.0,0.0,0.0,0.0,0.0,0.01,0.02,0.04,0.08,0.16,0.29,0.5,0.79,1.17,1.62,2.07,2.48,2.76,2.86,2.76,2.48,2.07,1.62,1.18,0.8,0.5,0.3,0.17,0.1,0.06,0.04,0.04,0.04,0.03,0.03,0.03,0.02,0.02,0.01,0.01,0.01,0.0,0.0,0.0,0.0,0.0,0.0,0.0,0.01,0.04,0.1,0.25,0.56,1.17,2.31,4.22,7.2,11.43,16.9,23.28,29.85,35.66,39.68,41.11,39.68,35.66,29.85,23.28,16.9,11.43,7.2,4.22,2.31,1.17,0.56,0.25,0.1,0.04,0.01,0.0,0.0,0.0,0.0,0.0,0.0,0.0,0.0,0.0,0.0,0.0,0.0,0.0,0.0,0.0,0.0,0.0,0.0,0.0,0.0,0.0,0.0,0.0,0.0,0.0,0.0,0.0,0.0,0.0,0.0,0.0,0.0,0.0,0.0,0.0,0.0,0.0,0.0,0.0,0.0,0.0,0.0,0.0,0.0,0.0,0.0,0.0,0.0,0.0,0.0,0.0,0.0,0.0,0.0,0.0,0.0,0.0,0.0,0.0,0.0,0.0,0.0,0.0,0.0,0.0,0.0,0.0,0.0,0.0,0.0,0.0,0.0,0.0,0.0,0.0,0.0,0.0,0.0,0.0,0.0,0.0,0.0,0.0,0.0,0.0,0.0,0.0,0.0,0.0,0.0,0.0,0.0,0.0,0.0,0.0,0.0,0.0,0.0,0.0,0.0,0.0,0.0,0.0,0.0
0.0,0.0,0.0,0.0,0.0,0.0,0.0,0.0,0.0,0.0,0.0,0.0,0.0,0.0,0.0,0.0,0.0,0.0,0.0,0.0,0.0,0.0,0.0,0.0,0.0,0.0,0.0,0.0,0.0,0.0,0.0,0.0,0.0,0.0,0.0,0.0,0.0,0.0,0.0,0.0,0.0,0.0,0.0,0.0,0.0,0.0,0.0,0.0,0.0,0.0,0.0,0.0,0.0,0.0,0.0,0.0,0.0,0.0,0.0,0.0,0.0,0.0,0.0,0.0,0.0,0.0,0.0,0.0,0.0,0.0,0.0,0.0,0.0,0.0,0.0,0.0,0.0,0.0,0.0,0.0,0.0,0.0,0.0,0.0,0.0,0.0,0.0,0.0,0.0,0.0,0.0,0.0,0.0,0.0,0.0,0.0,0.0,0.0,0.0,0.0,0.0,0.0,0.0,0.0,0.0,0.0,0.0,0.0,0.0,0.0,0.0,0.0,0.0,0.0,0.0,0.0,0.0,0.0,0.0,0.0,0.0,0.01,0.01,0.03,0.08,0.16,0.32,0.58,0.98,1.56,2.31,3.18,4.08,4.87,5.42,5.61,5.42,4.87,4.08,3.18,2.31,1.57,0.99,0.59,0.34,0.2,0.13,0.1,0.1,0.1,0.1,0.09,0.08,0.07,0.05,0.04,0.03,0.02,0.01,0.01,0.0,0.0,0.0,0.0,0.0,0.01,0.03,0.07,0.17,0.38,0.79,1.56,2.86,4.87,7.73,11.43,15.74,20.19,24.12,26.83,27.8,26.83,24.12,20.19,15.74,11.43,7.73,4.87,2.86,1.56,0.79,0.38,0.17,0.07,0.03,0.01,0.0,0.0,0.0,0.0,0.0,0.0,0.0,0.0,0.0,0.0,0.0,0.0,0.0,0.0,0.0,0.0,0.0,0.0,0.0,0.0,0.0,0.0,0.0,0.0,0.0,0.0,0.0,0.0,0.0,0.0,0.0,0.0,0.0,0.0,0.0,0.0,0.0,0.0,0.0,0.0,0.0,0.0,0.0,0.0,0.0,0.0,0.0,0.0,0.0,0.0,0.0,0.0,0.0,0.0,0.0,0.0,0.0,0.0,0.0,0.0,0.0,0.0,0.0,0.0,0.0,0.0,0.0,0.0,0.0,0.0,0.0,0.0,0.0,0.0,0.0,0.0,0.0,0.0,0.0,0.0,0.0,0.0,0.0,0.0,0.0,0.0,0.0,0.0,0.0,0.0,0.0,0.0,0.0,0.0,0.0,0.0,0.0,0.0,0.0,0.0,0.0,0.0,0.0,0.0
0.0,0.0,0.0,0.0,0.0,0.0,0.0,0.0,0.0,0.0,0.0,0.0,0.0,0.0,0.0,0.0,0.0,0.0,0.0,0.0,0.0,0.0,0.0,0.0,0.0,0.0,0.0,0.0,0.0,0.0,0.0,0.0,0.0,0.0,0.0,0.0,0.0,0.0,0.0,0.0,0.0,0.0,0.0,0.0,0.0,0.0,0.0,0.0,0.0,0.0,0.0,0.0,0.0,0.0,0.0,0.0,0.0,0.0,0.0,0.0,0.0,0.0,0.0,0.0,0.0,0.0,0.0,0.0,0.0,0.0,0.0,0.0,0.0,0.0,0.0,0.0,0.0,0.0,0.0,0.0,0.0,0.0,0.0,0.0,0.0,0.0,0.0,0.0,0.0,0.0,0.0,0.0,0.0,0.0,0.0,0.0,0.0,0.0,0.0,0.0,0.0,0.0,0.0,0.0,0.0,0.0,0.0,0.0,0.0,0.0,0.0,0.0,0.0,0.0,0.0,0.0,0.0,0.0,0.0,0.0,0.0,0.01,0.03,0.06,0.14,0.29,0.58,1.06,1.8,2.86,4.22,5.82,7.46,8.91,9.92,10.27,9.92,8.91,7.46,5.82,4.23,2.87,1.82,1.1,0.65,0.39,0.28,0.24,0.24,0.25,0.25,0.24,0.21,0.18,0.14,0.1,0.07,0.04,0.03,0.01,0.01,0.0,0.0,0.0,0.0,0.01,0.02,0.04,0.1,0.24,0.5,0.98,1.8,3.07,4.87,7.2,9.92,12.72,15.19,16.9,17.51,16.9,15.19,12.72,9.92,7.2,4.87,3.07,1.8,0.98,0.5,0.24,0.1,0.04,0.02,0.01,0.0,0.0,0.0,0.0,0.0,0.0,0.0,0.0,0.0,0.0,0.0,0.0,0.0,0.0,0.0,0.0,0.0,0.0,0.0,0.0,0.0,0.0,0.0,0.0,0.0,0.0,0.0,0.0,0.0,0.0,0.0,0.0,0.0,0.0,0.0,0.0,0.0,0.0,0.0,0.0,0.0,0.0,0.0,0.0,0.0,0.0,0.0,0.0,0.0,0.0,0.0,0.0,0.0,0.0,0.0,0.0,0.0,0.0,0.0,0.0,0.0,0.0,0.0,0.0,0.0,0.0,0.0,0.0,0.0,0.0,0.0,0.0,0.0,0.0,0.0,0.0,0.0,0.0,0.0,0.0,0.0,0.0,0.0,0.0,0.0,0.0,0.0,0.0,0.0,0.0,0.0,0.0,0.0,0.0,0.0,0.0,0.0,0.0,0.0,0.0,0.0,0.0,0.0,0.0
0.0,0.0,0.0,0.0,0.0,0.0,0.0,0.0,0.0,0.0,0.0,0.0,0.0,0.0,0.0,0.0,0.0,0.0,0.0,0.0,0.0,0.0,0.0,0.0,0.0,0.0,0.0,0.0,0.0,0.0,0.0,0.0,0.0,0.0,0.0,0.0,0.0,0.0,0.0,0.0,0.0,0.0,0.0,0.0,0.0,0.0,0.0,0.0,0.0,0.0,0.0,0.0,0.0,0.0,0.0,0.0,0.0,0.0,0.0,0.0,0.0,0.0,0.0,0.0,0.0,0.0,0.0,0.0,0.0,0.0,0.0,0.0,0.0,0.0,0.0,0.0,0.0,0.0,0.0,0.0,0.0,0.0,0.0,0.0,0.0,0.0,0.0,0.0,0.0,0.0,0.0,0.0,0.0,0.0,0.0,0.0,0.0,0.0,0.0,0.0,0.0,0.0,0.0,0.0,0.0,0.0,0.0,0.0,0.0,0.0,0.0,0.0,0.0,0.0,0.0,0.0,0.0,0.0,0.0,0.0,0.01,0.02,0.05,0.11,0.24,0.5,0.99,1.8,3.07,4.87,7.2,9.92,12.72,15.19,16.9,17.51,16.9,15.19,12.72,9.92,7.22,4.9,3.13,1.9,1.15,0.75,0.58,0.54,0.56,0.59,0.6,0.58,0.52,0.43,0.34,0.25,0.17,0.1,0.06,0.03,0.02,0.01,0.0,0.0,0.0,0.0,0.01,0.03,0.06,0.14,0.29,0.58,1.06,1.8,2.86,4.22,5.82,7.46,8.91,9.92,10.27,9.92,8.91,7.46,5.82,4.22,2.86,1.8,1.06,0.58,0.29,0.14,0.06,0.03,0.01,0.0,0.0,0.0,0.0,0.0,0.0,0.0,0.0,0.0,0.0,0.0,0.0,0.0,0.0,0.0,0.0,0.0,0.0,0.0,0.0,0.0,0.0,0.0,0.0,0.0,0.0,0.0,0.0,0.0,0.0,0.0,0.0,0.0,0.0,0.0,0.0,0.0,0.0,0.0,0.0,0.0,0.0,0.0,0.0,0.0,0.0,0.0,0.0,0.0,0.0,0.0,0.0,0.0,0.0,0.0,0.0,0.0,0.0,0.0,0.0,0.0,0.0,0.0,0.0,0.0,0.0,0.0,0.0,0.0,0.0,0.0,0.0,0.0,0.0,0.0,0.0,0.0,0.0,0.0,0.0,0.0,0.0,0.0,0.0,0.0,0.0,0.0,0.0,0.0,0.0,0.0,0.0,0.0,0.0,0.0,0.0,0.0,0.0,0.0,0.0,0.0,0.0,0.0,0.0,0.0
0.0,0.0,0.0,0.0,0.0,0.0,0.0,0.0,0.0,0.0,0.0,0.0,0.0,0.0,0.0,0.0,0.0,0.0,0.0,0.0,0.0,0.0,0.0,0.0,0.0,0.0,0.0,0.0,0.0,0.0,0.0,0.0,0.0,0.0,0.0,0.0,0.0,0.0,0.0,0.0,0.0,0.0,0.0,0.0,0.0,0.0,0.0,0.0,0.0,0.0,0.0,0.0,0.0,0.0,0.0,0.0,0.0,0.0,0.0,0.0,0.0,0.0,0.0,0.0,0.0,0.0,0.0,0.0,0.0,0.0,0.0,0.0,0.0,0.0,0.0,0.0,0.0,0.0,0.0,0.0,0.0,0.0,0.0,0.0,0.0,0.0,0.0,0.0,0.0,0.0,0.0,0.0,0.0,0.0,0.0,0.0,0.0,0.0,0.0,0.0,0.0,0.0,0.0,0.0,0.0,0.0,0.0,0.0,0.0,0.0,0.0,0.0,0.0,0.0,0.0,0.0,0.0,0.0,0.0,0.01,0.01,0.03,0.08,0.18,0.39,0.81,1.57,2.87,4.88,7.74,11.44,15.74,20.19,24.12,26.83,27.8,26.83,24.12,20.2,15.76,11.47,7.81,5.01,3.09,1.94,1.35,1.14,1.15,1.24,1.33,1.36,1.31,1.18,0.98,0.77,0.56,0.38,0.24,0.14,0.08,0.04,0.02,0.01,0.0,0.0,0.0,0.01,0.01,0.03,0.08,0.16,0.32,0.58,0.98,1.56,2.31,3.18,4.08,4.87,5.42,5.61,5.42,4.87,4.08,3.18,2.31,1.56,0.98,0.58,0.32,0.16,0.08,0.03,0.02,0.01,0.01,0.01,0.01,0.01,0.01,0.01,0.01,0.01,0.01,0.01,0.0,0.0,0.0,0.0,0.0,0.0,0.0,0.0,0.0,0.0,0.0,0.0,0.0,0.0,0.0,0.0,0.0,0.0,0.0,0.0,0.0,0.0,0.0,0.0,0.0,0.0,0.0,0.0,0.0,0.0,0.0,0.0,0.0,0.0,0.0,0.0,0.0,0.0,0.0,0.0,0.0,0.0,0.0,0.0,0.0,0.0,0.0,0.0,0.0,0.0,0.0,0.0,0.0,0.0,0.0,0.0,0.0,0.0,0.0,0.0,0.0,0.0,0.0,0.0,0.0,0.0,0.0,0.0,0.0,0.0,0.0,0.0,0.0,0.0,0.0,0.0,0.0,0.0,0.0,0.0,0.0,0.0,0.0,0.0,0.0,0.0,0.0,0.0,0.0,0.0,0.0,0.0,0.0,0.0,0.0
0.0,0.0,0.0,0.0,0.0,0.0,0.0,0.0,0.0,0.0,0.0,0.0,0.0,0.0,0.0,0.0,0.0,0.0,0.0,0.0,0.0,0.0,0.0,0.0,0.0,0.0,0.0,0.0,0.0,0.0,0.0,0.0,0.0,0.0,0.0,0.0,0.0,0.0,0.0,0.0,0.0,0.0,0.0,0.0,0.0,0.0,0.0,0.0,0.0,0.0,0.0,0.0,0.0,0.0,0.0,0.0,0.0,0.0,0.0,0.0,0.0,0.0,0.0,0.0,0.0,0.0,0.0,0.0,0.0,0.0,0.0,0.0,0.0,0.0,0.0,0.0,0.0,0.0,0.0,0.0,0.0,0.0,0.0,0.0,0.0,0.0,0.0,0.0,0.0,0.0,0.0,0.0,0.0,0.0,0.0,0.0,0.0,0.0,0.0,0.0,0.0,0.0,0.0,0.0,0.0,0.0,0.0,0.0,0.0,0.0,0.0,0.0,0.0,0.0,0.0,0.0,0.0,0.0,0.01,0.01,0.03,0.06,0.13,0.27,0.59,1.21,2.34,4.25,7.22,11.45,16.92,23.28,29.86,35.66,39.68,41.11,39.68,35.67,29.87,23.31,16.98,11.59,7.49,4.72,3.1,2.35,2.17,2.32,2.58,2.8,2.87,2.76,2.48,2.07,1.62,1.17,0.79,0.5,0.29,0.16,0.08,0.04,0.02,0.01,0.0,0.0,0.0,0.01,0.02,0.04,0.08,0.16,0.29,0.5,0.79,1.17,1.62,2.07,2.48,2.76,2.86,2.76,2.48,2.07,1.62,1.17,0.79,0.5,0.29,0.16,0.08,0.04,0.02,0.01,0.01,0.01,0.02,0.02,0.03,0.03,0.03,0.03,0.03,0.02,0.02,0.01,0.01,0.01,0.0,0.0,0.0,0.0,0.0,0.0,0.0,0.0,0.0,0.0,0.0,0.0,0.0,0.0,0.0,0.0,0.0,0.0,0.0,0.0,0.0,0.0,0.0,0.0,0.0,0.0,0.0,0.0,0.0,0.0,0.0,0.0,0.0,0.0,0.0,0.0,0.0,0.0,0.0,0.0,0.0,0.0,0.0,0.0,0.0,0.0,0.0,0.0,0.0,0.0,0.0,0.0,0.0,0.0,0.0,0.0,0.0,0.0,0.0,0.0,0.0,0.0,0.0,0.0,0.0,0.0,0.0,0.0,0.0,0.0,0.0,0.0,0.0,0.0,0.0,0.0,0.0,0.0,0.0,0.0,0.0,0.0,0.0,0.0,0.0,0.0,0.0,0.0,0.0,0.0,0.0,0.0
0.0,0.0,0.0,0.0,0.0,0.0,0.0,0.0,0.0,0.0,0.0,0.0,0.0,0.0,0.0,0.0,0.0,0.0,0.0,0.0,0.0,0.0,0.0,0.0,0.0,0.0,0.0,0.0,0.0,0.0,0.0,0.0,0.0,0.0,0.0,0.0,0.0,0.0,0.0,0.0,0.0,0.0,0.0,0.0,0.0,0.0,0.0,0.0,0.0,0.0,0.0,0.0,0.0,0.0,0.0,0.0,0.0,0.0,0.0,0.0,0.0,0.0,0.0,0.0,0.0,0.0,0.0,0.0,0.0,0.0,0.0,0.0,0.0,0.0,0.0,0.0,0.0,0.0,0.0,0.0,0.0,0.0,0.0,0.0,0.0,0.0,0.0,0.0,0.0,0.0,0.0,0.0,0.0,0.0,0.0,0.0,0.0,0.0,0.0,0.0,0.0,0.0,0.0,0.0,0.0,0.0,0.0,0.0,0.0,0.0,0.0,0.0,0.0,0.0,0.0,0.0,0.01,0.01,0.02,0.03,0.06,0.11,0.21,0.42,0.86,1.71,3.27,5.9,9.98,15.79,23.31,32.08,41.13,49.12,54.64,56.62,54.64,49.12,41.15,32.13,23.44,16.06,10.49,6.8,4.74,3.93,3.94,4.41,5.01,5.47,5.63,5.42,4.87,4.08,3.18,2.31,1.56,0.98,0.58,0.32,0.16,0.08,0.03,0.01,0.01,0.0,0.0,0.0,0.01,0.02,0.04,0.08,0.14,0.24,0.38,0.56,0.77,0.98,1.17,1.31,1.35,1.31,1.17,0.98,0.77,0.56,0.38,0.24,0.14,0.08,0.04,0.02,0.02,0.02,0.03,0.04,0.05,0.07,0.08,0.09,0.09,0.09,0.08,0.07,0.05,0.04,0.03,0.02,0.01,0.01,0.0,0.0,0.0,0.0,0.0,0.0,0.0,0.0,0.0,0.0,0.0,0.0,0.0,0.0,0.0,0.0,0.0,0.0,0.0,0.0,0.0,0.0,0.0,0.0,0.0,0.0,0.0,0.0,0.0,0.0,0.0,0.0,0.0,0.0,0.0,0.0,0.0,0.0,0.0,0.0,0.0,0.0,0.0,0.0,0.0,0.0,0.0,0.0,0.0,0.0,0.0,0.0,0.0,0.0,0.0,0.0,0.0,0.0,0.0,0.0,0.0,0.0,0.0,0.0,0.0,0.0,0.0,0.0,0.0,0.0,0.0,0.0,0.0,0.0,0.0,0.0,0.0,0.0,0.0,0.0,0.0,0.0,0.0,0.0,0.0,0.0,0.0,0.0,0.0,0.0
0.0,0.0,0.0,0.0,0.0,0.0,0.0,0.0,0.0,0.0,0.0,0.0,0.0,0.0,0.0,0.0,0.0,0.0,0.0,0.0,0.0,0.0,0.0,0.0,0.0,0.0,0.0,0.0,0.0,0.0,0.0,0.0,0.0,0.0,0.0,0.0,0.0,0.0,0.0,0.0,0.0,0.0,0.0,0.0,0.0,0.0,0.0,0.0,0.0,0.0,0.0,0.0,0.0,0.0,0.0,0.0,0.0,0.0,0.0,0.0,0.0,0.0,0.0,0.0,0.0,0.0,0.0,0.0,0.0,0.0,0.0,0.0,0.0,0.0,0.0,0.0,0.0,0.0,0.0,0.0,0.0,0.0,0.0,0.0,0.0,0.0,0.0,0.0,0.0,0.0,0.0,0.0,0.0,0.0,0.0,0.0,0.0,0.0,0.0,0.0,0.0,0.0,0.0,0.0,0.0,0.0,0.0,0.0,0.0,0.0,0.0,0.0,0.0,0.0,0.0,0.01,0.01,0.03,0.05,0.08,0.13,0.21,0.36,0.65,1.22,2.32,4.31,7.67,12.9,20.33,29.95,41.18,52.77,63.01,70.09,72.63,70.09,63.01,52.79,41.25,30.15,20.77,13.77,9.26,6.93,6.3,6.8,7.89,9.09,9.98,10.3,9.92,8.91,7.46,5.82,4.22,2.86,1.8,1.06,0.58,0.29,0.14,0.06,0.03,0.01,0.0,0.0,0.0,0.0,0.01,0.02,0.03,0.06,0.1,0.17,0.25,0.34,0.43,0.52,0.58,0.6,0.58,0.52,0.43,0.34,0.25,0.17,0.11,0.06,0.04,0.02,0.02,0.03,0.04,0.07,0.1,0.14,0.18,0.21,0.24,0.25,0.24,0.21,0.18,0.14,0.1,0.07,0.04,0.03,0.01,0.01,0.0,0.0,0.0,0.0,0.0,0.0,0.0,0.0,0.0,0.0,0.0,0.0,0.0,0.0,0.0,0.0,0.0,0.0,0.0,0.0,0.0,0.0,0.0,0.0,0.0,0.0,0.0,0.0,0.0,0.0,0.0,0.0,0.0,0.0,0.0,0.0,0.0,0.0,0.0,0.0,0.0,0.0,0.0,0.0,0.0,0.0,0.0,0.0,0.0,0.0,0.0,0.0,0.0,0.0,0.0,0.0,0.0,0.0,0.0,0.0,0.0,0.0,0.0,0.0,0.0,0.0,0.0,0.0,0.0,0.0,0.0,0.0,0.0,0.0,0.0,0.0,0.0,0.0,0.0,0.0,0.0,0.0,0.0,0.0,0.0,0.0,0.0,0.0,0.0
0.0,0.0,0.0,0.0,0.0,0.0,0.0,0.0,0.0,0.0,0.0,0.0,0.0,0.0,0.0,0.0,0.0,0.0,0.0,0.0,0.0,0.0,0.0,0.0,0.0,0.0,0.0,0.0,0.0,0.0,0.0,0.0,0.0,0.0,0.0,0.0,0.0,0.0,0.0,0.0,0.0,0.0,0.0,0.0,0.0,0.0,0.0,0.0,0.0,0.0,0.0,0.0,0.0,0.0,0.0,0.0,0.0,0.0,0.0,0.0,0.0,0.0,0.0,0.0,0.0,0.0,0.0,0.0,0.0,0.0,0.0,0.0,0.0,0.0,0.0,0.0,0.0,0.0,0.0,0.0,0.0,0.0,0.0,0.0,0.0,0.0,0.0,0.0,0.0,0.0,0.0,0.0,0.0,0.0,0.0,0.0,0.0,0.0,0.0,0.0,0.0,0.0,0.0,0.0,0.0,0.0,0.0,0.0,0.0,0.0,0.0,0.0,0.0,0.0,0.01,0.02,0.03,0.06,0.11,0.18,0.27,0.42,0.65,1.04,1.75,3.08,5.45,9.43,15.63,24.46,35.91,49.28,63.09,75.31,83.75,86.77,83.74,75.29,63.09,49.35,36.16,25.1,16.99,11.98,9.74,9.68,11.09,13.24,15.4,16.98,17.54,16.91,15.19,12.72,9.92,7.2,4.87,3.07,1.8,0.98,0.5,0.24,0.1,0.04,0.02,0.01,0.0,0.0,0.0,0.0,0.01,0.01,0.03,0.04,0.07,0.1,0.14,0.18,0.21,0.24,0.25,0.24,0.21,0.18,0.14,0.1,0.07,0.04,0.03,0.02,0.02,0.04,0.06,0.11,0.17,0.25,0.34,0.43,0.52,0.58,0.6,0.58,0.52,0.43,0.34,0.25,0.17,0.1,0.06,0.03,0.02,0.01,0.0,0.0,0.0,0.0,0.0,0.0,0.0,0.0,0.0,0.0,0.0,0.0,0.0,0.0,0.0,0.0,0.0,0.0,0.0,0.0,0.0,0.0,0.0,0.0,0.0,0.0,0.0,0.0,0.0,0.0,0.0,0.0,0.0,0.0,0.0,0.0,0.0,0.0,0.0,0.0,0.0,0.0,0.0,0.0,0.0,0.0,0.0,0.0,0.0,0.0,0.0,0.0,0.0,0.0,0.0,0.0,0.0,0.0,0.0,0.0,0.0,0.0,0.0,0.0,0.0,0.0,0.0,0.0,0.0,0.0,0.0,0.0,0.0,0.0,0.0,0.0,0.0,0.0,0.0,0.0,0.0,0.0,0.0,0.0,0.0,0.0,0.0,0.0
0.0,0.0,0.0,0.0,0.0,0.0,0.0,0.0,0.0,0.0,0.0,0.0,0.0,0.0,0.0,0.0,0.0,0.0,0.0,0.0,0.0,0.0,0.0,0.0,0.0,0.0,0.0,0.0,0.0,0.0,0.0,0.0,0.0,0.0,0.0,0.0,0.0,0.0,0.0,0.0,0.0,0.0,0.0,0.0,0.0,0.0,0.0,0.0,0.0,0.0,0.0,0.0,0.0,0.0,0.0,0.0,0.0,0.0,0.0,0.0,0.0,0.0,0.0,0.0,0.0,0.0,0.0,0.0,0.0,0.0,0.0,0.0,0.0,0.0,0.0,0.0,0.0,0.0,0.0,0.0,0.0,0.0,0.0,0.0,0.0,0.0,0.0,0.0,0.0,0.0,0.0,0.0,0.0,0.0,0.0,0.0,0.0,0.0,0.0,0.0,0.0,0.0,0.0,0.0,0.0,0.0,0.0,0.0,0.0,0.0,0.0,0.0,0.0,0.01,0.02,0.04,0.08,0.14,0.24,0.39,0.59,0.86,1.22,1.75,2.61,4.11,6.72,11.09,17.88,27.6,40.23,55.01,70.32,83.85,93.21,96.55,93.18,83.79,70.25,55.02,40.47,28.39,19.76,14.78,13.15,14.19,17.05,20.77,24.35,26.92,27.84,26.84,24.12,20.19,15.74,11.43,7.73,4.87,2.86,1.56,0.79,0.38,0.17,0.07,0.03,0.01,0.0,0.0,0.0,0.0,0.0,0.01,0.01,0.02,0.03,0.04,0.05,0.07,0.08,0.09,0.09,0.09,0.08,0.07,0.05,0.04,0.03,0.02,0.02,0.02,0.04,0.08,0.14,0.24,0.38,0.56,0.77,0.98,1.17,1.31,1.35,1.31,1.17,0.98,0.77,0.56,0.38,0.24,0.14,0.08,0.04,0.02,0.01,0.0,0.0,0.0,0.0,0.0,0.0,0.0,0.0,0.0,0.0,0.0,0.0,0.0,0.0,0.0,0.0,0.0,0.0,0.0,0.0,0.0,0.0,0.0,0.0,0.0,0.0,0.0,0.0,0.0,0.0,0.0,0.0,0.0,0.0,0.0,0.0,0.0,0.0,0.0,0.0,0.0,0.0,0.0,0.0,0.0,0.0,0.0,0.0,0.0,0.0,0.0,0.0,0.0,0.0,0.0,0.0,0.0,0.0,0.0,0.0,0.0,0.0,0.0,0.0,0.0,0.0,0.0,0.0,0.0,0.0,0.0,0.0,0.0,0.0,0.0,0.0,0.0,0.0,0.0,0.0,0.0,0.0,0.0,0.0,0.0,0.0,0.0
0.0,0.0,0.0,0.0,0.0,0.0,0.0,0.0,0.0,0.0,0.0,0.0,0.0,0.0,0.0,0.0,0.0,0.0,0.0,0.0,0.0,0.0,0.0,0.0,0.0,0.0,0.0,0.0,0.0,0.0,0.0,0.0,0.0,0.0,0.0,0.0,0.0,0.0,0.0,0.0,0.0,0.0,0.0,0.0,0.0,0.0,0.0,0.0,0.0,0.0,0.0,0.0,0.0,0.0,0.0,0.0,0.0,0.0,0.0,0.0,0.0,0.0,0.0,0.0,0.0,0.0,0.0,0.0,0.0,0.0,0.0,0.0,0.0,0.0,0.0,0.0,0.0,0.0,0.0,0.0,0.0,0.0,0.0,0.0,0.0,0.0,0.0,0.0,0.0,0.0,0.0,0.0,0.0,0.0,0.0,0.0,0.0,0.0,0.0,0.0,0.0,0.0,0.0,0.0,0.0,0.0,0.0,0.0,0.0,0.0,0.0,0.0,0.01,0.02,0.04,0.08,0.16,0.29,0.5,0.81,1.21,1.71,2.32,3.08,4.11,5.71,8.37,12.75,19.59,29.42,42.29,57.41,73.12,87.04,96.67,100.1,96.58,86.86,72.87,57.17,42.29,30.11,21.74,17.47,17.04,19.76,24.63,30.45,35.91,39.77,41.14,39.69,35.66,29.85,23.28,16.9,11.43,7.2,4.22,2.31,1.17,0.56,0.25,0.1,0.04,0.01,0.0,0.0,0.0,0.0,0.0,0.0,0.0,0.01,0.01,0.01,0.02,0.02,0.03,0.03,0.03,0.03,0.03,0.02,0.02,0.01,0.01,0.01,0.02,0.04,0.08,0.16,0.29,0.5,0.79,1.17,1.62,2.07,2.48,2.76,2.86,2.76,2.48,2.07,1.62,1.17,0.79,0.5,0.29,0.16,0.08,0.04,0.02,0.01,0.0,0.0,0.0,0.0,0.0,0.0,0.0,0.0,0.0,0.0,0.0,0.0,0.0,0.0,0.0,0.0,0.0,0.0,0.0,0.0,0.0,0.0,0.0,0.0,0.0,0.0,0.0,0.0,0.0,0.0,0.0,0.0,0.0,0.0,0.0,0.0,0.0,0.0,0.0,0.0,0.0,0.0,0.0,0.0,0.0,0.0,0.0,0.0,0.0,0.0,0.0,0.0,0.0,0.0,0.0,0.0,0.0,0.0,0.0,0.0,0.0,0.0,0.0,0.0,0.0,0.0,0.0,0.0,0.0,0.0,0.0,0.0,0.0,0.0,0.0,0.0,0.0,0.0,0.0,0.0,0.0,0.0,0.0,0.0,0.0,0.0
0.0,0.0,0.0,0.0,0.0,0.0,0.0,0.0,0.0,0.0,0.0,0.0,0.0,0.0,0.0,0.0,0.0,0.0,0.0,0.0,0.0,0.0,0.0,0.0,0.0,0.0,0.0,0.0,0.0,0.0,0.0,0.0,0.0,0.0,0.0,0.0,0.0,0.0,0.0,0.0,0.0,0.0,0.0,0.0,0.0,0.0,0.0,0.0,0.0,0.0,0.0,0.0,0.0,0.0,0.0,0.0,0.0,0.0,0.0,0.0,0.0,0.0,0.0,0.0,0.0,0.0,0.0,0.0,0.0,0.0,0.0,0.0,0.0,0.0,0.0,0.0,0.0,0.0,0.0,0.0,0.0,0.0,0.0,0.0,0.0,0.0,0.0,0.0,0.0,0.0,0.0,0.0,0.0,0.0,0.0,0.0,0.0,0.0,0.0,0.0,0.0,0.0,0.0,0.0,0.0,0.0,0.0,0.0,0.0,0.0,0.0,0.01,0.01,0.03,0.08,0.16,0.32,0.58,0.99,1.57,2.34,3.27,4.31,5.45,6.72,8.37,10.84,14.78,20.98,30.01,41.98,56.2,71.06,84.29,93.46,96.69,93.27,83.89,70.43,55.41,41.29,30.01,22.72,19.83,21.16,26.03,33.36,41.69,49.35,54.73,56.65,54.65,49.11,41.11,32.05,23.28,15.74,9.92,5.82,3.18,1.62,0.77,0.34,0.14,0.05,0.02,0.01,0.0,0.0,0.0,0.0,0.0,0.0,0.0,0.0,0.0,0.01,0.01,0.01,0.01,0.01,0.01,0.01,0.01,0.01,0.01,0.01,0.02,0.03,0.08,0.16,0.32,0.58,0.98,1.56,2.31,3.18,4.08,4.87,5.42,5.61,5.42,4.87,4.08,3.18,2.31,1.56,0.98,0.58,0.32,0.16,0.08,0.03,0.01,0.01,0.0,0.0,0.0,0.0,0.0,0.0,0.0,0.0,0.0,0.0,0.0,0.0,0.0,0.0,0.0,0.0,0.0,0.0,0.0,0.0,0.0,0.0,0.0,0.0,0.0,0.0,0.0,0.0,0.0,0.0,0.0,0.0,0.0,0.0,0.0,0.0,0.0,0.0,0.0,0.0,0.0,0.0,0.0,0.0,0.0,0.0,0.0,0.0,0.0,0.0,0.0,0.0,0.0,0.0,0.0,0.0,0.0,0.0,0.0,0.0,0.0,0.0,0.0,0.0,0.0,0.0,0.0,0.0,0.0,0.0,0.0,0.0,0.0,0.0,0.0,0.0,0.0,0.0,0.0,0.0,0.0,0.0,0.0,0.0,0.0
0.0,0.0,0.0,0.0,0.0,0.0,0.0,0.0,0.0,0.0,0.0,0.0,0.0,0.0,0.0,0.0,0.0,0.0,0.0,0.0,0.0,0.0,0.0,0.0,0.0,0.0,0.0,0.0,0.0,0.0,0.0,0.0,0.0,0.0,0.0,0.0,0.0,0.0,0.0,0.0,0.0,0.0,0.0,0.0,0.0,0.0,0.0,0.0,0.0,0.0,0.0,0.0,0.0,0.0,0.0,0.0,0.0,0.0,0.0,0.0,0.0,0.0,0.0,0.0,0.0,0.0,0.0,0.0,0.0,0.0,0.0,0.0,0.0,0.0,0.0,0.0,0.0,0.0,0.0,0.0,0.0,0.0,0.0,0.0,0.0,0.0,0.0,0.0,0.0,0.0,0.0,0.0,0.0,0.0,0.0,0.0,0.0,0.0,0.0,0.0,0.0,0.0,0.0,0.0,0.0,0.0,0.0,0.0,0.0,0.0,0.0,0.01,0.03,0.06,0.14,0.29,0.58,1.06,1.8,2.87,4.25,5.9,7.67,9.43,11.09,12.75,14.79,17.82,22.65,29.93,39.89,51.97,64.79,76.3,84.3,87.06,83.92,75.48,63.45,50.1,37.74,28.2,22.65,21.63,25.06,32.33,42.29,53.25,63.2,70.16,72.64,70.09,62.99,52.73,41.11,29.85,20.19,12.72,7.46,4.08,2.07,0.98,0.43,0.18,0.07,0.02,0.01,0.0,0.0,0.0,0.0,0.0,0.0,0.0,0.0,0.0,0.0,0.0,0.0,0.0,0.0,0.0,0.0,0.0,0.0,0.0,0.01,0.03,0.06,0.14,0.29,0.58,1.06,1.8,2.86,4.22,5.82,7.46,8.91,9.92,10.27,9.92,8.91,7.46,5.82,4.22,2.86,1.8,1.06,0.58,0.29,0.14,0.06,0.03,0.01,0.0,0.0,0.0,0.0,0.0,0.0,0.0,0.0,0.0,0.0,0.0,0.0,0.0,0.0,0.0,0.0,0.0,0.0,0.0,0.0,0.0,0.0,0.0,0.0,0.0,0.0,0.0,0.0,0.01,0.07,0.15,0.07,0.01,0.0,0.0,0.0,0.0,0.0,0.01,0.07,0.15,0.07,0.01,0.0,0.0,0.0,0.0,0.0,0.0,0.0,0.0,0.0,0.0,0.0,0.0,0.0,0.0,0.0,0.0,0.0,0.0,0.0,0.0,0.0,0.0,0.0,0.0,0.0,0.0,0.0,0.0,0.0,0.0,0.0,0.0,0.0,0.0,0.0,0.0,0.0,0.0,0.0,0.0,0.0,0.0
0.0,0.0,0.0,0.0,0.0,0.0,0.0,0.0,0.0,0.0,0.0,0.0,0.0,0.0,0.0,0.0,0.0,0.0,0.0,0.0,0.0,0.0,0.0,0.0,0.0,0.0,0.0,0.0,0.0,0.0,0.0,0.0,0.0,0.0,0.0,0.0,0.0,0.0,0.0,0.0,0.0,0.0,0.0,0.0,0.0,0.0,0.0,0.0,0.0,0.0,0.0,0.0,0.0,0.0,0.0,0.0,0.0,0.0,0.0,0.0,0.0,0.0,0.0,0.0,0.0,0.0,0.0,0.0,0.0,0.0,0.0,0.0,0.0,0.0,0.0,0.0,0.0,0.0,0.0,0.0,0.0,0.0,0.0,0.0,0.0,0.0,0.0,0.0,0.0,0.0,0.0,0.0,0.0,0.0,0.0,0.0,0.0,0.0,0.0,0.0,0.0,0.0,0.0,0.0,0.0,0.0,0.0,0.0,0.0,0.0,0.01,0.02,0.05,0.11,0.24,0.5,0.99,1.8,3.07,4.88,7.23,9.99,12.9,15.63,17.89,19.59,20.98,22.65,25.44,30.11,37.05,45.98,55.8,64.79,71.07,73.14,70.4,63.31,53.29,42.3,32.34,25.06,21.63,22.65,28.19,37.74,50.09,63.42,75.42,83.78,86.77,83.72,75.25,62.99,49.11,35.66,24.12,15.19,8.91,4.87,2.48,1.17,0.52,0.21,0.08,0.03,0.01,0.0,0.0,0.0,0.0,0.0,0.0,0.0,0.0,0.0,0.0,0.0,0.0,0.0,0.0,0.0,0.0,0.0,0.0,0.01,0.02,0.04,0.1,0.24,0.5,0.98,1.8,3.07,4.87,7.2,9.92,12.72,15.19,16.9,17.51,16.9,15.19,12.72,9.92,7.2,4.87,3.07,1.8,0.98,0.5,0.24,0.1,0.04,0.02,0.01,0.0,0.0,0.0,0.0,0.0,0.0,0.0,0.0,0.0,0.0,0.0,0.0,0.0,0.0,0.0,0.0,0.0,0.0,0.0,0.0,0.0,0.0,0.0,0.0,0.0,0.0,0.01,0.32,2.73,5.61,2.73,0.32,0.01,0.0,0.0,0.0,0.01,0.32,2.73,5.61,2.73,0.32,0.01,0.0,0.0,0.0,0.0,0.0,0.0,0.0,0.0,0.0,0.0,0.0,0.0,0.0,0.0,0.0,0.0,0.0,0.0,0.0,0.0,0.0,0.0,0.0,0.0,0.0,0.0,0.0,0.0,0.0,0.0,0.0,0.0,0.0,0.0,0.0,0.0,0.0,0.0,0.0,0.0,0.0
0.0,0.0,0.0,0.0,0.0,0.0,0.0,0.0,0.0,0.0,0.0,0.0,0.0,0.0,0.0,0.0,0.0,0.0,0.0,0.0,0.0,0.0,0.0,0.0,0.0,0.0,0.0,0.0,0.0,0.0,0.0,0.0,0.0,0.0,0.0,0.0,0.0,0.0,0.0,0.0,0.0,0.0,0.0,0.0,0.0,0.0,0.0,0.0,0.0,0.0,0.0,0.0,0.0,0.0,0.0,0.0,0.0,0.0,0.0,0.0,0.0,0.0,0.0,0.0,0.0,0.0,0.0,0.0,0.0,0.0,0.0,0.0,0.0,0.0,0.0,0.0,0.0,0.0,0.0,0.0,0.0,0.0,0.0,0.0,0.0,0.0,0.0,0.0,0.0,0.0,0.0,0.0,0.0,0.0,0.0,0.0,0.0,0.0,0.0,0.0,0.0,0.0,0.0,0.0,0.0,0.0,0.0,0.0,0.0,0.01,0.01,0.03,0.08,0.18,0.39,0.81,1.57,2.87,4.88,7.75,11.46,15.8,20.34,24.47,27.61,29.43,30.02,29.94,30.11,31.49,34.71,39.79,45.98,51.97,56.21,57.44,55.11,49.51,41.76,33.39,26.04,21.16,19.83,22.72,30.01,41.3,55.41,70.42,83.86,93.2,96.54,93.15,83.72,70.09,54.64,39.68,26.84,16.9,9.92,5.42,2.76,1.31,0.58,0.24,0.09,0.03,0.01,0.0,0.0,0.0,0.0,0.0,0.0,0.0,0.0,0.0,0.0,0.0,0.0,0.0,0.0,0.0,0.0,0.0,0.0,0.01,0.03,0.07,0.17,0.38,0.79,1.56,2.86,4.87,7.73,11.43,15.74,20.19,24.12,26.83,27.8,26.83,24.12,20.19,15.74,11.43,7.73,4.87,2.86,1.56,0.79,0.38,0.17,0.07,0.03,0.01,0.0,0.0,0.0,0.0,0.0,0.0,0.0,0.0,0.0,0.0,0.0,0.0,0.0,0.0,0.0,0.0,0.0,0.0,0.0,0.0,0.0,0.0,0.0,0.0,0.0,0.0,0.07,2.73,23.69,48.68,23.69,2.73,0.07,0.0,0.0,0.0,0.07,2.73,23.69,48.68,23.69,2.73,0.07,0.0,0.0,0.0,0.0,0.0,0.0,0.0,0.0,0.0,0.0,0.0,0.0,0.0,0.0,0.0,0.0,0.0,0.0,0.0,0.0,0.0,0.0,0.0,0.0,0.0,0.0,0.0,0.0,0.0,0.0,0.0,0.0,0.0,0.0,0.0,0.0,0.0,0.0,0.0,0.0,0.0
0.0,0.0,0.0,0.0,0.0,0.0,0.0,0.0,0.0,0.0,0.0,0.0,0.0,0.0,0.0,0.0,0.0,0.0,0.0,0.0,0.0,0.0,0.0,0.0,0.0,0.0,0.0,0.0,0.0,0.0,0.0,0.0,0.0,0.0,0.0,0.0,0.0,0.0,0.0,0.0,0.0,0.0,0.0,0.0,0.0,0.0,0.0,0.0,0.0,0.0,0.0,0.0,0.0,0.0,0.0,0.0,0.0,0.0,0.0,0.0,0.0,0.0,0.0,0.0,0.0,0.0,0.0,0.0,0.0,0.0,0.0,0.0,0.0,0.0,0.0,0.0,0.0,0.0,0.0,0.0,0.0,0.0,0.0,0.0,0.0,0.0,0.0,0.0,0.0,0.0,0.0,0.0,0.0,0.0,0.0,0.0,0.0,0.0,0.0,0.0,0.0,0.0,0.0,0.0,0.0,0.0,0.0,0.0,0.01,0.01,0.03,0.06,0.13,0.27,0.59,1.21,2.34,4.26,7.23,11.46,16.94,23.34,29.98,35.94,40.27,42.32,42.02,39.91,37.08,34.72,33.82,34.72,37.06,39.89,42.0,42.32,40.33,36.15,30.55,24.67,19.77,17.05,17.48,21.74,30.12,42.3,57.19,72.88,86.87,96.58,100.05,96.54,86.77,72.64,56.63,41.13,27.81,17.52,10.28,5.62,2.86,1.35,0.6,0.25,0.09,0.03,0.01,0.0,0.0,0.0,0.0,0.0,0.0,0.0,0.0,0.0,0.0,0.0,0.0,0.0,0.0,0.0,0.0,0.0,0.0,0.01,0.04,0.1,0.25,0.56,1.17,2.31,4.22,7.2,11.43,16.9,23.28,29.85,35.66,39.68,41.11,39.68,35.66,29.85,23.28,16.9,11.43,7.2,4.22,2.31,1.17,0.56,0.25,0.1,0.04,0.01,0.0,0.0,0.0,0.0,0.0,0.0,0.0,0.0,0.0,0.0,0.0,0.0,0.0,0.0,0.0,0.0,0.0,0.0,0.0,0.0,0.0,0.0,0.0,0.0,0.0,0.0,0.15,5.61,48.68,100.0,48.68,5.61,0.15,0.0,0.0,0.0,0.15,5.61,48.68,100.0,48.68,5.61,0.15,0.0,0.0,0.0,0.0,0.0,0.0,0.0,0.0,0.0,0.0,0.0,0.0,0.0,0.0,0.0,0.0,0.0,0.0,0.0,0.0,0.0,0.0,0.0,0.0,0.0,0.0,0.0,0.0,0.0,0.0,0.0,0.0,0.0,0.0,0.0,0.0,0.0,0.0,0.0,0.0,0.0
0.0,0.0,0.0,0.0,0.0,0.0,0.0,0.0,0.0,0.0,0.0,0.0,0.0,0.0,0.0,0.0,0.0,0.0,0.0,0.0,0.0,0.0,0.0,0.0,0.0,0.0,0.0,0.0,0.0,0.0,0.0,0.0,0.0,0.0,0.0,0.0,0.0,0.0,0.0,0.0,0.0,0.0,0.0,0.0,0.0,0.0,0.0,0.0,0.0,0.0,0.0,0.0,0.0,0.0,0.0,0.0,0.0,0.0,0.0,0.0,0.0,0.0,0.0,0.0,0.0,0.0,0.0,0.0,0.0,0.0,0.0,0.0,0.0,0.0,0.0,0.0,0.0,0.0,0.0,0.0,0.0,0.0,0.0,0.0,0.0,0.0,0.0,0.0,0.0,0.0,0.0,0.0,0.0,0.0,0.0,0.0,0.0,0.0,0.0,0.0,0.0,0.0,0.0,0.0,0.0,0.0,0.01,0.01,0.02,0.03,0.06,0.11,0.21,0.42,0.86,1.71,3.27,5.91,10.0,15.82,23.36,32.16,41.26,49.37,55.11,57.51,56.29,52.05,46.05,39.84,34.74,31.51,30.12,29.95,30.03,29.46,27.69,24.69,20.91,17.1,14.21,13.16,14.8,19.77,28.42,40.51,55.07,70.31,83.86,93.25,96.61,93.23,83.8,70.15,54.69,39.71,26.86,16.92,9.92,5.42,2.76,1.31,0.58,0.24,0.09,0.03,0.01,0.0,0.0,0.0,0.0,0.0,0.0,0.0,0.0,0.0,0.0,0.0,0.0,0.0,0.0,0.0,0.0,0.0,0.01,0.02,0.05,0.14,0.34,0.77,1.62,3.18,5.82,9.92,15.74,23.28,32.05,41.11,49.11,54.64,56.62,54.64,49.11,41.11,32.05,23.28,15.74,9.92,5.82,3.18,1.62,0.77,0.34,0.14,0.05,0.02,0.01,0.0,0.0,0.0,0.0,0.0,0.0,0.0,0.0,0.0,0.0,0.0,0.0,0.0,0.0,0.0,0.0,0.0,0.0,0.0,0.0,0.0,0.0,0.0,0.0,0.0,0.07,2.73,23.69,48.68,23.69,2.73,0.07,0.0,0.0,0.0,0.07,2.73,23.69,48.68,23.69,2.73,0.07,0.0,0.0,0.0,0.0,0.0,0.0,0.0,0.0,0.0,0.0,0.0,0.0,0.0,0.0,0.0,0.0,0.0,0.0,0.0,0.0,0.0,0.0,0.0,0.0,0.0,0.0,0.0,0.0,0.0,0.0,0.0,0.0,0.0,0.0,0.0,0.0,0.0,0.0,0.0,0.0,0.0
0.0,0.0,0.0,0.0,0.0,0.0,0.0,0.0,0.0,0.0,0.0,0.0,0.0,0.0,0.0,0.0,0.0,0.0,0.0,0.0,0.0,0.0,0.0,0.0,0.0,0.0,0.0,0.0,0.0,0.0,0.0,0.0,0.0,0.0,0.0,0.0,0.0,0.0,0.0,0.0,0.0,0.0,0.0,0.0,0.0,0.0,0.0,0.0,0.0,0.0,0.0,0.0,0.0,0.0,0.0,0.0,0.0,0.0,0.0,0.0,0.0,0.0,0.0,0.0,0.0,0.0,0.0,0.0,0.0,0.0,0.0,0.0,0.0,0.0,0.0,0.0,0.0,0.0,0.0,0.0,0.0,0.0,0.0,0.0,0.0,0.0,0.0,0.0,0.0,0.0,0.0,0.0,0.0,0.0,0.0,0.0,0.0,0.0,0.0,0.0,0.0,0.0,0.0,0.0,0.0,0.01,0.01,0.03,0.05,0.08,0.13,0.21,0.36,0.65,1.22,2.33,4.33,7.7,12.94,20.4,30.06,41.34,52.99,63.33,70.57,73.37,71.3,65.0,55.98,46.12,37.15,30.17,25.48,22.68,21.0,19.62,17.97,15.84,13.42,11.16,9.71,9.76,12.01,17.03,25.17,36.26,49.49,63.27,75.5,83.97,86.99,83.95,75.46,63.17,49.25,35.76,24.19,15.23,8.94,4.88,2.48,1.18,0.52,0.21,0.08,0.03,0.01,0.0,0.0,0.0,0.0,0.0,0.0,0.0,0.0,0.0,0.0,0.0,0.0,0.0,0.0,0.0,0.0,0.0,0.01,0.02,0.07,0.18,0.43,0.98,2.07,4.08,7.46,12.72,20.19,29.85,41.11,52.73,62.99,70.08,72.61,70.08,62.99,52.73,41.11,29.85,20.19,12.72,7.46,4.08,2.07,0.98,0.43,0.18,0.07,0.02,0.01,0.0,0.0,0.0,0.0,0.0,0.0,0.0,0.0,0.0,0.0,0.0,0.0,0.0,0.0,0.0,0.0,0.0,0.0,0.0,0.0,0.0,0.0,0.0,0.0,0.0,0.01,0.32,2.73,5.61,2.73,0.32,0.01,0.0,0.0,0.0,0.01,0.32,2.73,5.61,2.73,0.32,0.01,0.0,0.0,0.0,0.0,0.0,0.0,0.0,0.0,0.0,0.0,0.0,0.0,0.0,0.0,0.0,0.0,0.0,0.0,0.0,0.0,0.0,0.0,0.0,0.0,0.0,0.0,0.0,0.0,0.0,0.0,0.0,0.0,0.0,0.0,0.0,0.0,0.0,0.0,0.0,0.0,0.0
0.0,0.0,0.0,0.0,0.0,0.0,0.0,0.0,0.0,0.0,0.0,0.0,0.0,0.0,0.0,0.0,0.0,0.0,0.0,0.0,0.0,0.0,0.0,0.0,0.0,0.0,0.0,0.0,0.0,0.0,0.0,0.0,0.0,0.0,0.0,0.0,0.0,0.0,0.0,0.0,0.0,0.0,0.0,0.0,0.0,0.0,0.0,0.0,0.0,0.0,0.0,0.0,0.0,0.0,0.0,0.0,0.0,0.0,0.0,0.0,0.0,0.0,0.0,0.0,0.0,0.0,0.0,0.0,0.0,0.0,0.0,0.0,0.0,0.0,0.0,0.0,0.0,0.0,0.0,0.0,0.0,0.0,0.0,0.0,0.0,0.0,0.0,0.0,0.0,0.0,0.0,0.0,0.0,0.0,0.0,0.0,0.0,0.0,0.0,0.0,0.0,0.0,0.0,0.0,0.01,0.02,0.03,0.06,0.11,0.18,0.27,0.42,0.65,1.04,1.76,3.09,5.48,9.49,15.73,24.62,36.16,49.62,63.55,75.88,84.46,87.65,84.87,76.82,65.22,52.31,40.13,30.1,22.76,17.89,14.83,12.79,11.17,9.61,8.11,6.89,6.34,6.98,9.32,13.88,20.93,30.39,41.59,53.22,63.53,70.66,73.22,70.66,63.51,53.16,41.45,30.1,20.36,12.82,7.52,4.11,2.09,0.99,0.44,0.18,0.07,0.02,0.01,0.0,0.0,0.0,0.0,0.0,0.0,0.0,0.0,0.0,0.0,0.0,0.0,0.0,0.0,0.0,0.0,0.0,0.01,0.03,0.08,0.21,0.52,1.17,2.48,4.87,8.91,15.19,24.12,35.66,49.11,62.99,75.24,83.71,86.74,83.71,75.24,62.99,49.11,35.66,24.12,15.19,8.91,4.87,2.48,1.17,0.52,0.21,0.08,0.03,0.01,0.0,0.0,0.0,0.0,0.0,0.0,0.0,0.0,0.0,0.0,0.0,0.0,0.0,0.0,0.0,0.0,0.0,0.0,0.0,0.0,0.0,0.0,0.0,0.0,0.0,0.0,0.01,0.07,0.15,0.07,0.01,0.0,0.0,0.0,0.0,0.0,0.01,0.07,0.15,0.07,0.01,0.0,0.0,0.0,0.0,0.0,0.0,0.0,0.0,0.0,0.0,0.0,0.0,0.0,0.0,0.0,0.0,0.0,0.0,0.0,0.0,0.0,0.0,0.0,0.0,0.0,0.0,0.0,0.0,0.0,0.0,0.0,0.0,0.0,0.0,0.0,0.0,0.0,0.0,0.0,0.0,0.0,0.0
0.0,0.0,0.0,0.0,0.0,0.0,0.0,0.0,0.0,0.0,0.0,0.0,0.0,0.0,0.0,0.0,0.0,0.0,0.0,0.0,0.0,0.0,0.0,0.0,0.0,0.0,0.0,0.0,0.0,0.0,0.0,0.0,0.0,0.0,0.0,0.0,0.0,0.0,0.0,0.0,0.0,0.0,0.0,0.0,0.0,0.0,0.0,0.0,0.0,0.0,0.0,0.0,0.0,0.0,0.0,0.0,0.0,0.0,0.0,0.0,0.0,0.0,0.0,0.0,0.0,0.0,0.0,0.0,0.0,0.0,0.0,0.0,0.0,0.0,0.0,0.0,0.0,0.0,0.0,0.0,0.0,0.0,0.0,0.0,0.0,0.0,0.0,0.0,0.0,0.0,0.0,0.0,0.0,0.0,0.0,0.0,0.0,0.0,0.0,0.0,0.0,0.0,0.0,0.01,0.02,0.04,0.08,0.14,0.24,0.39,0.59,0.86,1.22,1.76,2.63,4.15,6.8,11.23,18.12,27.98,40.79,55.79,71.31,85.06,94.59,98.06,94.78,85.47,72.05,56.97,42.54,30.39,21.22,14.93,10.92,8.43,6.8,5.6,4.66,4.05,4.0,4.83,6.94,10.73,16.43,23.99,32.9,42.13,50.3,55.95,57.97,55.94,50.28,42.09,32.82,23.83,16.12,10.15,5.96,3.25,1.66,0.78,0.35,0.14,0.05,0.02,0.01,0.0,0.0,0.0,0.0,0.0,0.0,0.0,0.0,0.0,0.0,0.0,0.0,0.0,0.0,0.0,0.0,0.0,0.01,0.03,0.09,0.24,0.58,1.31,2.76,5.42,9.92,16.9,26.83,39.68,54.64,70.08,83.71,93.14,96.51,93.14,83.71,70.08,54.64,39.68,26.83,16.9,9.92,5.42,2.76,1.31,0.58,0.24,0.09,0.03,0.01,0.0,0.0,0.0,0.0,0.0,0.0,0.0,0.0,0.0,0.0,0.0,0.0,0.0,0.0,0.0,0.0,0.0,0.0,0.0,0.0,0.0,0.0,0.0,0.0,0.0,0.0,0.0,0.0,0.0,0.0,0.0,0.0,0.0,0.0,0.0,0.0,0.0,0.0,0.0,0.0,0.0,0.0,0.0,0.0,0.0,0.0,0.0,0.0,0.0,0.0,0.0,0.0,0.0,0.0,0.0,0.0,0.0,0.0,0.0,0.0,0.0,0.0,0.0,0.0,0.0,0.0,0.0,0.0,0.0,0.0,0.0,0.0,0.0,0.0,0.0,0.0,0.0,0.0,0.0,0.0,0.0,0.0,0.0
0.0,0.0,0.0,0.0,0.0,0.0,0.0,0.0,0.0,0.0,0.0,0.0,0.0,0.0,0.0,0.0,0.0,0.0,0.0,0.0,0.0,0.0,0.0,0.0,0.0,0.0,0.0,0.0,0.0,0.0,0.0,0.0,0.0,0.0,0.0,0.0,0.0,0.0,0.0,0.0,0.0,0.0,0.0,0.0,0.0,0.0,0.0,0.0,0.0,0.0,0.0,0.0,0.0,0.0,0.0,0.0,0.0,0.0,0.0,0.0,0.0,0.0,0.0,0.0,0.0,0.0,0.0,0.0,0.0,0.0,0.0,0.0,0.0,0.0,0.0,0.0,0.0,0.0,0.0,0.0,0.0,0.0,0.0,0.0,0.0,0.0,0.0,0.0,0.0,0.0,0.0,0.0,0.0,0.0,0.0,0.0,0.0,0.0,0.0,0.0,0.0,0.0,0.01,0.02,0.04,0.08,0.16,0.29,0.5,0.81,1.21,1.71,2.33,3.09,4.15,5.79,8.53,13.05,20.09,30.22,43.46,59.03,75.2,89.53,99.46,103.02,99.46,89.53,75.2,59.03,43.46,30.22,20.09,13.05,8.54,5.81,4.19,3.2,2.59,2.31,2.46,3.27,5.02,7.99,12.39,18.16,24.93,31.94,38.15,42.43,43.97,42.43,38.14,31.93,24.89,18.08,12.22,7.7,4.52,2.47,1.26,0.6,0.26,0.11,0.04,0.01,0.0,0.0,0.0,0.0,0.0,0.0,0.0,0.0,0.0,0.0,0.0,0.0,0.0,0.0,0.0,0.0,0.0,0.0,0.01,0.03,0.09,0.25,0.6,1.35,2.86,5.61,10.27,17.51,27.8,41.11,56.62,72.61,86.74,96.51,100.0,96.51,86.74,72.61,56.62,41.11,27.8,17.51,10.27,5.61,2.86,1.35,0.6,0.25,0.09,0.03,0.01,0.0,0.0,0.0,0.0,0.0,0.0,0.0,0.0,0.0,0.0,0.0,0.0,0.0,0.0,0.0,0.0,0.0,0.0,0.0,0.0,0.0,0.0,0.0,0.0,0.0,0.0,0.0,0.0,0.0,0.0,0.0,0.0,0.0,0.0,0.0,0.0,0.0,0.0,0.0,0.0,0.0,0.0,0.0,0.0,0.0,0.0,0.0,0.0,0.0,0.0,0.0,0.0,0.0,0.0,0.0,0.0,0.0,0.0,0.0,0.0,0.0,0.0,0.0,0.0,0.0,0.0,0.0,0.0,0.0,0.0,0.0,0.0,0.0,0.0,0.0,0.0,0.0,0.0,0.0,0.0,0.0,0.0,0.0
0.0,0.0,0.0,0.0,0.0,0.0,0.0,0.0,0.0,0.0,0.0,0.0,0.0,0.0,0.0,0.0,0.0,0.0,0.0,0.0,0.0,0.0,0.0,0.0,0.0,0.0,0.0,0.0,0.0,0.0,0.0,0.0,0.0,0.0,0.0,0.0,0.0,0.0,0.0,0.0,0.0,0.0,0.0,0.0,0.0,0.0,0.0,0.0,0.0,0.0,0.0,0.0,0.0,0.0,0.0,0.0,0.0,0.0,0.0,0.0,0.0,0.0,0.0,0.0,0.0,0.0,0.0,0.0,0.0,0.0,0.0,0.0,0.0,0.0,0.0,0.0,0.0,0.0,0.0,0.0,0.0,0.0,0.0,0.0,0.0,0.0,0.0,0.0,0.0,0.0,0.0,0.0,0.0,0.0,0.0,0.0,0.0,0.0,0.0,0.0,0.0,0.01,0.01,0.03,0.08,0.16,0.32,0.58,0.99,1.57,2.34,3.27,4.33,5.48,6.8,8.53,11.15,15.36,21.96,31.57,44.29,59.38,75.14,89.17,98.89,102.32,98.71,88.75,74.41,58.2,42.54,29.16,18.87,11.67,7.04,4.28,2.72,1.87,1.43,1.31,1.55,2.26,3.67,5.99,9.37,13.78,18.94,24.27,28.99,32.25,33.42,32.25,28.99,24.27,18.92,13.74,9.29,5.85,3.43,1.88,0.95,0.45,0.2,0.08,0.03,0.01,0.0,0.0,0.0,0.0,0.0,0.0,0.0,0.0,0.0,0.0,0.0,0.0,0.0,0.0,0.0,0.0,0.0,0.0,0.01,0.03,0.09,0.24,0.58,1.31,2.76,5.42,9.92,16.9,26.83,39.68,54.64,70.08,83.71,93.14,96.51,93.14,83.71,70.08,54.64,39.68,26.83,16.9,9.92,5.42,2.76,1.31,0.58,0.24,0.09,0.03,0.01,0.0,0.0,0.0,0.0,0.0,0.0,0.0,0.0,0.0,0.0,0.0,0.0,0.0,0.0,0.0,0.0,0.0,0.0,0.0,0.0,0.0,0.0,0.0,0.0,0.0,0.0,0.0,0.0,0.0,0.0,0.0,0.0,0.0,0.0,0.0,0.0,0.0,0.0,0.0,0.0,0.0,0.0,0.0,0.0,0.0,0.0,0.0,0.0,0.0,0.0,0.0,0.0,0.0,0.0,0.0,0.0,0.0,0.0,0.0,0.0,0.0,0.0,0.0,0.0,0.0,0.0,0.0,0.0,0.0,0.0,0.0,0.0,0.0,0.0,0.0,0.0,0.0,0.0,0.0,0.0,0.0,0.0,0.0
0.0,0.0,0.0,0.0,0.0,0.0,0.0,0.0,0.0,0.0,0.0,0.0,0.0,0.0,0.0,0.0,0.0,0.0,0.0,0.0,0.0,0.0,0.0,0.0,0.0,0.0,0.0,0.0,0.0,0.0,0.0,0.0,0.0,0.0,0.0,0.0,0.0,0.0,0.0,0.0,0.0,0.0,0.0,0.0,0.0,0.0,0.0,0.0,0.0,0.0,0.0,0.0,0.0,0.0,0.0,0.0,0.0,0.0,0.0,0.0,0.0,0.0,0.0,0.0,0.0,0.0,0.0,0.0,0.0,0.0,0.0,0.0,0.0,0.0,0.0,0.0,0.0,0.0,0.0,0.0,0.0,0.0,0.0,0.0,0.0,0.0,0.0,0.0,0.0,0.0,0.0,0.0,0.0,0.0,0.0,0.0,0.0,0.0,0.0,0.0,0.0,0.01,0.03,0.06,0.14,0.29,0.58,1.06,1.8,2.87,4.26,5.91,7.7,9.49,11.23,13.05,15.36,18.88,24.45,32.79,44.11,57.78,72.25,85.21,94.21,97.33,93.8,84.28,70.58,55.1,40.13,27.31,17.43,10.49,6.03,3.38,1.92,1.17,0.84,0.81,1.07,1.74,2.96,4.93,7.76,11.44,15.74,20.18,24.1,26.82,27.79,26.82,24.1,20.18,15.73,11.42,7.73,4.87,2.85,1.56,0.79,0.38,0.17,0.07,0.03,0.01,0.0,0.0,0.0,0.0,0.0,0.0,0.0,0.0,0.0,0.0,0.0,0.0,0.0,0.0,0.0,0.0,0.0,0.0,0.01,0.03,0.08,0.21,0.52,1.17,2.48,4.87,8.91,15.19,24.12,35.66,49.11,62.99,75.24,83.71,86.74,83.71,75.24,62.99,49.11,35.66,24.12,15.19,8.91,4.87,2.48,1.17,0.52,0.21,0.08,0.03,0.01,0.0,0.0,0.0,0.0,0.0,0.0,0.0,0.0,0.0,0.0,0.0,0.0,0.0,0.0,0.0,0.0,0.0,0.0,0.0,0.0,0.0,0.0,0.0,0.0,0.0,0.0,0.0,0.0,0.0,0.0,0.0,0.0,0.0,0.0,0.0,0.0,0.0,0.0,0.0,0.0,0.0,0.0,0.0,0.0,0.0,0.0,0.0,0.0,0.0,0.0,0.0,0.0,0.0,0.0,0.0,0.0,0.0,0.0,0.0,0.0,0.0,0.0,0.0,0.0,0.0,0.0,0.0,0.0,0.0,0.0,0.0,0.0,0.0,0.0,0.0,0.0,0.0,0.0,0.0,0.0,0.0,0.0,0.0
0.0,0.0,0.0,0.0,0.0,0.0,0.0,0.0,0.0,0.0,0.0,0.0,0.0,0.0,0.0,0.0,0.0,0.0,0.0,0.0,0.0,0.0,0.0,0.0,0.0,0.0,0.0,0.0,0.0,0.0,0.0,0.0,0.0,0.0,0.0,0.0,0.0,0.0,0.0,0.0,0.0,0.0,0.0,0.0,0.0,0.0,0.0,0.0,0.0,0.0,0.0,0.0,0.0,0.0,0.0,0.0,0.0,0.0,0.0,0.0,0.0,0.0,0.0,0.0,0.0,0.0,0.0,0.0,0.0,0.0,0.0,0.0,0.0,0.0,0.0,0.0,0.0,0.0,0.0,0.0,0.0,0.0,0.0,0.0,0.0,0.0,0.0,0.0,0.0,0.0,0.0,0.0,0.0,0.0,0.0,0.0,0.0,0.0,0.0,0.0,0.01,0.02,0.04,0.1,0.24,0.5,0.98,1.8,3.07,4.88,7.23,10.0,12.94,15.73,18.12,20.09,21.96,24.45,28.5,34.97,44.25,55.9,68.51,79.98,87.97,90.64,87.23,78.31,65.53,51.11,37.16,25.2,15.96,9.47,5.3,2.83,1.48,0.82,0.57,0.6,0.92,1.64,2.9,4.89,7.74,11.43,15.74,20.18,24.1,26.82,27.79,26.82,24.1,20.18,15.73,11.42,7.73,4.87,2.85,1.56,0.79,0.38,0.17,0.07,0.03,0.01,0.0,0.0,0.0,0.0,0.0,0.0,0.0,0.0,0.0,0.0,0.0,0.0,0.0,0.0,0.0,0.0,0.0,0.0,0.01,0.02,0.07,0.18,0.43,0.98,2.07,4.08,7.46,12.72,20.19,29.85,41.11,52.73,62.99,70.08,72.61,70.08,62.99,52.73,41.11,29.85,20.19,12.72,7.46,4.08,2.07,0.98,0.43,0.18,0.07,0.02,0.01,0.0,0.0,0.0,0.0,0.0,0.0,0.0,0.0,0.0,0.0,0.0,0.0,0.0,0.0,0.0,0.0,0.0,0.0,0.0,0.0,0.0,0.0,0.0,0.0,0.0,0.0,0.0,0.0,0.0,0.0,0.0,0.0,0.0,0.0,0.0,0.0,0.0,0.0,0.0,0.0,0.0,0.0,0.0,0.0,0.0,0.0,0.0,0.0,0.0,0.0,0.0,0.0,0.0,0.0,0.0,0.0,0.0,0.0,0.0,0.0,0.0,0.0,0.0,0.0,0.0,0.0,0.0,0.0,0.0,0.0,0.0,0.0,0.0,0.0,0.0,0.0,0.0,0.0,0.0,0.0,0.0,0.0,0.0
0.0,0.0,0.0,0.0,0.0,0.0,0.0,0.0,0.0,0.0,0.0,0.0,0.0,0.0,0.0,0.0,0.0,0.0,0.0,0.0,0.0,0.0,0.0,0.0,0.0,0.0,0.0,0.0,0.0,0.0,0.0,0.0,0.0,0.0,0.0,0.0,0.0,0.0,0.0,0.0,0.0,0.0,0.0,0.0,0.0,0.0,0.0,0.0,0.0,0.0,0.0,0.0,0.0,0.0,0.0,0.0,0.0,0.0,0.0,0.0,0.0,0.0,0.0,0.0,0.0,0.0,0.0,0.0,0.0,0.0,0.0,0.0,0.0,0.0,0.0,0.0,0.0,0.0,0.0,0.0,0.0,0.0,0.0,0.0,0.0,0.0,0.0,0.0,0.0,0.0,0.0,0.0,0.0,0.0,0.0,0.0,0.0,0.0,0.0,0.0,0.01,0.03,0.07,0.17,0.38,0.79,1.56,2.86,4.87,7.74,11.46,15.82,20.4,24.62,27.98,30.22,31.57,32.79,34.97,39.21,46.14,55.52,66.17,76.08,83.03,85.22,81.85,73.4,61.39,47.85,34.75,23.53,14.85,8.76,4.83,2.52,1.27,0.67,0.48,0.59,1.02,1.91,3.45,5.86,9.3,13.74,18.92,24.27,28.99,32.25,33.42,32.25,28.99,24.27,18.92,13.74,9.29,5.85,3.43,1.88,0.95,0.45,0.2,0.08,0.03,0.01,0.0,0.0,0.0,0.0,0.0,0.0,0.0,0.0,0.0,0.0,0.0,0.0,0.0,0.0,0.0,0.0,0.0,0.0,0.01,0.02,0.05,0.14,0.34,0.77,1.62,3.18,5.82,9.92,15.74,23.28,32.05,41.11,49.11,54.64,56.62,54.64,49.11,41.11,32.05,23.28,15.74,9.92,5.82,3.18,1.62,0.77,0.34,0.14,0.05,0.02,0.01,0.0,0.0,0.0,0.0,0.0,0.0,0.0,0.0,0.0,0.0,0.0,0.0,0.0,0.0,0.0,0.0,0.0,0.0,0.0,0.0,0.0,0.0,0.0,0.0,0.0,0.0,0.0,0.0,0.0,0.0,0.0,0.0,0.0,0.0,0.0,0.0,0.0,0.0,0.0,0.0,0.0,0.0,0.0,0.0,0.0,0.0,0.0,0.0,0.0,0.0,0.0,0.0,0.0,0.0,0.0,0.0,0.0,0.0,0.0,0.0,0.0,0.0,0.0,0.0,0.0,0.0,0.0,0.0,0.0,0.0,0.0,0.0,0.0,0.0,0.0,0.0,0.0,0.0,0.0,0.0,0.0,0.0,0.0
0.0,0.0,0.0,0.0,0.0,0.0,0.0,0.0,0.0,0.0,0.0,0.0,0.0,0.0,0.0,0.0,0.0,0.0,0.0,0.0,0.0,0.0,0.0,0.0,0.0,0.0,0.0,0.0,0.0,0.0,0.0,0.0,0.0,0.0,0.0,0.0,0.0,0.0,0.0,0.0,0.0,0.0,0.0,0.0,0.0,0.0,0.0,0.0,0.0,0.0,0.0,0.0,0.0,0.0,0.0,0.0,0.0,0.0,0.0,0.0,0.0,0.0,0.0,0.0,0.0,0.0,0.0,0.0,0.0,0.0,0.0,0.0,0.0,0.0,0.0,0.0,0.0,0.0,0.0,0.0,0.0,0.0,0.0,0.0,0.0,0.0,0.0,0.0,0.0,0.0,0.0,0.0,0.0,0.0,0.0,0.0,0.0,0.0,0.0,0.0,0.01,0.04,0.1,0.25,0.56,1.17,2.31,4.22,7.2,11.44,16.93,23.35,30.05,36.15,40.79,43.46,44.29,44.11,44.25,46.14,50.7,57.98,66.91,75.55,81.66,83.4,79.91,71.57,59.81,46.6,33.83,22.88,14.43,8.48,4.65,2.4,1.19,0.63,0.49,0.69,1.3,2.49,4.53,7.7,12.23,18.08,24.89,31.93,38.14,42.43,43.97,42.43,38.14,31.93,24.89,18.08,12.22,7.7,4.52,2.47,1.26,0.6,0.26,0.11,0.04,0.01,0.0,0.0,0.0,0.0,0.0,0.0,0.0,0.0,0.0,0.0,0.0,0.0,0.0,0.0,0.0,0.0,0.0,0.0,0.0,0.01,0.04,0.1,0.25,0.56,1.17,2.31,4.22,7.2,11.43,16.9,23.28,29.85,35.66,39.68,41.11,39.68,35.66,29.85,23.28,16.9,11.43,7.2,4.22,2.31,1.17,0.56,0.25,0.1,0.04,0.01,0.0,0.0,0.0,0.0,0.0,0.0,0.0,0.0,0.0,0.0,0.0,0.0,0.0,0.0,0.0,0.0,0.0,0.0,0.0,0.0,0.0,0.0,0.0,0.0,0.0,0.0,0.0,0.0,0.0,0.0,0.0,0.0,0.0,0.0,0.0,0.0,0.0,0.0,0.0,0.0,0.0,0.0,0.0,0.0,0.0,0.0,0.0,0.0,0.0,0.0,0.0,0.0,0.0,0.0,0.0,0.0,0.0,0.0,0.0,0.0,0.0,0.0,0.0,0.0,0.0,0.0,0.0,0.0,0.0,0.0,0.0,0.0,0.0,0.0,0.0,0.0,0.0,0.0,0.0,0.0,0.0,0.0,0.0,0.0
0.0,0.0,0.0,0.0,0.0,0.0,0.0,0.0,0.0,0.0,0.0,0.0,0.0,0.0,0.0,0.0,0.0,0.0,0.0,0.0,0.0,0.0,0.0,0.0,0.0,0.0,0.0,0.0,0.0,0.0,0.0,0.0,0.0,0.0,0.0,0.0,0.0,0.0,0.0,0.0,0.0,0.0,0.0,0.0,0.0,0.0,0.0,0.0,0.0,0.0,0.0,0.0,0.0,0.0,0.0,0.0,0.0,0.0,0.0,0.0,0.0,0.0,0.0,0.0,0.0,0.0,0.0,0.0,0.0,0.0,0.0,0.0,0.0,0.0,0.0,0.0,0.0,0.0,0.0,0.0,0.0,0.0,0.0,0.0,0.0,0.0,0.0,0.0,0.0,0.0,0.0,0.0,0.0,0.0,0.0,0.0,0.0,0.0,0.0,0.01,0.02,0.05,0.14,0.34,0.77,1.62,3.18,5.82,9.92,15.75,23.3,32.13,41.32,49.61,55.78,59.03,59.38,57.78,55.9,55.52,57.98,63.54,71.22,79.04,84.65,86.04,82.24,73.57,61.44,47.85,34.73,23.48,14.8,8.69,4.76,2.44,1.21,0.66,0.56,0.87,1.69,3.27,5.96,10.15,16.12,23.83,32.82,42.09,50.28,55.94,57.97,55.94,50.28,42.09,32.82,23.83,16.12,10.15,5.96,3.25,1.66,0.78,0.35,0.14,0.05,0.02,0.01,0.0,0.0,0.0,0.0,0.0,0.0,0.0,0.0,0.0,0.0,0.0,0.0,0.0,0.0,0.0,0.0,0.0,0.0,0.01,0.03,0.07,0.17,0.38,0.79,1.56,2.86,4.87,7.73,11.43,15.74,20.19,24.12,26.83,27.8,26.83,24.12,20.19,15.74,11.43,7.73,4.87,2.86,1.56,0.79,0.38,0.17,0.07,0.03,0.01,0.0,0.0,0.0,0.0,0.0,0.0,0.0,0.0,0.0,0.0,0.0,0.0,0.0,0.0,0.0,0.0,0.0,0.0,0.0,0.0,0.0,0.0,0.0,0.0,0.0,0.0,0.0,0.0,0.0,0.0,0.0,0.0,0.0,0.0,0.0,0.0,0.0,0.0,0.0,0.0,0.0,0.0,0.0,0.0,0.0,0.0,0.0,0.0,0.0,0.0,0.0,0.0,0.0,0.0,0.0,0.0,0.0,0.0,0.0,0.0,0.0,0.0,0.0,0.0,0.0,0.0,0.0,0.0,0.0,0.0,0.0,0.0,0.0,0.0,0.0,0.0,0.0,0.0,0.0,0.0,0.0,0.0,0.0,0.0
0.0,0.0,0.0,0.0,0.0,0.0,0.0,0.0,0.0,0.0,0.0,0.0,0.0,0.0,0.0,0.0,0.0,0.0,0.0,0.0,0.0,0.0,0.0,0.0,0.0,0.0,0.0,0.0,0.0,0.0,0.0,0.0,0.0,0.0,0.0,0.0,0.0,0.0,0.0,0.0,0.0,0.0,0.0,0.0,0.0,0.0,0.0,0.0,0.0,0.0,0.0,0.0,0.0,0.0,0.0,0.0,0.0,0.0,0.0,0.0,0.0,0.0,0.0,0.0,0.0,0.0,0.0,0.0,0.0,0.0,0.0,0.0,0.0,0.0,0.0,0.0,0.0,0.0,0.0,0.0,0.0,0.0,0.0,0.0,0.0,0.0,0.0,0.0,0.0,0.0,0.0,0.0,0.0,0.0,0.0,0.0,0.0,0.0,0.0,0.01,0.02,0.07,0.18,0.43,0.98,2.07,4.08,7.46,12.72,20.2,29.88,41.2,52.95,63.53,71.3,75.19,75.14,72.25,68.51,66.17,66.91,71.22,78.16,85.64,91.06,92.2,87.96,78.61,65.63,51.1,37.08,25.07,15.79,9.27,5.07,2.6,1.29,0.72,0.66,1.08,2.12,4.12,7.53,12.82,20.36,30.1,41.45,53.16,63.51,70.66,73.21,70.66,63.51,53.16,41.45,30.1,20.36,12.82,7.52,4.11,2.09,0.99,0.44,0.18,0.07,0.02,0.01,0.0,0.0,0.0,0.0,0.0,0.0,0.0,0.0,0.0,0.0,0.0,0.0,0.0,0.0,0.0,0.0,0.0,0.0,0.01,0.02,0.04,0.1,0.24,0.5,0.98,1.8,3.07,4.87,7.2,9.92,12.72,15.19,16.9,17.51,16.9,15.19,12.72,9.92,7.2,4.87,3.07,1.8,0.98,0.5,0.24,0.1,0.04,0.02,0.01,0.0,0.0,0.0,0.0,0.0,0.0,0.0,0.0,0.0,0.0,0.0,0.0,0.0,0.0,0.0,0.0,0.0,0.0,0.0,0.0,0.0,0.0,0.0,0.0,0.0,0.0,0.0,0.0,0.0,0.0,0.0,0.0,0.0,0.0,0.0,0.0,0.0,0.0,0.0,0.0,0.0,0.0,0.0,0.0,0.0,0.0,0.0,0.0,0.0,0.0,0.0,0.0,0.0,0.0,0.0,0.0,0.0,0.0,0.0,0.0,0.0,0.0,0.0,0.0,0.0,0.0,0.0,0.0,0.0,0.0,0.0,0.0,0.0,0.0,0.0,0.0,0.0,0.0,0.0,0.0,0.0,0.0,0.0,0.0
0.0,0.0,0.0,0.0,0.0,0.0,0.0,0.0,0.0,0.0,0.0,0.0,0.0,0.0,0.0,0.0,0.0,0.0,0.0,0.0,0.0,0.0,0.0,0.0,0.0,0.0,0.0,0.0,0.0,0.0,0.0,0.0,0.0,0.0,0.0,0.0,0.0,0.0,0.0,0.0,0.0,0.0,0.0,0.0,0.0,0.0,0.0,0.0,0.0,0.0,0.0,0.0,0.0,0.0,0.0,0.0,0.0,0.0,0.0,0.0,0.0,0.0,0.0,0.0,0.0,0.0,0.0,0.0,0.0,0.0,0.0,0.0,0.0,0.0,0.0,0.0,0.0,0.0,0.0,0.0,0.0,0.0,0.0,0.0,0.0,0.0,0.0,0.0,0.0,0.0,0.0,0.0,0.0,0.0,0.0,0.0,0.0,0.0,0.0,0.01,0.03,0.08,0.21,0.52,1.17,2.48,4.87,8.91,15.2,24.13,35.7,49.2,63.23,75.83,85.03,89.52,89.16,85.21,79.98,76.09,75.55,79.05,85.64,93.07,98.5,99.49,94.8,84.67,70.66,55.01,39.91,26.98,17.0,9.97,5.46,2.8,1.4,0.79,0.76,1.27,2.52,4.89,8.94,15.24,24.19,35.76,49.25,63.17,75.46,83.95,86.99,83.95,75.46,63.17,49.25,35.76,24.19,15.23,8.94,4.88,2.48,1.18,0.52,0.21,0.08,0.03,0.01,0.0,0.0,0.0,0.0,0.0,0.0,0.0,0.0,0.0,0.0,0.0,0.0,0.0,0.0,0.0,0.0,0.0,0.0,0.0,0.01,0.03,0.06,0.14,0.29,0.58,1.06,1.8,2.86,4.22,5.82,7.46,8.91,9.92,10.27,9.92,8.91,7.46,5.82,4.22,2.86,1.8,1.06,0.58,0.29,0.14,0.06,0.03,0.01,0.0,0.0,0.0,0.0,0.0,0.0,0.0,0.0,0.0,0.0,0.0,0.0,0.0,0.0,0.0,0.0,0.0,0.0,0.0,0.0,0.0,0.0,0.0,0.0,0.0,0.0,0.0,0.0,0.0,0.0,0.0,0.0,0.0,0.0,0.0,0.0,0.0,0.0,0.0,0.0,0.0,0.0,0.0,0.0,0.0,0.0,0.0,0.0,0.0,0.0,0.0,0.0,0.0,0.0,0.0,0.0,0.0,0.0,0.0,0.0,0.0,0.0,0.0,0.0,0.0,0.0,0.0,0.0,0.0,0.0,0.0,0.0,0.0,0.0,0.0,0.0,0.0,0.0,0.0,0.0,0.0,0.0,0.0,0.0,0.0
0.0,0.0,0.0,0.0,0.0,0.0,0.0,0.0,0.0,0.0,0.0,0.0,0.0,0.0,0.0,0.0,0.0,0.0,0.0,0.0,0.0,0.0,0.0,0.0,0.0,0.0,0.0,0.0,0.0,0.0,0.0,0.0,0.0,0.0,0.0,0.0,0.0,0.0,0.0,0.0,0.0,0.0,0.0,0.0,0.0,0.0,0.0,0.0,0.0,0.0,0.0,0.0,0.0,0.0,0.0,0.0,0.0,0.0,0.0,0.0,0.0,0.0,0.0,0.0,0.0,0.0,0.0,0.0,0.0,0.0,0.0,0.0,0.0,0.0,0.0,0.0,0.0,0.0,0.0,0.0,0.0,0.0,0.0,0.0,0.0,0.0,0.0,0.0,0.0,0.0,0.0,0.0,0.0,0.0,0.0,0.0,0.0,0.0,0.0,0.01,0.03,0.09,0.24,0.58,1.31,2.76,5.42,9.92,16.91,26.85,39.71,54.74,70.34,84.33,94.53,99.44,98.88,94.21,87.97,83.04,81.66,84.65,91.06,98.5,103.97,104.88,99.86,89.16,74.39,57.91,42.02,28.4,17.89,10.5,5.74,2.95,1.47,0.85,0.83,1.4,2.79,5.43,9.93,16.92,26.86,39.71,54.69,70.15,83.79,93.23,96.6,93.23,83.79,70.15,54.69,39.71,26.86,16.92,9.92,5.42,2.76,1.31,0.58,0.24,0.09,0.03,0.01,0.0,0.0,0.0,0.0,0.0,0.0,0.0,0.0,0.0,0.0,0.0,0.0,0.0,0.0,0.0,0.0,0.0,0.0,0.0,0.01,0.01,0.03,0.08,0.16,0.32,0.58,0.98,1.56,2.31,3.18,4.08,4.87,5.42,5.61,5.42,4.87,4.08,3.18,2.31,1.56,0.98,0.58,0.32,0.16,0.08,0.03,0.01,0.01,0.0,0.0,0.0,0.0,0.0,0.0,0.0,0.0,0.0,0.0,0.0,0.0,0.0,0.0,0.0,0.0,0.0,0.0,0.0,0.0,0.0,0.0,0.0,0.0,0.0,0.0,0.0,0.0,0.0,0.0,0.0,0.0,0.0,0.0,0.0,0.0,0.0,0.0,0.0,0.0,0.0,0.0,0.0,0.0,0.0,0.0,0.0,0.0,0.0,0.0,0.0,0.0,0.0,0.0,0.0,0.0,0.0,0.0,0.0,0.0,0.0,0.0,0.0,0.0,0.0,0.0,0.0,0.0,0.0,0.0,0.0,0.0,0.0,0.0,0.0,0.0,0.0,0.0,0.0,0.0,0.0,0.0,0.0,0.0,0.0
0.0,0.0,0.0,0.0,0.0,0.0,0.0,0.0,0.0,0.0,0.0,0.0,0.0,0.0,0.0,0.0,0.0,0.0,0.0,0.0,0.0,0.0,0.0,0.0,0.0,0.0,0.0,0.0,0.0,0.0,0.0,0.0,0.0,0.0,0.0,0.0,0.0,0.0,0.0,0.0,0.0,0.0,0.0,0.0,0.0,0.0,0.0,0.0,0.0,0.0,0.0,0.0,0.0,0.0,0.0,0.0,0.0,0.0,0.0,0.0,0.0,0.0,0.0,0.0,0.0,0.0,0.0,0.0,0.0,0.0,0.0,0.0,0.0,0.0,0.0,0.0,0.0,0.0,0.0,0.0,0.0,0.0,0.0,0.0,0.0,0.0,0.0,0.0,0.0,0.0,0.0,0.0,0.0,0.0,0.0,0.0,0.0,0.0,0.0,0.01,0.03,0.09,0.25,0.6,1.35,2.86,5.62,10.28,17.52,27.82,41.16,56.73,72.89,87.39,97.93,102.97,102.31,97.34,90.65,85.23,83.41,86.05,92.21,99.5,104.88,105.71,100.62,89.82,74.93,58.33,42.32,28.61,18.02,10.57,5.79,2.97,1.49,0.86,0.85,1.45,2.89,5.63,10.28,17.52,27.81,41.13,56.63,72.64,86.77,96.54,100.03,96.54,86.77,72.64,56.63,41.13,27.81,17.52,10.28,5.62,2.86,1.35,0.6,0.25,0.09,0.03,0.01,0.0,0.0,0.0,0.0,0.0,0.0,0.0,0.0,0.0,0.0,0.0,0.0,0.0,0.0,0.0,0.0,0.0,0.0,0.0,0.0,0.01,0.02,0.04,0.08,0.16,0.29,0.5,0.79,1.17,1.62,2.07,2.48,2.76,2.86,2.76,2.48,2.07,1.62,1.17,0.79,0.5,0.29,0.16,0.08,0.04,0.02,0.01,0.0,0.0,0.0,0.0,0.0,0.0,0.0,0.0,0.0,0.0,0.0,0.0,0.0,0.0,0.0,0.0,0.0,0.0,0.0,0.0,0.0,0.0,0.0,0.0,0.0,0.0,0.0,0.0,0.0,0.0,0.0,0.0,0.0,0.0,0.0,0.0,0.0,0.0,0.0,0.0,0.0,0.0,0.0,0.0,0.0,0.0,0.0,0.0,0.0,0.0,0.0,0.0,0.0,0.0,0.0,0.0,0.0,0.0,0.0,0.0,0.0,0.0,0.0,0.0,0.0,0.0,0.0,0.0,0.0,0.0,0.0,0.0,0.0,0.0,0.0,0.0,0.0,0.0,0.0,0.0,0.0,0.0,0.0,0.0,0.0,0.0
0.0,0.0,0.0,0.0,0.0,0.0,0.0,0.0,0.0,0.0,0.0,0.0,0.0,0.0,0.0,0.0,0.0,0.0,0.0,0.0,0.0,0.0,0.0,0.0,0.0,0.0,0.0,0.0,0.0,0.0,0.0,0.0,0.0,0.0,0.0,0.0,0.0,0.0,0.0,0.0,0.0,0.0,0.0,0.0,0.0,0.0,0.0,0.0,0.0,0.0,0.0,0.0,0.0,0.0,0.0,0.0,0.0,0.0,0.0,0.0,0.0,0.0,0.0,0.0,0.0,0.0,0.0,0.0,0.0,0.0,0.0,0.0,0.0,0.0,0.0,0.0,0.0,0.0,0.0,0.0,0.0,0.0,0.0,0.0,0.0,0.0,0.0,0.0,0.0,0.0,0.0,0.0,0.0,0.0,0.0,0.0,0.0,0.0,0.0,0.01,0.03,0.09,0.24,0.58,1.31,2.76,5.42,9.93,16.92,26.87,39.75,54.78,70.39,84.38,94.55,99.4,98.72,93.85,87.29,81.9,79.95,82.26,87.98,94.81,99.87,100.62,95.75,85.46,71.3,55.5,40.26,27.22,17.14,10.06,5.5,2.83,1.42,0.82,0.82,1.4,2.79,5.43,9.92,16.9,26.84,39.68,54.64,70.09,83.72,93.15,96.52,93.15,83.72,70.09,54.64,39.68,26.84,16.9,9.92,5.42,2.76,1.31,0.58,0.24,0.09,0.03,0.01,0.0,0.0,0.0,0.0,0.0,0.0,0.0,0.0,0.0,0.0,0.0,0.0,0.0,0.0,0.0,0.0,0.0,0.0,0.0,0.0,0.0,0.01,0.02,0.04,0.08,0.14,0.24,0.38,0.56,0.77,0.98,1.17,1.31,1.35,1.31,1.17,0.98,0.77,0.56,0.38,0.24,0.14,0.08,0.04,0.02,0.01,0.0,0.0,0.0,0.0,0.0,0.0,0.0,0.0,0.0,0.0,0.0,0.0,0.0,0.0,0.0,0.0,0.0,0.0,0.0,0.0,0.0,0.0,0.0,0.0,0.0,0.0,0.0,0.0,0.0,0.0,0.0,0.0,0.0,0.0,0.0,0.0,0.0,0.0,0.0,0.0,0.0,0.0,0.0,0.0,0.0,0.0,0.0,0.0,0.0,0.0,0.0,0.0,0.0,0.0,0.0,0.0,0.0,0.0,0.0,0.0,0.0,0.0,0.0,0.0,0.0,0.0,0.0,0.0,0.0,0.0,0.0,0.0,0.0,0.0,0.0,0.0,0.0,0.0,0.0,0.0,0.0,0.0,0.0,0.0,0.0,0.0,0.0
0.0,0.0,0.0,0.0,0.0,0.0,0.0,0.0,0.0,0.0,0.0,0.0,0.0,0.0,0.0,0.0,0.0,0.0,0.0,0.0,0.0,0.0,0.0,0.0,0.0,0.0,0.0,0.0,0.0,0.0,0.0,0.0,0.0,0.0,0.0,0.0,0.0,0.0,0.0,0.0,0.0,0.0,0.0,0.0,0.0,0.0,0.0,0.0,0.0,0.0,0.0,0.0,0.0,0.0,0.0,0.0,0.0,0.0,0.0,0.0,0.0,0.0,0.0,0.0,0.0,0.0,0.0,0.0,0.0,0.0,0.0,0.0,0.0,0.0,0.0,0.0,0.0,0.0,0.0,0.0,0.0,0.0,0.0,0.0,0.0,0.0,0.0,0.0,0.0,0.0,0.0,0.0,0.0,0.0,0.0,0.0,0.0,0.0,0.0,0.01,0.03,0.08,0.21,0.52,1.18,2.48,4.88,8.94,15.24,24.2,35.79,49.33,63.38,75.98,85.13,89.48,88.85,84.43,78.46,73.53,71.67,73.63,78.66,84.7,89.17,89.83,85.47,76.28,63.64,49.53,35.94,24.29,15.3,8.98,4.91,2.52,1.26,0.74,0.73,1.26,2.51,4.88,8.92,15.19,24.12,35.66,49.11,62.99,75.25,83.72,86.75,83.72,75.25,62.99,49.11,35.66,24.12,15.19,8.91,4.87,2.48,1.17,0.52,0.21,0.08,0.03,0.01,0.0,0.0,0.0,0.0,0.0,0.0,0.0,0.0,0.0,0.0,0.0,0.0,0.0,0.0,0.0,0.0,0.0,0.0,0.0,0.0,0.0,0.0,0.01,0.02,0.03,0.06,0.1,0.17,0.25,0.34,0.43,0.52,0.58,0.6,0.58,0.52,0.43,0.34,0.25,0.17,0.1,0.06,0.03,0.02,0.01,0.0,0.0,0.0,0.0,0.0,0.0,0.0,0.0,0.0,0.0,0.0,0.0,0.0,0.0,0.0,0.0,0.0,0.0,0.0,0.0,0.0,0.0,0.0,0.0,0.0,0.0,0.0,0.0,0.0,0.0,0.0,0.0,0.0,0.0,0.0,0.0,0.0,0.0,0.0,0.0,0.0,0.0,0.0,0.0,0.0,0.0,0.0,0.0,0.0,0.0,0.0,0.0,0.0,0.0,0.0,0.0,0.0,0.0,0.0,0.0,0.0,0.0,0.0,0.0,0.0,0.0,0.0,0.0,0.0,0.0,0.0,0.0,0.0,0.0,0.0,0.0,0.0,0.0,0.0,0.0,0.0,0.0,0.0,0.0,0.0,0.0,0.0,0.0
0.0,0.0,0.0,0.0,0.0,0.0,0.0,0.0,0.0,0.0,0.0,0.0,0.0,0.0,0.0,0.0,0.0,0.0,0.0,0.0,0.0,0.0,0.0,0.0,0.0,0.0,0.0,0.0,0.0,0.0,0.0,0.0,0.0,0.0,0.0,0.0,0.0,0.0,0.0,0.0,0.0,0.0,0.0,0.0,0.0,0.0,0.0,0.0,0.0,0.0,0.0,0.0,0.0,0.0,0.0,0.0,0.0,0.0,0.0,0.0,0.0,0.0,0.0,0.0,0.0,0.0,0.0,0.0,0.0,0.0,0.0,0.0,0.0,0.0,0.0,0.0,0.0,0.0,0.0,0.0,0.0,0.0,0.0,0.0,0.0,0.0,0.0,0.0,0.0,0.0,0.0,0.0,0.0,0.0,0.0,0.0,0.0,0.0,0.0,0.01,0.02,0.07,0.18,0.44,0.99,2.09,4.11,7.52,12.82,20.36,30.12,41.52,53.34,63.94,71.64,75.29,74.75,70.99,65.92,61.71,60.05,61.61,65.73,70.72,74.43,74.95,71.31,63.64,53.09,41.32,29.98,20.27,12.76,7.49,4.1,2.11,1.05,0.61,0.61,1.05,2.1,4.08,7.46,12.72,20.19,29.85,41.11,52.73,62.99,70.08,72.62,70.08,62.99,52.73,41.11,29.85,20.19,12.72,7.46,4.08,2.07,0.98,0.43,0.18,0.07,0.02,0.01,0.0,0.0,0.0,0.0,0.0,0.0,0.0,0.0,0.0,0.0,0.0,0.0,0.0,0.0,0.0,0.0,0.0,0.0,0.0,0.0,0.0,0.0,0.0,0.01,0.01,0.03,0.04,0.07,0.1,0.14,0.18,0.21,0.24,0.25,0.24,0.21,0.18,0.14,0.1,0.07,0.04,0.03,0.01,0.01,0.0,0.0,0.0,0.0,0.0,0.0,0.0,0.0,0.0,0.0,0.0,0.0,0.0,0.0,0.0,0.0,0.0,0.0,0.0,0.0,0.0,0.0,0.0,0.0,0.0,0.0,0.0,0.0,0.0,0.0,0.0,0.0,0.0,0.0,0.0,0.0,0.0,0.0,0.0,0.0,0.0,0.0,0.0,0.0,0.0,0.0,0.0,0.0,0.0,0.0,0.0,0.0,0.0,0.0,0.0,0.0,0.0,0.0,0.0,0.0,0.0,0.0,0.0,0.0,0.0,0.0,0.0,0.0,0.0,0.0,0.0,0.0,0.0,0.0,0.0,0.0,0.0,0.0,0.0,0.0,0.0,0.0,0.0,0.0,0.0,0.0,0.0,0.0,0.0
0.0,0.0,0.0,0.0,0.0,0.0,0.0,0.0,0.0,0.0,0.0,0.0,0.0,0.0,0.0,0.0,0.0,0.0,0.0,0.0,0.0,0.0,0.0,0.0,0.0,0.0,0.0,0.0,0.0,0.0,0.0,0.0,0.0,0.0,0.0,0.0,0.0,0.0,0.0,0.0,0.0,0.0,0.0,0.0,0.0,0.0,0.0,0.0,0.0,0.0,0.0,0.0,0.0,0.0,0.0,0.0,0.0,0.0,0.0,0.0,0.0,0.0,0.0,0.0,0.0,0.0,0.0,0.0,0.0,0.0,0.0,0.0,0.0,0.0,0.0,0.0,0.0,0.0,0.0,0.0,0.0,0.0,0.0,0.0,0.0,0.0,0.0,0.0,0.0,0.0,0.0,0.0,0.0,0.0,0.0,0.0,0.0,0.0,0.0,0.01,0.02,0.05,0.14,0.35,0.78,1.66,3.25,5.96,10.15,16.12,23.85,32.87,42.23,50.62,56.71,59.59,59.13,56.11,52.03,48.59,47.15,48.22,51.33,55.15,57.98,58.37,55.51,49.54,41.32,32.16,23.33,15.77,9.93,5.83,3.19,1.64,0.82,0.48,0.48,0.82,1.64,3.18,5.82,9.92,15.74,23.28,32.05,41.11,49.11,54.64,56.62,54.64,49.11,41.11,32.05,23.28,15.74,9.92,5.82,3.18,1.62,0.77,0.34,0.14,0.05,0.02,0.01,0.0,0.0,0.0,0.0,0.0,0.0,0.0,0.0,0.0,0.0,0.0,0.0,0.0,0.0,0.0,0.0,0.0,0.0,0.0,0.0,0.0,0.0,0.0,0.0,0.01,0.01,0.02,0.03,0.04,0.05,0.07,0.08,0.09,0.09,0.09,0.08,0.07,0.05,0.04,0.03,0.02,0.01,0.01,0.0,0.0,0.0,0.0,0.0,0.0,0.0,0.0,0.0,0.0,0.0,0.0,0.0,0.0,0.0,0.0,0.0,0.0,0.0,0.0,0.0,0.0,0.0,0.0,0.0,0.0,0.0,0.0,0.0,0.0,0.0,0.0,0.0,0.0,0.0,0.0,0.0,0.0,0.0,0.0,0.0,0.0,0.0,0.0,0.0,0.0,0.0,0.0,0.0,0.0,0.0,0.0,0.0,0.0,0.0,0.0,0.0,0.0,0.0,0.0,0.0,0.0,0.0,0.0,0.0,0.0,0.0,0.0,0.0,0.0,0.0,0.0,0.0,0.0,0.0,0.0,0.0,0.0,0.0,0.0,0.0,0.0,0.0,0.0,0.0,0.0,0.0,0.0,0.0,0.0
0.0,0.0,0.0,0.0,0.0,0.0,0.0,0.0,0.0,0.0,0.0,0.0,0.0,0.0,0.0,0.0,0.0,0.0,0.0,0.0,0.0,0.0,0.0,0.0,0.0,0.0,0.0,0.0,0.0,0.0,0.0,0.0,0.0,0.0,0.0,0.0,0.0,0.0,0.0,0.0,0.0,0.0,0.0,0.0,0.0,0.0,0.0,0.0,0.0,0.0,0.0,0.0,0.0,0.0,0.0,0.0,0.0,0.0,0.0,0.0,0.0,0.0,0.0,0.0,0.0,0.0,0.0,0.0,0.0,0.0,0.0,0.0,0.0,0.0,0.0,0.0,0.0,0.0,0.0,0.0,0.0,0.0,0.0,0.0,0.0,0.0,0.0,0.0,0.0,0.0,0.0,0.0,0.0,0.0,0.0,0.0,0.0,0.0,0.0,0.0,0.01,0.04,0.11,0.26,0.6,1.26,2.47,4.52,7.7,12.23,18.09,24.93,32.03,38.38,42.99,45.14,44.74,42.37,39.13,36.33,34.99,35.52,37.58,40.21,42.18,42.4,40.3,35.95,29.99,23.34,16.93,11.44,7.21,4.23,2.31,1.19,0.6,0.35,0.35,0.6,1.19,2.31,4.23,7.2,11.43,16.9,23.28,29.85,35.66,39.68,41.11,39.68,35.66,29.85,23.28,16.9,11.43,7.2,4.22,2.31,1.17,0.56,0.25,0.1,0.04,0.01,0.0,0.0,0.0,0.0,0.0,0.0,0.0,0.0,0.0,0.0,0.0,0.0,0.0,0.0,0.0,0.0,0.0,0.0,0.0,0.0,0.0,0.0,0.0,0.0,0.0,0.0,0.0,0.01,0.01,0.01,0.02,0.02,0.03,0.03,0.03,0.03,0.03,0.02,0.02,0.01,0.01,0.01,0.0,0.0,0.0,0.0,0.0,0.0,0.0,0.0,0.0,0.0,0.0,0.0,0.0,0.0,0.0,0.0,0.0,0.0,0.0,0.0,0.0,0.0,0.0,0.0,0.0,0.0,0.0,0.0,0.0,0.0,0.0,0.0,0.0,0.0,0.0,0.0,0.0,0.0,0.0,0.0,0.0,0.0,0.0,0.0,0.0,0.0,0.0,0.0,0.0,0.0,0.0,0.0,0.0,0.0,0.0,0.0,0.0,0.0,0.0,0.0,0.0,0.0,0.0,0.0,0.0,0.0,0.0,0.0,0.0,0.0,0.0,0.0,0.0,0.0,0.0,0.0,0.0,0.0,0.0,0.0,0.0,0.0,0.0,0.0,0.0,0.0,0.0,0.0,0.0,0.0,0.0,0.0
0.0,0.0,0.0,0.0,0.0,0.0,0.0,0.0,0.0,0.0,0.0,0.0,0.0,0.0,0.0,0.0,0.0,0.0,0.0,0.0,0.0,0.0,0.0,0.0,0.0,0.0,0.0,0.0,0.0,0.0,0.0,0.0,0.0,0.0,0.0,0.0,0.0,0.0,0.0,0.0,0.0,0.0,0.0,0.0,0.0,0.0,0.0,0.0,0.0,0.0,0.0,0.0,0.0,0.0,0.0,0.0,0.0,0.0,0.0,0.0,0.0,0.0,0.0,0.0,0.0,0.0,0.0,0.0,0.0,0.0,0.0,0.0,0.0,0.0,0.0,0.0,0.0,0.0,0.0,0.0,0.0,0.0,0.0,0.0,0.0,0.0,0.0,0.0,0.0,0.0,0.0,0.0,0.0,0.0,0.0,0.0,0.0,0.0,0.0,0.0,0.01,0.03,0.08,0.2,0.45,0.95,1.88,3.43,5.85,9.29,13.75,18.95,24.33,29.15,32.63,34.21,33.81,31.84,29.14,26.65,25.17,25.04,26.05,27.56,28.72,28.77,27.3,24.33,20.28,15.78,11.45,7.74,4.87,2.86,1.56,0.8,0.4,0.23,0.23,0.4,0.8,1.56,2.86,4.87,7.73,11.43,15.74,20.19,24.12,26.83,27.8,26.83,24.12,20.19,15.74,11.43,7.73,4.87,2.86,1.56,0.79,0.38,0.17,0.07,0.03,0.01,0.0,0.0,0.0,0.0,0.0,0.0,0.0,0.0,0.0,0.0,0.0,0.0,0.0,0.0,0.0,0.0,0.0,0.0,0.0,0.0,0.0,0.0,0.0,0.0,0.0,0.0,0.0,0.0,0.0,0.0,0.01,0.01,0.01,0.01,0.01,0.01,0.01,0.01,0.01,0.0,0.0,0.0,0.0,0.0,0.0,0.0,0.0,0.0,0.0,0.0,0.0,0.0,0.0,0.0,0.0,0.0,0.0,0.0,0.0,0.0,0.0,0.0,0.0,0.0,0.0,0.0,0.0,0.0,0.0,0.0,0.0,0.0,0.0,0.0,0.0,0.0,0.0,0.0,0.0,0.0,0.0,0.0,0.0,0.0,0.0,0.0,0.0,0.0,0.0,0.0,0.0,0.0,0.0,0.0,0.0,0.0,0.0,0.0,0.0,0.0,0.0,0.0,0.0,0.0,0.0,0.0,0.0,0.0,0.0,0.0,0.0,0.0,0.0,0.0,0.0,0.0,0.0,0.0,0.0,0.0,0.0,0.0,0.0,0.0,0.0,0.0,0.0,0.0,0.0,0.0,0.0,0.0,0.0,0.0
0.0,0.0,0.0,0.0,0.0,0.0,0.0,0.0,0.0,0.0,0.0,0.0,0.0,0.0,0.0,0.0,0.0,0.0,0.0,0.0,0.0,0.0,0.0,0.0,0.0,0.0,0.0,0.0,0.0,0.0,0.0,0.0,0.0,0.0,0.0,0.0,0.0,0.0,0.0,0.0,0.0,0.0,0.0,0.0,0.0,0.0,0.0,0.0,0.0,0.0,0.0,0.0,0.0,0.0,0.0,0.0,0.0,0.0,0.0,0.0,0.0,0.0,0.0,0.0,0.0,0.0,0.0,0.0,0.0,0.0,0.0,0.0,0.0,0.0,0.0,0.0,0.0,0.0,0.0,0.0,0.0,0.0,0.0,0.0,0.0,0.0,0.0,0.0,0.0,0.0,0.0,0.0,0.0,0.0,0.0,0.0,0.0,0.0,0.0,0.0,0.01,0.03,0.07,0.17,0.38,0.79,1.56,2.86,4.87,7.73,11.43,15.75,20.22,24.21,27.05,28.29,27.8,25.9,23.25,20.6,18.62,17.64,17.59,18.05,18.46,18.31,17.28,15.36,12.79,9.94,7.21,4.87,3.07,1.8,0.99,0.51,0.25,0.15,0.15,0.25,0.51,0.99,1.8,3.07,4.87,7.2,9.92,12.72,15.19,16.9,17.51,16.9,15.19,12.72,9.92,7.2,4.87,3.07,1.8,0.98,0.5,0.24,0.1,0.04,0.02,0.01,0.0,0.0,0.0,0.0,0.0,0.0,0.0,0.0,0.0,0.0,0.0,0.0,0.0,0.0,0.0,0.0,0.0,0.0,0.0,0.0,0.0,0.0,0.0,0.0,0.0,0.0,0.0,0.0,0.0,0.0,0.0,0.0,0.0,0.0,0.0,0.0,0.0,0.0,0.0,0.0,0.0,0.0,0.0,0.0,0.0,0.0,0.0,0.0,0.0,0.0,0.0,0.0,0.0,0.0,0.0,0.0,0.0,0.0,0.0,0.0,0.0,0.0,0.0,0.0,0.0,0.0,0.0,0.0,0.0,0.0,0.0,0.0,0.0,0.0,0.0,0.0,0.0,0.0,0.0,0.0,0.0,0.0,0.0,0.0,0.0,0.0,0.0,0.0,0.0,0.0,0.0,0.0,0.0,0.0,0.0,0.0,0.0,0.0,0.0,0.0,0.0,0.0,0.0,0.0,0.0,0.0,0.0,0.0,0.0,0.0,0.0,0.0,0.0,0.0,0.0,0.0,0.0,0.0,0.0,0.0,0.0,0.0,0.0,0.0,0.0,0.0,0.0,0.0,0.0,0.0,0.0,0.0,0.0,0.0
0.0,0.0,0.0,0.0,0.0,0.0,0.0,0.0,0.0,0.0,0.0,0.0,0.0,0.0,0.0,0.0,0.0,0.0,0.0,0.0,0.0,0.0,0.0,0.0,0.0,0.0,0.0,0.0,0.0,0.0,0.0,0.0,0.0,0.0,0.0,0.0,0.0,0.0,0.0,0.0,0.0,0.0,0.0,0.0,0.0,0.0,0.0,0.0,0.0,0.0,0.0,0.0,0.0,0.0,0.0,0.0,0.0,0.0,0.0,0.0,0.0,0.0,0.0,0.0,0.0,0.0,0.0,0.0,0.0,0.0,0.0,0.0,0.0,0.0,0.0,0.0,0.0,0.0,0.0,0.0,0.0,0.0,0.0,0.0,0.0,0.0,0.0,0.0,0.0,0.0,0.0,0.0,0.0,0.0,0.0,0.0,0.0,0.0,0.0,0.0,0.01,0.03,0.07,0.17,0.38,0.79,1.56,2.85,4.87,7.73,11.43,15.74,20.2,24.16,26.96,28.08,27.39,25.16,21.98,18.59,15.65,13.54,12.33,11.77,11.48,11.07,10.29,9.08,7.53,5.84,4.23,2.86,1.8,1.06,0.58,0.3,0.15,0.09,0.09,0.15,0.3,0.58,1.06,1.8,2.86,4.22,5.82,7.46,8.91,9.92,10.27,9.92,8.91,7.46,5.82,4.22,2.86,1.8,1.06,0.58,0.29,0.14,0.06,0.03,0.01,0.0,0.0,0.0,0.0,0.0,0.0,0.0,0.0,0.0,0.0,0.0,0.0,0.0,0.0,0.0,0.0,0.0,0.0,0.0,0.0,0.0,0.0,0.0,0.0,0.0,0.0,0.0,0.0,0.0,0.0,0.0,0.0,0.0,0.0,0.0,0.0,0.0,0.0,0.0,0.0,0.0,0.0,0.0,0.0,0.0,0.0,0.0,0.0,0.0,0.0,0.0,0.0,0.0,0.0,0.0,0.0,0.0,0.0,0.0,0.0,0.0,0.0,0.0,0.0,0.0,0.0,0.0,0.0,0.0,0.0,0.0,0.0,0.0,0.0,0.0,0.0,0.0,0.0,0.0,0.0,0.0,0.0,0.0,0.0,0.0,0.0,0.0,0.0,0.0,0.0,0.0,0.0,0.0,0.0,0.0,0.0,0.0,0.0,0.0,0.0,0.0,0.0,0.0,0.0,0.0,0.0,0.0,0.0,0.0,0.0,0.0,0.0,0.0,0.0,0.0,0.0,0.0,0.0,0.0,0.0,0.0,0.0,0.0,0.0,0.0,0.0,0.0,0.0,0.0,0.0,0.0,0.0,0.0,0.0,0.0
0.0,0.0,0.0,0.0,0.0,0.0,0.0,0.0,0.0,0.0,0.0,0.0,0.0,0.0,0.0,0.0,0.0,0.0,0.0,0.0,0.0,0.0,0.0,0.0,0.0,0.0,0.0,0.0,0.0,0.0,0.0,0.0,0.0,0.0,0.0,0.0,0.0,0.0,0.0,0.0,0.0,0.0,0.0,0.0,0.0,0.0,0.0,0.0,0.0,0.0,0.0,0.0,0.0,0.0,0.0,0.0,0.0,0.0,0.0,0.0,0.0,0.0,0.0,0.0,0.0,0.0,0.0,0.0,0.0,0.0,0.0,0.0,0.0,0.0,0.0,0.0,0.0,0.0,0.0,0.0,0.0,0.0,0.0,0.0,0.0,0.0,0.0,0.0,0.0,0.0,0.0,0.0,0.0,0.0,0.0,0.0,0.0,0.0,0.0,0.0,0.01,0.03,0.08,0.2,0.45,0.95,1.88,3.43,5.85,9.29,13.74,18.92,24.28,29.02,32.33,33.58,32.57,29.56,25.25,20.48,16.05,12.47,9.93,8.3,7.29,6.57,5.87,5.07,4.16,3.21,2.32,1.56,0.98,0.58,0.32,0.16,0.08,0.05,0.05,0.08,0.16,0.32,0.58,0.98,1.56,2.31,3.18,4.08,4.87,5.42,5.61,5.42,4.87,4.08,3.18,2.31,1.56,0.98,0.58,0.32,0.16,0.08,0.03,0.01,0.01,0.0,0.0,0.0,0.0,0.0,0.0,0.0,0.0,0.0,0.0,0.0,0.0,0.0,0.0,0.0,0.0,0.0,0.0,0.0,0.0,0.0,0.0,0.0,0.0,0.0,0.0,0.0,0.0,0.0,0.0,0.0,0.0,0.0,0.0,0.0,0.0,0.0,0.0,0.0,0.0,0.0,0.0,0.0,0.0,0.0,0.0,0.0,0.0,0.0,0.0,0.0,0.0,0.0,0.0,0.0,0.0,0.0,0.0,0.0,0.0,0.0,0.0,0.0,0.0,0.0,0.0,0.0,0.0,0.0,0.0,0.0,0.0,0.0,0.0,0.0,0.0,0.0,0.0,0.0,0.0,0.0,0.0,0.0,0.0,0.0,0.0,0.0,0.0,0.0,0.0,0.0,0.0,0.0,0.0,0.0,0.0,0.0,0.0,0.0,0.0,0.0,0.0,0.0,0.0,0.0,0.0,0.0,0.0,0.0,0.0,0.0,0.0,0.0,0.0,0.0,0.0,0.0,0.0,0.0,0.0,0.0,0.0,0.0,0.0,0.0,0.0,0.0,0.0,0.0,0.0,0.0,0.0,0.0,0.0,0.0
0.0,0.0,0.0,0.0,0.0,0.0,0.0,0.0,0.0,0.0,0.0,0.0,0.0,0.0,0.0,0.0,0.0,0.0,0.0,0.0,0.0,0.0,0.0,0.0,0.0,0.0,0.0,0.0,0.0,0.0,0.0,0.0,0.0,0.0,0.0,0.0,0.0,0.0,0.0,0.0,0.0,0.0,0.0,0.0,0.0,0.0,0.0,0.0,0.0,0.0,0.0,0.0,0.0,0.0,0.0,0.0,0.0,0.0,0.0,0.0,0.0,0.0,0.0,0.0,0.0,0.0,0.0,0.0,0.0,0.0,0.0,0.0,0.0,0.0,0.0,0.0,0.0,0.0,0.0,0.0,0.0,0.0,0.0,0.0,0.0,0.0,0.0,0.0,0.0,0.0,0.0,0.0,0.0,0.0,0.0,0.0,0.0,0.0,0.0,0.0,0.01,0.04,0.11,0.26,0.6,1.26,2.47,4.52,7.7,12.23,18.08,24.9,31.93,38.16,42.47,44.05,42.59,38.43,32.43,25.69,19.25,13.84,9.77,7.0,5.22,4.11,3.35,2.74,2.18,1.66,1.19,0.8,0.5,0.29,0.16,0.08,0.04,0.02,0.02,0.04,0.08,0.16,0.29,0.5,0.79,1.17,1.62,2.07,2.48,2.76,2.86,2.76,2.48,2.07,1.62,1.17,0.79,0.5,0.29,0.16,0.08,0.04,0.02,0.01,0.0,0.0,0.0,0.0,0.0,0.0,0.0,0.0,0.0,0.0,0.0,0.0,0.0,0.0,0.0,0.0,0.0,0.0,0.0,0.0,0.0,0.0,0.0,0.0,0.0,0.0,0.0,0.0,0.0,0.0,0.0,0.0,0.0,0.0,0.0,0.0,0.0,0.0,0.0,0.0,0.0,0.0,0.0,0.0,0.0,0.0,0.0,0.0,0.0,0.0,0.0,0.0,0.0,0.0,0.0,0.0,0.0,0.0,0.0,0.0,0.0,0.0,0.0,0.0,0.0,0.0,0.0,0.0,0.0,0.0,0.0,0.0,0.0,0.0,0.0,0.0,0.0,0.0,0.0,0.0,0.0,0.0,0.0,0.0,0.0,0.0,0.0,0.0,0.0,0.0,0.0,0.0,0.0,0.0,0.0,0.0,0.0,0.0,0.0,0.0,0.0,0.0,0.0,0.0,0.0,0.0,0.0,0.0,0.0,0.0,0.0,0.0,0.0,0.0,0.0,0.0,0.0,0.0,0.0,0.0,0.0,0.0,0.0,0.0,0.0,0.0,0.0,0.0,0.0,0.0,0.0,0.0,0.0,0.0,0.0,0.0
0.0,0.0,0.0,0.0,0.0,0.0,0.0,0.0,0.0,0.0,0.0,0.0,0.0,0.0,0.0,0.0,0.0,0.0,0.0,0.0,0.0,0.0,0.0,0.0,0.0,0.0,0.0,0.0,0.0,0.0,0.0,0.0,0.0,0.0,0.0,0.0,0.0,0.0,0.0,0.0,0.0,0.0,0.0,0.0,0.0,0.0,0.0,0.0,0.0,0.0,0.0,0.0,0.0,0.0,0.0,0.0,0.0,0.0,0.0,0.0,0.0,0.0,0.0,0.0,0.0,0.0,0.0,0.0,0.0,0.0,0.0,0.0,0.0,0.0,0.0,0.0,0.0,0.0,0.0,0.0,0.0,0.0,0.0,0.0,0.0,0.0,0.0,0.0,0.0,0.0,0.0,0.0,0.0,0.0,0.0,0.0,0.0,0.0,0.0,0.01,0.02,0.05,0.14,0.35,0.78,1.66,3.25,5.96,10.15,16.12,23.83,32.82,42.1,50.29,55.96,58.01,56.02,50.42,42.33,33.2,24.39,16.88,11.14,7.13,4.56,3.01,2.09,1.52,1.13,0.82,0.58,0.38,0.24,0.14,0.08,0.04,0.02,0.01,0.01,0.02,0.04,0.08,0.14,0.24,0.38,0.56,0.77,0.98,1.17,1.31,1.35,1.31,1.17,0.98,0.77,0.56,0.38,0.24,0.14,0.08,0.04,0.02,0.01,0.0,0.0,0.0,0.0,0.0,0.0,0.0,0.0,0.0,0.0,0.0,0.0,0.0,0.0,0.0,0.0,0.0,0.0,0.0,0.0,0.0,0.0,0.0,0.0,0.0,0.0,0.0,0.0,0.0,0.0,0.0,0.0,0.0,0.0,0.0,0.0,0.0,0.0,0.0,0.0,0.0,0.0,0.0,0.0,0.0,0.0,0.0,0.0,0.0,0.0,0.0,0.0,0.0,0.0,0.0,0.0,0.0,0.0,0.0,0.0,0.0,0.0,0.0,0.0,0.0,0.0,0.0,0.0,0.0,0.0,0.0,0.0,0.0,0.0,0.0,0.0,0.0,0.0,0.0,0.0,0.0,0.0,0.0,0.0,0.0,0.0,0.0,0.0,0.0,0.0,0.0,0.0,0.0,0.0,0.0,0.0,0.0,0.0,0.0,0.0,0.0,0.0,0.0,0.0,0.0,0.0,0.0,0.0,0.0,0.0,0.0,0.0,0.0,0.0,0.0,0.0,0.0,0.0,0.0,0.0,0.0,0.0,0.0,0.0,0.0,0.0,0.0,0.0,0.0,0.0,0.0,0.0,0.0,0.0,0.0,0.0,0.0
0.0,0.0,0.0,0.0,0.0,0.0,0.0,0.0,0.0,0.0,0.0,0.0,0.0,0.0,0.0,0.0,0.0,0.0,0.0,0.0,0.0,0.0,0.0,0.0,0.0,0.0,0.0,0.0,0.0,0.0,0.0,0.0,0.0,0.0,0.0,0.0,0.0,0.0,0.0,0.0,0.0,0.0,0.0,0.0,0.0,0.0,0.0,0.0,0.0,0.0,0.0,0.0,0.0,0.0,0.0,0.0,0.0,0.0,0.0,0.0,0.0,0.0,0.0,0.0,0.0,0.0,0.0,0.0,0.0,0.0,0.0,0.0,0.0,0.0,0.0,0.0,0.0,0.0,0.0,0.0,0.0,0.0,0.0,0.0,0.0,0.0,0.0,0.0,0.0,0.0,0.0,0.0,0.0,0.0,0.0,0.0,0.0,0.0,0.0,0.01,0.02,0.07,0.18,0.44,0.99,2.09,4.11,7.52,12.82,20.36,30.1,41.45,53.16,63.51,70.66,73.23,70.69,63.57,53.27,41.62,30.34,20.69,13.26,8.04,4.69,2.69,1.57,0.96,0.61,0.41,0.27,0.17,0.11,0.06,0.03,0.02,0.01,0.01,0.01,0.01,0.02,0.03,0.06,0.1,0.17,0.25,0.34,0.43,0.52,0.58,0.6,0.58,0.52,0.43,0.34,0.25,0.17,0.1,0.06,0.03,0.02,0.01,0.0,0.0,0.0,0.0,0.0,0.0,0.0,0.0,0.0,0.0,0.0,0.0,0.0,0.0,0.0,0.0,0.0,0.0,0.0,0.0,0.0,0.0,0.0,0.0,0.0,0.0,0.0,0.0,0.0,0.0,0.0,0.0,0.0,0.0,0.0,0.0,0.0,0.0,0.0,0.0,0.0,0.0,0.0,0.0,0.0,0.0,0.0,0.0,0.0,0.0,0.0,0.0,0.0,0.0,0.0,0.0,0.0,0.0,0.0,0.0,0.0,0.0,0.0,0.0,0.0,0.0,0.0,0.0,0.0,0.0,0.0,0.0,0.0,0.0,0.0,0.0,0.0,0.0,0.0,0.0,0.0,0.0,0.0,0.0,0.0,0.0,0.0,0.0,0.0,0.0,0.0,0.0,0.0,0.0,0.0,0.0,0.0,0.0,0.0,0.0,0.0,0.0,0.0,0.0,0.0,0.0,0.0,0.0,0.0,0.0,0.0,0.0,0.0,0.0,0.0,0.0,0.0,0.0,0.0,0.0,0.0,0.0,0.0,0.0,0.0,0.0,0.0,0.0,0.0,0.0,0.0,0.0,0.0,0.0,0.0,0.0,0.0,0.0
0.0,0.0,0.0,0.0,0.0,0.0,0.0,0.0,0.0,0.0,0.0,0.0,0.0,0.0,0.0,0.0,0.0,0.0,0.0,0.0,0.0,0.0,0.0,0.0,0.0,0.0,0.0,0.0,0.0,0.0,0.0,0.0,0.0,0.0,0.0,0.0,0.0,0.0,0.0,0.0,0.0,0.0,0.0,0.0,0.0,0.0,0.0,0.0,0.0,0.0,0.0,0.0,0.0,0.0,0.0,0.0,0.0,0.0,0.0,0.0,0.0,0.0,0.0,0.0,0.0,0.0,0.0,0.0,0.0,0.0,0.0,0.0,0.0,0.0,0.0,0.0,0.0,0.0,0.0,0.0,0.0,0.0,0.0,0.0,0.0,0.0,0.0,0.0,0.0,0.0,0.0,0.0,0.0,0.0,0.0,0.0,0.0,0.0,0.0,0.01,0.03,0.08,0.21,0.52,1.18,2.48,4.88,8.94,15.23,24.19,35.76,49.25,63.17,75.46,83.95,87.0,83.96,75.48,63.21,49.32,35.86,24.33,15.41,9.15,5.12,2.73,1.41,0.73,0.39,0.22,0.13,0.08,0.05,0.03,0.01,0.01,0.0,0.0,0.0,0.0,0.01,0.01,0.03,0.04,0.07,0.1,0.14,0.18,0.21,0.24,0.25,0.24,0.21,0.18,0.14,0.1,0.07,0.04,0.03,0.01,0.01,0.0,0.0,0.0,0.0,0.0,0.0,0.0,0.0,0.0,0.0,0.0,0.0,0.0,0.0,0.0,0.0,0.0,0.0,0.0,0.0,0.0,0.0,0.0,0.0,0.0,0.0,0.0,0.0,0.0,0.0,0.0,0.0,0.0,0.0,0.0,0.0,0.0,0.0,0.0,0.0,0.0,0.0,0.0,0.0,0.0,0.0,0.0,0.0,0.0,0.0,0.0,0.0,0.0,0.0,0.0,0.0,0.0,0.0,0.0,0.0,0.0,0.0,0.0,0.0,0.0,0.0,0.0,0.0,0.0,0.0,0.0,0.0,0.0,0.0,0.0,0.0,0.0,0.0,0.0,0.0,0.0,0.0,0.0,0.0,0.0,0.0,0.0,0.0,0.0,0.0,0.0,0.0,0.0,0.0,0.0,0.0,0.0,0.0,0.0,0.0,0.0,0.0,0.0,0.0,0.0,0.0,0.0,0.0,0.0,0.0,0.0,0.0,0.0,0.0,0.0,0.0,0.0,0.0,0.0,0.0,0.0,0.0,0.0,0.0,0.0,0.0,0.0,0.0,0.0,0.0,0.0,0.0,0.0,0.0,0.0,0.0,0.0,0.0,0.0
0.0,0.0,0.0,0.0,0.0,0.0,0.0,0.0,0.0,0.0,0.0,0.0,0.0,0.0,0.0,0.0,0.0,0.0,0.0,0.0,0.0,0.0,0.0,0.0,0.0,0.0,0.0,0.0,0.0,0.0,0.0,0.0,0.0,0.0,0.0,0.0,0.0,0.0,0.0,0.0,0.0,0.0,0.0,0.0,0.0,0.0,0.0,0.0,0.0,0.0,0.0,0.0,0.0,0.0,0.0,0.0,0.0,0.0,0.0,0.0,0.0,0.0,0.0,0.0,0.0,0.0,0.0,0.0,0.0,0.0,0.0,0.0,0.0,0.0,0.0,0.0,0.0,0.0,0.0,0.0,0.0,0.0,0.0,0.0,0.0,0.0,0.0,0.0,0.0,0.0,0.0,0.0,0.0,0.0,0.0,0.0,0.0,0.0,0.0,0.01,0.03,0.09,0.24,0.58,1.31,2.76,5.42,9.92,16.92,26.86,39.71,54.69,70.15,83.8,93.23,96.6,93.23,83.8,70.16,54.72,39.75,26.91,16.99,10.01,5.51,2.85,1.4,0.66,0.31,0.14,0.07,0.04,0.02,0.01,0.01,0.0,0.0,0.0,0.0,0.0,0.0,0.01,0.01,0.02,0.03,0.04,0.05,0.07,0.08,0.09,0.09,0.09,0.08,0.07,0.05,0.04,0.03,0.02,0.01,0.01,0.0,0.0,0.0,0.0,0.0,0.0,0.0,0.0,0.0,0.0,0.0,0.0,0.0,0.0,0.0,0.0,0.0,0.0,0.0,0.0,0.0,0.0,0.0,0.0,0.0,0.0,0.0,0.0,0.0,0.0,0.0,0.0,0.0,0.0,0.0,0.0,0.0,0.0,0.0,0.0,0.0,0.0,0.0,0.0,0.0,0.0,0.0,0.0,0.0,0.0,0.0,0.0,0.0,0.0,0.0,0.0,0.0,0.0,0.0,0.0,0.0,0.0,0.0,0.0,0.0,0.0,0.0,0.0,0.0,0.0,0.0,0.0,0.0,0.0,0.0,0.0,0.0,0.0,0.0,0.0,0.0,0.0,0.0,0.0,0.0,0.0,0.0,0.0,0.0,0.0,0.0,0.0,0.0,0.0,0.0,0.0,0.0,0.0,0.0,0.0,0.0,0.0,0.0,0.0,0.0,0.0,0.0,0.0,0.0,0.0,0.0,0.0,0.0,0.0,0.0,0.0,0.0,0.0,0.0,0.0,0.0,0.0,0.0,0.0,0.0,0.0,0.0,0.0,0.0,0.0,0.0,0.0,0.0,0.0,0.0,0.0,0.0,0.0,0.0,0.0
0.0,0.0,0.0,0.0,0.0,0.0,0.0,0.0,0.0,0.0,0.0,0.0,0.0,0.0,0.0,0.0,0.0,0.0,0.0,0.0,0.0,0.0,0.0,0.0,0.0,0.0,0.0,0.0,0.0,0.0,0.0,0.0,0.0,0.0,0.0,0.0,0.0,0.0,0.0,0.0,0.0,0.0,0.0,0.0,0.0,0.0,0.0,0.0,0.0,0.0,0.0,0.0,0.0,0.0,0.0,0.0,0.0,0.0,0.0,0.0,0.0,0.0,0.0,0.0,0.0,0.0,0.0,0.0,0.0,0.0,0.0,0.0,0.0,0.0,0.0,0.0,0.0,0.0,0.0,0.0,0.0,0.0,0.0,0.0,0.0,0.0,0.0,0.0,0.0,0.0,0.0,0.0,0.0,0.0,0.0,0.0,0.0,0.0,0.0,0.01,0.03,0.09,0.25,0.6,1.35,2.86,5.62,10.28,17.52,27.81,41.13,56.63,72.64,86.77,96.54,100.03,96.54,86.78,72.65,56.64,41.14,27.83,17.54,10.31,5.65,2.89,1.39,0.63,0.27,0.11,0.05,0.02,0.01,0.0,0.0,0.0,0.0,0.0,0.0,0.0,0.0,0.0,0.0,0.01,0.01,0.01,0.02,0.02,0.03,0.03,0.03,0.03,0.03,0.02,0.02,0.01,0.01,0.01,0.0,0.0,0.0,0.0,0.0,0.0,0.0,0.0,0.0,0.0,0.0,0.0,0.0,0.0,0.0,0.0,0.0,0.0,0.0,0.0,0.0,0.0,0.0,0.0,0.0,0.0,0.0,0.0,0.0,0.0,0.0,0.0,0.0,0.0,0.0,0.0,0.0,0.0,0.0,0.0,0.0,0.0,0.0,0.0,0.0,0.0,0.0,0.0,0.0,0.0,0.0,0.0,0.0,0.0,0.0,0.0,0.0,0.0,0.0,0.0,0.0,0.0,0.0,0.0,0.0,0.0,0.0,0.0,0.0,0.0,0.0,0.0,0.0,0.0,0.0,0.0,0.0,0.0,0.0,0.0,0.0,0.0,0.0,0.0,0.0,0.0,0.0,0.0,0.0,0.0,0.0,0.0,0.0,0.0,0.0,0.0,0.0,0.0,0.0,0.0,0.0,0.0,0.0,0.0,0.0,0.0,0.0,0.0,0.0,0.0,0.0,0.0,0.0,0.0,0.0,0.0,0.0,0.0,0.0,0.0,0.0,0.0,0.0,0.0,0.0,0.0,0.0,0.0,0.0,0.0,0.0,0.0,0.0,0.0,0.0,0.0,0.0,0.0,0.0,0.0,0.0,0.0
0.0,0.0,0.0,0.0,0.0,0.0,0.0,0.0,0.0,0.0,0.0,0.0,0.0,0.0,0.0,0.0,0.0,0.0,0.0,0.0,0.0,0.0,0.0,0.0,0.0,0.0,0.0,0.0,0.0,0.0,0.0,0.0,0.0,0.0,0.0,0.0,0.0,0.0,0.0,0.0,0.0,0.0,0.0,0.0,0.0,0.0,0.0,0.0,0.0,0.0,0.0,0.0,0.0,0.0,0.0,0.0,0.0,0.0,0.0,0.0,0.0,0.0,0.0,0.0,0.0,0.0,0.0,0.0,0.0,0.0,0.0,0.0,0.0,0.0,0.0,0.0,0.0,0.0,0.0,0.0,0.0,0.0,0.0,0.0,0.0,0.0,0.0,0.0,0.0,0.0,0.0,0.0,0.0,0.0,0.0,0.0,0.0,0.0,0.0,0.01,0.03,0.09,0.24,0.58,1.31,2.76,5.42,9.92,16.9,26.84,39.68,54.64,70.09,83.72,93.15,96.52,93.15,83.72,70.09,54.65,39.68,26.84,16.91,9.93,5.43,2.77,1.32,0.59,0.25,0.1,0.04,0.01,0.01,0.0,0.0,0.0,0.0,0.0,0.0,0.0,0.0,0.0,0.0,0.0,0.0,0.0,0.01,0.01,0.01,0.01,0.01,0.01,0.01,0.01,0.01,0.0,0.0,0.0,0.0,0.0,0.0,0.0,0.0,0.0,0.0,0.0,0.0,0.0,0.0,0.0,0.0,0.0,0.0,0.0,0.0,0.0,0.0,0.0,0.0,0.0,0.0,0.0,0.0,0.0,0.0,0.0,0.0,0.0,0.0,0.0,0.0,0.0,0.0,0.0,0.0,0.0,0.0,0.0,0.0,0.0,0.0,0.0,0.0,0.0,0.0,0.0,0.0,0.0,0.0,0.0,0.0,0.0,0.0,0.0,0.0,0.0,0.0,0.0,0.0,0.0,0.0,0.0,0.0,0.0,0.0,0.0,0.0,0.0,0.0,0.0,0.0,0.0,0.0,0.0,0.0,0.0,0.0,0.0,0.0,0.0,0.0,0.0,0.0,0.0,0.0,0.0,0.0,0.0,0.0,0.0,0.0,0.0,0.0,0.0,0.0,0.0,0.0,0.0,0.0,0.0,0.0,0.0,0.0,0.0,0.0,0.0,0.0,0.0,0.0,0.0,0.0,0.0,0.0,0.0,0.0,0.0,0.0,0.0,0.0,0.0,0.0,0.0,0.0,0.0,0.0,0.0,0.0,0.0,0.0,0.0,0.0,0.0,0.0,0.0,0.0,0.0,0.0,0.0,0.0,0.0
0.0,0.0,0.0,0.0,0.0,0.0,0.0,0.0,0.0,0.0,0.0,0.0,0.0,0.0,0.0,0.0,0.0,0.0,0.0,0.0,0.0,0.0,0.0,0.0,0.0,0.0,0.0,0.0,0.0,0.0,0.0,0.0,0.0,0.0,0.0,0.0,0.0,0.0,0.0,0.0,0.0,0.0,0.0,0.0,0.0,0.0,0.0,0.0,0.0,0.0,0.0,0.0,0.0,0.0,0.0,0.0,0.0,0.0,0.0,0.0,0.0,0.0,0.0,0.0,0.0,0.0,0.0,0.0,0.0,0.0,0.0,0.0,0.0,0.0,0.0,0.0,0.0,0.0,0.0,0.0,0.0,0.0,0.0,0.0,0.0,0.0,0.0,0.0,0.0,0.0,0.0,0.0,0.0,0.0,0.0,0.0,0.0,0.0,0.0,0.01,0.03,0.08,0.21,0.52,1.17,2.48,4.87,8.91,15.19,24.12,35.66,49.11,62.99,75.25,83.72,86.75,83.72,75.25,62.99,49.11,35.66,24.12,15.19,8.92,4.87,2.48,1.18,0.52,0.22,0.08,0.03,0.01,0.0,0.0,0.0,0.0,0.0,0.0,0.0,0.0,0.0,0.0,0.0,0.0,0.0,0.0,0.0,0.0,0.0,0.0,0.0,0.0,0.0,0.0,0.0,0.0,0.0,0.0,0.0,0.0,0.0,0.0,0.0,0.0,0.0,0.0,0.0,0.0,0.0,0.0,0.0,0.0,0.0,0.0,0.0,0.0,0.0,0.0,0.0,0.0,0.0,0.0,0.0,0.0,0.0,0.0,0.0,0.0,0.0,0.0,0.0,0.0,0.0,0.0,0.0,0.0,0.0,0.0,0.0,0.0,0.0,0.0,0.0,0.0,0.0,0.0,0.0,0.0,0.0,0.0,0.0,0.0,0.0,0.0,0.0,0.0,0.0,0.0,0.0,0.0,0.0,0.0,0.0,0.0,0.0,0.0,0.0,0.0,0.0,0.0,0.0,0.0,0.0,0.0,0.0,0.0,0.0,0.0,0.0,0.0,0.0,0.0,0.0,0.0,0.0,0.0,0.0,0.0,0.0,0.0,0.0,0.0,0.0,0.0,0.0,0.0,0.0,0.0,0.0,0.0,0.0,0.0,0.0,0.0,0.0,0.0,0.0,0.0,0.0,0.0,0.0,0.0,0.0,0.0,0.0,0.0,0.0,0.0,0.0,0.0,0.0,0.0,0.0,0.0,0.0,0.0,0.0,0.0,0.0,0.0,0.0,0.0,0.0,0.0,0.0,0.0,0.0,0.0,0.0,0.0
0.0,0.0,0.0,0.0,0.0,0.0,0.0,0.0,0.0,0.0,0.0,0.0,0.0,0.0,0.0,0.0,0.0,0.0,0.0,0.0,0.0,0.0,0.0,0.0,0.0,0.0,0.0,0.0,0.0,0.0,0.0,0.0,0.0,0.0,0.0,0.0,0.0,0.0,0.0,0.0,0.0,0.0,0.0,0.0,0.0,0.0,0.0,0.0,0.0,0.0,0.0,0.0,0.0,0.0,0.0,0.0,0.0,0.0,0.0,0.0,0.0,0.0,0.0,0.0,0.0,0.0,0.0,0.0,0.0,0.0,0.0,0.0,0.0,0.0,0.0,0.0,0.0,0.0,0.0,0.0,0.0,0.0,0.0,0.0,0.0,0.0,0.0,0.0,0.0,0.0,0.0,0.0,0.0,0.0,0.0,0.0,0.0,0.0,0.0,0.01,0.02,0.07,0.18,0.43,0.98,2.07,4.08,7.46,12.72,20.19,29.85,41.11,52.73,62.99,70.08,72.62,70.08,62.99,52.73,41.11,29.85,20.19,12.72,7.46,4.08,2.08,0.98,0.43,0.18,0.07,0.02,0.01,0.0,0.0,0.0,0.0,0.0,0.0,0.0,0.0,0.0,0.0,0.0,0.0,0.0,0.0,0.0,0.0,0.0,0.0,0.0,0.0,0.0,0.0,0.0,0.0,0.0,0.0,0.0,0.0,0.0,0.0,0.0,0.0,0.0,0.0,0.0,0.0,0.0,0.0,0.0,0.0,0.0,0.0,0.0,0.0,0.0,0.0,0.0,0.0,0.0,0.0,0.0,0.0,0.0,0.0,0.0,0.0,0.0,0.0,0.0,0.0,0.0,0.0,0.0,0.0,0.0,0.0,0.0,0.0,0.0,0.0,0.0,0.0,0.0,0.0,0.0,0.0,0.0,0.0,0.0,0.0,0.0,0.0,0.0,0.0,0.0,0.0,0.0,0.0,0.0,0.0,0.0,0.0,0.0,0.0,0.0,0.0,0.0,0.0,0.0,0.0,0.0,0.0,0.0,0.0,0.0,0.0,0.0,0.0,0.0,0.0,0.0,0.0,0.0,0.0,0.0,0.0,0.0,0.0,0.0,0.0,0.0,0.0,0.0,0.0,0.0,0.0,0.0,0.0,0.0,0.0,0.0,0.0,0.0,0.0,0.0,0.0,0.0,0.0,0.0,0.0,0.0,0.0,0.0,0.0,0.0,0.0,0.0,0.0,0.0,0.0,0.0,0.0,0.0,0.0,0.0,0.0,0.0,0.0,0.0,0.0,0.0,0.0,0.0,0.0,0.0,0.0,0.0,0.0
0.0,0.0,0.0,0.0,0.0,0.0,0.0,0.0,0.0,0.0,0.0,0.0,0.0,0.0,0.0,0.0,0.0,0.0,0.0,0.0,0.0,0.0,0.0,0.0,0.0,0.0,0.0,0.0,0.0,0.0,0.0,0.0,0.0,0.0,0.0,0.0,0.0,0.0,0.0,0.0,0.0,0.0,0.0,0.0,0.0,0.0,0.0,0.0,0.0,0.0,0.0,0.0,0.0,0.0,0.0,0.0,0.0,0.0,0.0,0.0,0.0,0.0,0.0,0.0,0.0,0.0,0.0,0.0,0.0,0.0,0.0,0.0,0.0,0.0,0.0,0.0,0.0,0.0,0.0,0.0,0.0,0.0,0.0,0.0,0.0,0.0,0.0,0.0,0.0,0.0,0.0,0.0,0.0,0.0,0.0,0.0,0.0,0.0,0.0,0.01,0.02,0.05,0.14,0.34,0.77,1.62,3.18,5.82,9.92,15.74,23.28,32.05,41.11,49.11,54.64,56.62,54.64,49.11,41.11,32.05,23.28,15.74,9.92,5.82,3.18,1.62,0.77,0.34,0.14,0.05,0.02,0.01,0.0,0.0,0.0,0.0,0.0,0.0,0.0,0.0,0.0,0.0,0.0,0.0,0.0,0.0,0.0,0.0,0.0,0.0,0.0,0.0,0.0,0.0,0.0,0.0,0.0,0.0,0.0,0.0,0.0,0.0,0.0,0.0,0.0,0.0,0.0,0.0,0.0,0.0,0.0,0.0,0.0,0.0,0.0,0.0,0.0,0.0,0.0,0.0,0.0,0.0,0.0,0.0,0.0,0.0,0.0,0.0,0.0,0.0,0.0,0.0,0.0,0.0,0.0,0.0,0.0,0.0,0.0,0.0,0.0,0.0,0.0,0.0,0.0,0.0,0.0,0.0,0.0,0.0,0.0,0.0,0.0,0.0,0.0,0.0,0.0,0.0,0.0,0.0,0.0,0.0,0.0,0.0,0.0,0.0,0.0,0.0,0.0,0.0,0.0,0.0,0.0,0.0,0.0,0.0,0.0,0.0,0.0,0.0,0.0,0.0,0.0,0.0,0.0,0.0,0.0,0.0,0.0,0.0,0.0,0.0,0.0,0.0,0.0,0.0,0.0,0.0,0.0,0.0,0.0,0.0,0.0,0.0,0.0,0.0,0.0,0.0,0.0,0.0,0.0,0.0,0.0,0.0,0.0,0.0,0.0,0.0,0.0,0.0,0.0,0.0,0.0,0.0,0.0,0.0,0.0,0.0,0.0,0.0,0.0,0.0,0.0,0.0,0.0,0.0,0.0,0.0,0.0,0.0
0.0,0.0,0.0,0.0,0.0,0.0,0.0,0.0,0.0,0.0,0.0,0.0,0.0,0.0,0.0,0.0,0.0,0.0,0.0,0.0,0.0,0.0,0.0,0.0,0.0,0.0,0.0,0.0,0.0,0.0,0.0,0.0,0.0,0.0,0.0,0.0,0.0,0.0,0.0,0.0,0.0,0.0,0.0,0.0,0.0,0.0,0.0,0.0,0.0,0.0,0.0,0.0,0.0,0.0,0.0,0.0,0.0,0.0,0.0,0.0,0.0,0.0,0.0,0.0,0.0,0.0,0.0,0.0,0.0,0.0,0.0,0.0,0.0,0.0,0.0,0.0,0.0,0.0,0.0,0.0,0.0,0.0,0.0,0.0,0.0,0.0,0.0,0.0,0.0,0.0,0.0,0.0,0.0,0.0,0.0,0.0,0.0,0.0,0.0,0.0,0.01,0.04,0.1,0.25,0.56,1.17,2.31,4.22,7.2,11.43,16.9,23.28,29.85,35.66,39.68,41.11,39.68,35.66,29.85,23.28,16.9,11.43,7.2,4.22,2.31,1.17,0.56,0.25,0.1,0.04,0.01,0.0,0.0,0.0,0.0,0.0,0.0,0.0,0.0,0.0,0.0,0.0,0.0,0.0,0.0,0.0,0.0,0.0,0.0,0.0,0.0,0.0,0.0,0.0,0.0,0.0,0.0,0.0,0.0,0.0,0.0,0.0,0.0,0.0,0.0,0.0,0.0,0.0,0.0,0.0,0.0,0.0,0.0,0.0,0.0,0.0,0.0,0.0,0.0,0.0,0.0,0.0,0.0,0.0,0.0,0.0,0.0,0.0,0.0,0.0,0.0,0.0,0.0,0.0,0.0,0.0,0.0,0.0,0.0,0.0,0.0,0.0,0.0,0.0,0.0,0.0,0.0,0.0,0.0,0.0,0.0,0.0,0.0,0.0,0.0,0.0,0.0,0.0,0.0,0.0,0.0,0.0,0.0,0.0,0.0,0.0,0.0,0.0,0.0,0.0,0.0,0.0,0.0,0.0,0.0,0.0,0.0,0.0,0.0,0.0,0.0,0.0,0.0,0.0,0.0,0.0,0.0,0.0,0.0,0.0,0.0,0.0,0.0,0.0,0.0,0.0,0.0,0.0,0.0,0.0,0.0,0.0,0.0,0.0,0.0,0.0,0.0,0.0,0.0,0.0,0.0,0.0,0.0,0.0,0.0,0.0,0.0,0.0,0.0,0.0,0.0,0.0,0.0,0.0,0.0,0.0,0.0,0.0,0.0,0.0,0.0,0.0,0.0,0.0,0.0,0.0,0.0,0.0,0.0,0.0
0.0,0.0,0.0,0.0,0.0,0.0,0.0,0.0,0.0,0.0,0.0,0.0,0.0,0.0,0.0,0.0,0.0,0.0,0.0,0.0,0.0,0.0,0.0,0.0,0.0,0.0,0.0,0.0,0.0,0.0,0.0,0.0,0.0,0.0,0.0,0.0,0.0,0.0,0.0,0.0,0.0,0.0,0.0,0.0,0.0,0.0,0.0,0.0,0.0,0.0,0.0,0.0,0.0,0.0,0.0,0.0,0.0,0.0,0.0,0.0,0.0,0.0,0.0,0.0,0.0,0.0,0.0,0.0,0.0,0.0,0.0,0.0,0.0,0.0,0.0,0.0,0.0,0.0,0.0,0.0,0.0,0.0,0.0,0.0,0.0,0.0,0.0,0.0,0.0,0.0,0.0,0.0,0.0,0.0,0.0,0.0,0.0,0.0,0.0,0.0,0.01,0.03,0.07,0.17,0.38,0.79,1.56,2.86,4.87,7.73,11.43,15.74,20.19,24.12,26.83,27.8,26.83,24.12,20.19,15.74,11.43,7.73,4.87,2.86,1.56,0.79,0.38,0.17,0.07,0.03,0.01,0.0,0.0,0.0,0.0,0.0,0.0,0.0,0.0,0.0,0.0,0.0,0.0,0.0,0.0,0.0,0.0,0.0,0.0,0.0,0.0,0.0,0.0,0.0,0.0,0.0,0.0,0.0,0.0,0.0,0.0,0.0,0.0,0.0,0.0,0.0,0.0,0.0,0.0,0.0,0.0,0.0,0.0,0.0,0.0,0.0,0.0,0.0,0.0,0.0,0.0,0.0,0.0,0.0,0.0,0.0,0.0,0.0,0.0,0.0,0.0,0.0,0.0,0.0,0.0,0.0,0.0,0.0,0.0,0.0,0.0,0.0,0.0,0.0,0.0,0.0,0.0,0.0,0.0,0.0,0.0,0.0,0.0,0.0,0.0,0.0,0.0,0.0,0.0,0.0,0.0,0.0,0.0,0.0,0.0,0.0,0.0,0.0,0.0,0.0,0.0,0.0,0.0,0.0,0.0,0.0,0.0,0.0,0.0,0.0,0.0,0.0,0.0,0.0,0.0,0.0,0.0,0.0,0.0,0.0,0.0,0.0,0.0,0.0,0.0,0.0,0.0,0.0,0.0,0.0,0.0,0.0,0.0,0.0,0.0,0.0,0.0,0.0,0.0,0.0,0.0,0.0,0.0,0.0,0.0,0.0,0.0,0.0,0.0,0.0,0.0,0.0,0.0,0.0,0.0,0.0,0.0,0.0,0.0,0.0,0.0,0.0,0.0,0.0,0.0,0.0,0.0,0.0,0.0,0.0
0.0,0.0,0.0,0.0,0.0,0.0,0.0,0.0,0.0,0.0,0.0,0.0,0.0,0.0,0.0,0.0,0.0,0.0,0.0,0.0,0.0,0.0,0.0,0.0,0.0,0.0,0.0,0.0,0.0,0.0,0.0,0.0,0.0,0.0,0.0,0.0,0.0,0.0,0.0,0.0,0.0,0.0,0.0,0.0,0.0,0.0,0.0,0.0,0.0,0.0,0.0,0.0,0.0,0.0,0.0,0.0,0.0,0.0,0.0,0.0,0.0,0.0,0.0,0.0,0.0,0.0,0.0,0.0,0.0,0.0,0.0,0.0,0.0,0.0,0.0,0.0,0.0,0.0,0.0,0.0,0.0,0.0,0.0,0.0,0.0,0.0,0.0,0.0,0.0,0.0,0.0,0.0,0.0,0.0,0.0,0.0,0.0,0.0,0.0,0.0,0.01,0.02,0.04,0.1,0.24,0.5,0.98,1.8,3.07,4.87,7.2,9.92,12.72,15.19,16.9,17.51,16.9,15.19,12.72,9.92,7.2,4.87,3.07,1.8,0.98,0.5,0.24,0.1,0.04,0.02,0.01,0.0,0.0,0.0,0.0,0.0,0.0,0.0,0.0,0.0,0.0,0.0,0.0,0.0,0.0,0.0,0.0,0.0,0.0,0.0,0.0,0.0,0.0,0.0,0.0,0.0,0.0,0.0,0.0,0.0,0.0,0.0,0.0,0.0,0.0,0.0,0.0,0.0,0.0,0.0,0.0,0.0,0.0,0.0,0.0,0.0,0.0,0.0,0.0,0.0,0.0,0.0,0.0,0.0,0.0,0.0,0.0,0.0,0.0,0.0,0.0,0.0,0.0,0.0,0.0,0.0,0.0,0.0,0.0,0.0,0.0,0.0,0.0,0.0,0.0,0.0,0.0,0.0,0.0,0.0,0.0,0.0,0.0,0.0,0.0,0.0,0.0,0.0,0.0,0.0,0.0,0.0,0.0,0.0,0.0,0.0,0.0,0.0,0.0,0.0,0.0,0.0,0.0,0.0,0.0,0.0,0.0,0.0,0.0,0.0,0.0,0.0,0.0,0.0,0.0,0.0,0.0,0.0,0.0,0.0,0.0,0.0,0.0,0.0,0.0,0.0,0.0,0.0,0.0,0.0,0.0,0.0,0.0,0.0,0.0,0.0,0.0,0.0,0.0,0.0,0.0,0.0,0.0,0.0,0.0,0.0,0.0,0.0,0.0,0.0,0.0,0.0,0.0,0.0,0.0,0.0,0.0,0.0,0.0,0.0,0.0,0.0,0.0,0.0,0.0,0.0,0.0,0.0,0.0,0.0
0.0,0.0,0.0,0.0,0.0,0.0,0.0,0.0,0.0,0.0,0.0,0.0,0.0,0.0,0.0,0.0,0.0,0.0,0.0,0.0,0.0,0.0,0.0,0.0,0.0,0.0,0.0,0.0,0.0,0.0,0.0,0.0,0.0,0.0,0.0,0.0,0.0,0.0,0.0,0.0,0.0,0.0,0.0,0.0,0.0,0.0,0.0,0.0,0.0,0.0,0.0,0.0,0.0,0.0,0.0,0.0,0.0,0.0,0.0,0.0,0.0,0.0,0.0,0.0,0.0,0.0,0.0,0.0,0.0,0.0,0.0,0.0,0.0,0.0,0.0,0.0,0.0,0.0,0.0,0.0,0.0,0.0,0.0,0.0,0.0,0.0,0.0,0.0,0.0,0.0,0.0,0.0,0.0,0.0,0.0,0.0,0.0,0.0,0.0,0.0,0.0,0.01,0.03,0.06,0.14,0.29,0.58,1.06,1.8,2.86,4.22,5.82,7.46,8.91,9.92,10.27,9.92,8.91,7.46,5.82,4.22,2.86,1.8,1.06,0.58,0.29,0.14,0.06,0.03,0.01,0.0,0.0,0.0,0.0,0.0,0.0,0.0,0.0,0.0,0.0,0.0,0.0,0.0,0.0,0.0,0.0,0.0,0.0,0.0,0.0,0.0,0.0,0.0,0.0,0.0,0.0,0.0,0.0,0.0,0.0,0.0,0.0,0.0,0.0,0.0,0.0,0.0,0.0,0.0,0.0,0.0,0.0,0.0,0.0,0.0,0.0,0.0,0.0,0.0,0.0,0.0,0.0,0.0,0.0,0.0,0.0,0.0,0.0,0.0,0.0,0.0,0.0,0.0,0.0,0.0,0.0,0.0,0.0,0.0,0.0,0.0,0.0,0.0,0.0,0.0,0.0,0.0,0.0,0.0,0.0,0.0,0.0,0.0,0.0,0.0,0.0,0.0,0.0,0.0,0.0,0.0,0.0,0.0,0.0,0.0,0.0,0.0,0.0,0.0,0.0,0.0,0.0,0.0,0.0,0.0,0.0,0.0,0.0,0.0,0.0,0.0,0.0,0.0,0.0,0.0,0.0,0.0,0.0,0.0,0.0,0.0,0.0,0.0,0.0,0.0,0.0,0.0,0.0,0.0,0.0,0.0,0.0,0.0,0.0,0.0,0.0,0.0,0.0,0.0,0.0,0.0,0.0,0.0,0.0,0.0,0.0,0.0,0.0,0.0,0.0,0.0,0.0,0.0,0.0,0.0,0.0,0.0,0.0,0.0,0.0,0.0,0.0,0.0,0.0,0.0,0.0,0.0,0.0,0.0,0.0
0.0,0.0,0.0,0.0,0.0,0.0,0.0,0.0,0.0,0.0,0.0,0.0,0.0,0.0,0.0,0.0,0.0,0.0,0.0,0.0,0.0,0.0,0.0,0.0,0.0,0.0,0.0,0.0,0.0,0.0,0.0,0.0,0.0,0.0,0.0,0.0,0.0,0.0,0.0,0.0,0.0,0.0,0.0,0.0,0.0,0.0,0.0,0.0,0.0,0.0,0.0,0.0,0.0,0.0,0.0,0.0,0.0,0.0,0.0,0.0,0.0,0.0,0.0,0.0,0.0,0.0,0.0,0.0,0.0,0.0,0.0,0.0,0.0,0.0,0.0,0.0,0.0,0.0,0.0,0.0,0.0,0.0,0.0,0.0,0.0,0.0,0.0,0.0,0.0,0.0,0.0,0.0,0.0,0.0,0.0,0.0,0.0,0.0,0.0,0.0,0.0,0.01,0.01,0.03,0.08,0.16,0.32,0.58,0.98,1.56,2.31,3.18,4.08,4.87,5.42,5.61,5.42,4.87,4.08,3.18,2.31,1.56,0.98,0.58,0.32,0.16,0.08,0.03,0.01,0.01,0.0,0.0,0.0,0.0,0.0,0.0,0.0,0.0,0.0,0.0,0.0,0.0,0.0,0.0,0.0,0.0,0.0,0.0,0.0,0.0,0.0,0.0,0.0,0.0,0.0,0.0,0.0,0.0,0.0,0.0,0.0,0.0,0.0,0.0,0.0,0.0,0.0,0.0,0.0,0.0,0.0,0.0,0.0,0.0,0.0,0.0,0.0,0.0,0.0,0.0,0.0,0.0,0.0,0.0,0.0,0.0,0.0,0.0,0.0,0.0,0.0,0.0,0.0,0.0,0.0,0.0,0.0,0.0,0.0,0.0,0.0,0.0,0.0,0.0,0.0,0.0,0.0,0.0,0.0,0.0,0.0,0.0,0.0,0.0,0.0,0.0,0.0,0.0,0.0,0.0,0.0,0.0,0.0,0.0,0.0,0.0,0.0,0.0,0.0,0.0,0.0,0.0,0.0,0.0,0.0,0.0,0.0,0.0,0.0,0.0,0.0,0.0,0.0,0.0,0.0,0.0,0.0,0.0,0.0,0.0,0.0,0.0,0.0,0.0,0.0,0.0,0.0,0.0,0.0,0.0,0.0,0.0,0.0,0.0,0.0,0.0,0.0,0.0,0.0,0.0,0.0,0.0,0.0,0.0,0.0,0.0,0.0,0.0,0.0,0.0,0.0,0.0,0.0,0.0,0.0,0.0,0.0,0.0,0.0,0.0,0.0,0.0,0.0,0.0,0.0,0.0,0.0,0.0,0.0,0.0
0.0,0.0,0.0,0.0,0.0,0.0,0.0,0.0,0.0,0.0,0.0,0.0,0.0,0.0,0.0,0.0,0.0,0.0,0.0,0.0,0.0,0.0,0.0,0.0,0.0,0.0,0.0,0.0,0.0,0.0,0.0,0.0,0.0,0.0,0.0,0.0,0.0,0.0,0.0,0.0,0.0,0.0,0.0,0.0,0.0,0.0,0.0,0.0,0.0,0.0,0.0,0.0,0.0,0.0,0.0,0.0,0.0,0.0,0.0,0.0,0.0,0.0,0.0,0.0,0.0,0.0,0.0,0.0,0.0,0.0,0.0,0.0,0.0,0.0,0.0,0.0,0.0,0.0,0.0,0.0,0.0,0.0,0.0,0.0,0.0,0.0,0.0,0.0,0.0,0.0,0.0,0.0,0.0,0.0,0.0,0.0,0.0,0.0,0.0,0.0,0.0,0.0,0.01,0.02,0.04,0.08,0.16,0.29,0.5,0.79,1.17,1.62,2.07,2.48,2.76,2.86,2.76,2.48,2.07,1.62,1.17,0.79,0.5,0.29,0.16,0.08,0.04,0.02,0.01,0.0,0.0,0.0,0.0,0.0,0.0,0.0,0.0,0.0,0.0,0.0,0.0,0.0,0.0,0.0,0.0,0.0,0.0,0.0,0.0,0.0,0.0,0.0,0.0,0.0,0.0,0.0,0.0,0.0,0.0,0.0,0.0,0.0,0.0,0.0,0.0,0.0,0.0,0.0,0.0,0.0,0.0,0.0,0.0,0.0,0.0,0.0,0.0,0.0,0.0,0.0,0.0,0.0,0.0,0.0,0.0,0.0,0.0,0.0,0.0,0.0,0.0,0.0,0.0,0.0,0.0,0.0,0.0,0.0,0.0,0.0,0.0,0.0,0.0,0.0,0.0,0.0,0.0,0.0,0.0,0.0,0.0,0.0,0.0,0.0,0.0,0.0,0.0,0.0,0.0,0.0,0.0,0.0,0.0,0.0,0.0,0.0,0.0,0.0,0.0,0.0,0.0,0.0,0.0,0.0,0.0,0.0,0.0,0.0,0.0,0.0,0.0,0.0,0.0,0.0,0.0,0.0,0.0,0.0,0.0,0.0,0.0,0.0,0.0,0.0,0.0,0.0,0.0,0.0,0.0,0.0,0.0,0.0,0.0,0.0,0.0,0.0,0.0,0.0,0.0,0.0,0.0,0.0,0.0,0.0,0.0,0.0,0.0,0.0,0.0,0.0,0.0,0.0,0.0,0.0,0.0,0.0,0.0,0.0,0.0,0.0,0.0,0.0,0.0,0.0,0.0,0.0,0.0,0.0,0.0,0.0
0.0,0.0,0.0,0.0,0.0,0.0,0.0,0.0,0.0,0.0,0.0,0.0,0.0,0.0,0.0,0.0,0.0,0.0,0.0,0.0,0.0,0.0,0.0,0.0,0.0,0.0,0.0,0.0,0.0,0.0,0.0,0.0,0.0,0.0,0.0,0.0,0.0,0.0,0.0,0.0,0.0,0.0,0.0,0.0,0.0,0.0,0.0,0.0,0.0,0.0,0.0,0.0,0.0,0.0,0.0,0.0,0.0,0.0,0.0,0.0,0.0,0.0,0.0,0.0,0.0,0.0,0.0,0.0,0.0,0.0,0.0,0.0,0.0,0.0,0.0,0.0,0.0,0.0,0.0,0.0,0.0,0.0,0.0,0.0,0.0,0.0,0.0,0.0,0.0,0.0,0.0,0.0,0.0,0.0,0.0,0.0,0.0,0.0,0.0,0.0,0.0,0.0,0.0,0.01,0.02,0.04,0.08,0.14,0.24,0.38,0.56,0.77,0.98,1.17,1.31,1.35,1.31,1.17,0.98,0.77,0.56,0.38,0.24,0.14,0.08,0.04,0.02,0.01,0.0,0.0,0.0,0.0,0.0,0.0,0.0,0.0,0.0,0.0,0.0,0.0,0.0,0.0,0.0,0.0,0.0,0.0,0.0,0.0,0.0,0.0,0.0,0.0,0.0,0.0,0.0,0.0,0.0,0.0,0.0,0.0,0.0,0.0,0.0,0.0,0.0,0.0,0.0,0.0,0.0,0.0,0.0,0.0,0.0,0.0,0.0,0.0,0.0,0.0,0.0,0.0,0.0,0.0,0.0,0.0,0.0,0.0,0.0,0.0,0.0,0.0,0.0,0.0,0.0,0.0,0.0,0.0,0.0,0.0,0.0,0.0,0.0,0.0,0.0,0.0,0.0,0.0,0.0,0.0,0.0,0.0,0.0,0.0,0.0,0.0,0.0,0.0,0.0,0.0,0.0,0.0,0.0,0.0,0.0,0.0,0.0,0.0,0.0,0.0,0.0,0.0,0.0,0.0,0.0,0.0,0.0,0.0,0.0,0.0,0.0,0.0,0.0,0.0,0.0,0.0,0.0,0.0,0.0,0.0,0.0,0.0,0.0,0.0,0.0,0.0,0.0,0.0,0.0,0.0,0.0,0.0,0.0,0.0,0.0,0.0,0.0,0.0,0.0,0.0,0.0,0.0,0.0,0.0,0.0,0.0,0.0,0.0,0.0,0.0,0.0,0.0,0.0,0.0,0.0,0.0,0.0,0.0,0.0,0.0,0.0,0.0,0.0,0.0,0.0,0.0,0.0,0.0,0.0,0.0,0.0,0.0
0.0,0.0,0.0,0.0,0.0,0.0,0.0,0.0,0.0,0.0,0.0,0.0,0.0,0.0,0.0,0.0,0.0,0.0,0.0,0.0,0.0,0.0,0.0,0.0,0.0,0.0,0.0,0.0,0.0,0.0,0.0,0.0,0.0,0.0,0.0,0.0,0.0,0.0,0.0,0.0,0.0,0.0,0.0,0.0,0.0,0.0,0.0,0.0,0.0,0.0,0.0,0.0,0.0,0.0,0.0,0.0,0.0,0.0,0.0,0.0,0.0,0.0,0.0,0.0,0.0,0.0,0.0,0.0,0.0,0.0,0.0,0.0,0.0,0.0,0.0,0.0,0.0,0.0,0.0,0.0,0.0,0.0,0.0,0.0,0.0,0.0,0.0,0.0,0.0,0.0,0.0,0.0,0.0,0.0,0.0,0.0,0.0,0.0,0.0,0.0,0.0,0.0,0.0,0.0,0.01,0.02,0.03,0.06,0.1,0.17,0.25,0.34,0.43,0.52,0.58,0.6,0.58,0.52,0.43,0.34,0.25,0.17,0.1,0.06,0.03,0.02,0.01,0.0,0.0,0.0,0.0,0.0,0.0,0.0,0.0,0.0,0.0,0.0,0.0,0.0,0.0,0.0,0.0,0.0,0.0,0.0,0.0,0.0,0.0,0.0,0.0,0.0,0.0,0.0,0.0,0.0,0.0,0.0,0.0,0.0,0.0,0.0,0.0,0.0,0.0,0.0,0.0,0.0,0.0,0.0,0.0,0.0,0.0,0.0,0.0,0.0,0.0,0.0,0.0,0.0,0.0,0.0,0.0,0.0,0.0,0.0,0.0,0.0,0.0,0.0,0.0,0.0,0.0,0.0,0.0,0.0,0.0,0.0,0.0,0.0,0.0,0.0,0.0,0.0,0.0,0.0,0.0,0.0,0.0,0.0,0.0,0.0,0.0,0.0,0.0,0.0,0.0,0.0,0.0,0.0,0.0,0.0,0.0,0.0,0.0,0.0,0.0,0.0,0.0,0.0,0.0,0.0,0.0,0.0,0.0,0.0,0.0,0.0,0.0,0.0,0.0,0.0,0.0,0.0,0.0,0.0,0.0,0.0,0.0,0.0,0.0,0.0,0.0,0.0,0.0,0.0,0.0,0.0,0.0,0.0,0.0,0.0,0.0,0.0,0.0,0.0,0.0,0.0,0.0,0.0,0.0,0.0,0.0,0.0,0.0,0.0,0.0,0.0,0.0,0.0,0.0,0.0,0.0,0.0,0.0,0.0,0.0,0.0,0.0,0.0,0.0,0.0,0.0,0.0,0.0,0.0,0.0,0.0,0.0,0.0
0.0,0.0,0.0,0.0,0.0,0.0,0.0,0.0,0.0,0.0,0.0,0.0,0.0,0.0,0.0,0.0,0.0,0.0,0.0,0.0,0.0,0.0,0.0,0.0,0.0,0.0,0.0,0.0,0.0,0.0,0.0,0.0,0.0,0.0,0.0,0.0,0.0,0.0,0.0,0.0,0.0,0.0,0.0,0.0,0.0,0.0,0.0,0.0,0.0,0.0,0.0,0.0,0.0,0.0,0.0,0.0,0.0,0.0,0.0,0.0,0.0,0.0,0.0,0.0,0.0,0.0,0.0,0.0,0.0,0.0,0.0,0.0,0.0,0.0,0.0,0.0,0.0,0.0,0.0,0.0,0.0,0.0,0.0,0.0,0.0,0.0,0.0,0.0,0.0,0.0,0.0,0.0,0.0,0.0,0.0,0.0,0.0,0.0,0.0,0.0,0.0,0.0,0.0,0.0,0.0,0.01,0.01,0.03,0.04,0.07,0.1,0.14,0.18,0.21,0.24,0.25,0.24,0.21,0.18,0.14,0.1,0.07,0.04,0.03,0.01,0.01,0.0,0.0,0.0,0.0,0.0,0.0,0.0,0.0,0.0,0.0,0.0,0.0,0.0,0.0,0.0,0.0,0.0,0.0,0.0,0.0,0.0,0.0,0.0,0.0,0.0,0.0,0.0,0.0,0.0,0.0,0.0,0.0,0.0,0.0,0.0,0.0,0.0,0.0,0.0,0.0,0.0,0.0,0.0,0.0,0.0,0.0,0.0,0.0,0.0,0.0,0.0,0.0,0.0,0.0,0.0,0.0,0.0,0.0,0.0,0.0,0.0,0.0,0.0,0.0,0.0,0.0,0.0,0.0,0.0,0.0,0.0,0.0,0.0,0.0,0.0,0.0,0.0,0.0,0.0,0.0,0.0,0.0,0.0,0.0,0.0,0.0,0.0,0.0,0.0,0.0,0.0,0.0,0.0,0.0,0.0,0.0,0.0,0.0,0.0,0.0,0.0,0.0,0.0,0.0,0.0,0.0,0.0,0.0,0.0,0.0,0.0,0.0,0.0,0.0,0.0,0.0,0.0,0.0,0.0,0.0,0.0,0.0,0.0,0.0,0.0,0.0,0.0,0.0,0.0,0.0,0.0,0.0,0.0,0.0,0.0,0.0,0.0,0.0,0.0,0.0,0.0,0.0,0.0,0.0,0.0,0.0,0.0,0.0,0.0,0.0,0.0,0.0,0.0,0.0,0.0,0.0,0.0,0.0,0.0,0.0,0.0,0.0,0.0,0.0,0.0,0.0,0.0,0.0,0.0,0.0,0.0,0.0,0.0,0.0
0.0,0.0,0.0,0.0,0.0,0.0,0.0,0.0,0.0,0.0,0.0,0.0,0.0,0.0,0.0,0.0,0.0,0.0,0.0,0.0,0.0,0.0,0.0,0.0,0.0,0.0,0.0,0.0,0.0,0.0,0.0,0.0,0.0,0.0,0.0,0.0,0.0,0.0,0.0,0.0,0.0,0.0,0.0,0.0,0.0,0.0,0.0,0.0,0.0,0.0,0.0,0.0,0.0,0.0,0.0,0.0,0.0,0.0,0.0,0.0,0.0,0.0,0.0,0.0,0.0,0.0,0.0,0.0,0.0,0.0,0.0,0.0,0.0,0.0,0.0,0.0,0.0,0.0,0.0,0.0,0.0,0.0,0.0,0.0,0.0,0.0,0.0,0.0,0.0,0.0,0.0,0.0,0.0,0.0,0.0,0.0,0.0,0.0,0.0,0.0,0.0,0.0,0.0,0.0,0.0,0.0,0.01,0.01,0.02,0.03,0.04,0.05,0.07,0.08,0.09,0.09,0.09,0.08,0.07,0.05,0.04,0.03,0.02,0.01,0.01,0.0,0.0,0.0,0.0,0.0,0.0,0.0,0.0,0.0,0.0,0.0,0.0,0.0,0.0,0.0,0.0,0.0,0.0,0.0,0.0,0.0,0.0,0.0,0.0,0.0,0.0,0.0,0.0,0.0,0.0,0.0,0.0,0.0,0.0,0.0,0.0,0.0,0.0,0.0,0.0,0.0,0.0,0.0,0.0,0.0,0.0,0.0,0.0,0.0,0.0,0.0,0.0,0.0,0.0,0.0,0.0,0.0,0.0,0.0,0.0,0.0,0.0,0.0,0.0,0.0,0.0,0.0,0.0,0.0,0.0,0.0,0.0,0.0,0.0,0.0,0.0,0.0,0.0,0.0,0.0,0.0,0.0,0.0,0.0,0.0,0.0,0.0,0.0,0.0,0.0,0.0,0.0,0.0,0.0,0.0,0.0,0.0,0.0,0.0,0.0,0.0,0.0,0.0,0.0,0.0,0.0,0.0,0.0,0.0,0.0,0.0,0.0,0.0,0.0,0.0,0.0,0.0,0.0,0.0,0.0,0.0,0.0,0.0,0.0,0.0,0.0,0.0,0.0,0.0,0.0,0.0,0.0,0.0,0.0,0.0,0.0,0.0,0.0,0.0,0.0,0.0,0.0,0.0,0.0,0.0,0.0,0.0,0.0,0.0,0.0,0.0,0.0,0.0,0.0,0.0,0.0,0.0,0.0,0.0,0.0,0.0,0.0,0.0,0.0,0.0,0.0,0.0,0.0,0.0,0.0,0.0,0.0,0.0,0.0,0.0
0.0,0.0,0.0,0.0,0.0,0.0,0.0,0.0,0.0,0.0,0.0,0.0,0.0,0.0,0.0,0.0,0.0,0.0,0.0,0.0,0.0,0.0,0.0,0.0,0.0,0.0,0.0,0.0,0.0,0.0,0.0,0.0,0.0,0.0,0.0,0.0,0.0,0.0,0.0,0.0,0.0,0.0,0.0,0.0,0.0,0.0,0.0,0.0,0.0,0.0,0.0,0.0,0.0,0.0,0.0,0.0,0.0,0.0,0.0,0.0,0.0,0.0,0.0,0.0,0.0,0.0,0.0,0.0,0.0,0.0,0.0,0.0,0.0,0.0,0.0,0.0,0.0,0.0,0.0,0.0,0.0,0.0,0.0,0.0,0.0,0.0,0.0,0.0,0.0,0.0,0.0,0.0,0.0,0.0,0.0,0.0,0.0,0.0,0.0,0.0,0.0,0.0,0.0,0.0,0.0,0.0,0.0,0.0,0.01,0.01,0.01,0.02,0.02,0.03,0.03,0.03,0.03,0.03,0.02,0.02,0.01,0.01,0.01,0.0,0.0,0.0,0.0,0.0,0.0,0.0,0.0,0.0,0.0,0.0,0.0,0.0,0.0,0.0,0.0,0.0,0.0,0.0,0.0,0.0,0.0,0.0,0.0,0.0,0.0,0.0,0.0,0.0,0.0,0.0,0.0,0.0,0.0,0.0,0.0,0.0,0.0,0.0,0.0,0.0,0.0,0.0,0.0,0.0,0.0,0.0,0.0,0.0,0.0,0.0,0.0,0.0,0.0,0.0,0.0,0.0,0.0,0.0,0.0,0.0,0.0,0.0,0.0,0.0,0.0,0.0,0.0,0.0,0.0,0.0,0.0,0.0,0.0,0.0,0.0,0.0,0.0,0.0,0.0,0.0,0.0,0.0,0.0,0.0,0.0,0.0,0.0,0.0,0.0,0.0,0.0,0.0,0.0,0.0,0.0,0.0,0.0,0.0,0.0,0.0,0.0,0.0,0.0,0.0,0.0,0.0,0.0,0.0,0.0,0.0,0.0,0.0,0.0,0.0,0.0,0.0,0.0,0.0,0.0,0.0,0.0,0.0,0.0,0.0,0.0,0.0,0.0,0.0,0.0,0.0,0.0,0.0,0.0,0.0,0.0,0.0,0.0,0.0,0.0,0.0,0.0,0.0,0.0,0.0,0.0,0.0,0.0,0.0,0.0,0.0,0.0,0.0,0.0,0.0,0.0,0.0,0.0,0.0,0.0,0.0,0.0,0.0,0.0,0.0,0.0,0.0,0.0,0.0,0.0,0.0,0.0,0.0,0.0,0.0,0.0,0.0
0.0,0.0,0.0,0.0,0.0,0.0,0.0,0.0,0.0,0.0,0.0,0.0,0.0,0.0,0.0,0.0,0.0,0.0,0.0,0.0,0.0,0.0,0.0,0.0,0.0,0.0,0.0,0.0,0.0,0.0,0.0,0.0,0.0,0.0,0.0,0.0,0.0,0.0,0.0,0.0,0.0,0.0,0.0,0.0,0.0,0.0,0.0,0.0,0.0,0.0,0.0,0.0,0.0,0.0,0.0,0.0,0.0,0.0,0.0,0.0,0.0,0.0,0.0,0.0,0.0,0.0,0.0,0.0,0.0,0.0,0.0,0.0,0.0,0.0,0.0,0.0,0.0,0.0,0.0,0.0,0.0,0.0,0.0,0.0,0.0,0.0,0.0,0.0,0.0,0.0,0.0,0.0,0.0,0.0,0.0,0.0,0.0,0.0,0.0,0.0,0.0,0.0,0.0,0.0,0.0,0.0,0.0,0.0,0.0,0.0,0.0,0.01,0.01,0.01,0.01,0.01,0.01,0.01,0.01,0.01,0.0,0.0,0.0,0.0,0.0,0.0,0.0,0.0,0.0,0.0,0.0,0.0,0.0,0.0,0.0,0.0,0.0,0.0,0.0,0.0,0.0,0.0,0.0,0.0,0.0,0.0,0.0,0.0,0.0,0.0,0.0,0.0,0.0,0.0,0.0,0.0,0.0,0.0,0.0,0.0,0.0,0.0,0.0,0.0,0.0,0.0,0.0,0.0,0.0,0.0,0.0,0.0,0.0,0.0,0.0,0.0,0.0,0.0,0.0,0.0,0.0,0.0,0.0,0.0,0.0,0.0,0.0,0.0,0.0,0.0,0.0,0.0,0.0,0.0,0.0,0.0,0.0,0.0,0.0,0.0,0.0,0.0,0.0,0.0,0.0,0.0,0.0,0.0,0.0,0.0,0.0,0.0,0.0,0.0,0.0,0.0,0.0,0.0,0.0,0.0,0.0,0.0,0.0,0.0,0.0,0.0,0.0,0.0,0.0,0.0,0.0,0.0,0.0,0.0,0.0,0.0,0.0,0.0,0.0,0.0,0.0,0.0,0.0,0.0,0.0,0.0,0.0,0.0,0.0,0.0,0.0,0.0,0.0,0.0,0.0,0.0,0.0,0.0,0.0,0.0,0.0,0.0,0.0,0.0,0.0,0.0,0.0,0.0,0.0,0.0,0.0,0.0,0.0,0.0,0.0,0.0,0.0,0.0,0.0,0.0,0.0,0.0,0.0,0.0,0.0,0.0,0.0,0.0,0.0,0.0,0.0,0.0,0.0,0.0,0.0,0.0,0.0,0.0,0.0,0.0
0.0,0.0,0.0,0.0,0.0,0.0,0.0,0.0,0.0,0.0,0.0,0.0,0.0,0.0,0.0,0.0,0.0,0.0,0.0,0.0,0.0,0.0,0.0,0.0,0.0,0.0,0.0,0.0,0.0,0.0,0.0,0.0,0.0,0.0,0.0,0.0,0.0,0.0,0.0,0.0,0.0,0.0,0.0,0.0,0.0,0.0,0.0,0.0,0.0,0.0,0.0,0.0,0.0,0.0,0.0,0.0,0.0,0.0,0.0,0.0,0.0,0.0,0.0,0.0,0.0,0.0,0.0,0.0,0.0,0.0,0.0,0.0,0.0,0.0,0.0,0.0,0.0,0.0,0.0,0.0,0.0,0.0,0.0,0.0,0.0,0.0,0.0,0.0,0.0,0.0,0.0,0.0,0.0,0.0,0.0,0.0,0.0,0.0,0.0,0.0,0.0,0.0,0.0,0.0,0.0,0.0,0.0,0.0,0.0,0.0,0.0,0.0,0.0,0.0,0.0,0.0,0.0,0.0,0.0,0.0,0.0,0.0,0.0,0.0,0.0,0.0,0.0,0.0,0.0,0.0,0.0,0.0,0.0,0.0,0.0,0.0,0.0,0.0,0.0,0.0,0.0,0.0,0.0,0.0,0.0,0.0,0.0,0.0,0.0,0.0,0.0,0.0,0.0,0.0,0.0,0.0,0.0,0.0,0.0,0.0,0.0,0.0,0.0,0.0,0.0,0.0,0.0,0.0,0.0,0.0,0.0,0.0,0.0,0.0,0.0,0.0,0.0,0.0,0.0,0.0,0.0,0.0,0.0,0.0,0.0,0.0,0.0,0.0,0.0,0.0,0.0,0.0,0.0,0.0,0.0,0.0,0.0,0.0,0.0,0.0,0.0,0.0,0.0,0.0,0.0,0.0,0.0,0.0,0.0,0.0,0.0,0.0,0.0,0.0,0.0,0.0,0.0,0.0,0.0,0.0,0.0,0.0,0.0,0.0,0.0,0.0,0.0,0.0,0.0,0.0,0.0,0.0,0.0,0.0,0.0,0.0,0.0,0.0,0.0,0.0,0.0,0.0,0.0,0.0,0.0,0.0,0.0,0.0,0.0,0.0,0.0,0.0,0.0,0.0,0.0,0.0,0.0,0.0,0.0,0.0,0.0,0.0,0.0,0.0,0.0,0.0,0.0,0.0,0.0,0.0,0.0,0.0,0.0,0.0,0.0,0.0,0.0,0.0,0.0,0.0,0.0,0.0,0.0,0.0,0.0,0.0,0.0,0.0,0.0,0.0,0.0,0.0,0.0,0.0,0.0,0.0,0.0,0.0,0.0,0.0
0.0,0.0,0.0,0.0,0.0,0.0,0.0,0.0,0.0,0.0,0.0,0.0,0.0,0.0,0.0,0.0,0.0,0.0,0.0,0.0,0.0,0.0,0.0,0.0,0.0,0.0,0.0,0.0,0.0,0.0,0.0,0.0,0.0,0.0,0.0,0.0,0.0,0.0,0.0,0.0,0.0,0.0,0.0,0.0,0.0,0.0,0.0,0.0,0.0,0.0,0.0,0.0,0.0,0.0,0.0,0.0,0.0,0.0,0.0,0.0,0.0,0.0,0.0,0.0,0.0,0.0,0.0,0.0,0.0,0.0,0.0,0.0,0.0,0.0,0.0,0.0,0.0,0.0,0.0,0.0,0.0,0.0,0.0,0.0,0.0,0.0,0.0,0.0,0.0,0.0,0.0,0.0,0.0,0.0,0.0,0.0,0.0,0.0,0.0,0.0,0.0,0.0,0.0,0.0,0.0,0.0,0.0,0.0,0.0,0.0,0.0,0.0,0.0,0.0,0.0,0.0,0.0,0.0,0.0,0.0,0.0,0.0,0.0,0.0,0.0,0.0,0.0,0.0,0.0,0.0,0.0,0.0,0.0,0.0,0.0,0.0,0.0,0.0,0.0,0.0,0.0,0.0,0.0,0.0,0.0,0.0,0.0,0.0,0.0,0.0,0.0,0.0,0.0,0.0,0.0,0.0,0.0,0.0,0.0,0.0,0.0,0.0,0.0,0.0,0.0,0.0,0.0,0.0,0.0,0.0,0.0,0.0,0.0,0.0,0.0,0.0,0.0,0.0,0.0,0.0,0.0,0.0,0.0,0.0,0.0,0.0,0.0,0.0,0.0,0.0,0.0,0.0,0.0,0.0,0.0,0.0,0.0,0.0,0.0,0.0,0.0,0.0,0.0,0.0,0.0,0.0,0.0,0.0,0.0,0.0,0.0,0.0,0.0,0.0,0.0,0.0,0.0,0.0,0.0,0.0,0.0,0.0,0.0,0.0,0.0,0.0,0.0,0.0,0.0,0.0,0.0,0.0,0.0,0.0,0.0,0.0,0.0,0.0,0.0,0.0,0.0,0.0,0.0,0.0,0.0,0.0,0.0,0.0,0.0,0.0,0.0,0.0,0.0,0.0,0.0,0.0,0.0,0.0,0.0,0.0,0.0,0.0,0.0,0.0,0.0,0.0,0.0,0.0,0.0,0.0,0.0,0.0,0.0,0.0,0.0,0.0,0.0,0.0,0.0,0.0,0.0,0.0,0.0,0.0,0.0,0.0,0.0,0.0,0.0,0.0,0.0,0.0,0.0,0.0,0.0,0.0,0.0,0.0,0.0,0.0
0.0,0.0,0.0,0.0,0.0,0.0,0.0,0.0,0.0,0.0,0.0,0.0,0.0,0.0,0.0,0.0,0.0,0.0,0.0,0.0,0.0,0.0,0.0,0.0,0.0,0.0,0.0,0.0,0.0,0.0,0.0,0.0,0.0,0.0,0.0,0.0,0.0,0.0,0.0,0.0,0.0,0.0,0.0,0.0,0.0,0.0,0.0,0.0,0.0,0.0,0.0,0.0,0.0,0.0,0.0,0.0,0.0,0.0,0.0,0.0,0.0,0.0,0.0,0.0,0.0,0.0,0.0,0.0,0.0,0.0,0.0,0.0,0.0,0.0,0.0,0.0,0.0,0.0,0.0,0.0,0.0,0.0,0.0,0.0,0.0,0.0,0.0,0.0,0.0,0.0,0.0,0.0,0.0,0.0,0.0,0.0,0.0,0.0,0.0,0.0,0.0,0.0,0.0,0.0,0.0,0.0,0.0,0.0,0.0,0.0,0.0,0.0,0.0,0.0,0.0,0.0,0.0,0.0,0.0,0.0,0.0,0.0,0.0,0.0,0.0,0.0,0.0,0.0,0.0,0.0,0.0,0.0,0.0,0.0,0.0,0.0,0.0,0.0,0.0,0.0,0.0,0.0,0.0,0.0,0.0,0.0,0.0,0.0,0.0,0.0,0.0,0.0,0.0,0.0,0.0,0.0,0.0,0.0,0.0,0.0,0.0,0.0,0.0,0.0,0.0,0.0,0.0,0.0,0.0,0.0,0.0,0.0,0.0,0.0,0.0,0.0,0.0,0.0,0.0,0.0,0.0,0.0,0.0,0.0,0.0,0.0,0.0,0.0,0.0,0.0,0.0,0.0,0.0,0.0,0.0,0.0,0.0,0.0,0.0,0.0,0.0,0.0,0.0,0.0,0.0,0.0,0.0,0.0,0.0,0.0,0.0,0.0,0.0,0.0,0.0,0.0,0.0,0.0,0.0,0.0,0.0,0.0,0.0,0.0,0.0,0.0,0.0,0.0,0.0,0.0,0.0,0.0,0.0,0.0,0.0,0.0,0.0,0.0,0.0,0.0,0.0,0.0,0.0,0.0,0.0,0.0,0.0,0.0,0.0,0.0,0.0,0.0,0.0,0.0,0.0,0.0,0.0,0.0,0.0,0.0,0.0,0.0,0.0,0.0,0.0,0.0,0.0,0.0,0.0,0.0,0.0,0.0,0.0,0.0,0.0,0.0,0.0,0.0,0.0,0.0,0.0,0.0,0.0,0.0,0.0,0.0,0.0,0.0,0.0,0.0,0.0,0.0,0.0,0.0,0.0,0.0,0.0,0.0,0.0,0.0
0.0,0.0,0.0,0.0,0.0,0.0,0.0,0.0,0.0,0.0,0.0,0.0,0.0,0.0,0.0,0.0,0.0,0.0,0.0,0.0,0.0,0.0,0.0,0.0,0.0,0.0,0.0,0.0,0.0,0.0,0.0,0.0,0.0,0.0,0.0,0.0,0.0,0.0,0.0,0.0,0.0,0.0,0.0,0.0,0.0,0.0,0.0,0.0,0.0,0.0,0.0,0.0,0.0,0.0,0.0,0.0,0.0,0.0,0.0,0.0,0.0,0.0,0.0,0.0,0.0,0.0,0.0,0.0,0.0,0.0,0.0,0.0,0.0,0.0,0.0,0.0,0.0,0.0,0.0,0.0,0.0,0.0,0.0,0.0,0.0,0.0,0.0,0.0,0.0,0.0,0.0,0.0,0.0,0.0,0.0,0.0,0.0,0.0,0.0,0.0,0.0,0.0,0.0,0.0,0.0,0.0,0.0,0.0,0.0,0.0,0.0,0.0,0.0,0.0,0.0,0.0,0.0,0.0,0.0,0.0,0.0,0.0,0.0,0.0,0.0,0.0,0.0,0.0,0.0,0.0,0.0,0.0,0.0,0.0,0.0,0.0,0.0,0.0,0.0,0.0,0.0,0.0,0.0,0.0,0.0,0.0,0.0,0.0,0.0,0.0,0.0,0.0,0.0,0.0,0.0,0.0,0.0,0.0,0.0,0.0,0.0,0.0,0.0,0.0,0.0,0.0,0.0,0.0,0.0,0.0,0.0,0.0,0.0,0.0,0.0,0.0,0.0,0.0,0.0,0.0,0.0,0.0,0.0,0.0,0.0,0.0,0.0,0.0,0.0,0.0,0.0,0.0,0.0,0.0,0.0,0.0,0.0,0.0,0.0,0.0,0.0,0.0,0.0,0.0,0.0,0.0,0.0,0.0,0.0,0.0,0.0,0.0,0.0,0.0,0.0,0.0,0.0,0.0,0.0,0.0,0.0,0.0,0.0,0.0,0.0,0.0,0.0,0.0,0.0,0.0,0.0,0.0,0.0,0.0,0.0,0.0,0.0,0.0,0.0,0.0,0.0,0.0,0.0,0.0,0.0,0.0,0.0,0.0,0.0,0.0,0.0,0.0,0.0,0.0,0.0,0.0,0.0,0.0,0.0,0.0,0.0,0.0,0.0,0.0,0.0,0.0,0.0,0.0,0.0,0.0,0.0,0.0,0.0,0.0,0.0,0.0,0.0,0.0,0.0,0.0,0.0,0.0,0.0,0.0,0.0,0.0,0.0,0.0,0.0,0.0,0.0,0.0,0.0,0.0,0.0,0.0,0.0,0.0,0.0,0.0
0.0,0.0,0.0,0.0,0.0,0.0,0.0,0.0,0.0,0.0,0.0,0.0,0.0,0.0,0.0,0.0,0.0,0.0,0.0,0.0,0.0,0.0,0.0,0.0,0.0,0.0,0.0,0.0,0.0,0.0,0.0,0.0,0.0,0.0,0.0,0.0,0.0,0.0,0.0,0.0,0.0,0.0,0.0,0.0,0.0,0.0,0.0,0.0,0.0,0.0,0.0,0.0,0.0,0.0,0.0,0.0,0.0,0.0,0.0,0.0,0.0,0.0,0.0,0.0,0.0,0.0,0.0,0.0,0.0,0.0,0.0,0.0,0.0,0.0,0.0,0.0,0.0,0.0,0.0,0.0,0.0,0.0,0.0,0.0,0.0,0.0,0.0,0.0,0.0,0.0,0.0,0.0,0.0,0.0,0.0,0.0,0.0,0.0,0.0,0.0,0.0,0.0,0.0,0.0,0.0,0.0,0.0,0.0,0.0,0.0,0.0,0.0,0.0,0.0,0.0,0.0,0.0,0.0,0.0,0.0,0.0,0.0,0.0,0.0,0.0,0.0,0.0,0.0,0.0,0.0,0.0,0.0,0.0,0.0,0.0,0.0,0.0,0.0,0.0,0.0,0.0,0.0,0.0,0.0,0.0,0.0,0.0,0.0,0.0,0.0,0.0,0.0,0.0,0.0,0.0,0.0,0.0,0.0,0.0,0.0,0.0,0.0,0.0,0.0,0.0,0.0,0.0,0.0,0.0,0.0,0.0,0.0,0.0,0.0,0.0,0.0,0.0,0.0,0.0,0.0,0.0,0.0,0.0,0.0,0.0,0.0,0.0,0.0,0.0,0.0,0.0,0.0,0.0,0.0,0.0,0.0,0.0,0.0,0.0,0.0,0.0,0.0,0.0,0.0,0.0,0.0,0.0,0.0,0.0,0.0,0.0,0.0,0.0,0.0,0.0,0.0,0.0,0.0,0.0,0.0,0.0,0.0,0.0,0.0,0.0,0.0,0.0,0.0,0.0,0.0,0.0,0.0,0.0,0.0,0.0,0.0,0.0,0.0,0.0,0.0,0.0,0.0,0.0,0.0,0.0,0.0,0.0,0.0,0.0,0.0,0.0,0.0,0.0,0.0,0.0,0.0,0.0,0.0,0.0,0.0,0.0,0.0,0.0,0.0,0.0,0.0,0.0,0.0,0.0,0.0,0.0,0.0,0.0,0.0,0.0,0.0,0.0,0.0,0.0,0.0,0.0,0.0,0.0,0.0,0.0,0.0,0.0,0.0,0.0,0.0,0.0,0.0,0.0,0.0,0.0,0.0,0.0,0.0,0.0,0.0
0.0,0.0,0.0,0.0,0.0,0.0,0.0,0.0,0.0,0.0,0.0,0.0,0.0,0.0,0.0,0.0,0.0,0.0,0.0,0.0,0.0,0.0,0.0,0.0,0.0,0.0,0.0,0.0,0.0,0.0,0.0,0.0,0.0,0.0,0.0,0.0,0.0,0.0,0.0,0.0,0.0,0.0,0.0,0.0,0.0,0.0,0.0,0.0,0.0,0.0,0.0,0.0,0.0,0.0,0.0,0.0,0.0,0.0,0.0,0.0,0.0,0.0,0.0,0.0,0.0,0.0,0.0,0.0,0.0,0.0,0.0,0.0,0.0,0.0,0.0,0.0,0.0,0.0,0.0,0.0,0.0,0.0,0.0,0.0,0.0,0.0,0.0,0.0,0.0,0.0,0.0,0.0,0.0,0.0,0.0,0.0,0.0,0.0,0.0,0.0,0.0,0.0,0.0,0.0,0.0,0.0,0.0,0.0,0.0,0.0,0.0,0.0,0.0,0.0,0.0,0.0,0.0,0.0,0.0,0.0,0.0,0.0,0.0,0.0,0.0,0.0,0.0,0.0,0.0,0.0,0.0,0.0,0.0,0.0,0.0,0.0,0.0,0.0,0.0,0.0,0.0,0.0,0.0,0.0,0.0,0.0,0.0,0.0,0.0,0.0,0.0,0.0,0.0,0.0,0.0,0.0,0.0,0.0,0.0,0.0,0.0,0.0,0.0,0.0,0.0,0.0,0.0,0.0,0.0,0.0,0.0,0.0,0.0,0.0,0.0,0.0,0.0,0.0,0.0,0.0,0.0,0.0,0.0,0.0,0.0,0.0,0.0,0.0,0.0,0.0,0.0,0.0,0.0,0.0,0.0,0.0,0.0,0.0,0.0,0.0,0.0,0.0,0.0,0.0,0.0,0.0,0.0,0.0,0.0,0.0,0.0,0.0,0.0,0.0,0.0,0.0,0.0,0.0,0.0,0.0,0.0,0.0,0.0,0.0,0.0,0.0,0.0,0.0,0.0,0.0,0.0,0.0,0.0,0.0,0.0,0.0,0.0,0.0,0.0,0.0,0.0,0.0,0.0,0.0,0.0,0.0,0.0,0.0,0.0,0.0,0.0,0.0,0.0,0.0,0.0,0.0,0.0,0.0,0.0,0.0,0.0,0.0,0.0,0.0,0.0,0.0,0.0,0.0,0.0,0.0,0.0,0.0,0.0,0.0,0.0,0.0,0.0,0.0,0.0,0.0,0.0,0.0,0.0,0.0,0.0,0.0,0.0,0.0,0.0,0.0,0.0,0.0,0.0,0.0,0.0,0.0,0.0,0.0,0.0,0.0
0.0,0.0,0.0,0.0,0.0,0.0,0.0,0.0,0.0,0.0,0.0,0.0,0.0,0.0,0.0,0.0,0.0,0.0,0.0,0.0,0.0,0.0,0.0,0.0,0.0,0.0,0.0,0.0,0.0,0.0,0.0,0.0,0.0,0.0,0.0,0.0,0.0,0.0,0.0,0.0,0.0,0.0,0.0,0.0,0.0,0.0,0.0,0.0,0.0,0.0,0.0,0.0,0.0,0.0,0.0,0.0,0.0,0.0,0.0,0.0,0.0,0.0,0.0,0.0,0.0,0.0,0.0,0.0,0.0,0.0,0.0,0.0,0.0,0.0,0.0,0.0,0.0,0.0,0.0,0.0,0.0,0.0,0.0,0.0,0.0,0.0,0.0,0.0,0.0,0.0,0.0,0.0,0.0,0.0,0.0,0.0,0.0,0.0,0.0,0.0,0.0,0.0,0.0,0.0,0.0,0.0,0.0,0.0,0.0,0.0,0.0,0.0,0.0,0.0,0.0,0.0,0.0,0.0,0.0,0.0,0.0,0.0,0.0,0.0,0.0,0.0,0.0,0.0,0.0,0.0,0.0,0.0,0.0,0.0,0.0,0.0,0.0,0.0,0.0,0.0,0.0,0.0,0.0,0.0,0.0,0.0,0.0,0.0,0.0,0.0,0.0,0.0,0.0,0.0,0.0,0.0,0.0,0.0,0.0,0.0,0.0,0.0,0.0,0.0,0.0,0.0,0.0,0.0,0.0,0.0,0.0,0.0,0.0,0.0,0.0,0.0,0.0,0.0,0.0,0.0,0.0,0.0,0.0,0.0,0.0,0.0,0.0,0.0,0.0,0.0,0.0,0.0,0.0,0.0,0.0,0.0,0.0,0.0,0.0,0.0,0.0,0.0,0.0,0.0,0.0,0.0,0.0,0.0,0.0,0.0,0.0,0.0,0.0,0.0,0.0,0.0,0.0,0.0,0.0,0.0,0.0,0.0,0.0,0.0,0.0,0.0,0.0,0.0,0.0,0.0,0.0,0.0,0.0,0.0,0.0,0.0,0.0,0.0,0.0,0.0,0.0,0.0,0.0,0.0,0.0,0.0,0.0,0.0,0.0,0.0,0.0,0.0,0.0,0.0,0.0,0.0,0.0,0.0,0.0,0.0,0.0,0.0,0.0,0.0,0.0,0.0,0.0,0.0,0.0,0.0,0.0,0.0,0.0,0.0,0.0,0.0,0.0,0.0,0.0,0.0,0.0,0.0,0.0,0.0,0.0,0.0,0.0,0.0,0.0,0.0,0.0,0.0,0.0,0.0,0.0,0.0,0.0,0.0,0.0,0.0
0.0,0.0,0.0,0.0,0.0,0.0,0.0,0.0,0.0,0.0,0.0,0.0,0.0,0.0,0.0,0.0,0.0,0.0,0.0,0.0,0.0,0.0,0.0,0.0,0.0,0.0,0.0,0.0,0.0,0.0,0.0,0.0,0.0,0.0,0.0,0.0,0.0,0.0,0.0,0.0,0.0,0.0,0.0,0.0,0.0,0.0,0.0,0.0,0.0,0.0,0.0,0.0,0.0,0.0,0.0,0.0,0.0,0.0,0.0,0.0,0.0,0.0,0.0,0.0,0.0,0.0,0.0,0.0,0.0,0.0,0.0,0.0,0.0,0.0,0.0,0.0,0.0,0.0,0.0,0.0,0.0,0.0,0.0,0.0,0.0,0.0,0.0,0.0,0.0,0.0,0.0,0.0,0.0,0.0,0.0,0.0,0.0,0.0,0.0,0.0,0.0,0.0,0.0,0.0,0.0,0.0,0.0,0.0,0.0,0.0,0.0,0.0,0.0,0.0,0.0,0.0,0.0,0.0,0.0,0.0,0.0,0.0,0.0,0.0,0.0,0.0,0.0,0.0,0.0,0.0,0.0,0.0,0.0,0.0,0.0,0.0,0.0,0.0,0.0,0.0,0.0,0.0,0.0,0.0,0.0,0.0,0.0,0.0,0.0,0.0,0.0,0.0,0.0,0.0,0.0,0.0,0.0,0.0,0.0,0.0,0.0,0.0,0.0,0.0,0.0,0.0,0.0,0.0,0.0,0.0,0.0,0.0,0.0,0.0,0.0,0.0,0.0,0.0,0.0,0.0,0.0,0.0,0.0,0.0,0.0,0.0,0.0,0.0,0.0,0.0,0.0,0.0,0.0,0.0,0.0,0.0,0.0,0.0,0.0,0.0,0.0,0.0,0.0,0.0,0.0,0.0,0.0,0.0,0.0,0.0,0.0,0.0,0.0,0.0,0.0,0.0,0.0,0.0,0.0,0.0,0.0,0.0,0.0,0.0,0.0,0.0,0.0,0.0,0.0,0.0,0.0,0.0,0.0,0.0,0.0,0.0,0.0,0.0,0.0,0.0,0.0,0.0,0.0,0.0,0.0,0.0,0.0,0.0,0.0,0.0,0.0,0.0,0.0,0.0,0.0,0.0,0.0,0.0,0.0,0.0,0.0,0.0,0.0,0.0,0.0,0.0,0.0,0.0,0.0,0.0,0.0,0.0,0.0,0.0,0.0,0.0,0.0,0.0,0.0,0.0,0.0,0.0,0.0,0.0,0.0,0.0,0.0,0.0,0.0,0.0,0.0,0.0,0.0,0.0,0.0,0.0,0.0,0.0,0.0,0.0
0.0,0.0,0.0,0.0,0.0,0.0,0.0,0.0,0.0,0.0,0.0,0.0,0.0,0.0,0.0,0.0,0.0,0.0,0.0,0.0,0.0,0.0,0.0,0.0,0.0,0.0,0.0,0.0,0.0,0.0,0.0,0.0,0.0,0.0,0.0,0.0,0.0,0.0,0.0,0.0,0.0,0.0,0.0,0.0,0.0,0.0,0.0,0.0,0.0,0.0,0.0,0.0,0.0,0.0,0.0,0.0,0.0,0.0,0.0,0.0,0.0,0.0,0.0,0.0,0.0,0.0,0.0,0.0,0.0,0.0,0.0,0.0,0.0,0.0,0.0,0.0,0.0,0.0,0.0,0.0,0.0,0.0,0.0,0.0,0.0,0.0,0.0,0.0,0.0,0.0,0.0,0.0,0.0,0.0,0.0,0.0,0.0,0.0,0.0,0.0,0.0,0.0,0.0,0.0,0.0,0.0,0.0,0.0,0.0,0.0,0.0,0.0,0.0,0.0,0.0,0.0,0.0,0.0,0.0,0.0,0.0,0.0,0.0,0.0,0.0,0.0,0.0,0.0,0.0,0.0,0.0,0.0,0.0,0.0,0.0,0.0,0.0,0.0,0.0,0.0,0.0,0.0,0.0,0.0,0.0,0.0,0.0,0.0,0.0,0.0,0.0,0.0,0.0,0.0,0.0,0.0,0.0,0.0,0.0,0.0,0.0,0.0,0.0,0.0,0.0,0.0,0.0,0.0,0.0,0.0,0.0,0.0,0.0,0.0,0.0,0.0,0.0,0.0,0.0,0.0,0.0,0.0,0.0,0.0,0.0,0.0,0.0,0.0,0.0,0.0,0.0,0.0,0.0,0.0,0.0,0.0,0.0,0.0,0.0,0.0,0.0,0.0,0.0,0.0,0.0,0.0,0.0,0.0,0.0,0.0,0.0,0.0,0.0,0.0,0.0,0.0,0.0,0.0,0.0,0.0,0.0,0.0,0.0,0.0,0.0,0.0,0.0,0.0,0.0,0.0,0.0,0.0,0.0,0.0,0.0,0.0,0.0,0.0,0.0,0.0,0.0,0.0,0.0,0.0,0.0,0.0,0.0,0.0,0.0,0.0,0.0,0.0,0.0,0.0,0.0,0.0,0.0,0.0,0.0,0.0,0.0,0.0,0.0,0.0,0.0,0.0,0.0,0.0,0.0,0.0,0.0,0.0,0.0,0.0,0.0,0.0,0.0,0.0,0.0,0.0,0.0,0.0,0.0,0.0,0.0,0.0,0.0,0.0,0.0,0.0,0.0,0.0,0.0,0.0,0.0,0.0,0.0,0.0,0.0,0.0
,,,,,,,,,,,,,,,,,,,,,,,,,,,,,,,,,,,,,,,,,,,,,,,,,,,,,,,,,,,,,,,,,,,,,,,,,,,0.0,0.0,0.0,0.0,0.0,0.0,0.0,0.0,0.0,0.0,0.0,0.0,0.0,0.0,0.0,0.0,0.0,0.0,0.0,0.0,0.0,0.0,0.0,0.0,0.0,0.0,0.0,0.0,0.0,0.0,0.0,0.0,0.0,0.0,0.0,0.0,0.0,0.0,0.0,0.0,0.0,0.0,0.0,0.0,0.0,0.0,0.0,0.0,0.0,0.0,0.0,0.0,0.0,0.0,0.0,0.0,0.0,0.0,0.0,0.0,0.0,0.0,0.0,0.0,0.0,0.0,0.0,0.0,0.0,0.0,0.0,0.0,0.0,0.0,0.0,0.0,0.0,0.0,0.0,0.0,0.0,0.0,0.0,0.0,0.0,0.0,0.0,0.0,0.0,0.0,0.0,0.0,0.0,0.0,0.0,0.0,0.0,0.0,0.0,0.0,0.0,0.0,0.0,0.0,0.0,0.0,0.0,0.0,0.0,0.0,0.0,0.0,0.0,0.0,0.0,0.0,0.0,0.0,0.0,0.0,0.0,0.0,0.0,0.0,0.0,0.0,0.0,0.0,0.0,0.0,0.0,0.0,0.0,0.0,0.0,0.0,0.0,0.0,0.0,0.0,0.0,0.0,0.0,0.0,0.0,0.0,0.0,0.0,0.0,0.0,0.0,0.0,0.0,0.0,0.0,0.0,0.0,0.0,0.0,0.0,0.0,0.0,0.0,0.0,0.0,0.0,0.0,0.0,0.0,0.0,0.0,0.0,0.0,0.0,0.0,0.0,0.0,0.0,0.0,0.0,0.0,0.0,0.0,0.0,0.0,0.0,0.0,0.0,0.0,0.0,0.0,0.0,0.0,0.0,0.0,0.0,0.0,0.0,0.0,0.0,0.0,0.0,0.0,0.0,0.0,0.0,0.0,0.0,0.0,0.0,0.0,0.0,0.0,0.0,0.0,0.0,0.0,0.0,0.0,0.0,0.0,0.0,0.0,0.0,0.0
,,,,,,,,,,,,,,,,,,,,,,,,,,,,,,,,,,,,,,,,,,,,,,,,,,,,,,,,,,,,,,,,,,,,,,,,,,,0.0,0.0,0.0,0.0,0.0,0.0,0.0,0.0,0.0,0.0,0.0,0.0,0.0,0.0,0.0,0.0,0.0,0.0,0.0,0.0,0.0,0.0,0.0,0.0,0.0,0.0,0.0,0.0,0.0,0.0,0.0,0.0,0.0,0.0,0.0,0.0,0.0,0.0,0.0,0.0,0.0,0.0,0.0,0.0,0.0,0.0,0.0,0.0,0.0,0.0,0.0,0.0,0.0,0.0,0.0,0.0,0.0,0.0,0.0,0.0,0.0,0.0,0.0,0.0,0.0,0.0,0.0,0.0,0.0,0.0,0.0,0.0,0.0,0.0,0.0,0.0,0.0,0.0,0.0,0.0,0.0,0.0,0.0,0.0,0.0,0.0,0.0,0.0,0.0,0.0,0.0,0.0,0.0,0.0,0.0,0.0,0.0,0.0,0.0,0.0,0.0,0.0,0.0,0.0,0.0,0.0,0.0,0.0,0.0,0.0,0.0,0.0,0.0,0.0,0.0,0.0,0.0,0.0,0.0,0.0,0.0,0.0,0.0,0.0,0.0,0.0,0.0,0.0,0.0,0.0,0.0,0.0,0.0,0.0,0.0,0.0,0.0,0.0,0.0,0.0,0.0,0.0,0.0,0.0,0.0,0.0,0.0,0.0,0.0,0.0,0.0,0.0,0.0,0.0,0.0,0.0,0.0,0.0,0.0,0.0,0.0,0.0,0.0,0.0,0.0,0.0,0.0,0.0,0.0,0.0,0.0,0.0,0.0,0.0,0.0,0.0,0.0,0.0,0.0,0.0,0.0,0.0,0.0,0.0,0.0,0.0,0.0,0.0,0.0,0.0,0.0,0.0,0.0,0.0,0.0,0.0,0.0,0.0,0.0,0.0,0.0,0.0,0.0,0.0,0.0,0.0,0.0,0.0,0.0,0.0,0.0,0.0,0.0,0.0,0.0,0.0,0.0,0.0,0.0,0.0,0.0,0.0,0.0,0.0,0.0
,,,,,,,,,,,,,,,,,,,,,,,,,,,,,,,,,,,,,,,,,,,,,,,,,,,,,,,,,,,,,,,,,,,,,,,,,,,0.0,0.0,0.0,0.0,0.0,0.0,0.0,0.0,0.0,0.0,0.0,0.0,0.0,0.0,0.0,0.0,0.0,0.0,0.0,0.0,0.0,0.0,0.0,0.0,0.0,0.0,0.0,0.0,0.0,0.0,0.0,0.0,0.0,0.0,0.0,0.0,0.0,0.0,0.0,0.0,0.0,0.0,0.0,0.0,0.0,0.0,0.0,0.0,0.0,0.0,0.0,0.0,0.0,0.0,0.0,0.0,0.0,0.0,0.0,0.0,0.0,0.0,0.0,0.0,0.0,0.0,0.0,0.0,0.0,0.0,0.0,0.0,0.0,0.0,0.0,0.0,0.0,0.0,0.0,0.0,0.0,0.0,0.0,0.0,0.0,0.0,0.0,0.0,0.0,0.0,0.0,0.0,0.0,0.0,0.0,0.0,0.0,0.0,0.0,0.0,0.0,0.0,0.0,0.0,0.0,0.0,0.0,0.0,0.0,0.0,0.0,0.0,0.0,0.0,0.0,0.0,0.0,0.0,0.0,0.0,0.0,0.0,0.0,0.0,0.0,0.0,0.0,0.0,0.0,0.0,0.0,0.0,0.0,0.0,0.0,0.0,0.0,0.0,0.0,0.0,0.0,0.0,0.0,0.0,0.0,0.0,0.0,0.0,0.0,0.0,0.0,0.0,0.0,0.0,0.0,0.0,0.0,0.0,0.0,0.0,0.0,0.0,0.0,0.0,0.0,0.0,0.0,0.0,0.0,0.0,0.0,0.0,0.0,0.0,0.0,0.0,0.0,0.0,0.0,0.0,0.0,0.0,0.0,0.0,0.0,0.0,0.0,0.0,0.0,0.0,0.0,0.0,0.0,0.0,0.0,0.0,0.0,0.0,0.0,0.0,0.0,0.0,0.0,0.0,0.0,0.0,0.0,0.0,0.0,0.0,0.0,0.0,0.0,0.0,0.0,0.0,0.0,0.0,0.0,0.0,0.0,0.0,0.0,0.0,0.0
,,,,,,,,,,,,,,,,,,,,,,,,,,,,,,,,,,,,,,,,,,,,,,,,,,,,,,,,,,,,,,,,,,,,,,,,,,,0.0,0.0,0.0,0.0,0.0,0.0,0.0,0.0,0.0,0.0,0.0,0.0,0.0,0.0,0.0,0.0,0.0,0.0,0.0,0.0,0.0,0.0,0.0,0.0,0.0,0.0,0.0,0.0,0.0,0.0,0.0,0.0,0.0,0.0,0.0,0.0,0.0,0.0,0.0,0.0,0.0,0.0,0.0,0.0,0.0,0.0,0.0,0.0,0.0,0.0,0.0,0.0,0.0,0.0,0.0,0.0,0.0,0.0,0.0,0.0,0.0,0.0,0.0,0.0,0.0,0.0,0.0,0.0,0.0,0.0,0.0,0.0,0.0,0.0,0.0,0.0,0.0,0.0,0.0,0.0,0.0,0.0,0.0,0.0,0.0,0.0,0.0,0.0,0.0,0.0,0.0,0.0,0.0,0.0,0.0,0.0,0.0,0.0,0.0,0.0,0.0,0.0,0.0,0.0,0.0,0.0,0.0,0.0,0.0,0.0,0.0,0.0,0.0,0.0,0.0,0.0,0.0,0.0,0.0,0.0,0.0,0.0,0.0,0.0,0.0,0.0,0.0,0.0,0.0,0.0,0.0,0.0,0.0,0.0,0.0,0.0,0.0,0.0,0.0,0.0,0.0,0.0,0.0,0.0,0.0,0.0,0.0,0.0,0.0,0.0,0.0,0.0,0.0,0.0,0.0,0.0,0.0,0.0,0.0,0.0,0.0,0.0,0.0,0.0,0.0,0.0,0.0,0.0,0.0,0.0,0.0,0.0,0.0,0.0,0.0,0.0,0.0,0.0,0.0,0.0,0.0,0.0,0.0,0.0,0.0,0.0,0.0,0.0,0.0,0.0,0.0,0.0,0.0,0.0,0.0,0.0,0.0,0.0,0.0,0.0,0.0,0.0,0.0,0.0,0.0,0.0,0.0,0.0,0.0,0.0,0.0,0.0,0.0,0.0,0.0,0.0,0.0,0.0,0.0,0.0,0.0,0.0,0.0,0.0,0.0
,,,,,,,,,,,,,,,,,,,,,,,,,,,,,,,,,,,,,,,,,,,,,,,,,,,,,,,,,,,,,,,,,,,,,,,,,,,0.0,0.0,0.0,0.0,0.0,0.0,0.0,0.0,0.0,0.0,0.0,0.0,0.0,0.0,0.0,0.0,0.0,0.0,0.0,0.0,0.0,0.0,0.0,0.0,0.0,0.0,0.0,0.0,0.0,0.0,0.0,0.0,0.0,0.0,0.0,0.0,0.0,0.0,0.0,0.0,0.0,0.0,0.0,0.0,0.0,0.0,0.0,0.0,0.0,0.0,0.0,0.0,0.0,0.0,0.0,0.0,0.0,0.0,0.0,0.0,0.0,0.0,0.0,0.0,0.0,0.0,0.0,0.0,0.0,0.0,0.0,0.0,0.0,0.0,0.0,0.0,0.0,0.0,0.0,0.0,0.0,0.0,0.0,0.0,0.0,0.0,0.0,0.0,0.0,0.0,0.0,0.0,0.0,0.0,0.0,0.0,0.0,0.0,0.0,0.0,0.0,0.0,0.0,0.0,0.0,0.0,0.0,0.0,0.0,0.0,0.0,0.0,0.0,0.0,0.0,0.0,0.0,0.0,0.0,0.0,0.0,0.0,0.0,0.0,0.0,0.0,0.0,0.0,0.0,0.0,0.0,0.0,0.0,0.0,0.0,0.0,0.0,0.0,0.0,0.0,0.0,0.0,0.0,0.0,0.0,0.0,0.0,0.0,0.0,0.0,0.0,0.0,0.0,0.0,0.0,0.0,0.0,0.0,0.0,0.0,0.0,0.0,0.0,0.0,0.0,0.0,0.0,0.0,0.0,0.0,0.0,0.0,0.0,0.0,0.0,0.0,0.0,0.0,0.0,0.0,0.0,0.0,0.0,0.0,0.0,0.0,0.0,0.0,0.0,0.0,0.0,0.0,0.0,0.0,0.0,0.0,0.0,0.0,0.0,0.0,0.0,0.0,0.0,0.0,0.0,0.0,0.0,0.0,0.0,0.0,0.0,0.0,0.0,0.0,0.0,0.0,0.0,0.0,0.0,0.0,0.0,0.0,0.0,0.0,0.0
,,,,,,,,,,,,,,,,,,,,,,,,,,,,,,,,,,,,,,,,,,,,,,,,,,,,,,,,,,,,,,,,,,,,,,,,,,,0.0,0.0,0.0,0.0,0.0,0.0,0.0,0.0,0.0,0.0,0.0,0.0,0.0,0.0,0.0,0.0,0.0,0.0,0.0,0.0,0.0,0.0,0.0,0.0,0.0,0.0,0.0,0.0,0.0,0.0,0.0,0.0,0.0,0.0,0.0,0.0,0.0,0.0,0.0,0.0,0.0,0.0,0.0,0.0,0.0,0.0,0.0,0.0,0.0,0.0,0.0,0.0,0.0,0.0,0.0,0.0,0.0,0.0,0.0,0.0,0.0,0.0,0.0,0.0,0.0,0.0,0.0,0.0,0.0,0.0,0.0,0.0,0.0,0.0,0.0,0.0,0.0,0.0,0.0,0.0,0.0,0.0,0.0,0.0,0.0,0.0,0.0,0.0,0.0,0.0,0.0,0.0,0.0,0.0,0.0,0.0,0.0,0.0,0.0,0.0,0.0,0.0,0.0,0.0,0.0,0.0,0.0,0.0,0.0,0.0,0.0,0.0,0.0,0.0,0.0,0.0,0.0,0.0,0.0,0.0,0.0,0.0,0.0,0.0,0.0,0.0,0.0,0.0,0.0,0.0,0.0,0.0,0.0,0.0,0.0,0.0,0.0,0.0,0.0,0.0,0.0,0.0,0.0,0.0,0.0,0.0,0.0,0.0,0.0,0.0,0.0,0.0,0.0,0.0,0.0,0.0,0.0,0.0,0.0,0.0,0.0,0.0,0.0,0.0,0.0,0.0,0.0,0.0,0.0,0.0,0.0,0.0,0.0,0.0,0.0,0.0,0.0,0.0,0.0,0.0,0.0,0.0,0.0,0.0,0.0,0.0,0.0,0.0,0.0,0.0,0.0,0.0,0.0,0.0,0.0,0.0,0.0,0.0,0.0,0.0,0.0,0.0,0.0,0.0,0.0,0.0,0.0,0.0,0.0,0.0,0.0,0.0,0.0,0.0,0.0,0.0,0.0,0.0,0.0,0.0,0.0,0.0,0.0,0.0,0.0
,,,,,,,,,,,,,,,,,,,,,,,,,,,,,,,,,,,,,,,,,,,,,,,,,,,,,,,,,,,,,,,,,,,,,,,,,,,0.0,0.0,0.0,0.0,0.0,0.0,0.0,0.0,0.0,0.0,0.0,0.0,0.0,0.0,0.0,0.0,0.0,0.0,0.0,0.0,0.0,0.0,0.0,0.0,0.0,0.0,0.0,0.0,0.0,0.0,0.0,0.0,0.0,0.0,0.0,0.0,0.0,0.0,0.0,0.0,0.0,0.0,0.0,0.0,0.0,0.0,0.0,0.0,0.0,0.0,0.0,0.0,0.0,0.0,0.0,0.0,0.0,0.0,0.0,0.0,0.0,0.0,0.0,0.0,0.0,0.0,0.0,0.0,0.0,0.0,0.0,0.0,0.0,0.0,0.0,0.0,0.0,0.0,0.0,0.0,0.0,0.0,0.0,0.0,0.0,0.0,0.0,0.0,0.0,0.0,0.0,0.0,0.0,0.0,0.0,0.0,0.0,0.0,0.0,0.0,0.0,0.0,0.0,0.0,0.0,0.0,0.0,0.0,0.0,0.0,0.0,0.0,0.0,0.0,0.0,0.0,0.0,0.0,0.0,0.0,0.0,0.0,0.0,0.0,0.0,0.0,0.0,0.0,0.0,0.0,0.0,0.0,0.0,0.0,0.0,0.0,0.0,0.0,0.0,0.0,0.0,0.0,0.0,0.0,0.0,0.0,0.0,0.0,0.0,0.0,0.0,0.0,0.0,0.0,0.0,0.0,0.0,0.0,0.0,0.0,0.0,0.0,0.0,0.0,0.0,0.0,0.0,0.0,0.0,0.0,0.0,0.0,0.0,0.0,0.0,0.0,0.0,0.0,0.0,0.0,0.0,0.0,0.0,0.0,0.0,0.0,0.0,0.0,0.0,0.0,0.0,0.0,0.0,0.0,0.0,0.0,0.0,0.0,0.0,0.0,0.0,0.0,0.0,0.0,0.0,0.0,0.0,0.0,0.0,0.0,0.0,0.0,0.0,0.0,0.0,0.0,0.0,0.0,0.0,0.0,0.0,0.0,0.0,0.0,0.0
,,,,,,,,,,,,,,,,,,,,,,,,,,,,,,,,,,,,,,,,,,,,,,,,,,,,,,,,,,,,,,,,,,,,,,,,,,,0.0,0.0,0.0,0.0,0.0,0.0,0.0,0.0,0.0,0.0,0.0,0.0,0.0,0.0,0.0,0.0,0.0,0.0,0.0,0.0,0.0,0.0,0.0,0.0,0.0,0.0,0.0,0.0,0.0,0.0,0.0,0.0,0.0,0.0,0.0,0.0,0.0,0.0,0.0,0.0,0.0,0.0,0.0,0.0,0.0,0.0,0.0,0.0,0.0,0.0,0.0,0.0,0.0,0.0,0.0,0.0,0.0,0.0,0.0,0.0,0.0,0.0,0.0,0.0,0.0,0.0,0.0,0.0,0.0,0.0,0.0,0.0,0.0,0.0,0.0,0.0,0.0,0.0,0.0,0.0,0.0,0.0,0.0,0.0,0.0,0.0,0.0,0.0,0.0,0.0,0.0,0.0,0.0,0.0,0.0,0.0,0.0,0.0,0.0,0.0,0.0,0.0,0.0,0.0,0.0,0.0,0.0,0.0,0.0,0.0,0.0,0.0,0.0,0.0,0.0,0.0,0.0,0.0,0.0,0.0,0.0,0.0,0.0,0.0,0.0,0.0,0.0,0.0,0.0,0.0,0.0,0.0,0.0,0.0,0.0,0.0,0.0,0.0,0.0,0.0,0.0,0.0,0.0,0.0,0.0,0.0,0.0,0.0,0.0,0.0,0.0,0.0,0.0,0.0,0.0,0.0,0.0,0.0,0.0,0.0,0.0,0.0,0.0,0.0,0.0,0.0,0.0,0.0,0.0,0.0,0.0,0.0,0.0,0.0,0.0,0.0,0.0,0.0,0.0,0.0,0.0,0.0,0.0,0.0,0.0,0.0,0.0,0.0,0.0,0.0,0.0,0.0,0.0,0.0,0.0,0.0,0.0,0.0,0.0,0.0,0.0,0.0,0.0,0.0,0.0,0.0,0.0,0.0,0.0,0.0,0.0,0.0,0.0,0.0,0.0,0.0,0.0,0.0,0.0,0.0,0.0,0.0,0.0,0.0,0.0
,,,,,,,,,,,,,,,,,,,,,,,,,,,,,,,,,,,,,,,,,,,,,,,,,,,,,,,,,,,,,,,,,,,,,,,,,,,0.0,0.0,0.0,0.0,0.0,0.0,0.0,0.0,0.0,0.0,0.0,0.0,0.0,0.0,0.0,0.0,0.0,0.0,0.0,0.0,0.0,0.0,0.0,0.0,0.0,0.0,0.0,0.0,0.0,0.0,0.0,0.0,0.0,0.0,0.0,0.0,0.0,0.0,0.0,0.0,0.0,0.0,0.0,0.0,0.0,0.0,0.0,0.0,0.0,0.0,0.0,0.0,0.0,0.0,0.0,0.0,0.0,0.0,0.0,0.0,0.0,0.0,0.0,0.0,0.0,0.0,0.0,0.0,0.0,0.0,0.0,0.0,0.0,0.0,0.0,0.0,0.0,0.0,0.0,0.0,0.0,0.0,0.0,0.0,0.0,0.0,0.0,0.0,0.0,0.0,0.0,0.0,0.0,0.0,0.0,0.0,0.0,0.0,0.0,0.0,0.0,0.0,0.0,0.0,0.0,0.0,0.0,0.0,0.0,0.0,0.0,0.0,0.0,0.0,0.0,0.0,0.0,0.0,0.0,0.0,0.0,0.0,0.0,0.0,0.0,0.0,0.0,0.0,0.0,0.0,0.0,0.0,0.0,0.0,0.0,0.0,0.0,0.0,0.0,0.0,0.0,0.0,0.0,0.0,0.0,0.0,0.0,0.0,0.0,0.0,0.0,0.0,0.0,0.0,0.0,0.0,0.0,0.0,0.0,0.0,0.0,0.0,0.0,0.0,0.0,0.0,0.0,0.0,0.0,0.0,0.0,0.0,0.0,0.0,0.0,0.0,0.0,0.0,0.0,0.0,0.0,0.0,0.0,0.0,0.0,0.0,0.0,0.0,0.0,0.0,0.0,0.0,0.0,0.0,0.0,0.0,0.0,0.0,0.0,0.0,0.0,0.0,0.0,0.0,0.0,0.0,0.0,0.0,0.0,0.0,0.0,0.0,0.0,0.0,0.0,0.0,0.0,0.0,0.0,0.0,0.0,0.0,0.0,0.0,0.0
,,,,,,,,,,,,,,,,,,,,,,,,,,,,,,,,,,,,,,,,,,,,,,,,,,,,,,,,,,,,,,,,,,,,,,,,,,,0.0,0.0,0.0,0.0,0.0,0.0,0.0,0.0,0.0,0.0,0.0,0.0,0.0,0.0,0.0,0.0,0.0,0.0,0.0,0.0,0.0,0.0,0.0,0.0,0.0,0.0,0.0,0.0,0.0,0.0,0.0,0.0,0.0,0.0,0.0,0.0,0.0,0.0,0.0,0.0,0.0,0.0,0.0,0.0,0.0,0.0,0.0,0.0,0.0,0.0,0.0,0.0,0.0,0.0,0.0,0.0,0.0,0.0,0.0,0.0,0.0,0.0,0.0,0.0,0.0,0.0,0.0,0.0,0.0,0.0,0.0,0.0,0.0,0.0,0.0,0.0,0.0,0.0,0.0,0.0,0.0,0.0,0.0,0.0,0.0,0.0,0.0,0.0,0.0,0.0,0.0,0.0,0.0,0.0,0.0,0.0,0.0,0.0,0.0,0.0,0.0,0.0,0.0,0.0,0.0,0.0,0.0,0.0,0.0,0.0,0.0,0.0,0.0,0.0,0.0,0.0,0.0,0.0,0.0,0.0,0.0,0.0,0.0,0.0,0.0,0.0,0.0,0.0,0.0,0.0,0.0,0.0,0.0,0.0,0.0,0.0,0.0,0.0,0.0,0.0,0.0,0.0,0.0,0.0,0.0,0.0,0.0,0.0,0.0,0.0,0.0,0.0,0.0,0.0,0.0,0.0,0.0,0.0,0.0,0.0,0.0,0.0,0.0,0.0,0.0,0.0,0.0,0.0,0.0,0.0,0.0,0.0,0.0,0.0,0.0,0.0,0.0,0.0,0.0,0.0,0.0,0.0,0.0,0.0,0.0,0.0,0.0,0.0,0.0,0.0,0.0,0.0,0.0,0.0,0.0,0.0,0.0,0.0,0.0,0.0,0.0,0.0,0.0,0.0,0.0,0.0,0.0,0.0,0.0,0.0,0.0,0.0,0.0,0.0,0.0,0.0,0.0,0.0,0.0,0.0,0.0,0.0,0.0,0.0,0.0
,,,,,,,,,,,,,,,,,,,,,,,,,,,,,,,,,,,,,,,,,,,,,,,,,,,,,,,,,,,,,,,,,,,,,,,,,,,0.0,0.0,0.0,0.0,0.0,0.0,0.0,0.0,0.0,0.0,0.0,0.0,0.0,0.0,0.0,0.0,0.0,0.0,0.0,0.0,0.0,0.0,0.0,0.0,0.0,0.0,0.0,0.0,0.0,0.0,0.0,0.0,0.0,0.0,0.0,0.0,0.0,0.0,0.0,0.0,0.0,0.0,0.0,0.0,0.0,0.0,0.0,0.0,0.0,0.0,0.0,0.0,0.0,0.0,0.0,0.0,0.0,0.0,0.0,0.0,0.0,0.0,0.0,0.0,0.0,0.0,0.0,0.0,0.0,0.0,0.0,0.0,0.0,0.0,0.0,0.0,0.0,0.0,0.0,0.0,0.0,0.0,0.0,0.0,0.0,0.0,0.0,0.0,0.0,0.0,0.0,0.0,0.0,0.0,0.0,0.0,0.0,0.0,0.0,0.0,0.0,0.0,0.0,0.0,0.0,0.0,0.0,0.0,0.0,0.0,0.0,0.0,0.0,0.0,0.0,0.0,0.0,0.0,0.0,0.0,0.0,0.0,0.0,0.0,0.0,0.0,0.0,0.0,0.0,0.0,0.0,0.0,0.0,0.0,0.0,0.0,0.0,0.0,0.0,0.0,0.0,0.0,0.0,0.0,0.0,0.0,0.0,0.0,0.0,0.0,0.0,0.0,0.0,0.0,0.0,0.0,0.0,0.0,0.0,0.0,0.0,0.0,0.0,0.0,0.0,0.0,0.0,0.0,0.0,0.0,0.0,0.0,0.0,0.0,0.0,0.0,0.0,0.0,0.0,0.0,0.0,0.0,0.0,0.0,0.0,0.0,0.0,0.0,0.0,0.0,0.0,0.0,0.0,0.0,0.0,0.0,0.0,0.0,0.0,0.0,0.0,0.0,0.0,0.0,0.0,0.0,0.0,0.0,0.0,0.0,0.0,0.0,0.0,0.0,0.0,0.0,0.0,0.0,0.0,0.0,0.0,0.0,0.0,0.0,0.0
,,,,,,,,,,,,,,,,,,,,,,,,,,,,,,,,,,,,,,,,,,,,,,,,,,,,,,,,,,,,,,,,,,,,,,,,,,,0.0,0.0,0.0,0.0,0.0,0.0,0.0,0.0,0.0,0.0,0.0,0.0,0.0,0.0,0.0,0.0,0.0,0.0,0.0,0.0,0.0,0.0,0.0,0.0,0.0,0.0,0.0,0.0,0.0,0.0,0.0,0.0,0.0,0.0,0.0,0.0,0.0,0.0,0.0,0.0,0.0,0.0,0.0,0.0,0.0,0.0,0.0,0.0,0.0,0.0,0.0,0.0,0.0,0.0,0.0,0.0,0.0,0.0,0.0,0.0,0.0,0.0,0.0,0.0,0.0,0.0,0.0,0.0,0.0,0.0,0.0,0.0,0.0,0.0,0.0,0.0,0.0,0.0,0.0,0.0,0.0,0.0,0.0,0.0,0.0,0.0,0.0,0.0,0.0,0.0,0.0,0.0,0.0,0.0,0.0,0.0,0.0,0.0,0.0,0.0,0.0,0.0,0.0,0.0,0.0,0.0,0.0,0.0,0.0,0.0,0.0,0.0,0.0,0.0,0.0,0.0,0.0,0.0,0.0,0.0,0.0,0.0,0.0,0.0,0.0,0.0,0.0,0.0,0.0,0.0,0.0,0.0,0.0,0.0,0.0,0.0,0.0,0.0,0.0,0.0,0.0,0.0,0.0,0.0,0.0,0.0,0.0,0.0,0.0,0.0,0.0,0.0,0.0,0.0,0.0,0.0,0.0,0.0,0.0,0.0,0.0,0.0,0.0,0.0,0.0,0.0,0.0,0.0,0.0,0.0,0.0,0.0,0.0,0.0,0.0,0.0,0.0,0.0,0.0,0.0,0.0,0.0,0.0,0.0,0.0,0.0,0.0,0.0,0.0,0.0,0.0,0.0,0.0,0.0,0.0,0.0,0.0,0.0,0.0,0.0,0.0,0.0,0.0,0.0,0.0,0.0,0.0,0.0,0.0,0.0,0.0,0.0,0.0,0.0,0.0,0.0,0.0,0.0,0.0,0.0,0.0,0.0,0.0,0.0,0.0
,,,,,,,,,,,,,,,,,,,,,,,,,,,,,,,,,,,,,,,,,,,,,,,,,,,,,,,,,,,,,,,,,,,,,,,,,,,0.0,0.0,0.0,0.0,0.0,0.0,0.0,0.0,0.0,0.0,0.0,0.0,0.0,0.0,0.0,0.0,0.0,0.0,0.0,0.0,0.0,0.0,0.0,0.0,0.0,0.0,0.0,0.0,0.0,0.0,0.0,0.0,0.0,0.0,0.0,0.0,0.0,0.0,0.0,0.0,0.0,0.0,0.0,0.0,0.0,0.0,0.0,0.0,0.0,0.0,0.0,0.0,0.0,0.0,0.0,0.0,0.0,0.0,0.0,0.0,0.0,0.0,0.0,0.0,0.0,0.0,0.0,0.0,0.0,0.0,0.0,0.0,0.0,0.0,0.0,0.0,0.0,0.0,0.0,0.0,0.0,0.0,0.0,0.0,0.0,0.0,0.0,0.0,0.0,0.0,0.0,0.0,0.0,0.0,0.0,0.0,0.0,0.0,0.0,0.0,0.0,0.0,0.0,0.0,0.0,0.0,0.0,0.0,0.0,0.0,0.0,0.0,0.0,0.0,0.0,0.0,0.0,0.0,0.0,0.0,0.0,0.0,0.0,0.0,0.0,0.0,0.0,0.0,0.0,0.0,0.0,0.0,0.0,0.0,0.0,0.0,0.0,0.0,0.0,0.0,0.0,0.0,0.0,0.0,0.0,0.0,0.0,0.0,0.0,0.0,0.0,0.0,0.0,0.0,0.0,0.0,0.0,0.0,0.0,0.0,0.0,0.0,0.0,0.0,0.0,0.0,0.0,0.0,0.0,0.0,0.0,0.0,0.0,0.0,0.0,0.0,0.0,0.0,0.0,0.0,0.0,0.0,0.0,0.0,0.0,0.0,0.0,0.0,0.0,0.0,0.0,0.0,0.0,0.0,0.0,0.0,0.0,0.0,0.0,0.0,0.0,0.0,0.0,0.0,0.0,0.0,0.0,0.0,0.0,0.0,0.0,0.0,0.0,0.0,0.0,0.0,0.0,0.0,0.0,0.0,0.0,0.0,0.0,0.0,0.0
,,,,,,,,,,,,,,,,,,,,,,,,,,,,,,,,,,,,,,,,,,,,,,,,,,,,,,,,,,,,,,,,,,,,,,,,,,,0.0,0.0,0.0,0.0,0.0,0.0,0.0,0.0,0.0,0.0,0.0,0.0,0.0,0.0,0.0,0.0,0.0,0.0,0.0,0.0,0.0,0.0,0.0,0.0,0.0,0.0,0.0,0.0,0.0,0.0,0.0,0.0,0.0,0.0,0.0,0.0,0.0,0.0,0.0,0.0,0.0,0.0,0.0,0.0,0.0,0.0,0.0,0.0,0.0,0.0,0.0,0.0,0.0,0.0,0.0,0.0,0.0,0.0,0.0,0.0,0.0,0.0,0.0,0.0,0.0,0.0,0.0,0.0,0.0,0.0,0.0,0.0,0.0,0.0,0.0,0.0,0.0,0.0,0.0,0.0,0.0,0.0,0.0,0.0,0.0,0.0,0.0,0.0,0.0,0.0,0.0,0.0,0.0,0.0,0.0,0.0,0.0,0.0,0.0,0.0,0.0,0.0,0.0,0.0,0.0,0.0,0.0,0.0,0.0,0.0,0.0,0.0,0.0,0.0,0.0,0.0,0.0,0.0,0.0,0.0,0.0,0.0,0.0,0.0,0.0,0.0,0.0,0.0,0.0,0.0,0.0,0.0,0.0,0.0,0.0,0.0,0.0,0.0,0.0,0.0,0.0,0.0,0.0,0.0,0.0,0.0,0.0,0.0,0.0,0.0,0.0,0.0,0.0,0.0,0.0,0.0,0.0,0.0,0.0,0.0,0.0,0.0,0.0,0.0,0.0,0.0,0.0,0.0,0.0,0.0,0.0,0.0,0.0,0.0,0.0,0.0,0.0,0.0,0.0,0.0,0.0,0.0,0.0,0.0,0.0,0.0,0.0,0.0,0.0,0.0,0.0,0.0,0.0,0.0,0.0,0.0,0.0,0.0,0.0,0.0,0.0,0.0,0.0,0.0,0.0,0.0,0.0,0.0,0.0,0.0,0.0,0.0,0.0,0.0,0.0,0.0,0.0,0.0,0.0,0.0,0.0,0.0,0.0,0.0,0.0
,,,,,,,,,,,,,,,,,,,,,,,,,,,,,,,,,,,,,,,,,,,,,,,,,,,,,,,,,,,,,,,,,,,,,,,,,,,0.0,0.0,0.0,0.0,0.0,0.0,0.0,0.0,0.0,0.0,0.0,0.0,0.0,0.0,0.0,0.0,0.0,0.0,0.0,0.0,0.0,0.0,0.0,0.0,0.0,0.0,0.0,0.0,0.0,0.0,0.0,0.0,0.0,0.0,0.0,0.0,0.0,0.0,0.0,0.0,0.0,0.0,0.0,0.0,0.0,0.0,0.0,0.0,0.0,0.0,0.0,0.0,0.0,0.0,0.0,0.0,0.0,0.0,0.0,0.0,0.0,0.0,0.0,0.0,0.0,0.0,0.0,0.0,0.0,0.0,0.0,0.0,0.0,0.0,0.0,0.0,0.0,0.0,0.0,0.0,0.0,0.0,0.0,0.0,0.0,0.0,0.0,0.0,0.0,0.0,0.0,0.0,0.0,0.0,0.0,0.0,0.0,0.0,0.0,0.0,0.0,0.0,0.0,0.0,0.0,0.0,0.0,0.0,0.0,0.0,0.0,0.0,0.0,0.0,0.0,0.0,0.0,0.0,0.0,0.0,0.0,0.0,0.0,0.0,0.0,0.0,0.0,0.0,0.0,0.0,0.0,0.0,0.0,0.0,0.0,0.0,0.0,0.0,0.0,0.0,0.0,0.0,0.0,0.0,0.0,0.0,0.0,0.0,0.0,0.0,0.0,0.0,0.0,0.0,0.0,0.0,0.0,0.0,0.0,0.0,0.0,0.0,0.0,0.0,0.0,0.0,0.0,0.0,0.0,0.0,0.0,0.0,0.0,0.0,0.0,0.0,0.0,0.0,0.0,0.0,0.0,0.0,0.0,0.0,0.0,0.0,0.0,0.0,0.0,0.0,0.0,0.0,0.0,0.0,0.0,0.0,0.0,0.0,0.0,0.0,0.0,0.0,0.0,0.0,0.0,0.0,0.0,0.0,0.0,0.0,0.0,0.0,0.0,0.0,0.0,0.0,0.0,0.0,0.0,0.0,0.0,0.0,0.0,0.0,0.0
,,,,,,,,,,,,,,,,,,,,,,,,,,,,,,,,,,,,,,,,,,,,,,,,,,,,,,,,,,,,,,,,,,,,,,,,,,,0.0,0.0,0.0,0.0,0.0,0.0,0.0,0.0,0.0,0.0,0.0,0.0,0.0,0.0,0.0,0.0,0.0,0.0,0.0,0.0,0.0,0.0,0.0,0.0,0.0,0.0,0.0,0.0,0.0,0.0,0.0,0.0,0.0,0.0,0.0,0.0,0.0,0.0,0.0,0.0,0.0,0.0,0.0,0.0,0.0,0.0,0.0,0.0,0.0,0.0,0.0,0.0,0.0,0.0,0.0,0.0,0.0,0.0,0.0,0.0,0.0,0.0,0.0,0.0,0.0,0.0,0.0,0.0,0.0,0.0,0.0,0.0,0.0,0.0,0.0,0.0,0.0,0.0,0.0,0.0,0.0,0.0,0.0,0.0,0.0,0.0,0.0,0.0,0.0,0.0,0.0,0.0,0.0,0.0,0.0,0.0,0.0,0.0,0.0,0.0,0.0,0.0,0.0,0.0,0.0,0.0,0.0,0.0,0.0,0.0,0.0,0.0,0.0,0.0,0.0,0.0,0.0,0.0,0.0,0.0,0.0,0.0,0.0,0.0,0.0,0.0,0.0,0.0,0.0,0.0,0.0,0.0,0.0,0.0,0.0,0.0,0.0,0.0,0.0,0.0,0.0,0.0,0.0,0.0,0.0,0.0,0.0,0.0,0.0,0.0,0.0,0.0,0.0,0.0,0.0,0.0,0.0,0.0,0.0,0.0,0.0,0.0,0.0,0.0,0.0,0.0,0.0,0.0,0.0,0.0,0.0,0.0,0.0,0.0,0.0,0.0,0.0,0.0,0.0,0.0,0.0,0.0,0.0,0.0,0.0,0.0,0.0,0.0,0.0,0.0,0.0,0.0,0.0,0.0,0.0,0.0,0.0,0.0,0.0,0.0,0.0,0.0,0.0,0.0,0.0,0.0,0.0,0.0,0.0,0.0,0.0,0.0,0.0,0.0,0.0,0.0,0.0,0.0,0.0,0.0,0.0,0.0,0.0,0.0,0.0
,,,,,,,,,,,,,,,,,,,,,,,,,,,,,,,,,,,,,,,,,,,,,,,,,,,,,,,,,,,,,,,,,,,,,,,,,,,0.0,0.0,0.0,0.0,0.0,0.0,0.0,0.0,0.0,0.0,0.0,0.0,0.0,0.0,0.0,0.0,0.0,0.0,0.0,0.0,0.0,0.0,0.0,0.0,0.0,0.0,0.0,0.0,0.0,0.0,0.0,0.0,0.0,0.0,0.0,0.0,0.0,0.0,0.0,0.0,0.0,0.0,0.0,0.0,0.0,0.0,0.0,0.0,0.0,0.0,0.0,0.0,0.0,0.0,0.0,0.0,0.0,0.0,0.0,0.0,0.0,0.0,0.0,0.0,0.0,0.0,0.0,0.0,0.0,0.0,0.0,0.0,0.0,0.0,0.0,0.0,0.0,0.0,0.0,0.0,0.0,0.0,0.0,0.0,0.0,0.0,0.0,0.0,0.0,0.0,0.0,0.0,0.0,0.0,0.0,0.0,0.0,0.0,0.0,0.0,0.0,0.0,0.0,0.0,0.0,0.0,0.0,0.0,0.0,0.0,0.0,0.0,0.0,0.0,0.0,0.0,0.0,0.0,0.0,0.0,0.0,0.0,0.0,0.0,0.0,0.0,0.0,0.0,0.0,0.0,0.0,0.0,0.0,0.0,0.0,0.0,0.0,0.0,0.0,0.0,0.0,0.0,0.0,0.0,0.0,0.0,0.0,0.0,0.0,0.0,0.0,0.0,0.0,0.0,0.0,0.0,0.0,0.0,0.0,0.0,0.0,0.0,0.0,0.0,0.0,0.0,0.0,0.0,0.0,0.0,0.0,0.0,0.0,0.0,0.0,0.0,0.0,0.0,0.0,0.0,0.0,0.0,0.0,0.0,0.0,0.0,0.0,0.0,0.0,0.0,0.0,0.0,0.0,0.0,0.0,0.0,0.0,0.0,0.0,0.0,0.0,0.0,0.0,0.0,0.0,0.0,0.0,0.0,0.0,0.0,0.0,0.0,0.0,0.0,0.0,0.0,0.0,0.0,0.0,0.0,0.0,0.0,0.0,0.0,0.0
,,,,,,,,,,,,,,,,,,,,,,,,,,,,,,,,,,,,,,,,,,,,,,,,,,,,,,,,,,,,,,,,,,,,,,,,,,,0.0,0.0,0.0,0.0,0.0,0.0,0.0,0.0,0.0,0.0,0.0,0.0,0.0,0.0,0.0,0.0,0.0,0.0,0.0,0.0,0.0,0.0,0.0,0.0,0.0,0.0,0.0,0.0,0.0,0.0,0.0,0.0,0.0,0.0,0.0,0.0,0.0,0.0,0.0,0.0,0.0,0.0,0.0,0.0,0.0,0.0,0.0,0.0,0.0,0.0,0.0,0.0,0.0,0.0,0.0,0.0,0.0,0.0,0.0,0.0,0.0,0.0,0.0,0.0,0.0,0.0,0.0,0.0,0.0,0.0,0.0,0.0,0.0,0.0,0.0,0.0,0.0,0.0,0.0,0.0,0.0,0.0,0.0,0.0,0.0,0.0,0.0,0.0,0.0,0.0,0.0,0.0,0.0,0.0,0.0,0.0,0.0,0.0,0.0,0.0,0.0,0.0,0.0,0.0,0.0,0.0,0.0,0.0,0.0,0.0,0.0,0.0,0.0,0.0,0.0,0.0,0.0,0.0,0.0,0.0,0.0,0.0,0.0,0.0,0.0,0.0,0.0,0.0,0.0,0.0,0.0,0.0,0.0,0.0,0.0,0.0,0.0,0.0,0.0,0.0,0.0,0.0,0.0,0.0,0.0,0.0,0.0,0.0,0.0,0.0,0.0,0.0,0.0,0.0,0.0,0.0,0.0,0.0,0.0,0.0,0.0,0.0,0.0,0.0,0.0,0.0,0.0,0.0,0.0,0.0,0.0,0.0,0.0,0.0,0.0,0.0,0.0,0.0,0.0,0.0,0.0,0.0,0.0,0.0,0.0,0.0,0.0,0.0,0.0,0.0,0.0,0.0,0.0,0.0,0.0,0.0,0.0,0.0,0.0,0.0,0.0,0.0,0.0,0.0,0.0,0.0,0.0,0.0,0.0,0.0,0.0,0.0,0.0,0.0,0.0,0.0,0.0,0.0,0.0,0.0,0.0,0.0,0.0,0.0,0.0
,,,,,,,,,,,,,,,,,,,,,,,,,,,,,,,,,,,,,,,,,,,,,,,,,,,,,,,,,,,,,,,,,,,,,,,,,,,0.0,0.0,0.0,0.0,0.0,0.0,0.0,0.0,0.0,0.0,0.0,0.0,0.0,0.0,0.0,0.0,0.0,0.0,0.0,0.0,0.0,0.0,0.0,0.0,0.0,0.0,0.0,0.0,0.0,0.0,0.0,0.0,0.0,0.0,0.0,0.0,0.0,0.0,0.0,0.0,0.0,0.0,0.0,0.0,0.0,0.0,0.0,0.0,0.0,0.0,0.0,0.0,0.0,0.0,0.0,0.0,0.0,0.0,0.0,0.0,0.0,0.0,0.0,0.0,0.0,0.0,0.0,0.0,0.0,0.0,0.0,0.0,0.0,0.0,0.0,0.0,0.0,0.0,0.0,0.0,0.0,0.0,0.0,0.0,0.0,0.0,0.0,0.0,0.0,0.0,0.0,0.0,0.0,0.0,0.0,0.0,0.0,0.0,0.0,0.0,0.0,0.0,0.0,0.0,0.0,0.0,0.0,0.0,0.0,0.0,0.0,0.0,0.0,0.0,0.0,0.0,0.0,0.0,0.0,0.0,0.0,0.0,0.0,0.0,0.0,0.0,0.0,0.0,0.0,0.0,0.0,0.0,0.0,0.0,0.0,0.0,0.0,0.0,0.0,0.0,0.0,0.0,0.0,0.0,0.0,0.0,0.0,0.0,0.0,0.0,0.0,0.0,0.0,0.0,0.0,0.0,0.0,0.0,0.0,0.0,0.0,0.0,0.0,0.0,0.0,0.0,0.0,0.0,0.0,0.0,0.0,0.0,0.0,0.0,0.0,0.0,0.0,0.0,0.0,0.0,0.0,0.0,0.0,0.0,0.0,0.0,0.0,0.0,0.0,0.0,0.0,0.0,0.0,0.0,0.0,0.0,0.0,0.0,0.0,0.0,0.0,0.0,0.0,0.0,0.0,0.0,0.0,0.0,0.0,0.0,0.0,0.0,0.0,0.0,0.0,0.0,0.0,0.0,0.0,0.0,0.0,0.0,0.0,0.0,0.0
,,,,,,,,,,,,,,,,,,,,,,,,,,,,,,,,,,,,,,,,,,,,,,,,,,,,,,,,,,,,,,,,,,,,,,,,,,,0.0,0.0,0.0,0.0,0.0,0.0,0.0,0.0,0.0,0.0,0.0,0.0,0.0,0.0,0.0,0.0,0.0,0.0,0.0,0.0,0.0,0.0,0.0,0.0,0.0,0.0,0.0,0.0,0.0,0.0,0.0,0.0,0.0,0.0,0.0,0.0,0.0,0.0,0.0,0.0,0.0,0.0,0.0,0.0,0.0,0.0,0.0,0.0,0.0,0.0,0.0,0.0,0.0,0.0,0.0,0.0,0.0,0.0,0.0,0.0,0.0,0.0,0.0,0.0,0.0,0.0,0.0,0.0,0.0,0.0,0.0,0.0,0.0,0.0,0.0,0.0,0.0,0.0,0.0,0.0,0.0,0.0,0.0,0.0,0.0,0.0,0.0,0.0,0.0,0.0,0.0,0.0,0.0,0.0,0.0,0.0,0.0,0.0,0.0,0.0,0.0,0.0,0.0,0.0,0.0,0.0,0.0,0.0,0.0,0.0,0.0,0.0,0.0,0.0,0.0,0.0,0.0,0.0,0.0,0.0,0.0,0.0,0.0,0.0,0.0,0.0,0.0,0.0,0.0,0.0,0.0,0.0,0.0,0.0,0.0,0.0,0.0,0.0,0.0,0.0,0.0,0.0,0.0,0.0,0.0,0.0,0.0,0.0,0.0,0.0,0.0,0.0,0.0,0.0,0.0,0.0,0.0,0.0,0.0,0.0,0.0,0.0,0.0,0.0,0.0,0.0,0.0,0.0,0.0,0.0,0.0,0.0,0.0,0.0,0.0,0.0,0.0,0.0,0.0,0.0,0.0,0.0,0.0,0.0,0.0,0.0,0.0,0.0,0.0,0.0,0.0,0.0,0.0,0.0,0.0,0.0,0.0,0.0,0.0,0.0,0.0,0.0,0.0,0.0,0.0,0.0,0.0,0.0,0.0,0.0,0.0,0.0,0.0,0.0,0.0,0.0,0.0,0.0,0.0,0.0,0.0,0.0,0.0,0.0,0.0
,,,,,,,,,,,,,,,,,,,,,,,,,,,,,,,,,,,,,,,,,,,,,,,,,,,,,,,,,,,,,,,,,,,,,,,,,,,0.0,0.0,0.0,0.0,0.0,0.0,0.0,0.0,0.0,0.0,0.0,0.0,0.0,0.0,0.0,0.0,0.0,0.0,0.0,0.0,0.0,0.0,0.0,0.0,0.0,0.0,0.0,0.0,0.0,0.0,0.0,0.0,0.0,0.0,0.0,0.0,0.0,0.0,0.0,0.0,0.0,0.0,0.0,0.0,0.0,0.0,0.0,0.0,0.0,0.0,0.0,0.0,0.0,0.0,0.0,0.0,0.0,0.0,0.0,0.0,0.0,0.0,0.0,0.0,0.0,0.0,0.0,0.0,0.0,0.0,0.0,0.0,0.0,0.0,0.0,0.0,0.0,0.0,0.0,0.0,0.0,0.0,0.0,0.0,0.0,0.0,0.0,0.0,0.0,0.0,0.0,0.0,0.0,0.0,0.0,0.0,0.0,0.0,0.0,0.0,0.0,0.0,0.0,0.0,0.0,0.0,0.0,0.0,0.0,0.0,0.0,0.0,0.0,0.0,0.0,0.0,0.0,0.0,0.0,0.0,0.0,0.0,0.0,0.0,0.0,0.0,0.0,0.0,0.0,0.0,0.0,0.0,0.0,0.0,0.0,0.0,0.0,0.0,0.0,0.0,0.0,0.0,0.0,0.0,0.0,0.0,0.0,0.0,0.0,0.0,0.0,0.0,0.0,0.0,0.0,0.0,0.0,0.0,0.0,0.0,0.0,0.0,0.0,0.0,0.0,0.0,0.0,0.0,0.0,0.0,0.0,0.0,0.0,0.0,0.0,0.0,0.0,0.0,0.0,0.0,0.0,0.0,0.0,0.0,0.0,0.0,0.0,0.0,0.0,0.0,0.0,0.0,0.0,0.0,0.0,0.0,0.0,0.0,0.0,0.0,0.0,0.0,0.0,0.0,0.0,0.0,0.0,0.0,0.0,0.0,0.0,0.0,0.0,0.0,0.0,0.0,0.0,0.0,0.0,0.0,0.0,0.0,0.0,0.0,0.0
,,,,,,,,,,,,,,,,,,,,,,,,,,,,,,,,,,,,,,,,,,,,,,,,,,,,,,,,,,,,,,,,,,,,,,,,,,,0.0,0.0,0.0,0.0,0.0,0.0,0.0,0.0,0.0,0.0,0.0,0.0,0.0,0.0,0.0,0.0,0.0,0.0,0.0,0.0,0.0,0.0,0.0,0.0,0.0,0.0,0.0,0.0,0.0,0.0,0.0,0.0,0.0,0.0,0.0,0.0,0.0,0.0,0.0,0.0,0.0,0.0,0.0,0.0,0.0,0.0,0.0,0.0,0.0,0.0,0.0,0.0,0.0,0.0,0.0,0.0,0.0,0.0,0.0,0.0,0.0,0.0,0.0,0.0,0.0,0.0,0.0,0.0,0.0,0.0,0.0,0.0,0.0,0.0,0.0,0.0,0.0,0.0,0.0,0.0,0.0,0.0,0.0,0.0,0.0,0.0,0.0,0.0,0.0,0.0,0.0,0.0,0.0,0.0,0.0,0.0,0.0,0.0,0.0,0.0,0.0,0.0,0.0,0.0,0.0,0.0,0.0,0.0,0.0,0.0,0.0,0.0,0.0,0.0,0.0,0.0,0.0,0.0,0.0,0.0,0.0,0.0,0.0,0.0,0.0,0.0,0.0,0.0,0.0,0.0,0.0,0.0,0.0,0.0,0.0,0.0,0.0,0.0,0.0,0.0,0.0,0.0,0.0,0.0,0.0,0.0,0.0,0.0,0.0,0.0,0.0,0.0,0.0,0.0,0.0,0.0,0.0,0.0,0.0,0.0,0.0,0.0,0.0,0.0,0.0,0.0,0.0,0.0,0.0,0.0,0.0,0.0,0.0,0.0,0.0,0.0,0.0,0.0,0.0,0.0,0.0,0.0,0.0,0.0,0.0,0.0,0.0,0.0,0.0,0.0,0.0,0.0,0.0,0.0,0.0,0.0,0.0,0.0,0.0,0.0,0.0,0.0,0.0,0.0,0.0,0.0,0.0,0.0,0.0,0.0,0.0,0.0,0.0,0.0,0.0,0.0,0.0,0.0,0.0,0.0,0.0,0.0,0.0,0.0,0.0
,,,,,,,,,,,,,,,,,,,,,,,,,,,,,,,,,,,,,,,,,,,,,,,,,,,,,,,,,,,,,,,,,,,,,,,,,,,0.0,0.0,0.0,0.0,0.0,0.0,0.0,0.0,0.0,0.0,0.0,0.0,0.0,0.0,0.0,0.0,0.0,0.0,0.0,0.0,0.0,0.0,0.0,0.0,0.0,0.0,0.0,0.0,0.0,0.0,0.0,0.0,0.0,0.0,0.0,0.0,0.0,0.0,0.0,0.0,0.0,0.0,0.0,0.0,0.0,0.0,0.0,0.0,0.0,0.0,0.0,0.0,0.0,0.0,0.0,0.0,0.0,0.0,0.0,0.0,0.0,0.0,0.0,0.0,0.0,0.0,0.0,0.0,0.0,0.0,0.0,0.0,0.0,0.0,0.0,0.0,0.0,0.0,0.0,0.0,0.0,0.0,0.0,0.0,0.0,0.0,0.0,0.0,0.0,0.0,0.0,0.0,0.0,0.0,0.0,0.0,0.0,0.0,0.0,0.0,0.0,0.0,0.0,0.0,0.0,0.0,0.0,0.0,0.0,0.0,0.0,0.0,0.0,0.0,0.0,0.0,0.0,0.0,0.0,0.0,0.0,0.0,0.0,0.0,0.0,0.0,0.0,0.0,0.0,0.0,0.0,0.0,0.0,0.0,0.0,0.0,0.0,0.0,0.0,0.0,0.0,0.0,0.0,0.0,0.0,0.0,0.0,0.0,0.0,0.0,0.0,0.0,0.0,0.0,0.0,0.0,0.0,0.0,0.0,0.0,0.0,0.0,0.0,0.0,0.0,0.0,0.0,0.0,0.0,0.0,0.0,0.0,0.0,0.0,0.0,0.0,0.0,0.0,0.0,0.0,0.0,0.0,0.0,0.0,0.0,0.0,0.0,0.0,0.0,0.0,0.0,0.0,0.0,0.0,0.0,0.0,0.0,0.0,0.0,0.0,0.0,0.0,0.0,0.0,0.0,0.0,0.0,0.0,0.0,0.0,0.0,0.0,0.0,0.0,0.0,0.0,0.0,0.0,0.0,0.0,0.0,0.0,0.0,0.0,0.0
,,,,,,,,,,,,,,,,,,,,,,,,,,,,,,,,,,,,,,,,,,,,,,,,,,,,,,,,,,,,,,,,,,,,,,,,,,,0.0,0.0,0.0,0.0,0.0,0.0,0.0,0.0,0.0,0.0,0.0,0.0,0.0,0.0,0.0,0.0,0.0,0.0,0.0,0.0,0.0,0.0,0.0,0.0,0.0,0.0,0.0,0.0,0.0,0.0,0.0,0.0,0.0,0.0,0.0,0.0,0.0,0.0,0.0,0.0,0.0,0.0,0.0,0.0,0.0,0.0,0.0,0.0,0.0,0.0,0.0,0.0,0.0,0.0,0.0,0.0,0.0,0.0,0.0,0.0,0.0,0.0,0.0,0.0,0.0,0.0,0.0,0.0,0.0,0.0,0.0,0.0,0.0,0.0,0.0,0.0,0.0,0.0,0.0,0.0,0.0,0.0,0.0,0.0,0.0,0.0,0.0,0.0,0.0,0.0,0.0,0.0,0.0,0.0,0.0,0.0,0.0,0.0,0.0,0.0,0.0,0.0,0.0,0.0,0.0,0.0,0.0,0.0,0.0,0.0,0.0,0.0,0.0,0.0,0.0,0.0,0.0,0.0,0.0,0.0,0.0,0.0,0.0,0.0,0.0,0.0,0.0,0.0,0.0,0.0,0.0,0.0,0.0,0.0,0.0,0.0,0.0,0.0,0.0,0.0,0.0,0.0,0.0,0.0,0.0,0.0,0.0,0.0,0.0,0.0,0.0,0.0,0.0,0.0,0.0,0.0,0.0,0.0,0.0,0.0,0.0,0.0,0.0,0.0,0.0,0.0,0.0,0.0,0.0,0.0,0.0,0.0,0.0,0.0,0.0,0.0,0.0,0.0,0.0,0.0,0.0,0.0,0.0,0.0,0.0,0.0,0.0,0.0,0.0,0.0,0.0,0.0,0.0,0.0,0.0,0.0,0.0,0.0,0.0,0.0,0.0,0.0,0.0,0.0,0.0,0.0,0.0,0.0,0.0,0.0,0.0,0.0,0.0,0.0,0.0,0.0,0.0,0.0,0.0,0.0,0.0,0.0,0.0,0.0,0.0
,,,,,,,,,,,,,,,,,,,,,,,,,,,,,,,,,,,,,,,,,,,,,,,,,,,,,,,,,,,,,,,,,,,,,,,,,,,0.0,0.0,0.0,0.0,0.0,0.0,0.0,0.0,0.0,0.0,0.0,0.0,0.0,0.0,0.0,0.0,0.0,0.0,0.0,0.0,0.0,0.0,0.0,0.0,0.0,0.0,0.0,0.0,0.0,0.0,0.0,0.0,0.0,0.0,0.0,0.0,0.0,0.0,0.0,0.0,0.0,0.0,0.0,0.0,0.0,0.0,0.0,0.0,0.0,0.0,0.0,0.0,0.0,0.0,0.0,0.0,0.0,0.0,0.0,0.0,0.0,0.0,0.0,0.0,0.0,0.0,0.0,0.0,0.0,0.0,0.0,0.0,0.0,0.0,0.0,0.0,0.0,0.0,0.0,0.0,0.0,0.0,0.0,0.0,0.0,0.0,0.0,0.0,0.0,0.0,0.0,0.0,0.0,0.0,0.0,0.0,0.0,0.0,0.0,0.0,0.0,0.0,0.0,0.0,0.0,0.0,0.0,0.0,0.0,0.0,0.0,0.0,0.0,0.0,0.0,0.0,0.0,0.0,0.0,0.0,0.0,0.0,0.0,0.0,0.0,0.0,0.0,0.0,0.0,0.0,0.0,0.0,0.0,0.0,0.0,0.0,0.0,0.0,0.0,0.0,0.0,0.0,0.0,0.0,0.0,0.0,0.0,0.0,0.0,0.0,0.0,0.0,0.0,0.0,0.0,0.0,0.0,0.0,0.0,0.0,0.0,0.0,0.0,0.0,0.0,0.0,0.0,0.0,0.0,0.0,0.0,0.0,0.0,0.0,0.0,0.0,0.0,0.0,0.0,0.0,0.0,0.0,0.0,0.0,0.0,0.0,0.0,0.0,0.0,0.0,0.0,0.0,0.0,0.0,0.0,0.0,0.0,0.0,0.0,0.0,0.0,0.0,0.0,0.0,0.0,0.0,0.0,0.0,0.0,0.0,0.0,0.0,0.0,0.0,0.0,0.0,0.0,0.0,0.0,0.0,0.0,0.0,0.0,0.0,0.0
,,,,,,,,,,,,,,,,,,,,,,,,,,,,,,,,,,,,,,,,,,,,,,,,,,,,,,,,,,,,,,,,,,,,,,,,,,,0.0,0.0,0.0,0.0,0.0,0.0,0.0,0.0,0.0,0.0,0.0,0.0,0.0,0.0,0.0,0.0,0.0,0.0,0.0,0.0,0.0,0.0,0.0,0.0,0.0,0.0,0.0,0.0,0.0,0.0,0.0,0.0,0.0,0.0,0.0,0.0,0.0,0.0,0.0,0.0,0.0,0.0,0.0,0.0,0.0,0.0,0.0,0.0,0.0,0.0,0.0,0.0,0.0,0.0,0.0,0.0,0.0,0.0,0.0,0.0,0.0,0.0,0.0,0.0,0.0,0.0,0.0,0.0,0.0,0.0,0.0,0.0,0.0,0.0,0.0,0.0,0.0,0.0,0.0,0.0,0.0,0.0,0.0,0.0,0.0,0.0,0.0,0.0,0.0,0.0,0.0,0.0,0.0,0.0,0.0,0.0,0.0,0.0,0.0,0.0,0.0,0.0,0.0,0.0,0.0,0.0,0.0,0.0,0.0,0.0,0.0,0.0,0.0,0.0,0.0,0.0,0.0,0.0,0.0,0.0,0.0,0.0,0.0,0.0,0.0,0.0,0.0,0.0,0.0,0.0,0.0,0.0,0.0,0.0,0.0,0.0,0.0,0.0,0.0,0.0,0.0,0.0,0.0,0.0,0.0,0.0,0.0,0.0,0.0,0.0,0.0,0.0,0.0,0.0,0.0,0.0,0.0,0.0,0.0,0.0,0.0,0.0,0.0,0.0,0.0,0.0,0.0,0.0,0.0,0.0,0.0,0.0,0.0,0.0,0.0,0.0,0.0,0.0,0.0,0.0,0.0,0.0,0.0,0.0,0.0,0.0,0.0,0.0,0.0,0.0,0.0,0.0,0.0,0.0,0.0,0.0,0.0,0.0,0.0,0.0,0.0,0.0,0.0,0.0,0.0,0.0,0.0,0.0,0.0,0.0,0.0,0.0,0.0,0.0,0.0,0.0,0.0,0.0,0.0,0.0,0.0,0.0,0.0,0.0,0.0
,,,,,,,,,,,,,,,,,,,,,,,,,,,,,,,,,,,,,,,,,,,,,,,,,,,,,,,,,,,,,,,,,,,,,,,,,,,0.0,0.0,0.0,0.0,0.0,0.0,0.0,0.0,0.0,0.0,0.0,0.0,0.0,0.0,0.0,0.0,0.0,0.0,0.0,0.0,0.0,0.0,0.0,0.0,0.0,0.0,0.0,0.0,0.0,0.0,0.0,0.0,0.0,0.0,0.0,0.0,0.0,0.0,0.0,0.0,0.0,0.0,0.0,0.0,0.0,0.0,0.0,0.0,0.0,0.0,0.0,0.0,0.0,0.0,0.0,0.0,0.0,0.0,0.0,0.0,0.0,0.0,0.0,0.0,0.0,0.0,0.0,0.0,0.0,0.0,0.0,0.0,0.0,0.0,0.0,0.0,0.0,0.0,0.0,0.0,0.0,0.0,0.0,0.0,0.0,0.0,0.0,0.0,0.0,0.0,0.0,0.0,0.0,0.0,0.0,0.0,0.0,0.0,0.0,0.0,0.0,0.0,0.0,0.0,0.0,0.0,0.0,0.0,0.0,0.0,0.0,0.0,0.0,0.0,0.0,0.0,0.0,0.0,0.0,0.0,0.0,0.0,0.0,0.0,0.0,0.0,0.0,0.0,0.0,0.0,0.0,0.0,0.0,0.0,0.0,0.0,0.0,0.0,0.0,0.0,0.0,0.0,0.0,0.0,0.0,0.0,0.0,0.0,0.0,0.0,0.0,0.0,0.0,0.0,0.0,0.0,0.0,0.0,0.0,0.0,0.0,0.0,0.0,0.0,0.0,0.0,0.0,0.0,0.0,0.0,0.0,0.0,0.0,0.0,0.0,0.0,0.0,0.0,0.0,0.0,0.0,0.0,0.0,0.0,0.0,0.0,0.0,0.0,0.0,0.0,0.0,0.0,0.0,0.0,0.0,0.0,0.0,0.0,0.0,0.0,0.0,0.0,0.0,0.0,0.0,0.0,0.0,0.0,0.0,0.0,0.0,0.0,0.0,0.0,0.0,0.0,0.0,0.0,0.0,0.0,0.0,0.0,0.0,0.0,0.0
,,,,,,,,,,,,,,,,,,,,,,,,,,,,,,,,,,,,,,,,,,,,,,,,,,,,,,,,,,,,,,,,,,,,,,,,,,,0.0,0.0,0.0,0.0,0.0,0.0,0.0,0.0,0.0,0.0,0.0,0.0,0.0,0.0,0.0,0.0,0.0,0.0,0.0,0.0,0.0,0.0,0.0,0.0,0.0,0.0,0.0,0.0,0.0,0.0,0.0,0.0,0.0,0.0,0.0,0.0,0.0,0.0,0.0,0.0,0.0,0.0,0.0,0.0,0.0,0.0,0.0,0.0,0.0,0.0,0.0,0.0,0.0,0.0,0.0,0.0,0.0,0.0,0.0,0.0,0.0,0.0,0.0,0.0,0.0,0.0,0.0,0.0,0.0,0.0,0.0,0.0,0.0,0.0,0.0,0.0,0.0,0.0,0.0,0.0,0.0,0.0,0.0,0.0,0.0,0.0,0.0,0.0,0.0,0.0,0.0,0.0,0.0,0.0,0.0,0.0,0.0,0.0,0.0,0.0,0.0,0.0,0.0,0.0,0.0,0.0,0.0,0.0,0.0,0.0,0.0,0.0,0.0,0.0,0.0,0.0,0.0,0.0,0.0,0.0,0.0,0.0,0.0,0.0,0.0,0.0,0.0,0.0,0.0,0.0,0.0,0.0,0.0,0.0,0.0,0.0,0.0,0.0,0.0,0.0,0.0,0.0,0.0,0.0,0.0,0.0,0.0,0.0,0.0,0.0,0.0,0.0,0.0,0.0,0.0,0.0,0.0,0.0,0.0,0.0,0.0,0.0,0.0,0.0,0.0,0.0,0.0,0.0,0.0,0.0,0.0,0.0,0.0,0.0,0.0,0.0,0.0,0.0,0.0,0.0,0.0,0.0,0.0,0.0,0.0,0.0,0.0,0.0,0.0,0.0,0.0,0.0,0.0,0.0,0.0,0.0,0.0,0.0,0.0,0.0,0.0,0.0,0.0,0.0,0.0,0.0,0.0,0.0,0.0,0.0,0.0,0.0,0.0,0.0,0.0,0.0,0.0,0.0,0.0,0.0,0.0,0.0,0.0,0.0,0.0
,,,,,,,,,,,,,,,,,,,,,,,,,,,,,,,,,,,,,,,,,,,,,,,,,,,,,,,,,,,,,,,,,,,,,,,,,,,0.0,0.0,0.0,0.0,0.0,0.0,0.0,0.0,0.0,0.0,0.0,0.0,0.0,0.0,0.0,0.0,0.0,0.0,0.0,0.0,0.0,0.0,0.0,0.0,0.0,0.0,0.0,0.0,0.0,0.0,0.0,0.0,0.0,0.0,0.0,0.0,0.0,0.0,0.0,0.0,0.0,0.0,0.0,0.0,0.0,0.0,0.0,0.0,0.0,0.0,0.0,0.0,0.0,0.0,0.0,0.0,0.0,0.0,0.0,0.0,0.0,0.0,0.0,0.0,0.0,0.0,0.0,0.0,0.0,0.0,0.0,0.0,0.0,0.0,0.0,0.0,0.0,0.0,0.0,0.0,0.0,0.0,0.0,0.0,0.0,0.0,0.0,0.0,0.0,0.0,0.0,0.0,0.0,0.0,0.0,0.0,0.0,0.0,0.0,0.0,0.0,0.0,0.0,0.0,0.0,0.0,0.0,0.0,0.0,0.0,0.0,0.0,0.0,0.0,0.0,0.0,0.0,0.0,0.0,0.0,0.0,0.0,0.0,0.0,0.0,0.0,0.0,0.0,0.0,0.0,0.0,0.0,0.0,0.0,0.0,0.0,0.0,0.0,0.0,0.0,0.0,0.0,0.0,0.0,0.0,0.0,0.0,0.0,0.0,0.0,0.0,0.0,0.0,0.0,0.0,0.0,0.0,0.0,0.0,0.0,0.0,0.0,0.0,0.0,0.0,0.0,0.0,0.0,0.0,0.0,0.0,0.0,0.0,0.0,0.0,0.0,0.0,0.0,0.0,0.0,0.0,0.0,0.0,0.0,0.0,0.0,0.0,0.0,0.0,0.0,0.0,0.0,0.0,0.0,0.0,0.0,0.0,0.0,0.0,0.0,0.0,0.0,0.0,0.0,0.0,0.0,0.0,0.0,0.0,0.0,0.0,0.0,0.0,0.0,0.0,0.0,0.0,0.0,0.0,0.0,0.0,0.0,0.0,0.0,0.0
,,,,,,,,,,,,,,,,,,,,,,,,,,,,,,,,,,,,,,,,,,,,,,,,,,,,,,,,,,,,,,,,,,,,,,,,,,,0.0,0.0,0.0,0.0,0.0,0.0,0.0,0.0,0.0,0.0,0.0,0.0,0.0,0.0,0.0,0.0,0.0,0.0,0.0,0.0,0.0,0.0,0.0,0.0,0.0,0.0,0.0,0.0,0.0,0.0,0.0,0.0,0.0,0.0,0.0,0.0,0.0,0.0,0.0,0.0,0.0,0.0,0.0,0.0,0.0,0.0,0.0,0.0,0.0,0.0,0.0,0.0,0.0,0.0,0.0,0.0,0.0,0.0,0.0,0.0,0.0,0.0,0.0,0.0,0.0,0.0,0.0,0.0,0.0,0.0,0.0,0.0,0.0,0.0,0.0,0.0,0.0,0.0,0.0,0.0,0.0,0.0,0.0,0.0,0.0,0.0,0.0,0.0,0.0,0.0,0.0,0.0,0.0,0.0,0.0,0.0,0.0,0.0,0.0,0.0,0.0,0.0,0.0,0.0,0.0,0.0,0.0,0.0,0.0,0.0,0.0,0.0,0.0,0.0,0.0,0.0,0.0,0.0,0.0,0.0,0.0,0.0,0.0,0.0,0.0,0.0,0.0,0.0,0.0,0.0,0.0,0.0,0.0,0.0,0.0,0.0,0.0,0.0,0.0,0.0,0.0,0.0,0.0,0.0,0.0,0.0,0.0,0.0,0.0,0.0,0.0,0.0,0.0,0.0,0.0,0.0,0.0,0.0,0.0,0.0,0.0,0.0,0.0,0.0,0.0,0.0,0.0,0.0,0.0,0.0,0.0,0.0,0.0,0.0,0.0,0.0,0.0,0.0,0.0,0.0,0.0,0.0,0.0,0.0,0.0,0.0,0.0,0.0,0.0,0.0,0.0,0.0,0.0,0.0,0.0,0.0,0.0,0.0,0.0,0.0,0.0,0.0,0.0,0.0,0.0,0.0,0.0,0.0,0.0,0.0,0.0,0.0,0.0,0.0,0.0,0.0,0.0,0.0,0.0,0.0,0.0,0.0,0.0,0.0,0.0
,,,,,,,,,,,,,,,,,,,,,,,,,,,,,,,,,,,,,,,,,,,,,,,,,,,,,,,,,,,,,,,,,,,,,,,,,,,0.0,0.0,0.0,0.0,0.0,0.0,0.0,0.0,0.0,0.0,0.0,0.0,0.0,0.0,0.0,0.0,0.0,0.0,0.0,0.0,0.0,0.0,0.0,0.0,0.0,0.0,0.0,0.0,0.0,0.0,0.0,0.0,0.0,0.0,0.0,0.0,0.0,0.0,0.0,0.0,0.0,0.0,0.0,0.0,0.0,0.0,0.0,0.0,0.0,0.0,0.0,0.0,0.0,0.0,0.0,0.0,0.0,0.0,0.0,0.0,0.0,0.0,0.0,0.0,0.0,0.0,0.0,0.0,0.0,0.0,0.0,0.0,0.0,0.0,0.0,0.0,0.0,0.0,0.0,0.0,0.0,0.0,0.0,0.0,0.0,0.0,0.0,0.0,0.0,0.0,0.0,0.0,0.0,0.0,0.0,0.0,0.0,0.0,0.0,0.0,0.0,0.0,0.0,0.0,0.0,0.0,0.0,0.0,0.0,0.0,0.0,0.0,0.0,0.0,0.0,0.0,0.0,0.0,0.0,0.0,0.0,0.0,0.0,0.0,0.0,0.0,0.0,0.0,0.0,0.0,0.0,0.0,0.0,0.0,0.0,0.0,0.0,0.0,0.0,0.0,0.0,0.0,0.0,0.0,0.0,0.0,0.0,0.0,0.0,0.0,0.0,0.0,0.0,0.0,0.0,0.0,0.0,0.0,0.0,0.0,0.0,0.0,0.0,0.0,0.0,0.0,0.0,0.0,0.0,0.0,0.0,0.0,0.0,0.0,0.0,0.0,0.0,0.0,0.0,0.0,0.0,0.0,0.0,0.0,0.0,0.0,0.0,0.0,0.0,0.0,0.0,0.0,0.0,0.0,0.0,0.0,0.0,0.0,0.0,0.0,0.0,0.0,0.0,0.0,0.0,0.0,0.0,0.0,0.0,0.0,0.0,0.0,0.0,0.0,0.0,0.0,0.0,0.0,0.0,0.0,0.0,0.0,0.0,0.0,0.0
,,,,,,,,,,,,,,,,,,,,,,,,,,,,,,,,,,,,,,,,,,,,,,,,,,,,,,,,,,,,,,,,,,,,,,,,,,,0.0,0.0,0.0,0.0,0.0,0.0,0.0,0.0,0.0,0.0,0.0,0.0,0.0,0.0,0.0,0.0,0.0,0.0,0.0,0.0,0.0,0.0,0.0,0.0,0.0,0.0,0.0,0.0,0.0,0.0,0.0,0.0,0.0,0.0,0.0,0.0,0.0,0.0,0.0,0.0,0.0,0.0,0.0,0.0,0.0,0.0,0.0,0.0,0.0,0.0,0.0,0.0,0.0,0.0,0.0,0.0,0.0,0.0,0.0,0.0,0.0,0.0,0.0,0.0,0.0,0.0,0.0,0.0,0.0,0.0,0.0,0.0,0.0,0.0,0.0,0.0,0.0,0.0,0.0,0.0,0.0,0.0,0.0,0.0,0.0,0.0,0.0,0.0,0.0,0.0,0.0,0.0,0.0,0.0,0.0,0.0,0.0,0.0,0.0,0.0,0.0,0.0,0.0,0.0,0.0,0.0,0.0,0.0,0.0,0.0,0.0,0.0,0.0,0.01,0.07,0.15,0.07,0.01,0.0,0.0,0.0,0.0,0.0,0.0,0.0,0.0,0.0,0.0,0.0,0.0,0.0,0.0,0.0,0.01,0.07,0.15,0.07,0.01,0.0,0.0,0.0,0.0,0.0,0.0,0.0,0.0,0.0,0.0,0.0,0.0,0.0,0.0,0.0,0.0,0.0,0.0,0.0,0.0,0.0,0.0,0.0,0.0,0.0,0.0,0.0,0.0,0.0,0.0,0.0,0.0,0.0,0.0,0.0,0.0,0.0,0.0,0.0,0.0,0.0,0.0,0.0,0.0,0.0,0.0,0.0,0.0,0.0,0.0,0.0,0.0,0.0,0.0,0.0,0.0,0.0,0.0,0.0,0.0,0.0,0.0,0.0,0.0,0.0,0.0,0.0,0.0,0.0,0.0,0.01,0.07,0.15,0.07,0.01,0.0,0.0,0.0,0.0,0.0,0.01,0.07,0.15,0.07,0.01,0.0,0.0
,,,,,,,,,,,,,,,,,,,,,,,,,,,,,,,,,,,,,,,,,,,,,,,,,,,,,,,,,,,,,,,,,,,,,,,,,,,0.0,0.0,0.0,0.0,0.0,0.0,0.0,0.0,0.0,0.0,0.0,0.0,0.0,0.0,0.0,0.0,0.0,0.0,0.0,0.0,0.0,0.0,0.0,0.0,0.0,0.0,0.0,0.0,0.0,0.0,0.0,0.0,0.0,0.0,0.0,0.0,0.0,0.0,0.0,0.0,0.0,0.0,0.0,0.0,0.0,0.0,0.0,0.0,0.0,0.0,0.0,0.0,0.0,0.0,0.0,0.0,0.0,0.0,0.0,0.0,0.0,0.0,0.0,0.0,0.0,0.0,0.0,0.0,0.0,0.0,0.0,0.0,0.0,0.0,0.0,0.0,0.0,0.0,0.0,0.0,0.0,0.0,0.0,0.0,0.0,0.0,0.0,0.0,0.0,0.0,0.0,0.0,0.0,0.0,0.0,0.0,0.0,0.0,0.0,0.0,0.0,0.0,0.0,0.0,0.0,0.0,0.0,0.0,0.0,0.0,0.0,0.0,0.01,0.32,2.73,5.61,2.73,0.32,0.01,0.0,0.0,0.0,0.0,0.0,0.0,0.0,0.0,0.0,0.0,0.0,0.0,0.0,0.01,0.32,2.73,5.61,2.73,0.32,0.01,0.0,0.0,0.0,0.0,0.0,0.0,0.0,0.0,0.0,0.0,0.0,0.0,0.0,0.0,0.0,0.0,0.0,0.0,0.0,0.0,0.0,0.0,0.0,0.0,0.0,0.0,0.0,0.0,0.0,0.0,0.0,0.0,0.0,0.0,0.0,0.0,0.0,0.0,0.0,0.0,0.0,0.0,0.0,0.0,0.0,0.0,0.0,0.0,0.0,0.0,0.0,0.0,0.0,0.0,0.0,0.0,0.0,0.0,0.0,0.0,0.0,0.0,0.0,0.0,0.0,0.0,0.0,0.0,0.01,0.32,2.73,5.61,2.73,0.32,0.01,0.0,0.0,0.0,0.01,0.32,2.73,5.61,2.73,0.32,0.01,0.0
,,,,,,,,,,,,,,,,,,,,,,,,,,,,,,,,,,,,,,,,,,,,,,,,,,,,,,,,,,,,,,,,,,,,,,,,,,,0.0,0.0,0.0,0.0,0.0,0.0,0.0,0.0,0.0,0.0,0.0,0.0,0.0,0.0,0.0,0.0,0.0,0.0,0.0,0.0,0.0,0.0,0.0,0.0,0.0,0.0,0.0,0.0,0.0,0.0,0.0,0.0,0.0,0.0,0.0,0.0,0.0,0.0,0.0,0.0,0.0,0.0,0.0,0.0,0.0,0.0,0.0,0.0,0.0,0.0,0.0,0.0,0.0,0.0,0.0,0.0,0.0,0.0,0.0,0.0,0.0,0.0,0.0,0.0,0.0,0.0,0.0,0.0,0.0,0.0,0.0,0.0,0.0,0.0,0.0,0.0,0.0,0.0,0.0,0.0,0.0,0.0,0.0,0.0,0.0,0.0,0.0,0.0,0.0,0.0,0.0,0.0,0.0,0.0,0.0,0.0,0.0,0.0,0.0,0.0,0.0,0.0,0.0,0.0,0.0,0.0,0.0,0.0,0.0,0.0,0.0,0.0,0.07,2.73,23.69,48.68,23.69,2.73,0.07,0.0,0.0,0.0,0.0,0.0,0.0,0.0,0.0,0.0,0.0,0.0,0.0,0.0,0.07,2.73,23.69,48.68,23.69,2.73,0.07,0.0,0.0,0.0,0.0,0.0,0.0,0.0,0.0,0.0,0.0,0.0,0.0,0.0,0.0,0.0,0.0,0.0,0.0,0.0,0.0,0.0,0.0,0.0,0.0,0.0,0.0,0.0,0.0,0.0,0.0,0.0,0.0,0.0,0.0,0.0,0.0,0.0,0.0,0.0,0.0,0.0,0.0,0.0,0.0,0.0,0.0,0.0,0.0,0.0,0.0,0.0,0.0,0.0,0.0,0.0,0.0,0.0,0.0,0.0,0.0,0.0,0.0,0.0,0.0,0.0,0.0,0.0,0.0,0.07,2.73,23.69,48.68,23.69,2.73,0.07,0.0,0.0,0.0,0.07,2.73,23.69,48.68,23.69,2.73,0.07,0.0
,,,,,,,,,,,,,,,,,,,,,,,,,,,,,,,,,,,,,,,,,,,,,,,,,,,,,,,,,,,,,,,,,,,,,,,,,,,0.0,0.0,0.0,0.0,0.0,0.0,0.0,0.0,0.0,0.0,0.0,0.0,0.0,0.0,0.0,0.0,0.0,0.0,0.0,0.0,0.0,0.0,0.0,0.0,0.0,0.0,0.0,0.0,0.0,0.0,0.0,0.0,0.0,0.0,0.0,0.0,0.0,0.0,0.0,0.0,0.0,0.0,0.0,0.0,0.0,0.0,0.0,0.0,0.0,0.0,0.0,0.0,0.0,0.0,0.0,0.0,0.0,0.0,0.0,0.0,0.0,0.0,0.0,0.0,0.0,0.0,0.0,0.0,0.0,0.0,0.0,0.0,0.0,0.0,0.0,0.0,0.0,0.0,0.0,0.0,0.0,0.0,0.0,0.0,0.0,0.0,0.0,0.0,0.0,0.0,0.0,0.0,0.0,0.0,0.0,0.0,0.0,0.0,0.0,0.0,0.0,0.0,0.0,0.0,0.0,0.0,0.0,0.0,0.0,0.0,0.0,0.0,0.15,5.61,48.68,100.0,48.68,5.61,0.15,0.0,0.0,0.0,0.0,0.0,0.0,0.0,0.0,0.0,0.0,0.0,0.0,0.0,0.15,5.61,48.68,100.0,48.68,5.61,0.15,0.0,0.0,0.0,0.0,0.0,0.0,0.0,0.0,0.0,0.0,0.0,0.0,0.0,0.0,0.0,0.0,0.0,0.0,0.0,0.0,0.0,0.0,0.0,0.0,0.0,0.0,0.0,0.0,0.0,0.0,0.0,0.0,0.0,0.0,0.0,0.0,0.0,0.0,0.0,0.0,0.0,0.0,0.0,0.0,0.0,0.0,0.0,0.0,0.0,0.0,0.0,0.0,0.0,0.0,0.0,0.0,0.0,0.0,0.0,0.0,0.0,0.0,0.0,0.0,0.0,0.0,0.0,0.0,0.15,5.61,48.68,100.0,48.68,5.61,0.15,0.0,0.0,0.0,0.15,5.61,48.68,100.0,48.68,5.61,0.15,0.0
,,,,,,,,,,,,,,,,,,,,,,,,,,,,,,,,,,,,,,,,,,,,,,,,,,,,,,,,,,,,,,,,,,,,,,,,,,,0.0,0.0,0.0,0.0,0.0,0.0,0.0,0.0,0.0,0.0,0.0,0.0,0.0,0.0,0.0,0.0,0.0,0.0,0.0,0.0,0.0,0.0,0.0,0.0,0.0,0.0,0.0,0.0,0.0,0.0,0.0,0.0,0.0,0.0,0.0,0.0,0.0,0.0,0.0,0.0,0.0,0.0,0.0,0.0,0.0,0.0,0.0,0.0,0.0,0.0,0.0,0.0,0.0,0.0,0.0,0.0,0.0,0.0,0.0,0.0,0.0,0.0,0.0,0.0,0.0,0.0,0.0,0.0,0.0,0.0,0.0,0.0,0.0,0.0,0.0,0.0,0.0,0.0,0.0,0.0,0.0,0.0,0.0,0.0,0.0,0.0,0.0,0.0,0.0,0.0,0.0,0.0,0.0,0.0,0.0,0.0,0.0,0.0,0.0,0.0,0.0,0.0,0.0,0.0,0.0,0.0,0.0,0.0,0.0,0.0,0.0,0.0,0.07,2.73,23.69,48.68,23.69,2.73,0.07,0.0,0.0,0.0,0.0,0.0,0.0,0.0,0.0,0.0,0.0,0.0,0.0,0.0,0.07,2.73,23.69,48.68,23.69,2.73,0.07,0.0,0.0,0.0,0.0,0.0,0.0,0.0,0.0,0.0,0.0,0.0,0.0,0.0,0.0,0.0,0.0,0.0,0.0,0.0,0.0,0.0,0.0,0.0,0.0,0.0,0.0,0.0,0.0,0.0,0.0,0.0,0.0,0.0,0.0,0.0,0.0,0.0,0.0,0.0,0.0,0.0,0.0,0.0,0.0,0.0,0.0,0.0,0.0,0.0,0.0,0.0,0.0,0.0,0.0,0.0,0.0,0.0,0.0,0.0,0.0,0.0,0.0,0.0,0.0,0.0,0.0,0.0,0.0,0.07,2.73,23.69,48.68,23.69,2.73,0.07,0.0,0.0,0.0,0.07,2.73,23.69,48.68,23.69,2.73,0.07,0.0
,,,,,,,,,,,,,,,,,,,,,,,,,,,,,,,,,,,,,,,,,,,,,,,,,,,,,,,,,,,,,,,,,,,,,,,,,,,0.0,0.0,0.0,0.0,0.0,0.0,0.0,0.0,0.0,0.0,0.0,0.0,0.0,0.0,0.0,0.0,0.0,0.0,0.0,0.0,0.0,0.0,0.0,0.0,0.0,0.0,0.0,0.0,0.0,0.0,0.0,0.0,0.0,0.0,0.0,0.0,0.0,0.0,0.0,0.0,0.0,0.0,0.0,0.0,0.0,0.0,0.0,0.0,0.0,0.0,0.0,0.0,0.0,0.0,0.0,0.0,0.0,0.0,0.0,0.0,0.0,0.0,0.0,0.0,0.0,0.0,0.0,0.0,0.0,0.0,0.0,0.0,0.0,0.0,0.0,0.0,0.0,0.0,0.0,0.0,0.0,0.0,0.0,0.0,0.0,0.0,0.0,0.0,0.0,0.0,0.0,0.0,0.0,0.0,0.0,0.0,0.0,0.0,0.0,0.0,0.0,0.0,0.0,0.0,0.0,0.0,0.0,0.0,0.0,0.0,0.0,0.0,0.01,0.32,2.73,5.61,2.73,0.32,0.01,0.0,0.0,0.0,0.0,0.0,0.0,0.0,0.0,0.0,0.0,0.0,0.0,0.0,0.01,0.32,2.73,5.61,2.73,0.32,0.01,0.0,0.0,0.0,0.0,0.0,0.0,0.0,0.0,0.0,0.0,0.0,0.0,0.0,0.0,0.0,0.0,0.0,0.0,0.0,0.0,0.0,0.0,0.0,0.0,0.0,0.0,0.0,0.0,0.0,0.0,0.0,0.0,0.0,0.0,0.0,0.0,0.0,0.0,0.0,0.0,0.0,0.0,0.0,0.0,0.0,0.0,0.0,0.0,0.0,0.0,0.0,0.0,0.0,0.0,0.0,0.0,0.0,0.0,0.0,0.0,0.0,0.0,0.0,0.0,0.0,0.0,0.0,0.0,0.01,0.32,2.73,5.61,2.73,0.32,0.01,0.0,0.0,0.0,0.01,0.32,2.73,5.61,2.73,0.32,0.01,0.0
,,,,,,,,,,,,,,,,,,,,,,,,,,,,,,,,,,,,,,,,,,,,,,,,,,,,,,,,,,,,,,,,,,,,,,,,,,,0.0,0.0,0.0,0.0,0.0,0.0,0.0,0.0,0.0,0.0,0.0,0.0,0.0,0.0,0.0,0.0,0.0,0.0,0.0,0.0,0.0,0.0,0.0,0.0,0.0,0.0,0.0,0.0,0.0,0.0,0.0,0.0,0.0,0.0,0.0,0.0,0.0,0.0,0.0,0.0,0.0,0.0,0.0,0.0,0.0,0.0,0.0,0.0,0.0,0.0,0.0,0.0,0.0,0.0,0.0,0.0,0.0,0.0,0.0,0.0,0.0,0.0,0.0,0.0,0.0,0.0,0.0,0.0,0.0,0.0,0.0,0.0,0.0,0.0,0.0,0.0,0.0,0.0,0.0,0.0,0.0,0.0,0.0,0.0,0.0,0.0,0.0,0.0,0.0,0.0,0.0,0.0,0.0,0.0,0.0,0.0,0.0,0.0,0.0,0.0,0.0,0.0,0.0,0.0,0.0,0.0,0.0,0.0,0.0,0.0,0.0,0.0,0.0,0.01,0.07,0.15,0.07,0.01,0.0,0.0,0.0,0.0,0.0,0.0,0.0,0.0,0.0,0.0,0.0,0.0,0.0,0.0,0.0,0.01,0.07,0.15,0.07,0.01,0.0,0.0,0.0,0.0,0.0,0.0,0.0,0.0,0.0,0.0,0.0,0.0,0.0,0.0,0.0,0.0,0.0,0.0,0.0,0.0,0.0,0.0,0.0,0.0,0.0,0.0,0.0,0.0,0.0,0.0,0.0,0.0,0.0,0.0,0.0,0.0,0.0,0.0,0.0,0.0,0.0,0.0,0.0,0.0,0.0,0.0,0.0,0.0,0.0,0.0,0.0,0.0,0.0,0.0,0.0,0.0,0.0,0.0,0.0,0.0,0.0,0.0,0.0,0.0,0.0,0.0,0.0,0.0,0.0,0.0,0.01,0.07,0.15,0.07,0.01,0.0,0.0,0.0,0.0,0.0,0.01,0.07,0.15,0.07,0.01,0.0,0.0
,,,,,,,,,,,,,,,,,,,,,,,,,,,,,,,,,,,,,,,,,,,,,,,,,,,,,,,,,,,,,,,,,,,,,,,,,,,0.0,0.0,0.0,0.0,0.0,0.0,0.0,0.0,0.0,0.0,0.0,0.0,0.0,0.0,0.0,0.0,0.0,0.0,0.0,0.0,0.0,0.0,0.0,0.0,0.0,0.0,0.0,0.0,0.0,0.0,0.0,0.0,0.0,0.0,0.0,0.0,0.0,0.0,0.0,0.0,0.0,0.0,0.0,0.0,0.0,0.0,0.0,0.0,0.0,0.0,0.0,0.0,0.0,0.0,0.0,0.0,0.0,0.0,0.0,0.0,0.0,0.0,0.0,0.0,0.0,0.0,0.0,0.0,0.0,0.0,0.0,0.0,0.0,0.0,0.0,0.0,0.0,0.0,0.0,0.0,0.0,0.0,0.0,0.0,0.0,0.0,0.0,0.0,0.0,0.0,0.0,0.0,0.0,0.0,0.0,0.0,0.0,0.0,0.0,0.0,0.0,0.0,0.0,0.0,0.0,0.0,0.0,0.0,0.0,0.0,0.0,0.0,0.0,0.0,0.0,0.0,0.0,0.0,0.0,0.0,0.0,0.0,0.0,0.0,0.0,0.0,0.0,0.0,0.0,0.0,0.0,0.0,0.0,0.0,0.0,0.0,0.0,0.0,0.0,0.0,0.0,0.0,0.0,0.0,0.0,0.0,0.0,0.0,0.0,0.0,0.0,0.0,0.0,0.0,0.0,0.0,0.0,0.0,0.0,0.0,0.0,0.0,0.0,0.0,0.0,0.0,0.0,0.0,0.0,0.0,0.0,0.0,0.0,0.0,0.0,0.0,0.0,0.0,0.0,0.0,0.0,0.0,0.0,0.0,0.0,0.0,0.0,0.0,0.0,0.0,0.0,0.0,0.0,0.0,0.0,0.0,0.0,0.0,0.0,0.0,0.0,0.0,0.0,0.0,0.0,0.0,0.0,0.0,0.0,0.0,0.0,0.0,0.0,0.0,0.0,0.0,0.0,0.0,0.0,0.0,0.0,0.0,0.0,0.0,0.0
,,,,,,,,,,,,,,,,,,,,,,,,,,,,,,,,,,,,,,,,,,,,,,,,,,,,,,,,,,,,,,,,,,,,,,,,,,,0.0,0.0,0.0,0.0,0.0,0.0,0.0,0.0,0.0,0.0,0.0,0.0,0.0,0.0,0.0,0.0,0.0,0.0,0.0,0.0,0.0,0.0,0.0,0.0,0.0,0.0,0.0,0.0,0.0,0.0,0.0,0.0,0.0,0.0,0.0,0.0,0.0,0.0,0.0,0.0,0.0,0.0,0.0,0.0,0.0,0.0,0.0,0.0,0.0,0.0,0.0,0.0,0.0,0.0,0.0,0.0,0.0,0.0,0.0,0.0,0.0,0.0,0.0,0.0,0.0,0.0,0.0,0.0,0.0,0.0,0.0,0.0,0.0,0.0,0.0,0.0,0.0,0.0,0.0,0.0,0.0,0.0,0.0,0.0,0.0,0.0,0.0,0.0,0.0,0.0,0.0,0.0,0.0,0.0,0.0,0.0,0.0,0.0,0.0,0.0,0.0,0.0,0.0,0.0,0.0,0.0,0.0,0.0,0.0,0.0,0.0,0.0,0.0,0.0,0.0,0.0,0.0,0.0,0.0,0.0,0.0,0.0,0.0,0.0,0.0,0.0,0.0,0.0,0.0,0.0,0.0,0.0,0.0,0.0,0.0,0.0,0.0,0.0,0.0,0.0,0.0,0.0,0.0,0.0,0.0,0.0,0.0,0.0,0.0,0.0,0.0,0.0,0.0,0.0,0.0,0.0,0.0,0.0,0.0,0.0,0.0,0.0,0.0,0.0,0.0,0.0,0.0,0.0,0.0,0.0,0.0,0.0,0.0,0.0,0.0,0.0,0.0,0.0,0.0,0.0,0.0,0.0,0.0,0.0,0.0,0.0,0.0,0.0,0.0,0.0,0.0,0.0,0.0,0.0,0.0,0.0,0.0,0.0,0.0,0.0,0.0,0.0,0.0,0.0,0.0,0.0,0.0,0.0,0.0,0.0,0.0,0.0,0.0,0.0,0.0,0.0,0.0,0.0,0.0,0.0,0.0,0.0,0.0,0.0,0.0
,,,,,,,,,,,,,,,,,,,,,,,,,,,,,,,,,,,,,,,,,,,,,,,,,,,,,,,,,,,,,,,,,,,,,,,,,,,0.0,0.0,0.0,0.0,0.0,0.0,0.0,0.0,0.0,0.0,0.0,0.0,0.0,0.0,0.0,0.0,0.0,0.0,0.0,0.0,0.0,0.0,0.0,0.0,0.0,0.0,0.0,0.0,0.0,0.0,0.0,0.0,0.0,0.0,0.0,0.0,0.0,0.0,0.0,0.0,0.0,0.0,0.0,0.0,0.0,0.0,0.0,0.0,0.0,0.0,0.0,0.0,0.0,0.0,0.0,0.0,0.0,0.0,0.0,0.0,0.0,0.0,0.0,0.0,0.0,0.0,0.0,0.0,0.0,0.0,0.0,0.0,0.0,0.0,0.0,0.0,0.0,0.0,0.0,0.0,0.0,0.0,0.0,0.0,0.0,0.0,0.0,0.0,0.0,0.0,0.0,0.0,0.0,0.0,0.0,0.0,0.0,0.0,0.0,0.0,0.0,0.0,0.0,0.0,0.0,0.0,0.0,0.0,0.0,0.0,0.0,0.0,0.0,0.0,0.0,0.0,0.0,0.0,0.0,0.0,0.0,0.0,0.0,0.0,0.0,0.0,0.0,0.0,0.0,0.0,0.0,0.0,0.0,0.0,0.0,0.0,0.0,0.0,0.0,0.0,0.0,0.0,0.0,0.0,0.0,0.0,0.0,0.0,0.0,0.0,0.0,0.0,0.0,0.0,0.0,0.0,0.0,0.0,0.0,0.0,0.0,0.0,0.0,0.0,0.0,0.0,0.0,0.0,0.0,0.0,0.0,0.0,0.0,0.0,0.0,0.0,0.0,0.0,0.0,0.0,0.0,0.0,0.0,0.0,0.0,0.0,0.0,0.0,0.0,0.0,0.0,0.0,0.0,0.0,0.0,0.0,0.0,0.0,0.0,0.0,0.0,0.0,0.0,0.0,0.0,0.0,0.0,0.0,0.0,0.0,0.0,0.0,0.0,0.0,0.0,0.0,0.0,0.0,0.0,0.0,0.0,0.0,0.0,0.0,0.0
,,,,,,,,,,,,,,,,,,,,,,,,,,,,,,,,,,,,,,,,,,,,,,,,,,,,,,,,,,,,,,,,,,,,,,,,,,,0.0,0.0,0.0,0.0,0.0,0.0,0.0,0.0,0.0,0.0,0.0,0.0,0.0,0.0,0.0,0.0,0.0,0.0,0.0,0.0,0.0,0.0,0.0,0.0,0.0,0.0,0.0,0.0,0.0,0.0,0.0,0.0,0.0,0.0,0.0,0.0,0.0,0.0,0.0,0.0,0.0,0.0,0.0,0.0,0.0,0.0,0.0,0.0,0.0,0.0,0.0,0.0,0.0,0.0,0.0,0.0,0.0,0.0,0.0,0.0,0.0,0.0,0.0,0.0,0.0,0.0,0.0,0.0,0.0,0.0,0.0,0.0,0.0,0.0,0.0,0.0,0.0,0.0,0.0,0.0,0.0,0.0,0.0,0.0,0.0,0.0,0.0,0.0,0.0,0.0,0.0,0.0,0.0,0.0,0.0,0.0,0.0,0.0,0.0,0.0,0.0,0.0,0.0,0.0,0.0,0.0,0.0,0.0,0.0,0.0,0.0,0.0,0.0,0.0,0.0,0.0,0.0,0.0,0.0,0.0,0.0,0.0,0.0,0.0,0.0,0.0,0.0,0.0,0.0,0.0,0.0,0.0,0.0,0.0,0.0,0.0,0.0,0.0,0.0,0.0,0.0,0.0,0.0,0.0,0.0,0.0,0.0,0.0,0.0,0.0,0.0,0.0,0.0,0.0,0.0,0.0,0.0,0.0,0.0,0.0,0.0,0.0,0.0,0.0,0.0,0.0,0.0,0.0,0.0,0.0,0.0,0.0,0.0,0.0,0.0,0.0,0.0,0.0,0.0,0.0,0.0,0.0,0.0,0.0,0.0,0.0,0.0,0.0,0.0,0.0,0.0,0.0,0.0,0.0,0.0,0.0,0.0,0.0,0.0,0.0,0.0,0.0,0.0,0.0,0.0,0.0,0.0,0.0,0.0,0.0,0.0,0.0,0.0,0.0,0.0,0.0,0.0,0.0,0.0,0.0,0.0,0.0,0.0,0.0,0.0
,,,,,,,,,,,,,,,,,,,,,,,,,,,,,,,,,,,,,,,,,,,,,,,,,,,,,,,,,,,,,,,,,,,,,,,,,,,0.0,0.0,0.0,0.0,0.0,0.0,0.0,0.0,0.0,0.0,0.0,0.0,0.0,0.0,0.0,0.0,0.0,0.0,0.0,0.0,0.0,0.0,0.0,0.0,0.0,0.0,0.0,0.0,0.0,0.0,0.0,0.0,0.0,0.0,0.0,0.0,0.0,0.0,0.0,0.0,0.0,0.0,0.0,0.0,0.0,0.0,0.0,0.0,0.0,0.0,0.0,0.0,0.0,0.0,0.0,0.0,0.0,0.0,0.0,0.0,0.0,0.0,0.0,0.0,0.0,0.0,0.0,0.0,0.0,0.0,0.0,0.0,0.0,0.0,0.0,0.0,0.0,0.0,0.0,0.0,0.0,0.0,0.0,0.0,0.0,0.0,0.0,0.0,0.0,0.0,0.0,0.0,0.0,0.0,0.0,0.0,0.0,0.0,0.0,0.0,0.0,0.0,0.0,0.0,0.0,0.0,0.0,0.0,0.0,0.0,0.0,0.0,0.0,0.0,0.0,0.0,0.0,0.0,0.0,0.0,0.0,0.0,0.0,0.0,0.0,0.0,0.0,0.0,0.0,0.0,0.0,0.0,0.0,0.0,0.0,0.0,0.0,0.0,0.0,0.0,0.0,0.0,0.0,0.0,0.0,0.0,0.0,0.0,0.0,0.0,0.0,0.0,0.0,0.0,0.0,0.0,0.0,0.0,0.0,0.0,0.0,0.0,0.0,0.0,0.0,0.0,0.0,0.0,0.0,0.0,0.0,0.0,0.0,0.0,0.0,0.0,0.0,0.0,0.0,0.0,0.0,0.0,0.0,0.0,0.0,0.0,0.0,0.0,0.0,0.0,0.0,0.0,0.0,0.0,0.0,0.0,0.0,0.0,0.0,0.0,0.0,0.0,0.0,0.0,0.0,0.0,0.0,0.0,0.0,0.0,0.0,0.0,0.0,0.0,0.0,0.0,0.0,0.0,0.0,0.0,0.0,0.0,0.0,0.0,0.0
,,,,,,,,,,,,,,,,,,,,,,,,,,,,,,,,,,,,,,,,,,,,,,,,,,,,,,,,,,,,,,,,,,,,,,,,,,,0.0,0.0,0.0,0.0,0.0,0.0,0.0,0.0,0.0,0.0,0.0,0.0,0.0,0.0,0.0,0.0,0.0,0.0,0.0,0.0,0.0,0.0,0.0,0.0,0.0,0.0,0.0,0.0,0.0,0.0,0.0,0.0,0.0,0.0,0.0,0.0,0.0,0.0,0.0,0.0,0.0,0.0,0.0,0.0,0.0,0.0,0.0,0.0,0.0,0.0,0.0,0.0,0.0,0.0,0.0,0.0,0.0,0.0,0.0,0.0,0.0,0.0,0.0,0.0,0.0,0.0,0.0,0.0,0.0,0.0,0.0,0.0,0.0,0.0,0.0,0.0,0.0,0.0,0.0,0.0,0.0,0.0,0.0,0.0,0.0,0.0,0.0,0.0,0.0,0.0,0.0,0.0,0.0,0.0,0.0,0.0,0.0,0.0,0.0,0.0,0.0,0.0,0.0,0.0,0.0,0.0,0.0,0.0,0.0,0.0,0.0,0.0,0.0,0.0,0.0,0.0,0.0,0.0,0.0,0.0,0.0,0.0,0.0,0.0,0.0,0.0,0.0,0.0,0.0,0.0,0.0,0.0,0.0,0.0,0.0,0.0,0.0,0.0,0.0,0.0,0.0,0.0,0.0,0.0,0.0,0.0,0.0,0.0,0.0,0.0,0.0,0.0,0.0,0.0,0.0,0.0,0.0,0.0,0.0,0.0,0.0,0.0,0.0,0.0,0.0,0.0,0.0,0.0,0.0,0.0,0.0,0.0,0.0,0.0,0.0,0.0,0.0,0.0,0.0,0.0,0.0,0.0,0.0,0.0,0.0,0.0,0.0,0.0,0.0,0.0,0.0,0.0,0.0,0.0,0.0,0.0,0.0,0.0,0.0,0.0,0.0,0.0,0.0,0.0,0.0,0.0,0.0,0.0,0.0,0.0,0.0,0.0,0.0,0.0,0.0,0.0,0.0,0.0,0.0,0.0,0.0,0.0,0.0,0.0,0.0
,,,,,,,,,,,,,,,,,,,,,,,,,,,,,,,,,,,,,,,,,,,,,,,,,,,,,,,,,,,,,,,,,,,,,,,,,,,0.0,0.0,0.0,0.0,0.0,0.0,0.0,0.0,0.0,0.0,0.0,0.0,0.0,0.0,0.0,0.0,0.0,0.0,0.0,0.0,0.0,0.0,0.0,0.0,0.0,0.0,0.0,0.0,0.0,0.0,0.0,0.0,0.0,0.0,0.0,0.0,0.0,0.0,0.0,0.0,0.0,0.0,0.0,0.0,0.0,0.0,0.0,0.0,0.0,0.0,0.0,0.0,0.0,0.0,0.0,0.0,0.0,0.0,0.0,0.0,0.0,0.0,0.0,0.0,0.0,0.0,0.0,0.0,0.0,0.0,0.0,0.0,0.0,0.0,0.0,0.0,0.0,0.0,0.0,0.0,0.0,0.0,0.0,0.0,0.0,0.0,0.0,0.0,0.0,0.0,0.0,0.0,0.0,0.0,0.0,0.0,0.0,0.0,0.0,0.0,0.0,0.0,0.0,0.0,0.0,0.0,0.0,0.0,0.0,0.0,0.0,0.0,0.0,0.0,0.0,0.0,0.0,0.0,0.0,0.0,0.0,0.0,0.0,0.0,0.0,0.0,0.0,0.0,0.0,0.0,0.0,0.0,0.0,0.0,0.0,0.0,0.0,0.0,0.0,0.0,0.0,0.0,0.0,0.0,0.0,0.0,0.0,0.0,0.0,0.0,0.0,0.0,0.0,0.0,0.0,0.0,0.0,0.0,0.0,0.0,0.0,0.0,0.0,0.0,0.0,0.0,0.0,0.0,0.0,0.0,0.0,0.0,0.0,0.0,0.0,0.0,0.0,0.0,0.0,0.0,0.0,0.0,0.0,0.0,0.0,0.0,0.0,0.0,0.0,0.0,0.0,0.0,0.0,0.0,0.0,0.0,0.0,0.0,0.0,0.0,0.0,0.0,0.0,0.0,0.0,0.0,0.0,0.0,0.0,0.0,0.0,0.0,0.0,0.0,0.0,0.0,0.0,0.0,0.0,0.0,0.0,0.0,0.0,0.0,0.0
,,,,,,,,,,,,,,,,,,,,,,,,,,,,,,,,,,,,,,,,,,,,,,,,,,,,,,,,,,,,,,,,,,,,,,,,,,,0.0,0.0,0.0,0.0,0.0,0.0,0.0,0.0,0.0,0.0,0.0,0.0,0.0,0.0,0.0,0.0,0.0,0.0,0.0,0.0,0.0,0.0,0.0,0.0,0.0,0.0,0.0,0.0,0.0,0.0,0.0,0.0,0.0,0.0,0.0,0.0,0.0,0.0,0.0,0.0,0.0,0.0,0.0,0.0,0.0,0.0,0.0,0.0,0.0,0.0,0.0,0.0,0.0,0.0,0.0,0.0,0.0,0.0,0.0,0.0,0.0,0.0,0.0,0.0,0.0,0.0,0.0,0.0,0.0,0.0,0.0,0.0,0.0,0.0,0.0,0.0,0.0,0.0,0.0,0.0,0.0,0.0,0.0,0.0,0.0,0.0,0.0,0.0,0.0,0.0,0.0,0.0,0.0,0.0,0.0,0.0,0.0,0.0,0.0,0.0,0.0,0.0,0.0,0.0,0.0,0.0,0.0,0.0,0.0,0.0,0.0,0.0,0.0,0.0,0.0,0.0,0.0,0.0,0.0,0.0,0.0,0.0,0.0,0.0,0.0,0.0,0.0,0.0,0.0,0.0,0.0,0.0,0.0,0.0,0.0,0.0,0.0,0.0,0.0,0.0,0.0,0.0,0.0,0.0,0.0,0.0,0.0,0.0,0.0,0.0,0.0,0.0,0.0,0.0,0.0,0.0,0.0,0.0,0.0,0.0,0.0,0.0,0.0,0.0,0.0,0.0,0.0,0.0,0.0,0.0,0.0,0.0,0.0,0.0,0.0,0.0,0.0,0.0,0.0,0.0,0.0,0.0,0.0,0.0,0.0,0.0,0.0,0.0,0.0,0.0,0.0,0.0,0.0,0.0,0.0,0.0,0.0,0.0,0.0,0.0,0.0,0.0,0.0,0.0,0.0,0.0,0.0,0.0,0.0,0.0,0.0,0.0,0.0,0.0,0.0,0.0,0.0,0.0,0.0,0.0,0.0,0.0,0.0,0.0,0.0
,,,,,,,,,,,,,,,,,,,,,,,,,,,,,,,,,,,,,,,,,,,,,,,,,,,,,,,,,,,,,,,,,,,,,,,,,,,0.0,0.0,0.0,0.0,0.0,0.0,0.0,0.0,0.0,0.0,0.0,0.0,0.0,0.0,0.0,0.0,0.0,0.0,0.0,0.0,0.0,0.0,0.0,0.0,0.0,0.0,0.0,0.0,0.0,0.0,0.0,0.0,0.0,0.0,0.0,0.0,0.0,0.0,0.0,0.0,0.0,0.0,0.0,0.0,0.0,0.0,0.0,0.0,0.0,0.0,0.0,0.0,0.0,0.0,0.0,0.0,0.0,0.0,0.0,0.0,0.0,0.0,0.0,0.0,0.0,0.0,0.0,0.0,0.0,0.0,0.0,0.0,0.0,0.0,0.0,0.0,0.0,0.0,0.0,0.0,0.0,0.0,0.0,0.0,0.0,0.0,0.0,0.0,0.0,0.0,0.0,0.0,0.0,0.0,0.0,0.0,0.0,0.0,0.0,0.0,0.0,0.0,0.0,0.0,0.0,0.0,0.0,0.0,0.0,0.0,0.0,0.0,0.0,0.0,0.0,0.0,0.0,0.0,0.0,0.0,0.0,0.0,0.0,0.0,0.0,0.0,0.0,0.0,0.0,0.0,0.0,0.0,0.0,0.0,0.0,0.0,0.0,0.0,0.0,0.0,0.0,0.0,0.0,0.0,0.0,0.0,0.0,0.0,0.0,0.0,0.0,0.0,0.0,0.0,0.0,0.0,0.0,0.0,0.0,0.0,0.0,0.0,0.0,0.0,0.0,0.0,0.0,0.0,0.0,0.0,0.0,0.0,0.0,0.0,0.0,0.0,0.0,0.0,0.0,0.0,0.0,0.0,0.0,0.0,0.0,0.0,0.0,0.0,0.0,0.0,0.0,0.0,0.0,0.0,0.0,0.0,0.0,0.0,0.0,0.0,0.0,0.0,0.0,0.0,0.0,0.0,0.0,0.0,0.0,0.0,0.0,0.0,0.0,0.0,0.0,0.0,0.0,0.0,0.0,0.0,0.0,0.0,0.0,0.0,0.0
,,,,,,,,,,,,,,,,,,,,,,,,,,,,,,,,,,,,,,,,,,,,,,,,,,,,,,,,,,,,,,,,,,,,,,,,,,,0.0,0.0,0.0,0.0,0.0,0.0,0.0,0.0,0.0,0.0,0.0,0.0,0.0,0.0,0.0,0.0,0.0,0.0,0.0,0.0,0.0,0.0,0.0,0.0,0.0,0.0,0.0,0.0,0.0,0.0,0.0,0.0,0.0,0.0,0.0,0.0,0.0,0.0,0.0,0.0,0.0,0.0,0.0,0.0,0.0,0.0,0.0,0.0,0.0,0.0,0.0,0.0,0.0,0.0,0.0,0.0,0.0,0.0,0.0,0.0,0.0,0.0,0.0,0.0,0.0,0.0,0.0,0.0,0.0,0.0,0.0,0.0,0.0,0.0,0.0,0.0,0.0,0.0,0.0,0.0,0.0,0.0,0.0,0.0,0.0,0.0,0.0,0.0,0.0,0.0,0.0,0.0,0.0,0.0,0.0,0.0,0.0,0.0,0.0,0.0,0.0,0.0,0.0,0.0,0.0,0.0,0.0,0.0,0.0,0.0,0.0,0.0,0.0,0.0,0.0,0.0,0.0,0.0,0.0,0.0,0.0,0.0,0.0,0.0,0.0,0.0,0.0,0.0,0.0,0.0,0.0,0.0,0.0,0.0,0.0,0.0,0.0,0.0,0.0,0.0,0.0,0.0,0.0,0.0,0.0,0.0,0.0,0.0,0.0,0.0,0.0,0.0,0.0,0.0,0.0,0.0,0.0,0.0,0.0,0.0,0.0,0.0,0.0,0.0,0.0,0.0,0.0,0.0,0.0,0.0,0.0,0.0,0.0,0.0,0.0,0.0,0.0,0.0,0.0,0.0,0.0,0.0,0.0,0.0,0.0,0.0,0.0,0.0,0.0,0.0,0.0,0.0,0.0,0.0,0.0,0.0,0.0,0.0,0.0,0.0,0.0,0.0,0.0,0.0,0.0,0.0,0.0,0.0,0.0,0.0,0.0,0.0,0.0,0.0,0.0,0.0,0.0,0.0,0.0,0.0,0.0,0.0,0.0,0.0,0.0
,,,,,,,,,,,,,,,,,,,,,,,,,,,,,,,,,,,,,,,,,,,,,,,,,,,,,,,,,,,,,,,,,,,,,,,,,,,0.0,0.0,0.0,0.0,0.0,0.0,0.0,0.0,0.0,0.0,0.0,0.0,0.0,0.0,0.0,0.0,0.0,0.0,0.0,0.0,0.0,0.0,0.0,0.0,0.0,0.0,0.0,0.0,0.0,0.0,0.0,0.0,0.0,0.0,0.0,0.0,0.0,0.0,0.0,0.0,0.0,0.0,0.0,0.0,0.0,0.0,0.0,0.0,0.0,0.0,0.0,0.0,0.0,0.0,0.0,0.0,0.0,0.0,0.0,0.0,0.0,0.0,0.0,0.0,0.0,0.0,0.0,0.0,0.0,0.0,0.0,0.0,0.0,0.0,0.0,0.0,0.0,0.0,0.0,0.0,0.0,0.0,0.0,0.0,0.0,0.0,0.0,0.0,0.0,0.0,0.0,0.0,0.0,0.0,0.0,0.0,0.0,0.0,0.0,0.0,0.0,0.0,0.0,0.0,0.0,0.0,0.0,0.0,0.0,0.0,0.0,0.0,0.0,0.0,0.0,0.0,0.0,0.0,0.0,0.0,0.0,0.0,0.0,0.0,0.0,0.0,0.0,0.0,0.0,0.0,0.0,0.0,0.0,0.0,0.0,0.0,0.0,0.0,0.0,0.0,0.0,0.0,0.0,0.0,0.0,0.0,0.0,0.0,0.0,0.0,0.0,0.0,0.0,0.0,0.0,0.0,0.0,0.0,0.0,0.0,0.0,0.0,0.0,0.0,0.0,0.0,0.0,0.0,0.0,0.0,0.0,0.0,0.0,0.0,0.0,0.0,0.0,0.0,0.0,0.0,0.0,0.0,0.0,0.0,0.0,0.0,0.0,0.0,0.0,0.0,0.0,0.0,0.0,0.0,0.0,0.0,0.0,0.0,0.0,0.0,0.0,0.0,0.0,0.0,0.0,0.0,0.0,0.0,0.0,0.0,0.0,0.0,0.0,0.0,0.0,0.0,0.0,0.0,0.0,0.0,0.0,0.0,0.0,0.0,0.0
,,,,,,,,,,,,,,,,,,,,,,,,,,,,,,,,,,,,,,,,,,,,,,,,,,,,,,,,,,,,,,,,,,,,,,,,,,,0.0,0.0,0.0,0.0,0.0,0.0,0.0,0.0,0.0,0.0,0.0,0.0,0.0,0.0,0.0,0.0,0.0,0.0,0.0,0.0,0.0,0.0,0.0,0.0,0.0,0.0,0.0,0.0,0.0,0.0,0.0,0.0,0.0,0.0,0.0,0.0,0.0,0.0,0.01,0.02,0.03,0.02,0.01,0.0,0.0,0.0,0.0,0.0,0.0,0.0,0.0,0.0,0.0,0.0,0.0,0.0,0.0,0.0,0.0,0.0,0.0,0.0,0.0,0.0,0.0,0.0,0.0,0.0,0.0,0.0,0.0,0.0,0.0,0.0,0.0,0.0,0.0,0.0,0.0,0.0,0.0,0.0,0.0,0.0,0.0,0.0,0.0,0.0,0.0,0.0,0.0,0.0,0.0,0.0,0.0,0.0,0.0,0.0,0.0,0.0,0.0,0.0,0.0,0.0,0.0,0.0,0.0,0.0,0.0,0.0,0.0,0.0,0.0,0.0,0.0,0.0,0.0,0.0,0.0,0.0,0.0,0.0,0.0,0.0,0.0,0.0,0.0,0.0,0.0,0.0,0.0,0.0,0.0,0.0,0.0,0.0,0.0,0.0,0.0,0.0,0.0,0.0,0.0,0.0,0.0,0.0,0.0,0.0,0.0,0.0,0.0,0.0,0.0,0.0,0.0,0.0,0.0,0.0,0.0,0.0,0.0,0.0,0.0,0.0,0.0,0.0,0.0,0.0,0.0,0.0,0.0,0.0,0.0,0.0,0.0,0.0,0.0,0.0,0.0,0.0,0.0,0.0,0.0,0.0,0.0,0.0,0.0,0.0,0.0,0.0,0.0,0.0,0.0,0.0,0.0,0.0,0.0,0.0,0.0,0.0,0.0,0.0,0.0,0.0,0.0,0.0,0.0,0.0,0.0,0.0,0.0,0.0,0.0,0.0,0.0,0.0,0.0,0.0,0.0,0.0,0.0,0.0,0.0,0.0,0.0
,,,,,,,,,,,,,,,,,,,,,,,,,,,,,,,,,,,,,,,,,,,,,,,,,,,,,,,,,,,,,,,,,,,,,,,,,,,,,,,,,,,,,,,,,,,,,,,,,,,,,,,,,,,,,,,,,,,,,,,,,,,,,,,,,,,,,,,,,,,,,,,,,,,,,,,,,,,,,,,,,,,,,,,,,,,,,,,,,,,,,,,,,,,,,,,,,,,,,,,,,,,,,,,,,,,,,,,,,,,,,,,,,,,,,,,,,,,,,,,,,,,,,,,,,,,,,,,,,,,,,,,,,,,,,,,,,,,,,,,,,,,,,,,,,,,,,,,,,,,
,,,,,,,,,,,,,,,,,,,,,,,,,,,,,,,,,,,,,,,,,,,,,,,,,,,,,,,,,,,,,,,,,,,,,,,,,,,,,,,,,,,,,,,,,,,,,,,,,,,,,,,,,,,,,,,,,,,,,,,,,,,,,,,,,,,,,,,,,,,,,,,,,,,,,,,,,,,,,,,,,,,,,,,,,,,,,,,,,,,,,,,,,,,,,,,,,,,,,,,,,,,,,,,,,,,,,,,,,,,,,,,,,,,,,,,,,,,,,,,,,,,,,,,,,,,,,,,,,,,,,,,,,,,,,,,,,,,,,,,,,,,,,,,,,,,,,,,,,,,
,,,,,,,,,,,,,,,,,,,,,,,,,,,,,,,,,,,,,,,,,,,,,,,,,,,,,,,,,,,,,,,,,,,,,,,,,,,,,,,,,,,,,,,,,,,,,,,,,,,,,,,,,,,,,,,,,,,,,,,,,,,,,,,,,,,,,,,,,,,,,,,,,,,,,,,,,,,,,,,,,,,,,,,,,,,,,,,,,,,,,,,,,,,,,,,,,,,,,,,,,,,,,,,,,,,,,,,,,,,,,,,,,,,,,,,,,,,,,,,,,,,,,,,,,,,,,,,,,,,,,,,,,,,,,,,,,,,,,,,,,,,,,,,,,,,,,,,,,,,
,,,,,,,,,,,,,,,,,,,,,,,,,,,,,,,,,,,,,,,,,,,,,,,,,,,,,,,,,,,,,,,,,,,,,,,,,,,,,,,,,,,,,,,,,,,,,,,,,,,,,,,,,,,,,,,,,,,,,,,,,,,,,,,,,,,,,,,,,,,,,,,,,,,,,,,,,,,,,,,,,,,,,,,,,,,,,,,,,,,,,,,,,,,,,,,,,,,,,,,,,,,,,,,,,,,,,,,,,,,,,,,,,,,,,,,,,,,,,,,,,,,,,,,,,,,,,,,,,,,,,,,,,,,,,,,,,,,,,,,,,,,,,,,,,,,,,,,,,,,
,,,,,,,,,,,,,,,,,,,,,,,,,,,,,,,,,,,,,,,,,,,,,,,,,,,,,,,,,,,,,,,,,,,,,,,,,,,,,,,,,,,,,,,,,,,,,,,,,,,,,,,,,,,,,,,,,,,,,,,,,,,,,,,,,,,,,,,,,,,,,,,,,,,,,,,,,,,,,,,,,,,,,,,,,,,,,,,,,,,,,,,,,,,,,,,,,,,,,,,,,,,,,,,,,,,,,,,,,,,,,,,,,,,,,,,,,,,,,,,,,,,,,,,,,,,,,,,,,,,,,,,,,,,,,,,,,,,,,,,,,,,,,,,,,,,,,,,,,,,
,,,,,,,,,,,,,,,,,,,,,,,,,,,,,,,,,,,,,,,,,,,,,,,,,,,,,,,,,,,,,,,,,,,,,,,,,,,,,,,,,,,,,,,,,,,,,,,,,,,,,,,,,,,,,,,,,,,,,,,,,,,,,,,,,,,,,,,,,,,,,,,,,,,,,,,,,,,,,,,,,,,,,,,,,,,,,,,,,,,,,,,,,,,,,,,,,,,,,,,,,,,,,,,,,,,,,,,,,,,,,,,,,,,,,,,,,,,,,,,,,,,,,,,,,,,,,,,,,,,,,,,,,,,,,,,,,,,,,,,,,,,,,,,,,,,,,,,,,,,
,,,,,,,,,,,,,,,,,,,,,,,,,,,,,,,,,,,,,,,,,,,,,,,,,,,,,,,,,,,,,,,,,,,,,,,,,,,,,,,,,,,,,,,,,,,,,,,,,,,,,,,,,,,,,,,,,,,,,,,,,,,,,,,,,,,,,,,,,,,,,,,,,,,,,,,,,,,,,,,,,,,,,,,,,,,,,,,,,,,,,,,,,,,,,,,,,,,,,,,,,,,,,,,,,,,,,,,,,,,,,,,,,,,,,,,,,,,,,,,,,,,,,,,,,,,,,,,,,,,,,,,,,,,,,,,,,,,,,,,,,,,,,,,,,,,,,,,,,,,
,,,,,,,,,,,,,,,,,,,,,,,,,,,,,,,,,,,,,,,,,,,,,,,,,,,,,,,,,,,,,,,,,,,,,,,,,,,,,,,,,,,,,,,,,,,,,,,,,,,,,,,,,,,,,,,,,,,,,,,,,,,,,,,,,,,,,,,,,,,,,,,,,,,,,,,,,,,,,,,,,,,,,,,,,,,,,,,,,,,,,,,,,,,,,,,,,,,,,,,,,,,,,,,,,,,,,,,,,,,,,,,,,,,,,,,,,,,,,,,,,,,,,,,,,,,,,,,,,,,,,,,,,,,,,,,,,,,,,,,,,,,,,,,,,,,,,,,,,,,
,,,,,,,,,,,,,,,,,,,,,,,,,,,,,,,,,,,,,,,,,,,,,,,,,,,,,,,,,,,,,,,,,,,,,,,,,,,,,,,,,,,,,,,,,,,,,,,,,,,,,,,,,,,,,,,,,,,,,,,,,,,,,,,,,,,,,,,,,,,,,,,,,,,,,,,,,,,,,,,,,,,,,,,,,,,,,,,,,,,,,,,,,,,,,,,,,,,,,,,,,,,,,,,,,,,,,,,,,,,,,,,,,,,,,,,,,,,,,,,,,,,,,,,,,,,,,,,,,,,,,,,,,,,,,,,,,,,,,,,,,,,,,,,,,,,,,,,,,,,
,,,,,,,,,,,,,,,,,,,,,,,,,,,,,,,,,,,,,,,,,,,,,,,,,,,,,,,,,,,,,,,,,,,,,,,,,,,,,,,,,,,,,,,,,,,,,,,,,,,,,,,,,,,,,,,,,,,,,,,,,,,,,,,,,,,,,,,,,,,,,,,,,,,,,,,,,,,,,,,,,,,,,,,,,,,,,,,,,,,,,,,,,,,,,,,,,,,,,,,,,,,,,,,,,,,,,,,,,,,,,,,,,,,,,,,,,,,,,,,,,,,,,,,,,,,,,,,,,,,,,,,,,,,,,,,,,,,,,,,,,,,,,,,,,,,,,,,,,,,
,,,,,,,,,,,,,,,,,,,,,,,,,,,,,,,,,,,,,,,,,,,,,,,,,,,,,,,,,,,,,,,,,,,,,,,,,,,,,,,,,,,,,,,,,,,,,,,,,,,,,,,,,,,,,,,,,,,,,,,,,,,,,,,,,,,,,,,,,,,,,,,,,,,,,,,,,,,,,,,,,,,,,,,,,,,,,,,,,,,,,,,,,,,,,,,,,,,,,,,,,,,,,,,,,,,,,,,,,,,,,,,,,,,,,,,,,,,,,,,,,,,,,,,,,,,,,,,,,,,,,,,,,,,,,,,,,,,,,,,,,,,,,,,,,,,,,,,,,,,
,,,,,,,,,,,,,,,,,,,,,,,,,,,,,,,,,,,,,,,,,,,,,,,,,,,,,,,,,,,,,,,,,,,,,,,,,,,,,,,,,,,,,,,,,,,,,,,,,,,,,,,,,,,,,,,,,,,,,,,,,,,,,,,,,,,,,,,,,,,,,,,,,,,,,,,,,,,,,,,,,,,,,,,,,,,,,,,,,,,,,,,,,,,,,,,,,,,,,,,,,,,,,,,,,,,,,,,,,,,,,,,,,,,,,,,,,,,,,,,,,,,,,,,,,,,,,,,,,,,,,,,,,,,,,,,,,,,,,,,,,,,,,,,,,,,,,,,,,,,
,,,,,,,,,,,,,,,,,,,,,,,,,,,,,,,,,,,,,,,,,,,,,,,,,,,,,,,,,,,,,,,,,,,,,,,,,,,,,,,,,,,,,,,,,,,,,,,,,,,,,,,,,,,,,,,,,,,,,,,,,,,,,,,,,,,,,,,,,,,,,,,,,,,,,,,,,,,,,,,,,,,,,,,,,,,,,,,,,,,,,,,,,,,,,,,,,,,,,,,,,,,,,,,,,,,,,,,,,,,,,,,,,,,,,,,,,,,,,,,,,,,,,,,,,,,,,,,,,,,,,,,,,,,,,,,,,,,,,,,,,,,,,,,,,,,,,,,,,,,
,,,,,,,,,,,,,,,,,,,,,,,,,,,,,,,,,,,,,,,,,,,,,,,,,,,,,,,,,,,,,,,,,,,,,,,,,,,,,,,,,,,,,,,,,,,,,,,,,,,,,,,,,,,,,,,,,,,,,,,,,,,,,,,,,,,,,,,,,,,,,,,,,,,,,,,,,,,,,,,,,,,,,,,,,,,,,,,,,,,,,,,,,,,,,,,,,,,,,,,,,,,,,,,,,,,,,,,,,,,,,,,,,,,,,,,,,,,,,,,,,,,,,,,,,,,,,,,,,,,,,,,,,,,,,,,,,,,,,,,,,,,,,,,,,,,,,,,,,,,
,,,,,,,,,,,,,,,,,,,,,,,,,,,,,,,,,,,,,,,,,,,,,,,,,,,,,,,,,,,,,,,,,,,,,,,,,,,,,,,,,,,,,,,,,,,,,,,,,,,,,,,,,,,,,,,,,,,,,,,,,,,,,,,,,,,,,,,,,,,,,,,,,,,,,,,,,,,,,,,,,,,,,,,,,,,,,,,,,,,,,,,,,,,,,,,,,,,,,,,,,,,,,,,,,,,,,,,,,,,,,,,,,,,,,,,,,,,,,,,,,,,,,,,,,,,,,,,,,,,,,,,,,,,,,,,,,,,,,,,,,,,,,,,,,,,,,,,,,,,
,,,,,,,,,,,,,,,,,,,,,,,,,,,,,,,,,,,,,,,,,,,,,,,,,,,,,,,,,,,,,,,,,,,,,,,,,,,,,,,,,,,,,,,,,,,,,,,,,,,,,,,,,,,,,,,,,,,,,,,,,,,,,,,,,,,,,,,,,,,,,,,,,,,,,,,,,,,,,,,,,,,,,,,,,,,,,,,,,,,,,,,,,,,,,,,,,,,,,,,,,,,,,,,,,,,,,,,,,,,,,,,,,,,,,,,,,,,,,,,,,,,,,,,,,,,,,,,,,,,,,,,,,,,,,,,,,,,,,,,,,,,,,,,,,,,,,,,,,,,
,,,,,,,,,,,,,,,,,,,,,,,,,,,,,,,,,,,,,,,,,,,,,,,,,,,,,,,,,,,,,,,,,,,,,,,,,,,,,,,,,,,,,,,,,,,,,,,,,,,,,,,,,,,,,,,,,,,,,,,,,,,,,,,,,,,,,,,,,,,,,,,,,,,,,,,,,,,,,,,,,,,,,,,,,,,,,,,,,,,,,,,,,,,,,,,,,,,,,,,,,,,,,,,,,,,,,,,,,,,,,,,,,,,,,,,,,,,,,,,,,,,,,,,,,,,,,,,,,,,,,,,,,,,,,,,,,,,,,,,,,,,,,,,,,,,,,,,,,,,
,,,,,,,,,,,,,,,,,,,,,,,,,,,,,,,,,,,,,,,,,,,,,,,,,,,,,,,,,,,,,,,,,,,,,,,,,,,,,,,,,,,,,,,,,,,,,,,,,,,,,,,,,,,,,,,,,,,,,,,,,,,,,,,,,,,,,,,,,,,,,,,,,,,,,,,,,,,,,,,,,,,,,,,,,,,,,,,,,,,,,,,,,,,,,,,,,,,,,,,,,,,,,,,,,,,,,,,,,,,,,,,,,,,,,,,,,,,,,,,,,,,,,,,,,,,,,,,,,,,,,,,,,,,,,,,,,,,,,,,,,,,,,,,,,,,,,,,,,,,
,,,,,,,,,,,,,,,,,,,,,,,,,,,,,,,,,,,,,,,,,,,,,,,,,,,,,,,,,,,,,,,,,,,,,,,,,,,,,,,,,,,,,,,,,,,,,,,,,,,,,,,,,,,,,,,,,,,,,,,,,,,,,,,,,,,,,,,,,,,,,,,,,,,,,,,,,,,,,,,,,,,,,,,,,,,,,,,,,,,,,,,,,,,,,,,,,,,,,,,,,,,,,,,,,,,,,,,,,,,,,,,,,,,,,,,,,,,,,,,,,,,,,,,,,,,,,,,,,,,,,,,,,,,,,,,,,,,,,,,,,,,,,,,,,,,,,,,,,,,
,,,,,,,,,,,,,,,,,,,,,,,,,,,,,,,,,,,,,,,,,,,,,,,,,,,,,,,,,,,,,,,,,,,,,,,,,,,,,,,,,,,,,,,,,,,,,,,,,,,,,,,,,,,,,,,,,,,,,,,,,,,,,,,,,,,,,,,,,,,,,,,,,,,,,,,,,,,,,,,,,,,,,,,,,,,,,,,,,,,,,,,,,,,,,,,,,,,,,,,,,,,,,,,,,,,,,,,,,,,,,,,,,,,,,,,,,,,,,,,,,,,,,,,,,,,,,,,,,,,,,,,,,,,,,,,,,,,,,,,,,,,,,,,,,,,,,,,,,,,
,,,,,,,,,,,,,,,,,,,,,,,,,,,,,,,,,,,,,,,,,,,,,,,,,,,,,,,,,,,,,,,,,,,,,,,,,,,,,,,,,,,,,,,,,,,,,,,,,,,,,,,,,,,,,,,,,,,,,,,,,,,,,,,,,,,,,,,,,,,,,,,,,,,,,,,,,,,,,,,,,,,,,,,,,,,,,,,,,,,,,,,,,,,,,,,,,,,,,,,,,,,,,,,,,,,,,,,,,,,,,,,,,,,,,,,,,,,,,,,,,,,,,,,,,,,,,,,,,,,,,,,,,,,,,,,,,,,,,,,,,,,,,,,,,,,,,,,,,,,
,,,,,,,,,,,,,,,,,,,,,,,,,,,,,,,,,,,,,,,,,,,,,,,,,,,,,,,,,,,,,,,,,,,,,,,,,,,,,,,,,,,,,,,,,,,,,,,,,,,,,,,,,,,,,,,,,,,,,,,,,,,,,,,,,,,,,,,,,,,,,,,,,,,,,,,,,,,,,,,,,,,,,,,,,,,,,,,,,,,,,,,,,,,,,,,,,,,,,,,,,,,,,,,,,,,,,,,,,,,,,,,,,,,,,,,,,,,,,,,,,,,,,,,,,,,,,,,,,,,,,,,,,,,,,,,,,,,,,,,,,,,,,,,,,,,,,,,,,,,
,,,,,,,,,,,,,,,,,,,,,,,,,,,,,,,,,,,,,,,,,,,,,,,,,,,,,,,,,,,,,,,,,,,,,,,,,,,,,,,,,,,,,,,,,,,,,,,,,,,,,,,,,,,,,,,,,,,,,,,,,,,,,,,,,,,,,,,,,,,,,,,,,,,,,,,,,,,,,,,,,,,,,,,,,,,,,,,,,,,,,,,,,,,,,,,,,,,,,,,,,,,,,,,,,,,,,,,,,,,,,,,,,,,,,,,,,,,,,,,,,,,,,,,,,,,,,,,,,,,,,,,,,,,,,,,,,,,,,,,,,,,,,,,,,,,,,,,,,,,
,,,,,,,,,,,,,,,,,,,,,,,,,,,,,,,,,,,,,,,,,,,,,,,,,,,,,,,,,,,,,,,,,,,,,,,,,,,,,,,,,,,,,,,,,,,,,,,,,,,,,,,,,,,,,,,,,,,,,,,,,,,,,,,,,,,,,,,,,,,,,,,,,,,,,,,,,,,,,,,,,,,,,,,,,,,,,,,,,,,,,,,,,,,,,,,,,,,,,,,,,,,,,,,,,,,,,,,,,,,,,,,,,,,,,,,,,,,,,,,,,,,,,,,,,,,,,,,,,,,,,,,,,,,,,,,,,,,,,,,,,,,,,,,,,,,,,,,,,,,
,,,,,,,,,,,,,,,,,,,,,,,,,,,,,,,,,,,,,,,,,,,,,,,,,,,,,,,,,,,,,,,,,,,,,,,,,,,,,,,,,,,,,,,,,,,,,,,,,,,,,,,,,,,,,,,,,,,,,,,,,,,,,,,,,,,,,,,,,,,,,,,,,,,,,,,,,,,,,,,,,,,,,,,,,,,,,,,,,,,,,,,,,,,,,,,,,,,,,,,,,,,,,,,,,,,,,,,,,,,,,,,,,,,,,,,,,,,,,,,,,,,,,,,,,,,,,,,,,,,,,,,,,,,,,,,,,,,,,,,,,,,,,,,,,,,,,,,,,,,
,,,,,,,,,,,,,,,,,,,,,,,,,,,,,,,,,,,,,,,,,,,,,,,,,,,,,,,,,,,,,,,,,,,,,,,,,,,,,,,,,,,,,,,,,,,,,,,,,,,,,,,,,,,,,,,,,,,,,,,,,,,,,,,,,,,,,,,,,,,,,,,,,,,,,,,,,,,,,,,,,,,,,,,,,,,,,,,,,,,,,,,,,,,,,,,,,,,,,,,,,,,,,,,,,,,,,,,,,,,,,,,,,,,,,,,,,,,,,,,,,,,,,,,,,,,,,,,,,,,,,,,,,,,,,,,,,,,,,,,,,,,,,,,,,,,,,,,,,,,
,,,,,,,,,,,,,,,,,,,,,,,,,,,,,,,,,,,,,,,,,,,,,,,,,,,,,,,,,,,,,,,,,,,,,,,,,,,,,,,,,,,,,,,,,,,,,,,,,,,,,,,,,,,,,,,,,,,,,,,,,,,,,,,,,,,,,,,,,,,,,,,,,,,,,,,,,,,,,,,,,,,,,,,,,,,,,,,,,,,,,,,,,,,,,,,,,,,,,,,,,,,,,,,,,,,,,,,,,,,,,,,,,,,,,,,,,,,,,,,,,,,,,,,,,,,,,,,,,,,,,,,,,,,,,,,,,,,,,,,,,,,,,,,,,,,,,,,,,,,
,,,,,,,,,,,,,,,,,,,,,,,,,,,,,,,,,,,,,,,,,,,,,,,,,,,,,,,,,,,,,,,,,,,,,,,,,,,,,,,,,,,,,,,,,,,,,,,,,,,,,,,,,,,,,,,,,,,,,,,,,,,,,,,,,,,,,,,,,,,,,,,,,,,,,,,,,,,,,,,,,,,,,,,,,,,,,,,,,,,,,,,,,,,,,,,,,,,,,,,,,,,,,,,,,,,,,,,,,,,,,,,,,,,,,,,,,,,,,,,,,,,,,,,,,,,,,,,,,,,,,,,,,,,,,,,,,,,,,,,,,,,,,,,,,,,,,,,,,,,
,,,,,,,,,,,,,,,,,,,,,,,,,,,,,,,,,,,,,,,,,,,,,,,,,,,,,,,,,,,,,,,,,,,,,,,,,,,,,,,,,,,,,,,,,,,,,,,,,,,,,,,,,,,,,,,,,,,,,,,,,,,,,,,,,,,,,,,,,,,,,,,,,,,,,,,,,,,,,,,,,,,,,,,,,,,,,,,,,,,,,,,,,,,,,,,,,,,,,,,,,,,,,,,,,,,,,,,,,,,,,,,,,,,,,,,,,,,,,,,,,,,,,,,,,,,,,,,,,,,,,,,,,,,,,,,,,,,,,,,,,,,,,,,,,,,,,,,,,,,
,,,,,,,,,,,,,,,,,,,,,,,,,,,,,,,,,,,,,,,,,,,,,,,,,,,,,,,,,,,,,,,,,,,,,,,,,,,,,,,,,,,,,,,,,,,,,,,,,,,,,,,,,,,,,,,,,,,,,,,,,,,,,,,,,,,,,,,,,,,,,,,,,,,,,,,,,,,,,,,,,,,,,,,,,,,,,,,,,,,,,,,,,,,,,,,,,,,,,,,,,,,,,,,,,,,,,,,,,,,,,,,,,,,,,,,,,,,,,,,,,,,,,,,,,,,,,,,,,,,,,,,,,,,,,,,,,,,,,,,,,,,,,,,,,,,,,,,,,,,
,,,,,,,,,,,,,,,,,,,,,,,,,,,,,,,,,,,,,,,,,,,,,,,,,,,,,,,,,,,,,,,,,,,,,,,,,,,,,,,,,,,,,,,,,,,,,,,,,,,,,,,,,,,,,,,,,,,,,,,,,,,,,,,,,,,,,,,,,,,,,,,,,,,,,,,,,,,,,,,,,,,,,,,,,,,,,,,,,,,,,,,,,,,,,,,,,,,,,,,,,,,,,,,,,,,,,,,,,,,,,,,,,,,,,,,,,,,,,,,,,,,,,,,,,,,,,,,,,,,,,,,,,,,,,,,,,,,,,,,,,,,,,,,,,,,,,,,,,,,
,,,,,,,,,,,,,,,,,,,,,,,,,,,,,,,,,,,,,,,,,,,,,,,,,,,,,,,,,,,,,,,,,,,,,,,,,,,,,,,,,,,,,,,,,,,,,,,,,,,,,,,,,,,,,,,,,,,,,,,,,,,,,,,,,,,,,,,,,,,,,,,,,,,,,,,,,,,,,,,,,,,,,,,,,,,,,,,,,,,,,,,,,,,,,,,,,,,,,,,,,,,,,,,,,,,,,,,,,,,,,,,,,,,,,,,,,,,,,,,,,,,,,,,,,,,,,,,,,,,,,,,,,,,,,,,,,,,,,,,,,,,,,,,,,,,,,,,,,,,
,,,,,,,,,,,,,,,,,,,,,,,,,,,,,,,,,,,,,,,,,,,,,,,,,,,,,,,,,,,,,,,,,,,,,,,,,,,,,,,,,,,,,,,,,,,,,,,,,,,,,,,,,,,,,,,,,,,,,,,,,,,,,,,,,,,,,,,,,,,,,,,,,,,,,,,,,,,,,,,,,,,,,,,,,,,,,,,,,,,,,,,,,,,,,,,,,,,,,,,,,,,,,,,,,,,,,,,,,,,,,,,,,,,,,,,,,,,,,,,,,,,,,,,,,,,,,,,,,,,,,,,,,,,,,,,,,,,,,,,,,,,,,,,,,,,,,,,,,,,
,,,,,,,,,,,,,,,,,,,,,,,,,,,,,,,,,,,,,,,,,,,,,,,,,,,,,,,,,,,,,,,,,,,,,,,,,,,,,,,,,,,,,,,,,,,,,,,,,,,,,,,,,,,,,,,,,,,,,,,,,,,,,,,,,,,,,,,,,,,,,,,,,,,,,,,,,,,,,,,,,,,,,,,,,,,,,,,,,,,,,,,,,,,,,,,,,,,,,,,,,,,,,,,,,,,,,,,,,,,,,,,,,,,,,,,,,,,,,,,,,,,,,,,,,,,,,,,,,,,,,,,,,,,,,,,,,,,,,,,,,,,,,,,,,,,,,,,,,,,
,,,,,,,,,,,,,,,,,,,,,,,,,,,,,,,,,,,,,,,,,,,,,,,,,,,,,,,,,,,,,,,,,,,,,,,,,,,,,,,,,,,,,,,,,,,,,,,,,,,,,,,,,,,,,,,,,,,,,,,,,,,,,,,,,,,,,,,,,,,,,,,,,,,,,,,,,,,,,,,,,,,,,,,,,,,,,,,,,,,,,,,,,,,,,,,,,,,,,,,,,,,,,,,,,,,,,,,,,,,,,,,,,,,,,,,,,,,,,,,,,,,,,,,,,,,,,,,,,,,,,,,,,,,,,,,,,,,,,,,,,,,,,,,,,,,,,,,,,,,
,,,,,,,,,,,,,,,,,,,,,,,,,,,,,,,,,,,,,,,,,,,,,,,,,,,,,,,,,,,,,,,,,,,,,,,,,,,,,,,,,,,,,,,,,,,,,,,,,,,,,,,,,,,,,,,,,,,,,,,,,,,,,,,,,,,,,,,,,,,,,,,,,,,,,,,,,,,,,,,,,,,,,,,,,,,,,,,,,,,,,,,,,,,,,,,,,,,,,,,,,,,,,,,,,,,,,,,,,,,,,,,,,,,,,,,,,,,,,,,,,,,,,,,,,,,,,,,,,,,,,,,,,,,,,,,,,,,,,,,,,,,,,,,,,,,,,,,,,,,
,,,,,,,,,,,,,,,,,,,,,,,,,,,,,,,,,,,,,,,,,,,,,,,,,,,,,,,,,,,,,,,,,,,,,,,,,,,,,,,,,,,,,,,,,,,,,,,,,,,,,,,,,,,,,,,,,,,,,,,,,,,,,,,,,,,,,,,,,,,,,,,,,,,,,,,,,,,,,,,,,,,,,,,,,,,,,,,,,,,,,,,,,,,,,,,,,,,,,,,,,,,,,,,,,,,,,,,,,,,,,,,,,,,,,,,,,,,,,,,,,,,,,,,,,,,,,,,,,,,,,,,,,,,,,,,,,,,,,,,,,,,,,,,,,,,,,,,,,,,
,,,,,,,,,,,,,,,,,,,,,,,,,,,,,,,,,,,,,,,,,,,,,,,,,,,,,,,,,,,,,,,,,,,,,,,,,,,,,,,,,,,,,,,,,,,,,,,,,,,,,,,,,,,,,,,,,,,,,,,,,,,,,,,,,,,,,,,,,,,,,,,,,,,,,,,,,,,,,,,,,,,,,,,,,,,,,,,,,,,,,,,,,,,,,,,,,,,,,,,,,,,,,,,,,,,,,,,,,,,,,,,,,,,,,,,,,,,,,,,,,,,,,,,,,,,,,,,,,,,,,,,,,,,,,,,,,,,,,,,,,,,,,,,,,,,,,,,,,,,
,,,,,,,,,,,,,,,,,,,,,,,,,,,,,,,,,,,,,,,,,,,,,,,,,,,,,,,,,,,,,,,,,,,,,,,,,,,,,,,,,,,,,,,,,,,,,,,,,,,,,,,,,,,,,,,,,,,,,,,,,,,,,,,,,,,,,,,,,,,,,,,,,,,,,,,,,,,,,,,,,,,,,,,,,,,,,,,,,,,,,,,,,,,,,,,,,,,,,,,,,,,,,,,,,,,,,,,,,,,,,,,,,,,,,,,,,,,,,,,,,,,,,,,,,,,,,,,,,,,,,,,,,,,,,,,,,,,,,,,,,,,,,,,,,,,,,,,,,,,
,,,,,,,,,,,,,,,,,,,,,,,,,,,,,,,,,,,,,,,,,,,,,,,,,,,,,,,,,,,,,,,,,,,,,,,,,,,,,,,,,,,,,,,,,,,,,,,,,,,,,,,,,,,,,,,,,,,,,,,,,,,,,,,,,,,,,,,,,,,,,,,,,,,,,,,,,,,,,,,,,,,,,,,,,,,,,,,,,,,,,,,,,,,,,,,,,,,,,,,,,,,,,,,,,,,,,,,,,,,,,,,,,,,,,,,,,,,,,,,,,,,,,,,,,,,,,,,,,,,,,,,,,,,,,,,,,,,,,,,,,,,,,,,,,,,,,,,,,,,
0.0,0.0,0.0,0.0,0.0,0.0,0.0,0.0,0.0,0.0,0.0,0.0,0.0,0.0,0.0,0.0,0.0,0.0,0.0,0.0,0.0,0.0,0.0,0.0,0.0,0.0,0.0,0.0,0.0,0.0,0.0,0.0,0.0,0.0,0.0,0.0,0.0,0.0,0.0,0.0,0.0,0.0,0.0,0.0,0.0,0.0,0.0,0.0,0.0,0.0,0.0,0.0,0.0,0.0,0.0,0.0,0.0,0.0,0.0,0.0,0.0,0.0,0.0,0.0,0.0,0.0,0.0,0.0,0.0,0.0,0.0,0.0,0.0,0.0,0.0,0.0,0.0,0.0,0.0,0.0,0.0,0.0,0.0,0.0,0.0,0.0,0.0,0.0,0.0,0.0,0.0,0.0,0.0,0.0,0.0,0.0,0.0,0.0,0.0,0.0,0.0,0.0,0.0,0.0,0.0,0.0,0.0,0.0,0.0,0.0,0.0,0.0,0.0,0.0,0.0,0.0,0.0,0.0,0.0,0.0,0.0,0.0,0.0,0.0,0.0,0.0,0.0,0.0,0.0,0.0,0.0,0.0,0.0,0.0,0.0,0.0,0.0,0.0,0.0,0.01,0.01,0.01,0.01,0.02,0.02,0.03,0.04,0.05,0.07,0.08,0.1,0.12,0.15,0.18,0.21,0.24,0.28,0.32,0.36,0.4,0.44,0.49,0.53,0.56,0.6,0.63,0.65,0.68,0.69,0.7,0.71,0.71,0.7,0.69,0.68,0.66,0.64,0.62,0.6,0.59,0.57,0.56,0.55,0.55,0.55,0.56,0.57,0.6,0.62,0.66,0.71,0.76,0.82,0.9,1.0,1.12,1.29,1.51,1.81,2.22,2.76,3.48,4.43,5.66,7.24,9.23,11.69,14.7,18.31,22.57,27.53,33.19,39.53,46.53,54.09,62.11,70.45,78.93,87.35,95.51,103.21,110.23,116.41,121.6,125.71,128.69,130.54,131.34,131.18,130.21,128.62,126.6,124.33,121.99,119.73,117.67,115.88,114.39,113.18,112.2,111.37,110.58,109.72,108.68,107.36,105.66,103.52,100.89,97.78,94.18,90.12,85.66,80.87,75.81,70.56,65.2,59.8,54.45,49.2,44.12,39.25,34.64,30.31,26.29,22.61,19.27,16.26,13.59,11.25,9.22,7.47,5.99,4.75,3.73,2.89,2.21,1.68,1.26,0.93,0.68,0.49,0.35,0.25,0.17,0.12,0.08,0.05,0.04,0.02,0.01,0.01,0.01,0.0,0.0,0.0,0.0,0.0,0.0,0.0,0.0
0.0,0.0,0.0,0.0,0.0,0.0,0.0,0.0,0.0,0.0,0.0,0.0,0.0,0.0,0.0,0.0,0.0,0.0,0.0,0.0,0.0,0.0,0.0,0.0,0.0,0.0,0.0,0.0,0.0,0.0,0.0,0.0,0.0,0.0,0.0,0.0,0.0,0.0,0.0,0.0,0.0,0.0,0.0,0.0,0.0,0.0,0.0,0.0,0.0,0.0,0.0,0.0,0.0,0.0,0.0,0.0,0.0,0.0,0.0,0.0,0.0,0.0,0.0,0.0,0.0,0.0,0.0,0.0,0.0,0.0,0.0,0.0,0.0,0.0,0.0,0.0,0.0,0.0,0.0,0.0,0.0,0.0,0.0,0.0,0.0,0.0,0.0,0.0,0.0,0.0,0.0,0.0,0.0,0.0,0.0,0.0,0.0,0.0,0.0,0.0,0.0,0.0,0.0,0.0,0.0,0.0,0.0,0.0,0.0,0.0,0.0,0.0,0.0,0.0,0.0,0.0,0.0,0.0,0.0,0.0,0.0,0.0,0.0,0.0,0.0,0.0,0.0,0.0,0.0,0.0,0.0,0.0,0.0,0.0,0.0,0.0,0.0,0.0,0.01,0.01,0.01,0.01,0.02,0.03,0.03,0.05,0.06,0.08,0.1,0.12,0.15,0.18,0.22,0.26,0.3,0.35,0.41,0.47,0.52,0.58,0.65,0.7,0.76,0.82,0.87,0.91,0.95,0.98,1.0,1.02,1.03,1.03,1.02,1.01,0.99,0.96,0.94,0.91,0.88,0.85,0.83,0.81,0.8,0.79,0.79,0.81,0.83,0.86,0.9,0.95,1.01,1.08,1.16,1.25,1.36,1.51,1.69,1.93,2.26,2.69,3.27,4.04,5.05,6.37,8.06,10.18,12.83,16.06,19.95,24.54,29.89,35.99,42.85,50.4,58.58,67.26,76.29,85.48,94.62,103.49,111.87,119.54,126.32,132.05,136.63,140.02,142.23,143.31,143.39,142.64,141.23,139.37,137.27,135.11,133.05,131.2,129.64,128.39,127.41,126.66,126.04,125.43,124.7,123.72,122.4,120.62,118.32,115.46,112.03,108.03,103.5,98.51,93.12,87.42,81.49,75.42,69.3,63.2,57.21,51.39,45.79,40.48,35.48,30.83,26.55,22.65,19.15,16.03,13.28,10.89,8.83,7.09,5.63,4.42,3.43,2.63,1.99,1.49,1.1,0.81,0.58,0.42,0.29,0.2,0.14,0.09,0.06,0.04,0.03,0.02,0.01,0.01,0.0,0.0,0.0,0.0,0.0,0.0,0.0,0.0
0.0,0.0,0.0,0.0,0.0,0.0,0.0,0.0,0.0,0.0,0.0,0.0,0.0,0.0,0.0,0.0,0.0,0.0,0.0,0.0,0.0,0.0,0.0,0.0,0.0,0.0,0.0,0.0,0.0,0.0,0.0,0.0,0.0,0.0,0.0,0.0,0.0,0.0,0.0,0.0,0.0,0.0,0.0,0.0,0.0,0.0,0.0,0.0,0.0,0.0,0.0,0.0,0.0,0.0,0.0,0.0,0.0,0.0,0.0,0.0,0.0,0.0,0.0,0.0,0.0,0.0,0.0,0.0,0.0,0.0,0.0,0.0,0.0,0.0,0.0,0.0,0.0,0.0,0.0,0.0,0.0,0.0,0.0,0.0,0.0,0.0,0.0,0.0,0.0,0.0,0.0,0.0,0.0,0.0,0.0,0.0,0.0,0.0,0.0,0.0,0.0,0.0,0.0,0.0,0.0,0.0,0.0,0.0,0.0,0.0,0.0,0.0,0.0,0.0,0.0,0.0,0.0,0.0,0.0,0.0,0.0,0.0,0.0,0.0,0.0,0.0,0.0,0.0,0.0,0.0,0.0,0.0,0.0,0.0,0.0,0.0,0.0,0.01,0.01,0.01,0.01,0.02,0.03,0.04,0.05,0.07,0.08,0.11,0.14,0.17,0.21,0.26,0.31,0.37,0.44,0.51,0.59,0.67,0.75,0.84,0.92,1.01,1.09,1.17,1.24,1.3,1.36,1.4,1.44,1.46,1.47,1.47,1.46,1.44,1.41,1.38,1.34,1.3,1.26,1.22,1.18,1.16,1.14,1.13,1.14,1.15,1.19,1.23,1.28,1.35,1.43,1.52,1.62,1.73,1.87,2.03,2.23,2.49,2.84,3.29,3.9,4.71,5.78,7.17,8.95,11.2,14.01,17.44,21.58,26.47,32.17,38.69,46.02,54.1,62.85,72.15,81.83,91.69,101.51,111.06,120.09,128.39,135.75,142.02,147.09,150.91,153.48,154.89,155.27,154.77,153.6,151.98,150.12,148.21,146.42,144.85,143.58,142.62,141.94,141.48,141.1,140.7,140.13,139.26,137.95,136.11,133.68,130.59,126.84,122.46,117.47,111.94,105.96,99.61,93.0,86.21,79.34,72.48,65.72,59.13,52.78,46.73,41.03,35.7,30.79,26.31,22.27,18.66,15.48,12.71,10.32,8.29,6.58,5.17,4.02,3.08,2.34,1.75,1.3,0.95,0.68,0.49,0.34,0.24,0.16,0.11,0.07,0.05,0.03,0.02,0.01,0.01,0.01,0.0,0.0,0.0,0.0,0.0,0.0,0.0
0.0,0.0,0.0,0.0,0.0,0.0,0.0,0.0,0.0,0.0,0.0,0.0,0.0,0.0,0.0,0.0,0.0,0.0,0.0,0.0,0.0,0.0,0.0,0.0,0.0,0.0,0.0,0.0,0.0,0.0,0.0,0.0,0.0,0.0,0.0,0.0,0.0,0.0,0.0,0.0,0.0,0.0,0.0,0.0,0.0,0.0,0.0,0.0,0.0,0.0,0.0,0.0,0.0,0.0,0.0,0.0,0.0,0.0,0.0,0.0,0.0,0.0,0.0,0.0,0.0,0.0,0.0,0.0,0.0,0.0,0.0,0.0,0.0,0.0,0.0,0.0,0.0,0.0,0.0,0.0,0.0,0.0,0.0,0.0,0.0,0.0,0.0,0.0,0.0,0.0,0.0,0.0,0.0,0.0,0.0,0.0,0.0,0.0,0.0,0.0,0.0,0.0,0.0,0.0,0.0,0.0,0.0,0.0,0.0,0.0,0.0,0.0,0.0,0.0,0.0,0.0,0.0,0.0,0.0,0.0,0.0,0.0,0.0,0.0,0.0,0.0,0.0,0.0,0.0,0.0,0.0,0.0,0.0,0.0,0.0,0.0,0.01,0.01,0.01,0.01,0.02,0.03,0.04,0.05,0.07,0.09,0.12,0.15,0.19,0.24,0.3,0.36,0.44,0.52,0.62,0.72,0.83,0.94,1.06,1.18,1.31,1.43,1.54,1.65,1.75,1.84,1.92,1.98,2.03,2.06,2.08,2.08,2.06,2.04,2.0,1.95,1.89,1.84,1.78,1.72,1.67,1.64,1.61,1.6,1.61,1.63,1.67,1.73,1.81,1.9,2.0,2.12,2.25,2.39,2.55,2.74,2.96,3.24,3.6,4.07,4.7,5.54,6.64,8.09,9.94,12.3,15.23,18.84,23.19,28.35,34.36,41.24,48.99,57.54,66.82,76.68,86.95,97.43,107.88,118.06,127.71,136.6,144.53,151.32,156.87,161.12,164.09,165.85,166.55,166.36,165.5,164.18,162.62,161.03,159.56,158.33,157.42,156.81,156.48,156.33,156.25,156.1,155.71,154.96,153.7,151.82,149.26,145.97,141.93,137.17,131.74,125.7,119.14,112.16,104.87,97.36,89.75,82.12,74.59,67.22,60.1,53.3,46.87,40.85,35.28,30.19,25.58,21.46,17.82,14.64,11.9,9.57,7.61,5.98,4.64,3.57,2.71,2.03,1.5,1.1,0.79,0.57,0.4,0.28,0.19,0.13,0.09,0.06,0.04,0.02,0.02,0.01,0.01,0.0,0.0,0.0,0.0,0.0,0.0,0.0
0.0,0.0,0.0,0.0,0.0,0.0,0.0,0.0,0.0,0.0,0.0,0.0,0.0,0.0,0.0,0.0,0.0,0.0,0.0,0.0,0.0,0.0,0.0,0.0,0.0,0.0,0.0,0.0,0.0,0.0,0.0,0.0,0.0,0.0,0.0,0.0,0.0,0.0,0.0,0.0,0.0,0.0,0.0,0.0,0.0,0.0,0.0,0.0,0.0,0.0,0.0,0.0,0.0,0.0,0.0,0.0,0.0,0.0,0.0,0.0,0.0,0.0,0.0,0.0,0.0,0.0,0.0,0.0,0.0,0.0,0.0,0.0,0.0,0.0,0.0,0.0,0.0,0.0,0.0,0.0,0.0,0.0,0.0,0.0,0.0,0.0,0.0,0.0,0.0,0.0,0.0,0.0,0.0,0.0,0.0,0.0,0.0,0.0,0.0,0.0,0.0,0.0,0.0,0.0,0.0,0.0,0.0,0.0,0.0,0.0,0.0,0.0,0.0,0.0,0.0,0.0,0.0,0.0,0.0,0.0,0.0,0.0,0.0,0.0,0.0,0.0,0.0,0.0,0.0,0.0,0.0,0.0,0.0,0.0,0.0,0.0,0.01,0.01,0.01,0.02,0.03,0.04,0.05,0.07,0.1,0.13,0.17,0.21,0.27,0.34,0.42,0.51,0.61,0.73,0.86,1.0,1.15,1.31,1.48,1.65,1.82,1.99,2.15,2.31,2.45,2.57,2.68,2.77,2.83,2.88,2.9,2.9,2.88,2.84,2.79,2.72,2.64,2.56,2.48,2.4,2.33,2.28,2.25,2.23,2.24,2.27,2.33,2.41,2.52,2.64,2.78,2.93,3.1,3.27,3.46,3.68,3.92,4.22,4.59,5.08,5.72,6.57,7.69,9.17,11.07,13.49,16.53,20.26,24.78,30.15,36.42,43.62,51.72,60.68,70.41,80.76,91.56,102.59,113.6,124.35,134.57,144.0,152.45,159.74,165.75,170.43,173.81,175.95,177.01,177.18,176.66,175.69,174.49,173.27,172.19,171.36,170.85,170.64,170.69,170.9,171.14,171.26,171.08,170.47,169.27,167.39,164.73,161.25,156.95,151.85,146.0,139.48,132.37,124.79,116.85,108.65,100.31,91.94,83.64,75.5,67.62,60.05,52.88,46.16,39.92,34.2,29.02,24.37,20.26,16.66,13.55,10.9,8.68,6.82,5.3,4.07,3.09,2.32,1.72,1.26,0.91,0.65,0.46,0.32,0.22,0.15,0.1,0.07,0.04,0.03,0.02,0.01,0.01,0.0,0.0,0.0,0.0,0.0,0.0,0.0
0.0,0.0,0.0,0.0,0.0,0.0,0.0,0.0,0.0,0.0,0.0,0.0,0.0,0.0,0.0,0.0,0.0,0.0,0.0,0.0,0.0,0.0,0.0,0.0,0.0,0.0,0.0,0.0,0.0,0.0,0.0,0.0,0.0,0.0,0.0,0.0,0.0,0.0,0.0,0.0,0.0,0.0,0.0,0.0,0.0,0.0,0.0,0.0,0.0,0.0,0.0,0.0,0.0,0.0,0.0,0.0,0.0,0.0,0.0,0.0,0.0,0.0,0.0,0.0,0.0,0.0,0.0,0.0,0.0,0.0,0.0,0.0,0.0,0.0,0.0,0.0,0.0,0.0,0.0,0.0,0.0,0.0,0.0,0.0,0.0,0.0,0.0,0.0,0.0,0.0,0.0,0.0,0.0,0.0,0.0,0.0,0.0,0.0,0.0,0.0,0.0,0.0,0.0,0.0,0.0,0.0,0.0,0.0,0.0,0.0,0.0,0.0,0.0,0.0,0.0,0.0,0.0,0.0,0.0,0.0,0.0,0.0,0.0,0.0,0.0,0.0,0.0,0.0,0.0,0.0,0.0,0.0,0.0,0.0,0.0,0.01,0.01,0.01,0.02,0.03,0.04,0.06,0.08,0.1,0.13,0.18,0.23,0.29,0.37,0.46,0.57,0.7,0.84,1.01,1.19,1.38,1.59,1.81,2.04,2.27,2.51,2.74,2.96,3.18,3.37,3.54,3.69,3.81,3.9,3.96,3.99,4.0,3.97,3.91,3.84,3.74,3.64,3.53,3.41,3.31,3.21,3.14,3.09,3.07,3.08,3.13,3.21,3.32,3.46,3.63,3.81,4.01,4.22,4.44,4.67,4.92,5.19,5.5,5.89,6.37,7.01,7.86,8.98,10.45,12.37,14.83,17.91,21.73,26.36,31.89,38.35,45.79,54.18,63.47,73.57,84.33,95.57,107.06,118.56,129.8,140.5,150.43,159.35,167.1,173.54,178.65,182.43,184.97,186.41,186.96,186.82,186.25,185.46,184.67,184.02,183.63,183.55,183.77,184.23,184.82,185.4,185.8,185.86,185.4,184.28,182.4,179.67,176.04,171.52,166.11,159.89,152.93,145.33,137.2,128.65,119.8,110.78,101.7,92.66,83.78,75.15,66.84,58.95,51.52,44.62,38.27,32.51,27.33,22.74,18.72,15.24,12.27,9.77,7.69,5.98,4.6,3.49,2.62,1.94,1.42,1.03,0.73,0.52,0.36,0.25,0.17,0.11,0.07,0.05,0.03,0.02,0.01,0.01,0.0,0.0,0.0,0.0,0.0,0.0,0.0
0.0,0.0,0.0,0.0,0.0,0.0,0.0,0.0,0.0,0.0,0.0,0.0,0.0,0.0,0.0,0.0,0.0,0.0,0.0,0.0,0.0,0.0,0.0,0.0,0.0,0.0,0.0,0.0,0.0,0.0,0.0,0.0,0.0,0.0,0.0,0.0,0.0,0.0,0.0,0.0,0.0,0.0,0.0,0.0,0.0,0.0,0.0,0.0,0.0,0.0,0.0,0.0,0.0,0.0,0.0,0.0,0.0,0.0,0.0,0.0,0.0,0.0,0.0,0.0,0.0,0.0,0.0,0.0,0.0,0.0,0.0,0.0,0.0,0.0,0.0,0.0,0.0,0.0,0.0,0.0,0.0,0.0,0.0,0.0,0.0,0.0,0.0,0.0,0.0,0.0,0.0,0.0,0.0,0.0,0.0,0.0,0.0,0.0,0.0,0.0,0.0,0.0,0.0,0.0,0.0,0.0,0.0,0.0,0.0,0.0,0.0,0.0,0.0,0.0,0.0,0.0,0.0,0.0,0.0,0.0,0.0,0.0,0.0,0.0,0.0,0.0,0.0,0.0,0.0,0.0,0.0,0.0,0.0,0.0,0.01,0.01,0.01,0.02,0.03,0.04,0.05,0.08,0.1,0.14,0.18,0.24,0.31,0.4,0.51,0.63,0.78,0.95,1.15,1.37,1.61,1.88,2.16,2.46,2.77,3.09,3.41,3.73,4.03,4.32,4.58,4.81,5.02,5.18,5.3,5.39,5.43,5.43,5.39,5.32,5.22,5.09,4.95,4.79,4.64,4.5,4.37,4.27,4.2,4.18,4.19,4.25,4.36,4.51,4.7,4.92,5.16,5.43,5.7,5.98,6.26,6.54,6.84,7.17,7.56,8.04,8.66,9.47,10.56,12.01,13.9,16.34,19.43,23.27,27.96,33.56,40.15,47.74,56.33,65.86,76.23,87.31,98.89,110.75,122.64,134.28,145.4,155.74,165.07,173.23,180.08,185.58,189.75,192.68,194.52,195.47,195.76,195.61,195.26,194.92,194.73,194.8,195.18,195.85,196.74,197.72,198.64,199.33,199.62,199.33,198.32,196.46,193.68,189.94,185.23,179.57,173.03,165.69,157.66,149.03,139.95,130.52,120.87,111.14,101.42,91.84,82.5,73.49,64.9,56.81,49.26,42.3,35.97,30.27,25.21,20.77,16.92,13.64,10.86,8.55,6.65,5.12,3.89,2.92,2.16,1.58,1.14,0.82,0.58,0.4,0.28,0.19,0.13,0.08,0.05,0.03,0.02,0.01,0.01,0.01,0.0,0.0,0.0,0.0,0.0,0.0
0.0,0.0,0.0,0.0,0.0,0.0,0.0,0.0,0.0,0.0,0.0,0.0,0.0,0.0,0.0,0.0,0.0,0.0,0.0,0.0,0.0,0.0,0.0,0.0,0.0,0.0,0.0,0.0,0.0,0.0,0.0,0.0,0.0,0.0,0.0,0.0,0.0,0.0,0.0,0.0,0.0,0.0,0.0,0.0,0.0,0.0,0.0,0.0,0.0,0.0,0.0,0.0,0.0,0.0,0.0,0.0,0.0,0.0,0.0,0.0,0.0,0.0,0.0,0.0,0.0,0.0,0.0,0.0,0.0,0.0,0.0,0.0,0.0,0.0,0.0,0.0,0.0,0.0,0.0,0.0,0.0,0.0,0.0,0.0,0.0,0.0,0.0,0.0,0.0,0.0,0.0,0.0,0.0,0.0,0.0,0.0,0.0,0.0,0.0,0.0,0.0,0.0,0.0,0.0,0.0,0.0,0.0,0.0,0.0,0.0,0.0,0.0,0.0,0.0,0.0,0.0,0.0,0.0,0.0,0.0,0.0,0.0,0.0,0.0,0.0,0.0,0.0,0.0,0.0,0.0,0.0,0.0,0.0,0.01,0.01,0.01,0.02,0.03,0.04,0.05,0.07,0.1,0.14,0.18,0.25,0.32,0.42,0.54,0.68,0.85,1.05,1.28,1.54,1.83,2.16,2.52,2.9,3.3,3.72,4.15,4.58,5.0,5.41,5.79,6.14,6.46,6.73,6.95,7.12,7.23,7.28,7.29,7.23,7.14,7.0,6.83,6.63,6.43,6.22,6.03,5.86,5.73,5.64,5.6,5.62,5.7,5.85,6.05,6.3,6.59,6.91,7.25,7.6,7.95,8.3,8.63,8.96,9.31,9.69,10.15,10.73,11.5,12.53,13.9,15.72,18.09,21.12,24.92,29.59,35.2,41.82,49.48,58.17,67.83,78.38,89.66,101.47,113.6,125.77,137.71,149.15,159.82,169.49,177.99,185.19,191.06,195.6,198.91,201.15,202.51,203.22,203.52,203.63,203.75,204.04,204.59,205.43,206.55,207.85,209.21,210.48,211.46,211.97,211.86,210.95,209.14,206.35,202.53,197.67,191.82,185.03,177.39,169.0,159.96,150.42,140.49,130.31,119.99,109.67,99.46,89.47,79.82,70.59,61.86,53.7,46.17,39.3,33.11,27.6,22.75,18.55,14.96,11.92,9.39,7.31,5.63,4.27,3.21,2.38,1.74,1.26,0.9,0.63,0.44,0.3,0.21,0.14,0.09,0.06,0.04,0.02,0.02,0.01,0.01,0.0,0.0,0.0,0.0,0.0,0.0
0.0,0.0,0.0,0.0,0.0,0.0,0.0,0.0,0.0,0.0,0.0,0.0,0.0,0.0,0.0,0.0,0.0,0.0,0.0,0.0,0.0,0.0,0.0,0.0,0.0,0.0,0.0,0.0,0.0,0.0,0.0,0.0,0.0,0.0,0.0,0.0,0.0,0.0,0.0,0.0,0.0,0.0,0.0,0.0,0.0,0.0,0.0,0.0,0.0,0.0,0.0,0.0,0.0,0.0,0.0,0.0,0.0,0.0,0.0,0.0,0.0,0.0,0.0,0.0,0.0,0.0,0.0,0.0,0.0,0.0,0.0,0.0,0.0,0.0,0.0,0.0,0.0,0.0,0.0,0.0,0.0,0.0,0.0,0.0,0.0,0.0,0.0,0.0,0.0,0.0,0.0,0.0,0.0,0.0,0.0,0.0,0.0,0.0,0.0,0.0,0.0,0.0,0.0,0.0,0.0,0.0,0.0,0.0,0.0,0.0,0.0,0.0,0.0,0.0,0.0,0.0,0.0,0.0,0.0,0.0,0.0,0.0,0.0,0.0,0.0,0.0,0.0,0.0,0.0,0.0,0.0,0.0,0.0,0.01,0.01,0.02,0.02,0.03,0.05,0.07,0.1,0.13,0.18,0.24,0.33,0.43,0.55,0.71,0.9,1.12,1.39,1.69,2.04,2.43,2.86,3.33,3.84,4.37,4.93,5.49,6.06,6.62,7.16,7.67,8.14,8.55,8.91,9.2,9.42,9.57,9.65,9.65,9.58,9.45,9.27,9.04,8.79,8.51,8.24,7.99,7.76,7.58,7.47,7.42,7.44,7.55,7.74,8.0,8.33,8.71,9.13,9.58,10.03,10.47,10.89,11.28,11.66,12.02,12.39,12.81,13.34,14.02,14.94,16.2,17.9,20.14,23.05,26.73,31.29,36.82,43.38,51.01,59.69,69.38,79.98,91.34,103.28,115.54,127.88,140.02,151.67,162.57,172.5,181.27,188.77,194.95,199.83,203.5,206.12,207.89,209.02,209.76,210.33,210.92,211.68,212.69,213.99,215.53,217.24,218.96,220.54,221.8,222.53,222.58,221.79,220.05,217.27,213.41,208.47,202.49,195.52,187.66,178.99,169.65,159.75,149.42,138.79,127.99,117.15,106.4,95.86,85.63,75.82,66.53,57.83,49.77,42.4,35.76,29.83,24.61,20.09,16.2,12.92,10.19,7.93,6.1,4.64,3.49,2.59,1.89,1.37,0.98,0.69,0.48,0.33,0.22,0.15,0.1,0.07,0.04,0.03,0.02,0.01,0.01,0.0,0.0,0.0,0.0,0.0,0.0
0.0,0.0,0.0,0.0,0.0,0.0,0.0,0.0,0.0,0.0,0.0,0.0,0.0,0.0,0.0,0.0,0.0,0.0,0.0,0.0,0.0,0.0,0.0,0.0,0.0,0.0,0.0,0.0,0.0,0.0,0.0,0.0,0.0,0.0,0.0,0.0,0.0,0.0,0.0,0.0,0.0,0.0,0.0,0.0,0.0,0.0,0.0,0.0,0.0,0.0,0.0,0.0,0.0,0.0,0.0,0.0,0.0,0.0,0.0,0.0,0.0,0.0,0.0,0.0,0.0,0.0,0.0,0.0,0.0,0.0,0.0,0.0,0.0,0.0,0.0,0.0,0.0,0.0,0.0,0.0,0.0,0.0,0.0,0.0,0.0,0.0,0.0,0.0,0.0,0.0,0.0,0.0,0.0,0.0,0.0,0.0,0.0,0.0,0.0,0.0,0.0,0.0,0.0,0.0,0.0,0.0,0.0,0.0,0.0,0.0,0.0,0.0,0.0,0.0,0.0,0.0,0.0,0.0,0.0,0.0,0.0,0.0,0.0,0.0,0.0,0.0,0.0,0.0,0.0,0.0,0.0,0.0,0.01,0.01,0.01,0.02,0.03,0.04,0.06,0.09,0.13,0.17,0.24,0.32,0.43,0.56,0.72,0.93,1.17,1.47,1.81,2.21,2.67,3.18,3.74,4.36,5.02,5.72,6.44,7.18,7.92,8.65,9.36,10.02,10.63,11.18,11.65,12.03,12.32,12.51,12.61,12.61,12.52,12.35,12.11,11.82,11.48,11.13,10.77,10.44,10.15,9.91,9.76,9.69,9.73,9.87,10.11,10.45,10.88,11.38,11.92,12.49,13.06,13.62,14.13,14.6,15.02,15.4,15.76,16.13,16.57,17.13,17.91,19.01,20.52,22.57,25.27,28.75,33.12,38.47,44.86,52.35,60.91,70.5,81.04,92.36,104.28,116.56,128.95,141.16,152.91,163.94,174.03,183.0,190.72,197.16,202.33,206.32,209.3,211.44,212.99,214.16,215.17,216.21,217.41,218.86,220.58,222.52,224.59,226.65,228.52,230.02,230.96,231.16,230.49,228.82,226.08,222.23,217.26,211.22,204.16,196.16,187.32,177.77,167.62,157.0,146.04,134.87,123.63,112.44,101.44,90.74,80.45,70.67,61.49,52.98,45.18,38.13,31.84,26.29,21.47,17.33,13.83,10.9,8.5,6.54,4.97,3.74,2.77,2.03,1.47,1.05,0.74,0.52,0.35,0.24,0.16,0.11,0.07,0.05,0.03,0.02,0.01,0.01,0.0,0.0,0.0,0.0,0.0,0.0
0.0,0.0,0.0,0.0,0.0,0.0,0.0,0.0,0.0,0.0,0.0,0.0,0.0,0.0,0.0,0.0,0.0,0.0,0.0,0.0,0.0,0.0,0.0,0.0,0.0,0.0,0.0,0.0,0.0,0.0,0.0,0.0,0.0,0.0,0.0,0.0,0.0,0.0,0.0,0.0,0.0,0.0,0.0,0.0,0.0,0.0,0.0,0.0,0.0,0.0,0.0,0.0,0.0,0.0,0.0,0.0,0.0,0.0,0.0,0.0,0.0,0.0,0.0,0.0,0.0,0.0,0.0,0.0,0.0,0.0,0.0,0.0,0.0,0.0,0.0,0.0,0.0,0.0,0.0,0.0,0.0,0.0,0.0,0.0,0.0,0.0,0.0,0.0,0.0,0.0,0.0,0.0,0.0,0.0,0.0,0.0,0.0,0.0,0.0,0.0,0.0,0.0,0.0,0.0,0.0,0.0,0.0,0.0,0.0,0.0,0.0,0.0,0.0,0.0,0.0,0.0,0.0,0.0,0.0,0.0,0.0,0.0,0.0,0.0,0.0,0.0,0.0,0.0,0.0,0.0,0.0,0.01,0.01,0.01,0.02,0.03,0.04,0.06,0.08,0.12,0.16,0.23,0.31,0.41,0.55,0.72,0.93,1.2,1.51,1.89,2.34,2.85,3.44,4.1,4.83,5.62,6.47,7.37,8.31,9.26,10.22,11.16,12.07,12.93,13.72,14.42,15.02,15.52,15.89,16.14,16.27,16.27,16.15,15.94,15.63,15.25,14.81,14.36,13.9,13.47,13.09,12.79,12.59,12.5,12.55,12.73,13.04,13.48,14.03,14.66,15.36,16.09,16.81,17.5,18.14,18.7,19.18,19.57,19.9,20.2,20.53,20.94,21.53,22.4,23.66,25.43,27.86,31.05,35.12,40.19,46.31,53.53,61.85,71.22,81.55,92.7,104.48,116.65,128.95,141.1,152.84,163.9,174.05,183.12,190.99,197.62,203.02,207.29,210.58,213.07,214.99,216.56,217.98,219.43,221.05,222.9,225.0,227.29,229.68,232.01,234.13,235.84,236.95,237.3,236.75,235.17,232.49,228.69,223.75,217.71,210.64,202.6,193.7,184.05,173.77,162.98,151.82,140.4,128.88,117.38,106.03,94.97,84.3,74.14,64.58,55.7,47.54,40.16,33.55,27.73,22.65,18.3,14.61,11.52,8.98,6.92,5.26,3.95,2.93,2.15,1.56,1.11,0.78,0.55,0.38,0.26,0.17,0.11,0.07,0.05,0.03,0.02,0.01,0.01,0.0,0.0,0.0,0.0,0.0,0.0
0.0,0.0,0.0,0.0,0.0,0.0,0.0,0.0,0.0,0.0,0.0,0.0,0.0,0.0,0.0,0.0,0.0,0.0,0.0,0.0,0.0,0.0,0.0,0.0,0.0,0.0,0.0,0.0,0.0,0.0,0.0,0.0,0.0,0.0,0.0,0.0,0.0,0.0,0.0,0.0,0.0,0.0,0.0,0.0,0.0,0.0,0.0,0.0,0.0,0.0,0.0,0.0,0.0,0.0,0.0,0.0,0.0,0.0,0.0,0.0,0.0,0.0,0.0,0.0,0.0,0.0,0.0,0.0,0.0,0.0,0.0,0.0,0.0,0.0,0.0,0.0,0.0,0.0,0.0,0.0,0.0,0.0,0.0,0.0,0.0,0.0,0.0,0.0,0.0,0.0,0.0,0.0,0.0,0.0,0.0,0.0,0.0,0.0,0.0,0.0,0.0,0.0,0.0,0.0,0.0,0.0,0.0,0.0,0.0,0.0,0.0,0.0,0.0,0.0,0.0,0.0,0.0,0.0,0.0,0.0,0.0,0.0,0.0,0.0,0.0,0.0,0.0,0.0,0.0,0.0,0.0,0.01,0.01,0.02,0.02,0.03,0.05,0.07,0.1,0.15,0.21,0.29,0.39,0.53,0.7,0.92,1.19,1.52,1.93,2.41,2.98,3.63,4.38,5.22,6.15,7.16,8.24,9.39,10.58,11.79,13.01,14.21,15.37,16.46,17.47,18.36,19.13,19.76,20.23,20.55,20.71,20.71,20.57,20.29,19.9,19.41,18.86,18.28,17.7,17.15,16.67,16.28,16.03,15.92,15.98,16.21,16.61,17.16,17.86,18.66,19.54,20.46,21.36,22.23,23.01,23.67,24.22,24.63,24.93,25.14,25.32,25.53,25.88,26.46,27.4,28.82,30.87,33.68,37.36,42.02,47.75,54.59,62.54,71.56,81.56,92.4,103.9,115.81,127.9,139.88,151.48,162.45,172.56,181.63,189.57,196.31,201.88,206.37,209.92,212.71,214.96,216.88,218.67,220.49,222.46,224.66,227.07,229.66,232.31,234.87,237.19,239.06,240.32,240.79,240.34,238.86,236.27,232.55,227.7,221.74,214.74,206.76,197.9,188.28,177.99,167.16,155.92,144.39,132.72,121.04,109.48,98.17,87.25,76.82,66.98,57.82,49.4,41.76,34.92,28.87,23.6,19.07,15.23,12.02,9.38,7.22,5.5,4.13,3.07,2.25,1.63,1.16,0.82,0.57,0.39,0.27,0.18,0.12,0.08,0.05,0.03,0.02,0.01,0.01,0.0,0.0,0.0,0.0,0.0,0.0
0.0,0.0,0.0,0.0,0.0,0.0,0.0,0.0,0.0,0.0,0.0,0.0,0.0,0.0,0.0,0.0,0.01,0.01,0.02,0.02,0.02,0.02,0.02,0.01,0.01,0.0,0.0,0.0,0.0,0.0,0.0,0.0,0.0,0.0,0.0,0.0,0.0,0.0,0.0,0.0,0.0,0.0,0.0,0.0,0.0,0.0,0.0,0.0,0.0,0.0,0.0,0.0,0.0,0.0,0.0,0.0,0.0,0.0,0.0,0.0,0.0,0.0,0.0,0.0,0.0,0.0,0.0,0.0,0.0,0.0,0.0,0.0,0.0,0.0,0.0,0.0,0.0,0.0,0.0,0.0,0.0,0.0,0.0,0.0,0.0,0.0,0.0,0.0,0.0,0.0,0.0,0.0,0.0,0.0,0.0,0.0,0.0,0.0,0.0,0.0,0.0,0.0,0.0,0.0,0.0,0.0,0.0,0.0,0.0,0.0,0.0,0.0,0.0,0.0,0.0,0.0,0.0,0.0,0.0,0.0,0.0,0.0,0.0,0.0,0.0,0.0,0.0,0.0,0.0,0.0,0.01,0.01,0.01,0.02,0.03,0.04,0.06,0.09,0.13,0.19,0.26,0.36,0.49,0.66,0.88,1.15,1.5,1.92,2.42,3.03,3.74,4.56,5.5,6.56,7.72,9.0,10.36,11.8,13.3,14.82,16.36,17.86,19.32,20.69,21.95,23.08,24.04,24.83,25.43,25.83,26.03,26.03,25.85,25.5,25.01,24.4,23.71,22.98,22.24,21.55,20.95,20.47,20.14,20.01,20.08,20.37,20.87,21.57,22.44,23.45,24.54,25.68,26.81,27.88,28.83,29.62,30.24,30.68,30.93,31.03,31.03,31.01,31.05,31.28,31.82,32.81,34.39,36.7,39.88,44.03,49.24,55.57,63.03,71.56,81.1,91.5,102.57,114.1,125.84,137.51,148.86,159.62,169.58,178.57,186.48,193.25,198.92,203.56,207.31,210.35,212.88,215.09,217.19,219.32,221.59,224.06,226.73,229.54,232.38,235.11,237.57,239.56,240.92,241.49,241.14,239.76,237.29,233.69,228.98,223.16,216.31,208.49,199.78,190.28,180.11,169.37,158.19,146.69,135.01,123.28,111.64,100.23,89.18,78.6,68.6,59.27,50.68,42.87,35.87,29.68,24.28,19.63,15.69,12.39,9.66,7.45,5.67,4.26,3.16,2.32,1.68,1.2,0.85,0.59,0.41,0.28,0.19,0.12,0.08,0.05,0.03,0.02,0.01,0.01,0.0,0.0,0.0,0.0,0.0,0.0
0.0,0.0,0.0,0.0,0.0,0.0,0.0,0.0,0.0,0.0,0.0,0.0,0.0,0.0,0.01,0.02,0.03,0.05,0.06,0.08,0.08,0.08,0.06,0.05,0.03,0.02,0.01,0.0,0.0,0.0,0.0,0.0,0.0,0.0,0.0,0.0,0.0,0.0,0.0,0.0,0.0,0.0,0.0,0.0,0.0,0.0,0.0,0.0,0.0,0.0,0.0,0.0,0.0,0.0,0.0,0.0,0.0,0.0,0.0,0.0,0.0,0.0,0.0,0.0,0.0,0.0,0.0,0.0,0.0,0.0,0.0,0.0,0.0,0.0,0.0,0.0,0.0,0.0,0.0,0.0,0.0,0.0,0.0,0.0,0.0,0.0,0.0,0.0,0.0,0.0,0.0,0.0,0.0,0.0,0.0,0.0,0.0,0.0,0.0,0.0,0.0,0.0,0.0,0.0,0.0,0.0,0.0,0.0,0.0,0.0,0.0,0.0,0.0,0.0,0.0,0.0,0.0,0.0,0.0,0.0,0.0,0.0,0.0,0.0,0.0,0.0,0.0,0.0,0.0,0.0,0.01,0.01,0.02,0.02,0.04,0.05,0.08,0.11,0.16,0.23,0.32,0.45,0.61,0.82,1.09,1.43,1.86,2.38,3.01,3.76,4.64,5.66,6.83,8.13,9.58,11.16,12.85,14.64,16.49,18.39,20.29,22.16,23.97,25.67,27.23,28.63,29.83,30.8,31.55,32.04,32.29,32.29,32.07,31.63,31.02,30.27,29.41,28.5,27.59,26.74,25.98,25.39,24.99,24.82,24.91,25.26,25.88,26.75,27.83,29.07,30.43,31.84,33.22,34.52,35.68,36.62,37.34,37.79,37.99,37.96,37.75,37.44,37.12,36.93,36.98,37.44,38.45,40.17,42.73,46.26,50.84,56.53,63.36,71.28,80.22,90.04,100.56,111.58,122.83,134.08,145.04,155.49,165.19,174.0,181.79,188.52,194.21,198.93,202.82,206.04,208.78,211.23,213.57,215.93,218.43,221.11,223.96,226.92,229.89,232.72,235.25,237.32,238.75,239.39,239.12,237.84,235.5,232.06,227.53,221.92,215.29,207.71,199.25,190.0,180.06,169.54,158.55,147.21,135.66,124.03,112.45,101.07,90.02,79.42,69.38,60.0,51.34,43.46,36.39,30.13,24.66,19.95,15.94,12.59,9.83,7.58,5.77,4.34,3.22,2.36,1.71,1.22,0.86,0.6,0.41,0.28,0.19,0.12,0.08,0.05,0.03,0.02,0.01,0.01,0.0,0.0,0.0,0.0,0.0,0.0
0.0,0.0,0.0,0.0,0.0,0.0,0.0,0.0,0.0,0.0,0.0,0.0,0.01,0.02,0.03,0.06,0.11,0.17,0.22,0.26,0.28,0.26,0.22,0.17,0.11,0.06,0.03,0.02,0.01,0.0,0.0,0.0,0.0,0.0,0.0,0.0,0.0,0.0,0.0,0.0,0.0,0.0,0.0,0.0,0.0,0.0,0.0,0.0,0.0,0.0,0.0,0.0,0.0,0.0,0.0,0.0,0.0,0.0,0.0,0.0,0.0,0.0,0.0,0.0,0.0,0.0,0.0,0.0,0.0,0.0,0.0,0.0,0.0,0.0,0.0,0.0,0.0,0.0,0.0,0.0,0.0,0.0,0.0,0.0,0.0,0.0,0.0,0.0,0.0,0.0,0.0,0.0,0.0,0.0,0.0,0.0,0.0,0.0,0.0,0.0,0.0,0.0,0.0,0.0,0.0,0.0,0.0,0.0,0.0,0.0,0.0,0.0,0.0,0.0,0.0,0.0,0.0,0.0,0.0,0.0,0.0,0.0,0.0,0.0,0.0,0.0,0.0,0.0,0.0,0.0,0.01,0.01,0.02,0.03,0.04,0.07,0.1,0.14,0.2,0.28,0.4,0.55,0.75,1.0,1.33,1.75,2.27,2.91,3.68,4.6,5.68,6.93,8.36,9.96,11.73,13.66,15.73,17.92,20.19,22.51,24.84,27.13,29.34,31.43,33.34,35.05,36.52,37.72,38.63,39.23,39.53,39.54,39.26,38.73,37.98,37.06,36.01,34.9,33.78,32.74,31.82,31.08,30.59,30.39,30.5,30.93,31.69,32.75,34.07,35.59,37.25,38.96,40.65,42.22,43.6,44.73,45.54,46.02,46.16,45.97,45.51,44.87,44.13,43.44,42.93,42.77,43.12,44.14,45.97,48.75,52.58,57.51,63.59,70.76,78.97,88.09,97.93,108.31,118.97,129.66,140.13,150.15,159.5,168.03,175.62,182.22,187.86,192.59,196.55,199.88,202.76,205.38,207.89,210.42,213.08,215.88,218.84,221.88,224.9,227.76,230.32,232.4,233.85,234.54,234.34,233.17,230.97,227.71,223.4,218.06,211.72,204.46,196.34,187.43,177.84,167.65,156.97,145.93,134.64,123.24,111.87,100.66,89.74,79.25,69.3,59.97,51.36,43.51,36.45,30.19,24.72,20.01,16.0,12.64,9.87,7.61,5.8,4.36,3.24,2.37,1.72,1.23,0.87,0.61,0.42,0.28,0.19,0.13,0.08,0.05,0.03,0.02,0.01,0.01,0.0,0.0,0.0,0.0,0.0,0.0
0.0,0.0,0.0,0.0,0.0,0.0,0.0,0.0,0.0,0.0,0.0,0.01,0.02,0.05,0.1,0.2,0.33,0.5,0.68,0.81,0.86,0.81,0.68,0.5,0.33,0.2,0.1,0.05,0.02,0.01,0.0,0.0,0.0,0.0,0.0,0.0,0.0,0.0,0.0,0.0,0.0,0.0,0.0,0.0,0.0,0.0,0.0,0.0,0.0,0.0,0.0,0.0,0.0,0.0,0.0,0.0,0.0,0.0,0.0,0.0,0.0,0.0,0.0,0.0,0.0,0.0,0.0,0.0,0.0,0.0,0.0,0.0,0.0,0.0,0.0,0.0,0.0,0.0,0.0,0.0,0.0,0.0,0.0,0.0,0.0,0.0,0.0,0.0,0.0,0.0,0.0,0.0,0.0,0.0,0.0,0.0,0.0,0.0,0.0,0.0,0.0,0.0,0.0,0.0,0.0,0.0,0.0,0.0,0.0,0.0,0.0,0.0,0.0,0.0,0.0,0.0,0.0,0.0,0.0,0.0,0.0,0.0,0.0,0.0,0.0,0.0,0.0,0.0,0.0,0.01,0.01,0.01,0.02,0.03,0.05,0.08,0.12,0.17,0.24,0.34,0.48,0.66,0.9,1.21,1.61,2.12,2.75,3.52,4.45,5.56,6.87,8.38,10.1,12.04,14.18,16.51,19.02,21.66,24.41,27.21,30.02,32.79,35.46,37.98,40.3,42.36,44.13,45.58,46.68,47.41,47.78,47.78,47.45,46.81,45.9,44.78,43.52,42.17,40.83,39.56,38.45,37.57,36.97,36.73,36.86,37.38,38.3,39.57,41.16,43.0,45.0,47.06,49.09,50.97,52.62,53.94,54.88,55.38,55.44,55.08,54.34,53.31,52.1,50.84,49.69,48.82,48.41,48.62,49.62,51.54,54.5,58.56,63.76,70.08,77.44,85.73,94.78,104.39,114.34,124.38,134.26,143.75,152.65,160.81,168.11,174.51,180.02,184.69,188.64,192.02,194.99,197.7,200.31,202.94,205.67,208.54,211.52,214.56,217.57,220.4,222.92,224.97,226.41,227.11,226.97,225.89,223.85,220.79,216.74,211.71,205.73,198.85,191.14,182.67,173.52,163.77,153.52,142.89,132.0,120.96,109.91,99.0,88.35,78.09,68.34,59.19,50.73,43.0,36.05,29.87,24.47,19.82,15.85,12.53,9.78,7.55,5.75,4.32,3.21,2.36,1.71,1.22,0.86,0.6,0.41,0.28,0.19,0.12,0.08,0.05,0.03,0.02,0.01,0.01,0.0,0.0,0.0,0.0,0.0,0.0
0.0,0.0,0.0,0.0,0.0,0.0,0.0,0.0,0.0,0.0,0.01,0.02,0.05,0.13,0.28,0.53,0.91,1.37,1.84,2.19,2.32,2.19,1.84,1.37,0.91,0.53,0.28,0.13,0.05,0.02,0.01,0.0,0.0,0.0,0.0,0.0,0.0,0.0,0.0,0.0,0.0,0.0,0.0,0.0,0.0,0.0,0.0,0.0,0.0,0.0,0.0,0.0,0.0,0.0,0.0,0.0,0.0,0.0,0.0,0.0,0.0,0.0,0.0,0.0,0.0,0.0,0.0,0.0,0.0,0.0,0.0,0.0,0.0,0.0,0.0,0.0,0.0,0.0,0.0,0.0,0.0,0.0,0.0,0.0,0.0,0.0,0.0,0.0,0.0,0.0,0.0,0.0,0.0,0.0,0.0,0.0,0.0,0.0,0.0,0.0,0.0,0.0,0.0,0.0,0.0,0.0,0.0,0.0,0.0,0.0,0.0,0.0,0.0,0.0,0.0,0.0,0.0,0.0,0.0,0.0,0.0,0.0,0.0,0.0,0.0,0.0,0.0,0.0,0.0,0.01,0.01,0.02,0.03,0.04,0.06,0.09,0.14,0.2,0.29,0.41,0.57,0.79,1.08,1.45,1.92,2.53,3.28,4.2,5.31,6.63,8.19,9.99,12.05,14.36,16.91,19.7,22.68,25.84,29.11,32.46,35.81,39.11,42.3,45.31,48.07,50.53,52.64,54.37,55.68,56.55,56.99,57.0,56.6,55.84,54.75,53.42,51.91,50.3,48.7,47.19,45.86,44.81,44.1,43.81,43.96,44.59,45.68,47.2,49.1,51.29,53.67,56.12,58.53,60.76,62.7,64.24,65.31,65.85,65.83,65.27,64.21,62.75,61.0,59.11,57.24,55.58,54.31,53.62,53.68,54.64,56.62,59.71,63.93,69.27,75.68,83.03,91.19,99.94,109.08,118.36,127.55,136.43,144.8,152.51,159.45,165.58,170.89,175.43,179.32,182.68,185.66,188.4,191.05,193.7,196.44,199.29,202.23,205.21,208.13,210.88,213.3,215.28,216.67,217.36,217.25,216.28,214.38,211.55,207.78,203.09,197.5,191.07,183.84,175.88,167.25,158.03,148.32,138.21,127.81,117.25,106.66,96.16,85.9,75.99,66.55,57.69,49.47,41.96,35.2,29.18,23.92,19.37,15.51,12.26,9.58,7.39,5.63,4.24,3.15,2.31,1.67,1.2,0.85,0.59,0.41,0.28,0.19,0.12,0.08,0.05,0.03,0.02,0.01,0.01,0.0,0.0,0.0,0.0,0.0,0.0
0.0,0.0,0.0,0.0,0.0,0.0,0.0,0.0,0.0,0.0,0.02,0.05,0.13,0.32,0.68,1.29,2.19,3.31,4.44,5.29,5.61,5.29,4.44,3.31,2.19,1.29,0.68,0.32,0.13,0.05,0.02,0.0,0.0,0.0,0.0,0.0,0.0,0.0,0.0,0.0,0.0,0.0,0.0,0.0,0.0,0.0,0.0,0.0,0.0,0.0,0.0,0.0,0.0,0.0,0.0,0.0,0.0,0.0,0.0,0.0,0.0,0.0,0.0,0.0,0.0,0.0,0.0,0.0,0.0,0.0,0.0,0.0,0.0,0.0,0.0,0.0,0.0,0.0,0.0,0.0,0.0,0.0,0.0,0.0,0.0,0.0,0.0,0.0,0.0,0.0,0.0,0.0,0.0,0.0,0.0,0.0,0.0,0.0,0.0,0.0,0.0,0.0,0.0,0.0,0.0,0.0,0.0,0.0,0.0,0.0,0.0,0.0,0.0,0.0,0.0,0.0,0.0,0.0,0.0,0.0,0.0,0.0,0.0,0.0,0.0,0.0,0.0,0.0,0.01,0.01,0.01,0.02,0.03,0.05,0.07,0.11,0.16,0.24,0.34,0.48,0.67,0.93,1.27,1.7,2.27,2.98,3.86,4.94,6.25,7.81,9.64,11.77,14.18,16.9,19.91,23.19,26.71,30.42,34.27,38.21,42.16,46.05,49.8,53.34,56.59,59.49,61.98,64.01,65.55,66.58,67.1,67.11,66.64,65.74,64.46,62.89,61.11,59.23,57.34,55.56,54.0,52.76,51.93,51.58,51.76,52.5,53.78,55.57,57.8,60.37,63.17,66.06,68.88,71.49,73.76,75.54,76.76,77.32,77.22,76.44,75.04,73.11,70.77,68.18,65.52,62.99,60.79,59.11,58.14,58.05,58.97,60.98,64.12,68.4,73.76,80.1,87.26,95.07,103.31,111.76,120.19,128.38,136.15,143.35,149.86,155.65,160.7,165.06,168.83,172.11,175.04,177.75,180.37,182.99,185.67,188.44,191.27,194.13,196.91,199.51,201.8,203.66,204.97,205.62,205.53,204.64,202.9,200.29,196.82,192.5,187.34,181.39,174.69,167.3,159.25,150.64,141.54,132.03,122.23,112.25,102.21,92.24,82.47,73.02,64.0,55.51,47.64,40.43,33.93,28.15,23.08,18.7,14.97,11.84,9.25,7.14,5.44,4.1,3.04,2.23,1.62,1.16,0.82,0.57,0.39,0.27,0.18,0.12,0.08,0.05,0.03,0.02,0.01,0.01,0.0,0.0,0.0,0.0,0.0,0.0
0.0,0.0,0.0,0.0,0.0,0.0,0.0,0.0,0.0,0.01,0.03,0.1,0.28,0.68,1.45,2.77,4.71,7.1,9.53,11.36,12.05,11.36,9.53,7.1,4.71,2.77,1.45,0.68,0.28,0.1,0.03,0.01,0.0,0.0,0.0,0.0,0.0,0.0,0.0,0.0,0.0,0.0,0.0,0.0,0.0,0.0,0.0,0.0,0.0,0.0,0.0,0.0,0.0,0.0,0.0,0.0,0.0,0.0,0.0,0.0,0.0,0.0,0.0,0.0,0.0,0.0,0.0,0.0,0.0,0.0,0.0,0.0,0.0,0.0,0.0,0.0,0.0,0.0,0.0,0.0,0.0,0.0,0.0,0.0,0.0,0.0,0.0,0.0,0.0,0.0,0.0,0.0,0.0,0.0,0.0,0.0,0.0,0.0,0.0,0.0,0.0,0.0,0.0,0.0,0.0,0.0,0.0,0.0,0.0,0.0,0.0,0.0,0.0,0.0,0.0,0.0,0.0,0.0,0.0,0.0,0.0,0.0,0.0,0.0,0.0,0.0,0.0,0.0,0.01,0.01,0.02,0.02,0.04,0.06,0.09,0.13,0.19,0.28,0.39,0.56,0.78,1.08,1.47,1.98,2.63,3.46,4.48,5.74,7.26,9.08,11.21,13.67,16.48,19.64,23.14,26.95,31.03,35.35,39.83,44.41,49.0,53.52,57.88,61.99,65.76,69.13,72.03,74.39,76.18,77.38,77.97,77.98,77.44,76.39,74.91,73.09,71.02,68.83,66.63,64.56,62.75,61.31,60.34,59.94,60.15,61.0,62.49,64.57,67.16,70.15,73.4,76.75,80.02,83.04,85.65,87.7,89.07,89.68,89.47,88.46,86.69,84.25,81.29,77.95,74.44,70.98,67.77,65.03,62.97,61.75,61.52,62.38,64.38,67.52,71.76,77.0,83.11,89.91,97.19,104.74,112.34,119.79,126.91,133.54,139.58,144.97,149.72,153.85,157.44,160.59,163.42,166.05,168.58,171.1,173.67,176.3,178.98,181.66,184.25,186.66,188.77,190.48,191.68,192.27,192.19,191.36,189.77,187.4,184.23,180.28,175.58,170.14,164.0,157.2,149.8,141.85,133.42,124.59,115.46,106.14,96.74,87.38,78.19,69.29,60.77,52.75,45.29,38.46,32.3,26.81,21.99,17.83,14.28,11.3,8.83,6.82,5.2,3.91,2.91,2.14,1.55,1.11,0.78,0.55,0.38,0.26,0.17,0.11,0.07,0.05,0.03,0.02,0.01,0.01,0.0,0.0,0.0,0.0,0.0,0.0
0.0,0.0,0.0,0.0,0.0,0.0,0.0,0.0,0.0,0.02,0.06,0.2,0.53,1.29,2.77,5.29,8.98,13.56,18.19,21.69,23.01,21.69,18.19,13.56,8.98,5.29,2.77,1.29,0.53,0.2,0.06,0.02,0.0,0.0,0.0,0.0,0.0,0.0,0.0,0.0,0.0,0.0,0.0,0.0,0.0,0.0,0.0,0.0,0.0,0.0,0.0,0.0,0.0,0.0,0.0,0.0,0.0,0.0,0.0,0.0,0.0,0.0,0.0,0.0,0.0,0.0,0.0,0.0,0.0,0.0,0.0,0.0,0.0,0.0,0.0,0.0,0.0,0.0,0.0,0.0,0.0,0.0,0.0,0.0,0.0,0.0,0.0,0.0,0.0,0.0,0.0,0.0,0.0,0.0,0.0,0.0,0.0,0.0,0.0,0.0,0.0,0.0,0.0,0.0,0.0,0.0,0.0,0.0,0.0,0.0,0.0,0.0,0.0,0.0,0.0,0.0,0.0,0.0,0.0,0.0,0.0,0.0,0.0,0.0,0.0,0.0,0.0,0.0,0.01,0.01,0.02,0.03,0.04,0.07,0.1,0.15,0.22,0.32,0.45,0.64,0.9,1.24,1.69,2.27,3.02,3.97,5.14,6.59,8.33,10.41,12.86,15.68,18.91,22.53,26.54,30.91,35.6,40.55,45.69,50.93,56.2,61.38,66.38,71.1,75.43,79.3,82.61,85.32,87.38,88.75,89.44,89.45,88.82,87.62,85.92,83.83,81.46,78.94,76.42,74.05,71.97,70.32,69.21,68.74,68.99,69.97,71.68,74.06,77.03,80.46,84.18,88.01,91.76,95.21,98.19,100.52,102.05,102.69,102.39,101.13,98.97,96.01,92.37,88.25,83.85,79.41,75.14,71.3,68.08,65.68,64.25,63.9,64.7,66.65,69.72,73.83,78.83,84.57,90.85,97.47,104.21,110.88,117.29,123.32,128.85,133.82,138.23,142.09,145.46,148.44,151.13,153.63,156.03,158.41,160.82,163.27,165.74,168.19,170.55,172.74,174.64,176.17,177.23,177.74,177.64,176.88,175.43,173.27,170.41,166.84,162.59,157.67,152.1,145.93,139.2,131.94,124.22,116.12,107.72,99.12,90.42,81.75,73.21,64.92,56.99,49.5,42.53,36.13,30.35,25.21,20.69,16.78,13.44,10.64,8.32,6.42,4.9,3.69,2.74,2.02,1.46,1.05,0.74,0.52,0.36,0.24,0.16,0.11,0.07,0.05,0.03,0.02,0.01,0.01,0.0,0.0,0.0,0.0,0.0,0.0
0.0,0.0,0.0,0.0,0.0,0.0,0.0,0.0,0.01,0.03,0.11,0.33,0.91,2.19,4.71,8.98,15.25,23.01,30.87,36.82,39.05,36.82,30.87,23.01,15.25,8.98,4.71,2.19,0.91,0.33,0.11,0.03,0.01,0.0,0.0,0.0,0.0,0.0,0.0,0.0,0.0,0.0,0.0,0.0,0.0,0.0,0.0,0.0,0.0,0.0,0.0,0.0,0.0,0.0,0.0,0.0,0.0,0.0,0.0,0.0,0.0,0.0,0.0,0.0,0.0,0.0,0.0,0.0,0.0,0.0,0.0,0.0,0.0,0.0,0.0,0.0,0.0,0.0,0.0,0.0,0.0,0.0,0.0,0.0,0.0,0.0,0.0,0.0,0.0,0.0,0.0,0.0,0.0,0.0,0.0,0.0,0.0,0.0,0.0,0.0,0.0,0.0,0.0,0.0,0.0,0.0,0.0,0.0,0.0,0.0,0.0,0.0,0.0,0.0,0.0,0.0,0.0,0.0,0.0,0.0,0.0,0.0,0.0,0.0,0.0,0.0,0.0,0.0,0.01,0.01,0.02,0.03,0.05,0.07,0.11,0.17,0.25,0.36,0.51,0.73,1.02,1.4,1.91,2.57,3.42,4.49,5.82,7.46,9.43,11.79,14.56,17.76,21.41,25.51,30.05,34.99,40.3,45.9,51.72,57.66,63.62,69.49,75.15,80.49,85.4,89.77,93.53,96.59,98.92,100.48,101.25,101.26,100.56,99.2,97.27,94.9,92.22,89.37,86.52,83.84,81.48,79.61,78.35,77.83,78.1,79.21,81.15,83.85,87.21,91.08,95.29,99.63,103.86,107.76,111.12,113.73,115.43,116.12,115.71,114.2,111.64,108.12,103.8,98.88,93.56,88.11,82.76,77.77,73.37,69.76,67.1,65.52,65.09,65.82,67.7,70.64,74.52,79.18,84.44,90.1,95.96,101.83,107.54,112.95,117.95,122.48,126.52,130.08,133.21,136.0,138.51,140.85,143.08,145.28,147.49,149.72,151.95,154.15,156.24,158.17,159.83,161.15,162.05,162.46,162.33,161.62,160.29,158.34,155.77,152.57,148.77,144.36,139.38,133.84,127.77,121.23,114.25,106.9,99.26,91.42,83.47,75.53,67.69,60.08,52.77,45.86,39.43,33.52,28.17,23.41,19.22,15.59,12.5,9.9,7.74,5.98,4.56,3.44,2.56,1.88,1.36,0.98,0.69,0.48,0.33,0.23,0.15,0.1,0.07,0.04,0.03,0.02,0.01,0.01,0.0,0.0,0.0,0.0,0.0,0.0
0.0,0.0,0.0,0.0,0.0,0.0,0.0,0.0,0.01,0.05,0.17,0.5,1.37,3.31,7.1,13.56,23.01,34.72,46.58,55.56,58.92,55.56,46.58,34.72,23.01,13.56,7.1,3.31,1.37,0.5,0.17,0.05,0.01,0.0,0.0,0.0,0.0,0.0,0.0,0.0,0.0,0.0,0.0,0.0,0.0,0.0,0.0,0.0,0.0,0.0,0.0,0.0,0.0,0.0,0.0,0.0,0.0,0.0,0.0,0.0,0.0,0.0,0.0,0.0,0.0,0.0,0.0,0.0,0.0,0.0,0.0,0.0,0.0,0.0,0.0,0.0,0.0,0.0,0.0,0.0,0.0,0.0,0.0,0.0,0.0,0.0,0.0,0.0,0.0,0.0,0.0,0.0,0.0,0.0,0.0,0.0,0.0,0.0,0.0,0.0,0.0,0.0,0.0,0.0,0.0,0.0,0.0,0.0,0.0,0.0,0.0,0.0,0.0,0.0,0.0,0.0,0.0,0.0,0.0,0.0,0.0,0.0,0.0,0.0,0.0,0.0,0.0,0.01,0.01,0.01,0.02,0.04,0.06,0.08,0.13,0.19,0.28,0.4,0.58,0.81,1.14,1.57,2.14,2.88,3.83,5.02,6.51,8.34,10.54,13.18,16.27,19.84,23.92,28.51,33.58,39.11,45.03,51.29,57.8,64.44,71.1,77.65,83.98,89.94,95.42,100.31,104.51,107.94,110.54,112.27,113.14,113.15,112.36,110.84,108.7,106.05,103.05,99.86,96.68,93.68,91.05,88.95,87.55,86.96,87.27,88.51,90.67,93.69,97.44,101.77,106.48,111.31,116.04,120.39,124.12,127.02,128.9,129.62,129.11,127.35,124.38,120.32,115.31,109.57,103.34,96.87,90.44,84.3,78.71,73.88,70.0,67.18,65.52,65.05,65.73,67.51,70.27,73.86,78.1,82.81,87.8,92.87,97.87,102.66,107.13,111.21,114.88,118.13,121.01,123.58,125.9,128.05,130.09,132.09,134.07,136.05,138.01,139.92,141.73,143.38,144.78,145.88,146.6,146.89,146.71,146.02,144.8,143.04,140.74,137.9,134.52,130.61,126.19,121.27,115.87,110.03,103.79,97.21,90.34,83.28,76.11,68.92,61.82,54.9,48.26,41.97,36.1,30.71,25.83,21.47,17.64,14.32,11.48,9.1,7.12,5.5,4.2,3.17,2.36,1.73,1.26,0.9,0.64,0.45,0.31,0.21,0.14,0.09,0.06,0.04,0.03,0.02,0.01,0.01,0.0,0.0,0.0,0.0,0.0,0.0
0.0,0.0,0.0,0.0,0.0,0.0,0.0,0.0,0.02,0.06,0.22,0.68,1.84,4.44,9.53,18.19,30.87,46.58,62.49,74.54,79.05,74.54,62.49,46.58,30.87,18.19,9.53,4.44,1.84,0.68,0.22,0.06,0.02,0.0,0.0,0.0,0.0,0.0,0.0,0.0,0.0,0.0,0.0,0.0,0.0,0.0,0.0,0.0,0.0,0.0,0.0,0.0,0.0,0.0,0.0,0.0,0.0,0.0,0.0,0.0,0.0,0.0,0.0,0.0,0.0,0.0,0.0,0.0,0.0,0.0,0.0,0.0,0.0,0.0,0.0,0.0,0.0,0.0,0.0,0.0,0.0,0.0,0.0,0.0,0.0,0.0,0.0,0.0,0.0,0.0,0.0,0.0,0.0,0.0,0.0,0.0,0.0,0.0,0.0,0.0,0.0,0.0,0.0,0.0,0.0,0.0,0.0,0.0,0.0,0.0,0.0,0.0,0.0,0.0,0.0,0.0,0.0,0.0,0.0,0.0,0.0,0.0,0.0,0.0,0.0,0.0,0.0,0.01,0.01,0.02,0.03,0.04,0.06,0.09,0.14,0.21,0.31,0.44,0.64,0.9,1.26,1.73,2.36,3.18,4.22,5.54,7.18,9.2,11.63,14.54,17.95,21.89,26.39,31.45,37.04,43.13,49.67,56.58,63.75,71.07,78.42,85.65,92.62,99.2,105.25,110.64,115.27,119.05,121.91,123.83,124.78,124.8,123.93,122.25,119.88,116.96,113.65,110.14,106.63,103.32,100.42,98.11,96.56,95.91,96.25,97.62,100.0,103.33,107.47,112.24,117.43,122.76,127.96,132.76,136.86,140.04,142.09,142.85,142.24,140.23,136.87,132.26,126.59,120.05,112.92,105.46,97.96,90.71,83.95,77.94,72.85,68.83,65.97,64.31,63.84,64.49,66.16,68.7,71.96,75.75,79.89,84.19,88.51,92.69,96.65,100.29,103.59,106.55,109.17,111.52,113.63,115.58,117.42,119.19,120.93,122.64,124.32,125.93,127.43,128.77,129.9,130.75,131.28,131.43,131.18,130.49,129.36,127.76,125.71,123.19,120.21,116.78,112.89,108.57,103.82,98.66,93.15,87.32,81.22,74.94,68.54,62.12,55.76,49.56,43.6,37.94,32.66,27.8,23.4,19.46,16.0,13.0,10.43,8.27,6.48,5.01,3.83,2.89,2.15,1.59,1.15,0.83,0.59,0.41,0.28,0.19,0.13,0.09,0.06,0.04,0.02,0.02,0.01,0.01,0.0,0.0,0.0,0.0,0.0,0.0
0.0,0.0,0.0,0.0,0.0,0.0,0.0,0.0,0.02,0.08,0.26,0.81,2.19,5.29,11.36,21.69,36.82,55.56,74.54,88.91,94.29,88.91,74.54,55.56,36.82,21.69,11.36,5.29,2.19,0.81,0.26,0.08,0.02,0.0,0.0,0.0,0.0,0.0,0.0,0.0,0.0,0.0,0.0,0.0,0.0,0.0,0.0,0.0,0.0,0.0,0.0,0.0,0.0,0.0,0.0,0.0,0.0,0.0,0.0,0.0,0.0,0.0,0.0,0.0,0.0,0.0,0.0,0.0,0.0,0.0,0.0,0.0,0.0,0.0,0.0,0.0,0.0,0.0,0.0,0.0,0.0,0.0,0.0,0.0,0.0,0.0,0.0,0.0,0.0,0.0,0.0,0.0,0.0,0.0,0.0,0.0,0.0,0.0,0.0,0.0,0.0,0.0,0.0,0.0,0.0,0.0,0.0,0.0,0.0,0.0,0.0,0.0,0.0,0.0,0.0,0.0,0.0,0.0,0.0,0.0,0.0,0.0,0.0,0.0,0.0,0.0,0.0,0.01,0.01,0.02,0.03,0.04,0.07,0.1,0.15,0.23,0.34,0.49,0.7,0.98,1.37,1.89,2.58,3.46,4.6,6.04,7.83,10.02,12.67,15.83,19.54,23.84,28.74,34.24,40.33,46.96,54.08,61.59,69.4,77.37,85.37,93.24,100.83,107.99,114.57,120.44,125.48,129.6,132.72,134.8,135.84,135.86,134.91,133.08,130.5,127.32,123.72,119.9,116.08,112.48,109.31,106.8,105.12,104.41,104.78,106.27,108.86,112.48,116.99,122.19,127.83,133.63,139.29,144.5,148.96,152.4,154.61,155.41,154.7,152.45,148.72,143.6,137.29,130.0,122.01,113.61,105.1,96.78,88.92,81.78,75.54,70.38,66.38,63.6,62.02,61.6,62.24,63.8,66.13,69.05,72.39,75.97,79.64,83.26,86.73,89.97,92.93,95.6,97.98,100.11,102.02,103.77,105.4,106.94,108.42,109.85,111.23,112.52,113.71,114.74,115.57,116.17,116.48,116.47,116.13,115.42,114.34,112.89,111.05,108.82,106.2,103.2,99.82,96.05,91.91,87.42,82.6,77.49,72.14,66.62,60.98,55.32,49.7,44.21,38.92,33.9,29.2,24.88,20.95,17.44,14.35,11.67,9.37,7.44,5.83,4.52,3.46,2.61,1.95,1.44,1.05,0.76,0.54,0.38,0.26,0.18,0.12,0.08,0.05,0.04,0.02,0.01,0.01,0.01,0.0,0.0,0.0,0.0,0.0,0.0
0.0,0.0,0.0,0.0,0.0,0.0,0.0,0.0,0.02,0.08,0.28,0.86,2.32,5.61,12.05,23.01,39.05,58.92,79.05,94.29,100.0,94.29,79.05,58.92,39.05,23.01,12.05,5.61,2.32,0.86,0.28,0.08,0.02,0.0,0.0,0.0,0.0,0.0,0.0,0.0,0.0,0.0,0.0,0.0,0.0,0.0,0.0,0.0,0.0,0.0,0.0,0.0,0.0,0.0,0.0,0.0,0.0,0.0,0.0,0.0,0.0,0.0,0.0,0.0,0.0,0.0,0.0,0.0,0.0,0.0,0.0,0.0,0.0,0.0,0.0,0.0,0.0,0.0,0.0,0.0,0.0,0.0,0.0,0.0,0.0,0.0,0.0,0.0,0.0,0.0,0.0,0.0,0.0,0.0,0.0,0.0,0.0,0.0,0.0,0.0,0.0,0.0,0.0,0.0,0.0,0.0,0.0,0.0,0.0,0.0,0.0,0.0,0.0,0.0,0.0,0.0,0.0,0.0,0.0,0.0,0.0,0.0,0.0,0.0,0.0,0.0,0.0,0.01,0.01,0.02,0.03,0.05,0.07,0.11,0.17,0.25,0.36,0.53,0.75,1.06,1.48,2.04,2.78,3.73,4.95,6.5,8.42,10.78,13.63,17.02,21.01,25.62,30.89,36.8,43.34,50.47,58.12,66.19,74.58,83.14,91.73,100.19,108.35,116.04,123.11,129.42,134.83,139.25,142.6,144.84,145.96,145.98,144.96,143.0,140.23,136.81,132.94,128.83,124.72,120.85,117.46,114.76,112.95,112.19,112.59,114.19,116.97,120.86,125.7,131.28,137.34,143.57,149.65,155.24,160.03,163.72,166.07,166.9,166.1,163.64,159.56,153.97,147.07,139.09,130.31,121.05,111.61,102.31,93.44,85.25,77.97,71.75,66.7,62.88,60.29,58.88,58.57,59.23,60.7,62.82,65.43,68.36,71.45,74.57,77.6,80.48,83.13,85.54,87.7,89.63,91.36,92.91,94.33,95.64,96.86,98.01,99.07,100.04,100.89,101.6,102.13,102.45,102.53,102.35,101.88,101.13,100.08,98.72,97.06,95.08,92.79,90.18,87.25,83.99,80.42,76.54,72.37,67.95,63.32,58.52,53.62,48.68,43.78,38.98,34.35,29.94,25.82,22.02,18.57,15.48,12.75,10.38,8.35,6.64,5.22,4.05,3.1,2.35,1.76,1.3,0.95,0.69,0.49,0.35,0.24,0.17,0.11,0.08,0.05,0.03,0.02,0.01,0.01,0.01,0.0,0.0,0.0,0.0,0.0,0.0
0.0,0.0,0.0,0.0,0.0,0.0,0.0,0.0,0.02,0.08,0.26,0.81,2.19,5.29,11.36,21.69,36.82,55.56,74.54,88.91,94.29,88.91,74.54,55.56,36.82,21.69,11.36,5.29,2.19,0.81,0.26,0.08,0.02,0.0,0.0,0.0,0.0,0.0,0.0,0.0,0.0,0.0,0.0,0.0,0.0,0.0,0.0,0.0,0.0,0.0,0.0,0.0,0.0,0.0,0.0,0.0,0.0,0.0,0.0,0.0,0.0,0.0,0.0,0.0,0.0,0.0,0.0,0.0,0.0,0.0,0.0,0.0,0.0,0.0,0.0,0.0,0.0,0.0,0.0,0.0,0.0,0.0,0.0,0.0,0.0,0.0,0.0,0.0,0.0,0.0,0.0,0.0,0.0,0.0,0.0,0.0,0.0,0.0,0.0,0.0,0.0,0.0,0.0,0.0,0.0,0.0,0.0,0.0,0.0,0.0,0.0,0.0,0.0,0.0,0.0,0.0,0.0,0.0,0.0,0.0,0.0,0.0,0.0,0.0,0.0,0.0,0.01,0.01,0.01,0.02,0.03,0.05,0.08,0.12,0.18,0.27,0.39,0.56,0.8,1.13,1.58,2.17,2.95,3.97,5.27,6.91,8.94,11.44,14.47,18.07,22.3,27.19,32.77,39.04,45.98,53.54,61.65,70.21,79.1,88.18,97.29,106.26,114.91,123.07,130.57,137.25,143.0,147.68,151.24,153.61,154.8,154.82,153.73,151.65,148.71,145.09,140.99,136.63,132.27,128.17,124.57,121.7,119.79,118.98,119.4,121.1,124.05,128.18,133.31,139.23,145.65,152.26,158.7,164.63,169.69,173.59,176.07,176.93,176.06,173.41,169.02,163.02,155.6,147.01,137.54,127.51,117.26,107.09,97.32,88.22,80.0,72.84,66.86,62.12,58.63,56.34,55.19,55.04,55.76,57.18,59.15,61.51,64.09,66.77,69.44,72.0,74.4,76.59,78.57,80.33,81.88,83.25,84.47,85.55,86.51,87.37,88.12,88.76,89.27,89.64,89.85,89.88,89.7,89.32,88.72,87.89,86.83,85.54,84.01,82.24,80.22,77.95,75.42,72.63,69.57,66.25,62.69,58.91,54.94,50.83,46.62,42.37,38.15,34.0,30.0,26.19,22.61,19.31,16.31,13.62,11.24,9.17,7.39,5.89,4.64,3.61,2.78,2.12,1.59,1.18,0.87,0.63,0.45,0.32,0.23,0.16,0.11,0.07,0.05,0.03,0.02,0.01,0.01,0.01,0.0,0.0,0.0,0.0,0.0,0.0
0.0,0.0,0.0,0.0,0.0,0.0,0.0,0.0,0.02,0.06,0.22,0.68,1.84,4.44,9.53,18.19,30.87,46.58,62.49,74.54,79.05,74.54,62.49,46.58,30.87,18.19,9.53,4.44,1.84,0.68,0.22,0.06,0.02,0.0,0.0,0.0,0.0,0.0,0.0,0.0,0.0,0.0,0.0,0.0,0.0,0.0,0.0,0.0,0.0,0.0,0.0,0.0,0.0,0.0,0.0,0.0,0.0,0.0,0.0,0.0,0.0,0.0,0.0,0.0,0.0,0.0,0.0,0.0,0.0,0.0,0.0,0.0,0.0,0.0,0.0,0.0,0.0,0.0,0.0,0.0,0.0,0.0,0.0,0.0,0.0,0.0,0.0,0.0,0.0,0.0,0.0,0.0,0.0,0.0,0.0,0.0,0.0,0.0,0.0,0.0,0.0,0.0,0.0,0.0,0.0,0.0,0.0,0.0,0.0,0.0,0.0,0.0,0.0,0.0,0.0,0.0,0.0,0.0,0.0,0.0,0.0,0.0,0.0,0.0,0.0,0.0,0.01,0.01,0.02,0.02,0.04,0.06,0.09,0.13,0.19,0.29,0.42,0.6,0.85,1.2,1.67,2.29,3.11,4.17,5.53,7.25,9.39,12.0,15.17,18.94,23.37,28.49,34.33,40.89,48.15,56.06,64.55,73.51,82.82,92.32,101.86,111.24,120.3,128.84,136.68,143.68,149.69,154.59,158.31,160.8,162.04,162.06,160.93,158.75,155.67,151.88,147.58,143.02,138.46,134.16,130.39,127.4,125.39,124.55,124.99,126.76,129.85,134.17,139.54,145.74,152.46,159.38,166.12,172.31,177.61,181.69,184.27,185.15,184.21,181.4,176.76,170.42,162.57,153.48,143.43,132.77,121.82,110.93,100.41,90.53,81.52,73.57,66.8,61.28,57.02,53.99,52.11,51.28,51.36,52.2,53.64,55.51,57.69,60.02,62.39,64.71,66.91,68.94,70.77,72.39,73.8,75.01,76.04,76.9,77.6,78.17,78.6,78.9,79.06,79.08,78.95,78.67,78.22,77.61,76.84,75.9,74.8,73.53,72.09,70.48,68.69,66.71,64.53,62.14,59.54,56.73,53.72,50.53,47.17,43.69,40.12,36.51,32.91,29.38,25.97,22.71,19.65,16.82,14.24,11.92,9.86,8.07,6.53,5.23,4.14,3.24,2.5,1.92,1.45,1.09,0.8,0.59,0.43,0.31,0.22,0.15,0.11,0.07,0.05,0.03,0.02,0.02,0.01,0.01,0.0,0.0,0.0,0.0,0.0,0.0
0.0,0.0,0.0,0.0,0.0,0.0,0.0,0.0,0.01,0.05,0.17,0.5,1.37,3.31,7.1,13.56,23.01,34.72,46.58,55.56,58.92,55.56,46.58,34.72,23.01,13.56,7.1,3.31,1.37,0.5,0.17,0.05,0.01,0.0,0.0,0.0,0.0,0.0,0.0,0.0,0.0,0.0,0.0,0.0,0.0,0.0,0.0,0.0,0.0,0.0,0.0,0.0,0.0,0.0,0.0,0.0,0.0,0.0,0.0,0.0,0.0,0.0,0.0,0.0,0.0,0.0,0.0,0.0,0.0,0.0,0.0,0.0,0.0,0.0,0.0,0.0,0.0,0.0,0.0,0.0,0.0,0.0,0.0,0.0,0.0,0.0,0.0,0.0,0.0,0.0,0.0,0.0,0.0,0.0,0.0,0.0,0.0,0.0,0.0,0.0,0.0,0.0,0.0,0.0,0.0,0.0,0.0,0.0,0.0,0.0,0.0,0.0,0.0,0.0,0.0,0.0,0.0,0.0,0.0,0.0,0.0,0.0,0.0,0.0,0.0,0.0,0.01,0.01,0.02,0.03,0.04,0.06,0.1,0.14,0.21,0.3,0.44,0.63,0.9,1.26,1.74,2.39,3.24,4.34,5.75,7.53,9.73,12.44,15.71,19.61,24.18,29.48,35.51,42.29,49.79,57.96,66.73,75.98,85.6,95.41,105.26,114.96,124.31,133.13,141.23,148.46,154.66,159.73,163.57,166.14,167.42,167.44,166.27,164.02,160.84,156.92,152.48,147.77,143.06,138.62,134.72,131.62,129.55,128.68,129.13,130.97,134.16,138.62,144.18,150.58,157.52,164.66,171.62,178.02,183.49,187.7,190.35,191.25,190.25,187.32,182.49,175.89,167.72,158.24,147.75,136.6,125.12,113.67,102.56,92.07,82.45,73.87,66.47,60.32,55.44,51.81,49.36,47.99,47.56,47.93,48.96,50.47,52.34,54.41,56.58,58.74,60.81,62.73,64.46,65.98,67.27,68.34,69.2,69.84,70.3,70.58,70.69,70.63,70.43,70.08,69.6,68.98,68.23,67.37,66.39,65.31,64.12,62.83,61.44,59.94,58.32,56.58,54.69,52.66,50.46,48.1,45.58,42.91,40.11,37.2,34.22,31.2,28.18,25.21,22.34,19.59,17.0,14.6,12.4,10.42,8.67,7.13,5.8,4.67,3.72,2.93,2.29,1.76,1.35,1.02,0.76,0.57,0.42,0.3,0.22,0.16,0.11,0.08,0.05,0.04,0.03,0.02,0.01,0.01,0.01,0.0,0.0,0.0,0.0,0.0
0.0,0.0,0.0,0.0,0.0,0.0,0.0,0.0,0.01,0.03,0.11,0.33,0.91,2.19,4.71,8.98,15.25,23.01,30.87,36.82,39.05,36.82,30.87,23.01,15.25,8.98,4.71,2.19,0.91,0.33,0.11,0.03,0.01,0.0,0.0,0.0,0.0,0.0,0.0,0.0,0.0,0.0,0.0,0.0,0.0,0.0,0.0,0.0,0.0,0.0,0.0,0.0,0.0,0.0,0.0,0.0,0.0,0.0,0.0,0.0,0.0,0.0,0.0,0.0,0.0,0.0,0.0,0.0,0.0,0.0,0.0,0.0,0.0,0.0,0.0,0.0,0.0,0.0,0.0,0.0,0.0,0.0,0.0,0.0,0.0,0.0,0.0,0.0,0.0,0.0,0.0,0.0,0.0,0.0,0.0,0.0,0.0,0.0,0.0,0.0,0.0,0.0,0.0,0.0,0.0,0.0,0.0,0.0,0.0,0.0,0.0,0.0,0.0,0.0,0.0,0.0,0.0,0.0,0.0,0.0,0.0,0.0,0.0,0.0,0.0,0.01,0.01,0.01,0.02,0.03,0.05,0.07,0.1,0.15,0.22,0.32,0.47,0.66,0.94,1.31,1.81,2.47,3.34,4.47,5.91,7.73,9.98,12.74,16.08,20.06,24.72,30.12,36.27,43.18,50.83,59.16,68.09,77.53,87.33,97.34,107.37,117.26,126.79,135.78,144.04,151.41,157.74,162.9,166.82,169.43,170.74,170.76,169.56,167.27,164.02,160.02,155.5,150.69,145.89,141.36,137.39,134.23,132.11,131.23,131.69,133.56,136.82,141.37,147.03,153.55,160.63,167.92,175.01,181.54,187.11,191.39,194.09,194.99,193.96,190.95,186.0,179.23,170.84,161.1,150.32,138.84,127.01,115.18,103.66,92.75,82.69,73.66,65.81,59.21,53.88,49.82,46.95,45.18,44.38,44.43,45.16,46.44,48.1,50.03,52.08,54.16,56.17,58.05,59.73,61.2,62.41,63.37,64.06,64.51,64.72,64.7,64.47,64.06,63.48,62.74,61.88,60.9,59.83,58.67,57.46,56.19,54.88,53.53,52.14,50.7,49.21,47.65,46.01,44.27,42.42,40.45,38.36,36.16,33.85,31.46,29.0,26.51,24.02,21.56,19.17,16.88,14.72,12.7,10.85,9.18,7.68,6.37,5.22,4.24,3.41,2.72,2.14,1.67,1.3,0.99,0.76,0.57,0.43,0.32,0.23,0.17,0.12,0.09,0.06,0.04,0.03,0.02,0.01,0.01,0.01,0.0,0.0,0.0,0.0,0.0
0.0,0.0,0.0,0.0,0.0,0.0,0.0,0.0,0.0,0.02,0.06,0.2,0.53,1.29,2.77,5.29,8.98,13.56,18.19,21.69,23.01,21.69,18.19,13.56,8.98,5.29,2.77,1.29,0.53,0.2,0.06,0.02,0.0,0.0,0.0,0.0,0.0,0.0,0.0,0.0,0.0,0.0,0.0,0.0,0.0,0.0,0.0,0.0,0.0,0.0,0.0,0.0,0.0,0.0,0.0,0.0,0.0,0.0,0.0,0.0,0.0,0.0,0.0,0.0,0.0,0.0,0.0,0.0,0.0,0.0,0.0,0.0,0.0,0.0,0.0,0.0,0.0,0.0,0.0,0.0,0.0,0.0,0.0,0.0,0.0,0.0,0.0,0.0,0.0,0.0,0.0,0.0,0.0,0.0,0.0,0.0,0.0,0.0,0.0,0.0,0.0,0.0,0.0,0.0,0.0,0.0,0.0,0.0,0.0,0.0,0.0,0.0,0.0,0.0,0.0,0.0,0.0,0.0,0.0,0.0,0.0,0.0,0.0,0.0,0.01,0.01,0.01,0.02,0.03,0.04,0.05,0.08,0.12,0.17,0.24,0.35,0.49,0.7,0.98,1.36,1.87,2.54,3.43,4.57,6.02,7.86,10.13,12.91,16.28,20.28,24.97,30.41,36.6,43.55,51.24,59.62,68.61,78.1,87.96,98.03,108.13,118.07,127.66,136.7,145.01,152.42,158.79,163.98,167.92,170.55,171.86,171.88,170.68,168.36,165.1,161.07,156.52,151.68,146.85,142.29,138.29,135.11,132.98,132.09,132.55,134.43,137.71,142.29,147.99,154.56,161.69,169.01,176.16,182.72,188.33,192.63,195.34,196.24,195.19,192.14,187.13,180.29,171.81,161.95,151.04,139.41,127.41,115.38,103.65,92.52,82.21,72.93,64.8,57.93,52.33,48.0,44.87,42.86,41.85,41.71,42.29,43.45,45.03,46.91,48.95,51.03,53.06,54.96,56.66,58.11,59.28,60.14,60.7,60.95,60.91,60.59,60.02,59.23,58.25,57.11,55.83,54.47,53.03,51.55,50.06,48.57,47.1,45.64,44.21,42.79,41.37,39.95,38.5,37.0,35.45,33.82,32.11,30.32,28.45,26.51,24.53,22.51,20.48,18.48,16.53,14.64,12.85,11.18,9.63,8.22,6.95,5.82,4.83,3.97,3.23,2.61,2.09,1.66,1.31,1.02,0.79,0.6,0.46,0.35,0.26,0.19,0.14,0.1,0.07,0.05,0.04,0.03,0.02,0.01,0.01,0.01,0.0,0.0,0.0,0.0
0.0,0.0,0.0,0.0,0.0,0.0,0.0,0.0,0.0,0.01,0.03,0.1,0.28,0.68,1.45,2.77,4.71,7.1,9.53,11.36,12.05,11.36,9.53,7.1,4.71,2.77,1.45,0.68,0.28,0.1,0.03,0.01,0.0,0.0,0.0,0.0,0.0,0.0,0.0,0.0,0.0,0.0,0.0,0.0,0.0,0.0,0.0,0.0,0.0,0.0,0.0,0.0,0.0,0.0,0.0,0.0,0.0,0.0,0.0,0.0,0.0,0.0,0.0,0.0,0.0,0.0,0.0,0.0,0.0,0.0,0.0,0.0,0.0,0.0,0.0,0.0,0.0,0.0,0.0,0.0,0.0,0.0,0.0,0.0,0.0,0.0,0.0,0.0,0.0,0.0,0.0,0.0,0.0,0.0,0.0,0.0,0.0,0.0,0.0,0.0,0.0,0.0,0.0,0.0,0.0,0.0,0.0,0.0,0.0,0.0,0.0,0.0,0.0,0.0,0.0,0.0,0.0,0.0,0.0,0.0,0.0,0.0,0.0,0.0,0.01,0.01,0.01,0.02,0.03,0.04,0.06,0.09,0.13,0.19,0.27,0.38,0.53,0.74,1.02,1.41,1.92,2.6,3.49,4.63,6.09,7.92,10.18,12.96,16.3,20.28,24.95,30.34,36.49,43.39,51.03,59.35,68.27,77.69,87.48,97.47,107.49,117.36,126.88,135.85,144.1,151.46,157.78,162.93,166.84,169.45,170.75,170.77,169.57,167.27,164.03,160.03,155.5,150.7,145.89,141.36,137.39,134.23,132.11,131.23,131.69,133.56,136.82,141.37,147.03,153.55,160.63,167.91,175.01,181.53,187.09,191.37,194.06,194.94,193.89,190.85,185.86,179.03,170.58,160.76,149.87,138.26,126.27,114.24,102.5,91.34,80.98,71.64,63.44,56.48,50.79,46.36,43.14,41.04,39.97,39.78,40.35,41.52,43.14,45.08,47.2,49.38,51.51,53.5,55.26,56.74,57.89,58.69,59.12,59.18,58.89,58.26,57.34,56.15,54.74,53.16,51.45,49.66,47.83,45.99,44.18,42.43,40.75,39.14,37.62,36.18,34.8,33.47,32.16,30.86,29.56,28.22,26.84,25.41,23.93,22.4,20.82,19.22,17.61,16.01,14.44,12.91,11.45,10.06,8.77,7.58,6.49,5.51,4.64,3.88,3.21,2.64,2.15,1.73,1.39,1.1,0.87,0.68,0.52,0.4,0.3,0.23,0.17,0.12,0.09,0.07,0.05,0.03,0.02,0.02,0.01,0.01,0.0,0.0,0.0,0.0
0.02,0.02,0.02,0.01,0.01,0.0,0.0,0.0,0.0,0.0,0.02,0.05,0.13,0.32,0.68,1.29,2.19,3.31,4.44,5.29,5.61,5.29,4.44,3.31,2.19,1.29,0.68,0.32,0.13,0.05,0.02,0.0,0.0,0.0,0.0,0.0,0.0,0.0,0.0,0.0,0.0,0.0,0.0,0.0,0.0,0.0,0.0,0.0,0.0,0.0,0.0,0.0,0.0,0.0,0.0,0.0,0.0,0.0,0.0,0.0,0.0,0.0,0.0,0.0,0.0,0.0,0.0,0.0,0.0,0.0,0.0,0.0,0.0,0.0,0.0,0.0,0.0,0.0,0.0,0.0,0.0,0.0,0.0,0.0,0.0,0.0,0.0,0.0,0.0,0.0,0.0,0.0,0.0,0.0,0.0,0.0,0.0,0.0,0.0,0.0,0.0,0.0,0.0,0.0,0.0,0.0,0.0,0.0,0.0,0.0,0.0,0.0,0.0,0.0,0.0,0.0,0.0,0.0,0.0,0.0,0.0,0.0,0.0,0.01,0.01,0.01,0.02,0.03,0.04,0.05,0.08,0.11,0.15,0.21,0.3,0.41,0.57,0.79,1.08,1.47,1.99,2.67,3.55,4.69,6.12,7.93,10.16,12.89,16.17,20.08,24.66,29.95,35.97,42.73,50.21,58.36,67.1,76.33,85.91,95.69,105.51,115.17,124.49,133.28,141.36,148.57,154.75,159.8,163.63,166.19,167.45,167.47,166.29,164.03,160.85,156.93,152.49,147.77,143.06,138.62,134.72,131.63,129.55,128.68,129.13,130.97,134.16,138.62,144.17,150.57,157.51,164.65,171.61,178.0,183.46,187.65,190.28,191.15,190.11,187.12,182.21,175.51,167.2,157.55,146.85,135.43,123.63,111.8,100.24,89.24,79.03,69.82,61.73,54.86,49.25,44.9,41.75,39.73,38.74,38.65,39.34,40.64,42.42,44.53,46.83,49.19,51.49,53.63,55.51,57.06,58.23,58.98,59.29,59.16,58.61,57.67,56.36,54.75,52.9,50.85,48.67,46.41,44.15,41.91,39.75,37.7,35.77,33.98,32.34,30.83,29.44,28.16,26.96,25.83,24.72,23.63,22.54,21.43,20.29,19.12,17.91,16.68,15.44,14.18,12.94,11.72,10.53,9.39,8.31,7.3,6.35,5.49,4.7,4.0,3.37,2.82,2.33,1.92,1.56,1.26,1.0,0.79,0.62,0.48,0.37,0.28,0.21,0.16,0.11,0.08,0.06,0.04,0.03,0.02,0.01,0.01,0.01,0.0,0.0,0.0
0.08,0.08,0.06,0.05,0.03,0.02,0.01,0.0,0.0,0.0,0.01,0.02,0.05,0.13,0.28,0.53,0.91,1.37,1.84,2.19,2.32,2.19,1.84,1.37,0.91,0.53,0.28,0.13,0.05,0.02,0.01,0.0,0.0,0.0,0.0,0.0,0.0,0.0,0.0,0.0,0.0,0.0,0.0,0.0,0.0,0.0,0.0,0.0,0.0,0.0,0.0,0.0,0.0,0.0,0.0,0.0,0.0,0.0,0.0,0.0,0.0,0.0,0.0,0.0,0.0,0.0,0.0,0.0,0.0,0.0,0.0,0.0,0.0,0.0,0.0,0.0,0.0,0.0,0.0,0.0,0.0,0.0,0.0,0.0,0.0,0.0,0.0,0.0,0.0,0.0,0.0,0.0,0.0,0.0,0.0,0.0,0.0,0.0,0.0,0.0,0.0,0.0,0.0,0.0,0.0,0.0,0.0,0.0,0.0,0.0,0.0,0.0,0.0,0.0,0.0,0.0,0.0,0.0,0.0,0.0,0.0,0.0,0.01,0.01,0.01,0.02,0.02,0.03,0.05,0.07,0.09,0.13,0.18,0.25,0.34,0.46,0.63,0.85,1.15,1.55,2.07,2.75,3.62,4.74,6.15,7.91,10.08,12.73,15.92,19.71,24.14,29.26,35.09,41.62,48.85,56.72,65.16,74.07,83.33,92.78,102.26,111.6,120.6,129.09,136.9,143.86,149.83,154.71,158.41,160.87,162.1,162.1,160.96,158.77,155.69,151.89,147.59,143.03,138.47,134.17,130.4,127.4,125.39,124.55,124.99,126.76,129.85,134.17,139.54,145.73,152.45,159.36,166.09,172.28,177.56,181.62,184.16,185.0,183.99,181.09,176.34,169.85,161.8,152.45,142.08,131.02,119.59,108.13,96.94,86.29,76.41,67.51,59.71,53.11,47.75,43.63,40.71,38.92,38.16,38.31,39.24,40.81,42.85,45.24,47.81,50.43,52.97,55.31,57.36,59.01,60.22,60.94,61.14,60.82,60.0,58.72,57.01,54.96,52.62,50.06,47.38,44.63,41.9,39.23,36.67,34.28,32.07,30.06,28.26,26.65,25.23,23.97,22.85,21.84,20.91,20.03,19.19,18.36,17.52,16.67,15.8,14.89,13.97,13.02,12.07,11.1,10.15,9.21,8.29,7.41,6.57,5.78,5.04,4.36,3.73,3.17,2.67,2.22,1.83,1.5,1.21,0.97,0.76,0.6,0.46,0.35,0.27,0.2,0.15,0.11,0.08,0.06,0.04,0.03,0.02,0.01,0.01,0.01,0.0,0.0
0.28,0.26,0.22,0.17,0.11,0.06,0.03,0.02,0.01,0.0,0.0,0.01,0.02,0.05,0.1,0.2,0.33,0.5,0.68,0.81,0.86,0.81,0.68,0.5,0.33,0.2,0.1,0.05,0.02,0.01,0.0,0.0,0.0,0.0,0.0,0.0,0.0,0.0,0.0,0.0,0.0,0.0,0.0,0.0,0.0,0.0,0.0,0.0,0.0,0.0,0.0,0.0,0.0,0.0,0.0,0.0,0.0,0.0,0.0,0.0,0.0,0.0,0.0,0.0,0.0,0.0,0.0,0.0,0.0,0.0,0.0,0.0,0.0,0.0,0.0,0.0,0.0,0.0,0.0,0.0,0.0,0.0,0.0,0.0,0.0,0.0,0.0,0.0,0.0,0.0,0.0,0.0,0.0,0.0,0.0,0.0,0.0,0.0,0.0,0.0,0.0,0.0,0.0,0.0,0.0,0.0,0.0,0.0,0.0,0.0,0.0,0.0,0.0,0.0,0.0,0.0,0.0,0.0,0.0,0.0,0.0,0.01,0.01,0.01,0.02,0.02,0.03,0.05,0.06,0.09,0.12,0.16,0.22,0.3,0.4,0.53,0.71,0.95,1.26,1.66,2.18,2.85,3.72,4.81,6.18,7.89,9.99,12.54,15.59,19.22,23.45,28.34,33.9,40.13,47.02,54.52,62.56,71.05,79.86,88.87,97.9,106.79,115.36,123.45,130.89,137.52,143.21,147.86,151.38,153.72,154.88,154.88,153.78,151.69,148.74,145.11,141.0,136.64,132.28,128.17,124.57,121.71,119.79,118.98,119.4,121.1,124.05,128.17,133.31,139.22,145.64,152.24,158.67,164.58,169.63,173.5,175.93,176.73,175.77,173.0,168.46,162.26,154.57,145.64,135.75,125.19,114.29,103.37,92.71,82.58,73.21,64.79,57.45,51.28,46.32,42.59,40.05,38.62,38.23,38.74,40.04,41.98,44.4,47.15,50.08,53.03,55.88,58.48,60.72,62.51,63.78,64.46,64.55,64.03,62.93,61.29,59.16,56.63,53.77,50.68,47.46,44.18,40.94,37.8,34.82,32.06,29.53,27.27,25.28,23.55,22.07,20.8,19.73,18.83,18.05,17.37,16.75,16.18,15.62,15.06,14.48,13.87,13.23,12.55,11.84,11.1,10.33,9.54,8.75,7.96,7.17,6.41,5.68,4.98,4.33,3.72,3.17,2.67,2.23,1.83,1.5,1.21,0.96,0.76,0.59,0.45,0.34,0.26,0.19,0.14,0.1,0.07,0.05,0.04,0.02,0.02,0.01,0.01,0.0,0.0
0.86,0.81,0.68,0.5,0.33,0.2,0.1,0.05,0.02,0.01,0.0,0.0,0.01,0.02,0.03,0.06,0.11,0.17,0.22,0.26,0.28,0.26,0.22,0.17,0.11,0.06,0.03,0.02,0.01,0.0,0.0,0.0,0.0,0.0,0.0,0.0,0.0,0.0,0.0,0.0,0.0,0.0,0.0,0.0,0.0,0.0,0.0,0.0,0.0,0.0,0.0,0.0,0.0,0.0,0.0,0.0,0.0,0.0,0.0,0.0,0.0,0.0,0.0,0.0,0.0,0.0,0.0,0.0,0.0,0.0,0.0,0.0,0.0,0.0,0.0,0.0,0.0,0.0,0.0,0.0,0.0,0.0,0.0,0.0,0.0,0.0,0.0,0.0,0.0,0.0,0.0,0.0,0.0,0.0,0.0,0.0,0.0,0.0,0.0,0.0,0.0,0.0,0.0,0.0,0.0,0.0,0.0,0.0,0.0,0.0,0.0,0.0,0.0,0.0,0.0,0.0,0.0,0.0,0.0,0.0,0.0,0.01,0.01,0.02,0.02,0.03,0.04,0.06,0.08,0.11,0.15,0.2,0.27,0.36,0.48,0.63,0.82,1.07,1.4,1.81,2.34,3.01,3.86,4.93,6.26,7.9,9.91,12.34,15.24,18.66,22.66,27.27,32.5,38.36,44.83,51.87,59.42,67.39,75.67,84.12,92.59,100.94,108.99,116.59,123.57,129.8,135.14,139.5,142.8,145.0,146.08,146.07,145.03,143.05,140.26,136.84,132.96,128.85,124.73,120.86,117.46,114.76,112.95,112.19,112.59,114.18,116.97,120.86,125.7,131.28,137.33,143.55,149.62,155.19,159.95,163.6,165.89,166.65,165.75,163.14,158.86,153.02,145.79,137.39,128.08,118.16,107.93,97.68,87.7,78.25,69.53,61.74,55.0,49.41,45.0,41.8,39.77,38.84,38.93,39.93,41.71,44.11,47.0,50.2,53.56,56.91,60.11,63.01,65.48,67.43,68.76,69.42,69.39,68.66,67.25,65.22,62.64,59.6,56.2,52.54,48.74,44.9,41.12,37.48,34.05,30.89,28.03,25.49,23.29,21.42,19.85,18.57,17.54,16.72,16.08,15.58,15.18,14.85,14.55,14.26,13.95,13.61,13.23,12.79,12.29,11.73,11.11,10.44,9.72,8.98,8.21,7.44,6.67,5.92,5.19,4.51,3.87,3.29,2.76,2.29,1.88,1.52,1.22,0.96,0.75,0.58,0.44,0.33,0.25,0.18,0.13,0.09,0.07,0.05,0.03,0.02,0.01,0.01,0.01,0.0
2.32,2.19,1.84,1.37,0.91,0.53,0.28,0.13,0.05,0.02,0.01,0.0,0.0,0.0,0.01,0.02,0.03,0.05,0.06,0.08,0.08,0.08,0.06,0.05,0.03,0.02,0.01,0.0,0.0,0.0,0.0,0.0,0.0,0.0,0.0,0.0,0.0,0.0,0.0,0.0,0.0,0.0,0.0,0.0,0.0,0.0,0.0,0.0,0.0,0.0,0.0,0.0,0.0,0.0,0.0,0.0,0.0,0.0,0.0,0.0,0.0,0.0,0.0,0.0,0.0,0.0,0.0,0.0,0.0,0.0,0.0,0.0,0.0,0.0,0.0,0.0,0.0,0.0,0.0,0.0,0.0,0.0,0.0,0.0,0.0,0.0,0.0,0.0,0.0,0.0,0.0,0.0,0.0,0.0,0.0,0.0,0.0,0.0,0.0,0.0,0.0,0.0,0.0,0.0,0.0,0.0,0.0,0.0,0.0,0.0,0.0,0.0,0.0,0.0,0.0,0.0,0.0,0.0,0.0,0.0,0.01,0.01,0.01,0.02,0.03,0.04,0.06,0.08,0.11,0.15,0.2,0.26,0.35,0.45,0.59,0.76,0.98,1.25,1.59,2.03,2.57,3.25,4.09,5.14,6.42,8.0,9.9,12.19,14.92,18.12,21.85,26.13,30.98,36.41,42.4,48.92,55.9,63.27,70.92,78.73,86.57,94.28,101.73,108.76,115.21,120.97,125.91,129.94,132.99,135.02,136.01,135.99,135.01,133.16,130.56,127.36,123.75,119.92,116.09,112.49,109.32,106.81,105.12,104.41,104.78,106.27,108.86,112.48,116.98,122.18,127.81,133.6,139.25,144.43,148.86,152.26,154.4,155.11,154.28,151.86,147.89,142.47,135.76,127.97,119.35,110.17,100.72,91.27,82.1,73.44,65.51,58.48,52.47,47.58,43.85,41.3,39.89,39.58,40.26,41.85,44.2,47.17,50.6,54.33,58.18,61.98,65.57,68.8,71.52,73.63,75.03,75.66,75.49,74.52,72.78,70.34,67.28,63.7,59.72,55.47,51.07,46.63,42.28,38.12,34.21,30.62,27.41,24.58,22.16,20.13,18.48,17.17,16.18,15.45,14.94,14.62,14.43,14.33,14.28,14.26,14.21,14.13,13.98,13.76,13.44,13.03,12.53,11.93,11.26,10.52,9.72,8.89,8.04,7.19,6.36,5.56,4.8,4.1,3.45,2.88,2.37,1.92,1.54,1.22,0.96,0.74,0.57,0.43,0.32,0.23,0.17,0.12,0.09,0.06,0.04,0.03,0.02,0.01,0.01,0.01
5.61,5.29,4.44,3.31,2.19,1.29,0.68,0.32,0.13,0.05,0.02,0.0,0.0,0.0,0.0,0.0,0.01,0.01,0.02,0.02,0.02,0.02,0.02,0.01,0.01,0.0,0.0,0.0,0.0,0.0,0.0,0.0,0.0,0.0,0.0,0.0,0.0,0.0,0.0,0.0,0.0,0.0,0.0,0.0,0.0,0.0,0.0,0.0,0.0,0.0,0.0,0.0,0.0,0.0,0.0,0.0,0.0,0.0,0.0,0.0,0.0,0.0,0.0,0.0,0.0,0.0,0.0,0.0,0.0,0.0,0.0,0.0,0.0,0.0,0.0,0.0,0.0,0.0,0.0,0.0,0.0,0.0,0.0,0.0,0.0,0.0,0.0,0.0,0.0,0.0,0.0,0.0,0.0,0.0,0.0,0.0,0.0,0.0,0.0,0.0,0.0,0.0,0.0,0.0,0.0,0.0,0.0,0.0,0.0,0.0,0.0,0.0,0.0,0.0,0.0,0.0,0.0,0.0,0.0,0.01,0.01,0.01,0.02,0.03,0.04,0.06,0.08,0.11,0.14,0.19,0.26,0.34,0.44,0.57,0.73,0.93,1.18,1.49,1.86,2.33,2.89,3.59,4.43,5.46,6.71,8.21,10.02,12.17,14.7,17.66,21.09,25.02,29.46,34.41,39.87,45.81,52.16,58.86,65.82,72.92,80.05,87.08,93.85,100.24,106.12,111.36,115.86,119.52,122.29,124.13,125.01,124.98,124.06,122.35,119.96,117.01,113.69,110.17,106.65,103.33,100.43,98.11,96.57,95.92,96.25,97.62,100.0,103.33,107.46,112.23,117.41,122.73,127.92,132.68,136.75,139.88,141.85,142.51,141.75,139.54,135.91,130.96,124.83,117.72,109.86,101.5,92.91,84.36,76.09,68.34,61.29,55.12,49.95,45.87,42.92,41.12,40.44,40.84,42.22,44.48,47.49,51.1,55.14,59.45,63.83,68.12,72.13,75.7,78.68,80.95,82.4,82.98,82.66,81.43,79.34,76.46,72.89,68.74,64.15,59.27,54.24,49.19,44.25,39.54,35.14,31.12,27.54,24.42,21.77,19.59,17.85,16.52,15.56,14.93,14.57,14.43,14.45,14.6,14.81,15.05,15.26,15.43,15.51,15.48,15.33,15.05,14.63,14.07,13.4,12.62,11.75,10.82,9.84,8.85,7.86,6.9,5.98,5.12,4.33,3.62,2.98,2.43,1.95,1.55,1.21,0.94,0.72,0.54,0.4,0.3,0.21,0.15,0.11,0.08,0.05,0.04,0.02,0.02,0.01,0.01
12.05,11.36,9.53,7.1,4.71,2.77,1.45,0.68,0.28,0.1,0.03,0.01,0.0,0.0,0.0,0.0,0.0,0.0,0.0,0.0,0.0,0.0,0.0,0.0,0.0,0.0,0.0,0.0,0.0,0.0,0.0,0.0,0.0,0.0,0.0,0.0,0.0,0.0,0.0,0.0,0.0,0.0,0.0,0.0,0.0,0.0,0.0,0.0,0.0,0.0,0.0,0.0,0.0,0.0,0.0,0.0,0.0,0.0,0.0,0.0,0.0,0.0,0.0,0.0,0.0,0.0,0.0,0.0,0.0,0.0,0.0,0.0,0.0,0.0,0.0,0.0,0.0,0.0,0.0,0.0,0.0,0.0,0.0,0.0,0.0,0.0,0.0,0.0,0.0,0.0,0.0,0.0,0.0,0.0,0.0,0.0,0.0,0.0,0.0,0.0,0.0,0.0,0.0,0.0,0.0,0.0,0.0,0.0,0.0,0.0,0.0,0.0,0.0,0.0,0.0,0.0,0.0,0.0,0.01,0.01,0.01,0.02,0.03,0.04,0.05,0.07,0.1,0.14,0.19,0.25,0.33,0.44,0.56,0.72,0.92,1.16,1.45,1.8,2.23,2.73,3.34,4.06,4.92,5.95,7.17,8.62,10.32,12.33,14.67,17.38,20.5,24.05,28.05,32.5,37.39,42.7,48.38,54.37,60.58,66.93,73.3,79.57,85.63,91.35,96.6,101.29,105.31,108.58,111.05,112.67,113.45,113.39,112.54,110.98,108.79,106.12,103.1,99.9,96.71,93.7,91.06,88.96,87.56,86.97,87.27,88.51,90.67,93.68,97.44,101.76,106.45,111.28,115.98,120.31,124.0,126.84,128.63,129.24,128.56,126.58,123.31,118.85,113.34,106.95,99.9,92.42,84.77,77.18,69.89,63.11,57.03,51.8,47.55,44.36,42.27,41.31,41.45,42.63,44.78,47.79,51.53,55.83,60.54,65.47,70.43,75.22,79.66,83.58,86.81,89.23,90.72,91.22,90.71,89.19,86.72,83.36,79.25,74.5,69.29,63.76,58.08,52.4,46.86,41.59,36.69,32.24,28.29,24.87,22.0,19.67,17.85,16.52,15.61,15.09,14.89,14.95,15.22,15.62,16.11,16.62,17.1,17.52,17.82,17.99,17.99,17.81,17.44,16.9,16.19,15.33,14.34,13.26,12.11,10.92,9.73,8.56,7.44,6.38,5.41,4.52,3.74,3.05,2.45,1.95,1.53,1.18,0.9,0.68,0.51,0.37,0.27,0.19,0.14,0.1,0.07,0.04,0.03,0.02,0.01,0.01
23.01,21.69,18.19,13.56,8.98,5.29,2.77,1.29,0.53,0.2,0.06,0.02,0.0,0.0,0.0,0.0,0.0,0.0,0.0,0.0,0.0,0.0,0.0,0.0,0.0,0.0,0.0,0.0,0.0,0.0,0.0,0.0,0.0,0.0,0.0,0.0,0.0,0.0,0.0,0.0,0.0,0.0,0.0,0.0,0.0,0.0,0.0,0.0,0.0,0.0,0.0,0.0,0.0,0.0,0.0,0.0,0.0,0.0,0.0,0.0,0.0,0.0,0.0,0.0,0.0,0.0,0.0,0.0,0.0,0.0,0.0,0.0,0.0,0.0,0.0,0.0,0.0,0.0,0.0,0.0,0.0,0.0,0.0,0.0,0.0,0.0,0.01,0.01,0.01,0.01,0.01,0.01,0.01,0.01,0.01,0.0,0.0,0.0,0.0,0.0,0.0,0.0,0.0,0.0,0.0,0.0,0.0,0.0,0.01,0.01,0.01,0.01,0.01,0.01,0.01,0.01,0.01,0.01,0.01,0.01,0.02,0.02,0.03,0.05,0.07,0.1,0.13,0.18,0.25,0.33,0.43,0.56,0.72,0.92,1.17,1.46,1.81,2.22,2.7,3.27,3.94,4.71,5.61,6.65,7.86,9.26,10.88,12.75,14.9,17.36,20.16,23.33,26.87,30.8,35.1,39.76,44.73,49.98,55.41,60.97,66.54,72.04,77.34,82.35,86.96,91.06,94.58,97.44,99.6,101.01,101.66,101.58,100.79,99.37,97.4,95.0,92.29,89.42,86.55,83.86,81.5,79.62,78.36,77.83,78.1,79.21,81.14,83.84,87.2,91.07,95.27,99.59,103.8,107.67,110.98,113.53,115.14,115.69,115.1,113.35,110.46,106.51,101.64,95.99,89.78,83.22,76.53,69.94,63.67,57.92,52.86,48.63,45.36,43.12,41.97,41.91,42.92,44.97,47.95,51.76,56.28,61.33,66.74,72.31,77.86,83.17,88.04,92.29,95.76,98.29,99.79,100.19,99.46,97.61,94.71,90.86,86.17,80.81,74.94,68.74,62.4,56.08,49.94,44.11,38.71,33.83,29.52,25.82,22.74,20.28,18.41,17.08,16.26,15.87,15.86,16.15,16.68,17.37,18.15,18.96,19.73,20.41,20.94,21.3,21.44,21.35,21.02,20.46,19.67,18.69,17.54,16.26,14.88,13.45,12.01,10.58,9.21,7.91,6.71,5.62,4.64,3.79,3.05,2.42,1.9,1.47,1.13,0.85,0.63,0.47,0.34,0.24,0.17,0.12,0.08,0.06,0.04,0.02,0.02,0.01
39.05,36.82,30.87,23.01,15.25,8.98,4.71,2.19,0.91,0.33,0.11,0.03,0.01,0.0,0.0,0.0,0.0,0.0,0.0,0.0,0.0,0.0,0.0,0.0,0.0,0.0,0.0,0.0,0.0,0.0,0.0,0.0,0.0,0.0,0.0,0.0,0.0,0.0,0.0,0.0,0.0,0.0,0.0,0.0,0.0,0.0,0.0,0.0,0.0,0.0,0.0,0.0,0.0,0.0,0.0,0.0,0.0,0.0,0.0,0.0,0.0,0.0,0.0,0.0,0.0,0.0,0.0,0.0,0.0,0.0,0.0,0.0,0.0,0.0,0.0,0.0,0.0,0.0,0.0,0.0,0.0,0.0,0.0,0.01,0.01,0.01,0.02,0.02,0.03,0.03,0.03,0.03,0.03,0.02,0.02,0.01,0.01,0.01,0.0,0.0,0.0,0.0,0.0,0.0,0.0,0.01,0.01,0.01,0.02,0.02,0.03,0.03,0.03,0.03,0.03,0.03,0.02,0.02,0.02,0.02,0.02,0.03,0.05,0.06,0.09,0.13,0.17,0.24,0.32,0.42,0.56,0.72,0.93,1.18,1.48,1.84,2.26,2.75,3.32,3.97,4.71,5.56,6.52,7.6,8.82,10.2,11.75,13.5,15.48,17.7,20.19,22.97,26.05,29.45,33.15,37.14,41.39,45.87,50.51,55.26,60.02,64.71,69.25,73.53,77.47,80.98,83.99,86.43,88.26,89.44,89.97,89.86,89.13,87.85,86.09,83.95,81.55,79.01,76.47,74.08,71.99,70.33,69.22,68.75,68.99,69.97,71.68,74.06,77.02,80.44,84.15,87.97,91.69,95.12,98.04,100.3,101.73,102.24,101.74,100.22,97.7,94.27,90.03,85.14,79.78,74.14,68.43,62.86,57.63,52.93,48.91,45.72,43.47,42.23,42.06,42.95,44.9,47.84,51.7,56.37,61.7,67.52,73.65,79.89,86.03,91.84,97.13,101.7,105.36,107.98,109.45,109.7,108.7,106.5,103.14,98.75,93.47,87.46,80.92,74.05,67.04,60.08,53.34,46.97,41.08,35.78,31.13,27.16,23.9,21.33,19.43,18.14,17.43,17.21,17.42,17.98,18.81,19.82,20.93,22.07,23.15,24.11,24.88,25.43,25.71,25.7,25.38,24.77,23.88,22.74,21.38,19.85,18.19,16.47,14.71,12.98,11.3,9.71,8.24,6.91,5.71,4.66,3.76,2.99,2.34,1.82,1.39,1.05,0.78,0.57,0.42,0.3,0.21,0.15,0.1,0.07,0.05,0.03,0.02,0.01
58.92,55.56,46.58,34.72,23.01,13.56,7.1,3.31,1.37,0.5,0.17,0.05,0.01,0.0,0.0,0.0,0.0,0.0,0.0,0.0,0.0,0.0,0.0,0.0,0.0,0.0,0.0,0.0,0.0,0.0,0.0,0.0,0.0,0.0,0.0,0.0,0.0,0.0,0.0,0.0,0.0,0.0,0.0,0.0,0.0,0.0,0.0,0.0,0.0,0.0,0.0,0.0,0.0,0.0,0.0,0.0,0.0,0.0,0.0,0.0,0.0,0.0,0.0,0.0,0.0,0.0,0.0,0.0,0.0,0.0,0.0,0.0,0.0,0.0,0.0,0.0,0.0,0.0,0.0,0.0,0.0,0.01,0.01,0.02,0.03,0.04,0.05,0.07,0.08,0.09,0.09,0.09,0.08,0.07,0.05,0.04,0.03,0.02,0.01,0.01,0.0,0.0,0.0,0.01,0.01,0.02,0.03,0.04,0.05,0.07,0.08,0.09,0.09,0.09,0.08,0.07,0.06,0.05,0.04,0.03,0.04,0.04,0.06,0.08,0.12,0.16,0.22,0.3,0.41,0.54,0.71,0.92,1.18,1.49,1.86,2.31,2.82,3.41,4.09,4.85,5.71,6.66,7.7,8.85,10.11,11.5,13.01,14.66,16.48,18.48,20.67,23.07,25.7,28.57,31.66,34.99,38.51,42.22,46.06,49.98,53.92,57.81,61.57,65.12,68.4,71.31,73.8,75.82,77.32,78.27,78.67,78.52,77.84,76.69,75.13,73.25,71.13,68.91,66.69,64.6,62.77,61.32,60.35,59.94,60.15,61.0,62.49,64.57,67.15,70.14,73.37,76.7,79.95,82.94,85.5,87.47,88.74,89.19,88.78,87.49,85.35,82.42,78.81,74.66,70.13,65.4,60.67,56.11,51.92,48.27,45.32,43.18,41.97,41.75,42.58,44.46,47.37,51.26,56.03,61.58,67.74,74.35,81.22,88.12,94.84,101.14,106.82,111.66,115.49,118.15,119.54,119.59,118.29,115.68,111.83,106.87,100.97,94.3,87.09,79.54,71.86,64.27,56.94,50.03,43.67,37.98,33.0,28.8,25.38,22.74,20.84,19.64,19.07,19.07,19.54,20.41,21.58,22.95,24.43,25.92,27.34,28.61,29.65,30.4,30.82,30.87,30.56,29.88,28.84,27.5,25.88,24.05,22.07,19.99,17.87,15.77,13.74,11.82,10.03,8.41,6.95,5.68,4.57,3.64,2.86,2.21,1.69,1.28,0.95,0.7,0.51,0.36,0.26,0.18,0.12,0.08,0.06,0.04,0.02,0.02
79.05,74.54,62.49,46.58,30.87,18.19,9.53,4.44,1.84,0.68,0.22,0.06,0.02,0.0,0.0,0.0,0.0,0.0,0.0,0.0,0.0,0.0,0.0,0.0,0.0,0.0,0.0,0.0,0.0,0.0,0.0,0.0,0.0,0.0,0.0,0.0,0.0,0.0,0.0,0.0,0.0,0.0,0.0,0.0,0.0,0.0,0.0,0.0,0.0,0.0,0.0,0.0,0.0,0.0,0.0,0.0,0.0,0.0,0.0,0.0,0.0,0.0,0.0,0.0,0.0,0.0,0.0,0.0,0.0,0.0,0.0,0.0,0.0,0.0,0.0,0.0,0.0,0.0,0.0,0.0,0.01,0.02,0.03,0.04,0.07,0.1,0.14,0.18,0.21,0.24,0.25,0.24,0.21,0.18,0.14,0.1,0.07,0.04,0.03,0.01,0.01,0.01,0.01,0.01,0.03,0.04,0.07,0.1,0.14,0.18,0.21,0.24,0.25,0.24,0.22,0.18,0.15,0.11,0.08,0.07,0.06,0.06,0.08,0.11,0.15,0.21,0.28,0.38,0.52,0.68,0.9,1.16,1.48,1.87,2.34,2.88,3.51,4.23,5.05,5.95,6.94,8.03,9.2,10.46,11.79,13.21,14.71,16.3,17.99,19.78,21.69,23.74,25.93,28.27,30.77,33.42,36.23,39.17,42.21,45.31,48.44,51.52,54.51,57.34,59.94,62.26,64.25,65.84,67.01,67.73,67.98,67.78,67.15,66.12,64.74,63.1,61.26,59.33,57.41,55.61,54.03,52.78,51.94,51.59,51.76,52.5,53.78,55.56,57.79,60.36,63.14,66.01,68.81,71.38,73.59,75.3,76.41,76.82,76.5,75.43,73.64,71.2,68.19,64.76,61.04,57.2,53.41,49.84,46.68,44.07,42.16,41.07,40.91,41.73,43.58,46.46,50.36,55.21,60.91,67.35,74.37,81.78,89.37,96.92,104.2,110.97,117.0,122.07,126.01,128.66,129.92,129.72,128.07,125.01,120.63,115.08,108.53,101.2,93.3,85.07,76.74,68.52,60.62,53.2,46.4,40.33,35.07,30.67,27.13,24.44,22.59,21.5,21.13,21.38,22.17,23.39,24.95,26.73,28.62,30.51,32.31,33.91,35.23,36.2,36.76,36.88,36.55,35.77,34.57,32.98,31.06,28.88,26.51,24.02,21.49,18.97,16.53,14.22,12.07,10.12,8.37,6.84,5.51,4.38,3.44,2.67,2.04,1.54,1.15,0.84,0.61,0.44,0.31,0.22,0.15,0.1,0.07,0.05,0.03,0.02
94.29,88.91,74.54,55.56,36.82,21.69,11.36,5.29,2.19,0.81,0.26,0.08,0.02,0.0,0.0,0.0,0.0,0.0,0.0,0.0,0.0,0.0,0.0,0.0,0.0,0.0,0.0,0.0,0.0,0.0,0.0,0.0,0.0,0.0,0.0,0.0,0.0,0.0,0.0,0.0,0.0,0.0,0.0,0.0,0.0,0.0,0.0,0.0,0.0,0.0,0.0,0.0,0.0,0.0,0.0,0.0,0.0,0.0,0.0,0.0,0.0,0.0,0.0,0.0,0.0,0.0,0.0,0.0,0.0,0.0,0.0,0.0,0.0,0.0,0.0,0.01,0.01,0.01,0.01,0.01,0.02,0.04,0.06,0.11,0.17,0.25,0.34,0.43,0.52,0.58,0.6,0.58,0.52,0.43,0.34,0.25,0.17,0.1,0.06,0.04,0.02,0.02,0.02,0.04,0.06,0.1,0.17,0.25,0.34,0.43,0.52,0.58,0.6,0.58,0.52,0.44,0.35,0.26,0.19,0.13,0.1,0.1,0.11,0.14,0.19,0.26,0.35,0.48,0.65,0.86,1.12,1.45,1.85,2.34,2.91,3.58,4.35,5.22,6.2,7.28,8.45,9.71,11.05,12.45,13.9,15.39,16.92,18.48,20.06,21.68,23.34,25.04,26.8,28.64,30.56,32.56,34.66,36.84,39.08,41.38,43.7,45.99,48.22,50.33,52.28,54.02,55.49,56.67,57.51,57.99,58.1,57.85,57.24,56.31,55.11,53.68,52.09,50.44,48.79,47.25,45.91,44.84,44.12,43.82,43.97,44.59,45.68,47.2,49.09,51.27,53.64,56.07,58.45,60.65,62.53,64.0,64.95,65.33,65.09,64.23,62.78,60.8,58.37,55.61,52.66,49.66,46.78,44.17,41.99,40.4,39.51,39.46,40.33,42.19,45.06,48.96,53.86,59.68,66.33,73.67,81.54,89.74,98.05,106.24,114.05,121.24,127.57,132.83,136.83,139.42,140.49,139.99,137.94,134.39,129.44,123.27,116.06,108.05,99.46,90.56,81.58,72.76,64.31,56.4,49.19,42.79,37.27,32.7,29.07,26.39,24.62,23.7,23.56,24.11,25.26,26.89,28.88,31.12,33.47,35.81,38.02,39.98,41.61,42.81,43.52,43.71,43.35,42.45,41.04,39.18,36.92,34.34,31.53,28.57,25.56,22.57,19.68,16.93,14.37,12.05,9.97,8.14,6.56,5.22,4.1,3.18,2.43,1.84,1.37,1.01,0.73,0.52,0.37,0.26,0.18,0.12,0.08,0.05,0.04,0.02
100.0,94.29,79.05,58.92,39.05,23.01,12.05,5.61,2.32,0.86,0.28,0.08,0.02,0.0,0.0,0.0,0.0,0.0,0.0,0.0,0.0,0.0,0.0,0.0,0.0,0.0,0.0,0.0,0.0,0.0,0.0,0.0,0.0,0.0,0.0,0.0,0.0,0.0,0.0,0.0,0.0,0.0,0.0,0.0,0.0,0.0,0.0,0.0,0.0,0.0,0.0,0.0,0.0,0.0,0.0,0.0,0.0,0.0,0.0,0.0,0.0,0.0,0.0,0.0,0.0,0.0,0.0,0.0,0.0,0.0,0.0,0.01,0.01,0.01,0.01,0.02,0.02,0.02,0.03,0.04,0.05,0.09,0.15,0.25,0.38,0.56,0.77,0.99,1.18,1.31,1.35,1.31,1.17,0.98,0.77,0.56,0.38,0.24,0.14,0.08,0.05,0.04,0.05,0.08,0.14,0.24,0.38,0.56,0.77,0.98,1.17,1.31,1.36,1.31,1.18,0.99,0.78,0.57,0.4,0.27,0.19,0.15,0.15,0.18,0.24,0.32,0.44,0.6,0.8,1.06,1.39,1.79,2.29,2.88,3.58,4.4,5.34,6.4,7.58,8.87,10.26,11.73,13.27,14.86,16.47,18.08,19.67,21.23,22.76,24.23,25.66,27.04,28.41,29.75,31.1,32.47,33.87,35.3,36.78,38.28,39.8,41.32,42.8,44.21,45.52,46.69,47.67,48.43,48.95,49.19,49.16,48.84,48.25,47.4,46.34,45.1,43.75,42.33,40.94,39.64,38.5,37.6,37.0,36.74,36.87,37.39,38.3,39.57,41.15,42.98,44.97,47.02,49.02,50.86,52.45,53.7,54.52,54.86,54.7,54.04,52.91,51.35,49.46,47.33,45.1,42.9,40.87,39.16,37.93,37.31,37.42,38.38,40.27,43.14,47.04,51.95,57.84,64.64,72.24,80.49,89.21,98.19,107.2,116.0,124.31,131.89,138.48,143.87,147.88,150.34,151.17,150.32,147.82,143.73,138.19,131.37,123.49,114.78,105.51,95.95,86.34,76.94,67.96,59.6,52.0,45.29,39.56,34.85,31.17,28.53,26.88,26.17,26.32,27.22,28.78,30.86,33.34,36.08,38.94,41.76,44.42,46.79,48.74,50.19,51.07,51.31,50.92,49.88,48.25,46.06,43.41,40.39,37.09,33.62,30.08,26.57,23.16,19.93,16.92,14.19,11.74,9.59,7.73,6.15,4.83,3.74,2.86,2.16,1.61,1.19,0.86,0.62,0.44,0.3,0.21,0.14,0.1,0.06,0.04,0.03
94.29,88.91,74.54,55.56,36.82,21.69,11.36,5.29,2.19,0.81,0.26,0.08,0.02,0.0,0.0,0.0,0.0,0.0,0.0,0.0,0.0,0.0,0.0,0.0,0.0,0.0,0.0,0.0,0.0,0.0,0.0,0.0,0.0,0.0,0.0,0.0,0.0,0.0,0.0,0.0,0.0,0.0,0.0,0.0,0.0,0.0,0.0,0.0,0.0,0.0,0.0,0.0,0.0,0.0,0.0,0.0,0.0,0.0,0.0,0.0,0.0,0.0,0.0,0.0,0.0,0.0,0.0,0.0,0.01,0.01,0.01,0.02,0.03,0.04,0.04,0.05,0.05,0.06,0.07,0.09,0.13,0.2,0.33,0.53,0.82,1.19,1.63,2.08,2.48,2.76,2.86,2.76,2.48,2.07,1.62,1.17,0.79,0.5,0.3,0.17,0.1,0.08,0.1,0.17,0.3,0.5,0.79,1.17,1.62,2.07,2.48,2.76,2.86,2.76,2.48,2.08,1.63,1.19,0.82,0.54,0.36,0.26,0.22,0.24,0.3,0.4,0.54,0.73,0.98,1.3,1.7,2.19,2.79,3.51,4.37,5.36,6.49,7.77,9.18,10.72,12.37,14.1,15.89,17.71,19.52,21.29,23.0,24.6,26.1,27.46,28.69,29.79,30.77,31.65,32.46,33.2,33.92,34.63,35.34,36.07,36.82,37.57,38.33,39.06,39.74,40.35,40.84,41.2,41.4,41.41,41.23,40.83,40.24,39.46,38.52,37.45,36.29,35.1,33.92,32.83,31.88,31.13,30.62,30.41,30.51,30.94,31.69,32.74,34.06,35.57,37.22,38.92,40.58,42.11,43.44,44.48,45.19,45.51,45.43,44.95,44.1,42.94,41.53,39.99,38.43,36.96,35.73,34.87,34.53,34.84,35.9,37.84,40.71,44.59,49.49,55.41,62.3,70.08,78.62,87.77,97.33,107.08,116.78,126.15,134.93,142.85,149.66,155.14,159.09,161.38,161.92,160.67,157.68,153.02,146.85,139.36,130.79,121.39,111.44,101.21,90.99,81.03,71.55,62.75,54.8,47.82,41.9,37.09,33.41,30.84,29.36,28.89,29.36,30.66,32.67,35.26,38.27,41.56,44.96,48.32,51.47,54.26,56.57,58.29,59.33,59.64,59.2,58.01,56.12,53.59,50.51,47.0,43.17,39.13,35.02,30.93,26.96,23.2,19.7,16.52,13.67,11.16,9.0,7.16,5.62,4.36,3.33,2.52,1.88,1.38,1.0,0.72,0.51,0.35,0.24,0.17,0.11,0.07,0.05,0.03
79.05,74.54,62.49,46.58,30.87,18.19,9.53,4.44,1.84,0.68,0.22,0.06,0.02,0.0,0.0,0.0,0.0,0.0,0.0,0.0,0.0,0.0,0.0,0.0,0.0,0.0,0.0,0.0,0.0,0.0,0.0,0.0,0.0,0.0,0.0,0.0,0.0,0.0,0.0,0.0,0.0,0.0,0.0,0.0,0.0,0.0,0.0,0.0,0.0,0.0,0.0,0.0,0.0,0.0,0.0,0.0,0.0,0.0,0.0,0.0,0.0,0.0,0.0,0.0,0.0,0.0,0.01,0.01,0.02,0.03,0.04,0.06,0.08,0.1,0.12,0.13,0.15,0.16,0.18,0.22,0.29,0.43,0.67,1.06,1.62,2.35,3.21,4.09,4.88,5.42,5.62,5.42,4.87,4.08,3.18,2.31,1.56,0.98,0.58,0.33,0.19,0.15,0.19,0.33,0.58,0.99,1.56,2.31,3.18,4.08,4.87,5.42,5.62,5.42,4.88,4.09,3.19,2.33,1.6,1.04,0.65,0.43,0.33,0.31,0.37,0.48,0.65,0.88,1.18,1.56,2.05,2.64,3.37,4.24,5.26,6.45,7.81,9.33,11.02,12.85,14.79,16.83,18.91,21.01,23.07,25.05,26.9,28.59,30.09,31.38,32.44,33.28,33.91,34.35,34.63,34.78,34.83,34.83,34.8,34.77,34.76,34.78,34.83,34.89,34.97,35.03,35.06,35.02,34.9,34.68,34.33,33.86,33.25,32.52,31.67,30.74,29.75,28.74,27.76,26.85,26.06,25.44,25.02,24.84,24.92,25.27,25.89,26.75,27.82,29.06,30.4,31.79,33.16,34.42,35.52,36.39,36.99,37.29,37.28,36.97,36.38,35.58,34.62,33.61,32.65,31.86,31.37,31.3,31.8,32.98,34.95,37.82,41.66,46.51,52.41,59.32,67.19,75.94,85.42,95.46,105.85,116.36,126.72,136.65,145.87,154.1,161.09,166.6,170.46,172.53,172.73,171.04,167.51,162.25,155.43,147.26,137.98,127.88,117.25,106.38,95.56,85.05,75.09,65.89,57.61,50.38,44.3,39.42,35.75,33.3,32.01,31.83,32.66,34.39,36.89,40.02,43.61,47.49,51.48,55.4,59.07,62.32,65.01,67.01,68.23,68.6,68.1,66.75,64.58,61.67,58.14,54.1,49.69,45.05,40.31,35.61,31.04,26.71,22.69,19.02,15.74,12.85,10.36,8.24,6.47,5.02,3.84,2.9,2.16,1.59,1.15,0.83,0.59,0.41,0.28,0.19,0.13,0.09,0.06,0.04
58.92,55.56,46.58,34.72,23.01,13.56,7.1,3.31,1.37,0.5,0.17,0.05,0.01,0.0,0.0,0.0,0.0,0.0,0.0,0.0,0.0,0.0,0.0,0.0,0.0,0.0,0.0,0.0,0.0,0.0,0.0,0.0,0.0,0.0,0.0,0.0,0.0,0.0,0.0,0.0,0.0,0.0,0.0,0.0,0.0,0.0,0.0,0.0,0.0,0.0,0.0,0.0,0.0,0.0,0.0,0.0,0.0,0.0,0.0,0.0,0.0,0.0,0.0,0.0,0.0,0.01,0.01,0.03,0.04,0.07,0.11,0.15,0.2,0.26,0.31,0.35,0.39,0.42,0.45,0.52,0.64,0.88,1.31,2.0,3.01,4.33,5.89,7.5,8.94,9.93,10.28,9.92,8.91,7.46,5.82,4.22,2.86,1.8,1.07,0.6,0.35,0.28,0.35,0.6,1.07,1.8,2.86,4.22,5.82,7.46,8.91,9.92,10.28,9.92,8.92,7.47,5.83,4.25,2.9,1.86,1.15,0.71,0.49,0.42,0.46,0.59,0.78,1.05,1.41,1.87,2.44,3.15,4.01,5.04,6.26,7.67,9.28,11.09,13.08,15.24,17.52,19.9,22.33,24.74,27.1,29.32,31.37,33.19,34.73,35.98,36.91,37.51,37.81,37.83,37.6,37.17,36.58,35.89,35.13,34.37,33.62,32.92,32.28,31.7,31.18,30.72,30.28,29.86,29.44,28.98,28.47,27.9,27.26,26.56,25.79,24.96,24.12,23.27,22.45,21.69,21.04,20.53,20.19,20.04,20.1,20.38,20.87,21.57,22.43,23.43,24.52,25.64,26.75,27.78,28.68,29.4,29.92,30.21,30.27,30.1,29.75,29.26,28.71,28.17,27.76,27.59,27.77,28.43,29.71,31.7,34.54,38.3,43.07,48.87,55.73,63.62,72.47,82.17,92.58,103.51,114.73,125.98,136.99,147.45,157.09,165.6,172.73,178.25,181.98,183.79,183.61,181.44,177.35,171.47,163.97,155.1,145.11,134.31,123.0,111.49,100.08,89.04,78.61,69.02,60.43,52.98,46.76,41.83,38.2,35.88,34.82,34.94,36.16,38.35,41.38,45.08,49.28,53.78,58.39,62.9,67.12,70.86,73.94,76.24,77.64,78.08,77.52,75.98,73.52,70.22,66.2,61.6,56.58,51.3,45.91,40.55,35.35,30.42,25.84,21.66,17.92,14.64,11.8,9.39,7.37,5.72,4.37,3.3,2.46,1.81,1.31,0.94,0.67,0.47,0.32,0.22,0.15,0.1,0.06,0.04
39.05,36.82,30.87,23.01,15.25,8.98,4.71,2.19,0.91,0.33,0.11,0.03,0.01,0.0,0.0,0.0,0.0,0.0,0.0,0.0,0.0,0.0,0.0,0.0,0.0,0.0,0.0,0.0,0.0,0.0,0.0,0.0,0.0,0.0,0.0,0.0,0.0,0.0,0.0,0.0,0.0,0.0,0.0,0.0,0.0,0.0,0.0,0.0,0.0,0.0,0.0,0.0,0.0,0.0,0.0,0.0,0.0,0.0,0.0,0.0,0.0,0.0,0.0,0.0,0.01,0.02,0.03,0.06,0.11,0.17,0.26,0.37,0.5,0.62,0.74,0.85,0.93,1.0,1.06,1.15,1.34,1.73,2.42,3.56,5.24,7.46,10.09,12.83,15.25,16.94,17.53,16.91,15.19,12.72,9.92,7.2,4.87,3.07,1.82,1.03,0.6,0.47,0.6,1.03,1.82,3.07,4.87,7.2,9.92,12.72,15.19,16.9,17.52,16.91,15.2,12.73,9.94,7.23,4.92,3.14,1.91,1.14,0.73,0.57,0.58,0.7,0.92,1.24,1.66,2.2,2.87,3.7,4.72,5.93,7.36,9.02,10.91,13.02,15.35,17.87,20.53,23.29,26.1,28.88,31.57,34.08,36.36,38.34,39.97,41.2,42.02,42.43,42.42,42.04,41.32,40.33,39.11,37.75,36.29,34.81,33.34,31.94,30.63,29.42,28.33,27.36,26.48,25.69,24.95,24.26,23.59,22.92,22.24,21.54,20.82,20.08,19.35,18.62,17.94,17.32,16.78,16.36,16.08,15.96,16.0,16.22,16.61,17.16,17.85,18.65,19.52,20.42,21.3,22.13,22.87,23.47,23.92,24.2,24.32,24.29,24.14,23.94,23.74,23.63,23.71,24.09,24.89,26.22,28.21,30.98,34.62,39.24,44.89,51.61,59.41,68.26,78.06,88.72,100.05,111.86,123.89,135.88,147.53,158.52,168.55,177.32,184.58,190.08,193.65,195.17,194.6,191.93,187.27,180.74,172.56,162.97,152.27,140.76,128.78,116.63,104.63,93.06,82.18,72.21,63.31,55.64,49.29,44.32,40.76,38.58,37.75,38.2,39.83,42.5,46.08,50.37,55.2,60.35,65.6,70.73,75.51,79.74,83.24,85.84,87.43,87.93,87.31,85.59,82.81,79.1,74.57,69.4,63.75,57.79,51.72,45.68,39.83,34.27,29.11,24.4,20.19,16.49,13.29,10.58,8.31,6.44,4.93,3.72,2.77,2.04,1.48,1.06,0.75,0.52,0.36,0.25,0.17,0.11,0.07,0.05
23.01,21.69,18.19,13.56,8.98,5.29,2.77,1.29,0.53,0.2,0.06,0.02,0.0,0.0,0.0,0.0,0.0,0.0,0.0,0.0,0.0,0.0,0.0,0.0,0.0,0.0,0.0,0.0,0.0,0.0,0.0,0.0,0.0,0.0,0.0,0.0,0.0,0.0,0.0,0.0,0.0,0.0,0.0,0.0,0.0,0.0,0.0,0.0,0.0,0.0,0.0,0.0,0.0,0.0,0.0,0.0,0.0,0.0,0.0,0.0,0.0,0.0,0.0,0.01,0.02,0.04,0.08,0.14,0.25,0.39,0.6,0.84,1.12,1.41,1.69,1.92,2.1,2.23,2.32,2.45,2.7,3.24,4.27,5.99,8.57,12.03,16.14,20.43,24.26,26.91,27.84,26.85,24.13,20.19,15.74,11.43,7.73,4.88,2.88,1.63,0.96,0.75,0.96,1.63,2.88,4.88,7.73,11.43,15.74,20.19,24.12,26.83,27.81,26.84,24.13,20.2,15.77,11.47,7.79,4.95,2.98,1.75,1.07,0.76,0.72,0.83,1.08,1.44,1.93,2.55,3.33,4.3,5.48,6.89,8.54,10.47,12.66,15.11,17.8,20.71,23.78,26.96,30.18,33.36,36.42,39.26,41.81,43.98,45.72,46.97,47.71,47.93,47.65,46.89,45.7,44.17,42.35,40.33,38.19,36.01,33.85,31.76,29.8,27.99,26.35,24.88,23.57,22.41,21.38,20.46,19.62,18.84,18.1,17.39,16.7,16.03,15.38,14.76,14.18,13.67,13.23,12.88,12.65,12.55,12.58,12.75,13.05,13.49,14.03,14.65,15.34,16.05,16.76,17.42,18.02,18.52,18.91,19.19,19.36,19.45,19.49,19.53,19.65,19.92,20.44,21.32,22.66,24.61,27.26,30.74,35.14,40.57,47.06,54.67,63.39,73.17,83.92,95.51,107.75,120.43,133.28,146.0,158.28,169.79,180.21,189.24,196.61,202.09,205.49,206.73,205.74,202.57,197.32,190.14,181.26,170.96,159.54,147.33,134.66,121.88,109.29,97.19,85.86,75.5,66.3,58.41,51.94,46.93,43.41,41.38,40.8,41.57,43.61,46.77,50.9,55.8,61.27,67.08,72.98,78.73,84.09,88.83,92.74,95.66,97.44,98.0,97.32,95.39,92.31,88.17,83.13,77.36,71.06,64.43,57.65,50.93,44.4,38.21,32.45,27.2,22.51,18.38,14.82,11.79,9.26,7.18,5.49,4.15,3.09,2.27,1.65,1.18,0.84,0.58,0.4,0.27,0.18,0.12,0.08,0.05
12.05,11.36,9.53,7.1,4.71,2.77,1.45,0.68,0.28,0.1,0.03,0.01,0.0,0.0,0.0,0.0,0.0,0.0,0.0,0.0,0.0,0.0,0.0,0.0,0.0,0.0,0.0,0.0,0.0,0.0,0.0,0.0,0.0,0.0,0.0,0.0,0.0,0.0,0.0,0.0,0.0,0.0,0.0,0.0,0.0,0.0,0.0,0.0,0.0,0.0,0.0,0.0,0.0,0.0,0.0,0.0,0.0,0.0,0.0,0.0,0.0,0.0,0.01,0.02,0.04,0.08,0.16,0.3,0.52,0.83,1.26,1.78,2.37,2.98,3.56,4.04,4.41,4.65,4.8,4.93,5.21,5.86,7.2,9.57,13.21,18.16,24.11,30.37,35.96,39.84,41.19,39.71,35.68,29.86,23.28,16.9,11.44,7.21,4.26,2.41,1.42,1.11,1.42,2.41,4.26,7.21,11.44,16.9,23.28,29.85,35.66,39.68,41.12,39.68,35.67,29.87,23.3,16.94,11.5,7.3,4.37,2.52,1.49,1.0,0.88,0.98,1.25,1.66,2.21,2.92,3.82,4.93,6.28,7.89,9.79,11.99,14.5,17.31,20.39,23.71,27.21,30.84,34.5,38.11,41.57,44.76,47.61,50.0,51.88,53.18,53.86,53.92,53.37,52.26,50.63,48.57,46.17,43.52,40.72,37.86,35.03,32.29,29.7,27.31,25.13,23.18,21.46,19.94,18.62,17.47,16.46,15.56,14.76,14.03,13.35,12.72,12.14,11.6,11.11,10.67,10.31,10.03,9.84,9.75,9.76,9.89,10.13,10.46,10.88,11.37,11.9,12.46,13.02,13.55,14.03,14.45,14.8,15.08,15.3,15.5,15.7,15.96,16.35,16.95,17.85,19.17,21.02,23.51,26.77,30.91,36.03,42.21,49.52,57.98,67.58,78.27,89.95,102.46,115.61,129.15,142.81,156.26,169.17,181.21,192.03,201.32,208.81,214.27,217.52,218.47,217.08,213.41,207.57,199.75,190.19,179.17,167.03,154.11,140.76,127.33,114.14,101.51,89.71,78.95,69.45,61.33,54.71,49.65,46.17,44.28,43.92,45.02,47.46,51.11,55.78,61.28,67.39,73.85,80.4,86.78,92.71,97.96,102.29,105.51,107.48,108.11,107.35,105.23,101.83,97.27,91.71,85.34,78.39,71.08,63.61,56.18,48.98,42.15,35.8,30.01,24.83,20.28,16.35,13.01,10.22,7.92,6.06,4.58,3.41,2.51,1.82,1.31,0.92,0.65,0.44,0.3,0.2,0.13,0.09,0.06
5.61,5.29,4.44,3.31,2.19,1.29,0.68,0.32,0.13,0.05,0.02,0.0,0.0,0.0,0.0,0.0,0.0,0.0,0.0,0.0,0.0,0.0,0.0,0.0,0.0,0.0,0.0,0.0,0.0,0.0,0.0,0.0,0.0,0.0,0.0,0.0,0.0,0.0,0.0,0.0,0.0,0.0,0.0,0.0,0.0,0.0,0.0,0.0,0.0,0.0,0.0,0.0,0.0,0.0,0.0,0.0,0.0,0.0,0.0,0.0,0.0,0.01,0.01,0.03,0.08,0.16,0.32,0.59,1.02,1.64,2.47,3.49,4.65,5.85,6.98,7.94,8.65,9.08,9.28,9.36,9.54,10.16,11.67,14.57,19.23,25.74,33.69,42.13,49.7,54.96,56.78,54.71,49.14,41.13,32.06,23.28,15.75,9.93,5.87,3.32,1.96,1.53,1.96,3.32,5.87,9.93,15.75,23.28,32.05,41.11,49.11,54.64,56.62,54.65,49.12,41.13,32.08,23.32,15.81,10.03,5.98,3.42,1.97,1.27,1.05,1.13,1.42,1.88,2.5,3.31,4.33,5.58,7.11,8.93,11.08,13.57,16.41,19.58,23.06,26.8,30.76,34.85,38.97,43.03,46.9,50.47,53.63,56.27,58.3,59.66,60.31,60.23,59.45,58.0,55.95,53.39,50.43,47.18,43.74,40.23,36.75,33.39,30.2,27.25,24.56,22.15,20.03,18.18,16.58,15.2,14.02,13.01,12.13,11.36,10.68,10.08,9.54,9.06,8.63,8.26,7.96,7.72,7.56,7.48,7.49,7.58,7.76,8.01,8.33,8.71,9.12,9.56,9.99,10.41,10.8,11.16,11.48,11.76,12.03,12.32,12.65,13.1,13.73,14.62,15.87,17.58,19.87,22.86,26.68,31.42,37.2,44.1,52.18,61.45,71.9,83.48,96.06,109.47,123.52,137.92,152.38,166.57,180.13,192.7,203.94,213.51,221.14,226.6,229.72,230.4,228.64,224.49,218.09,209.63,199.39,187.67,174.82,161.18,147.15,133.06,119.27,106.09,93.8,82.63,72.79,64.41,57.63,52.49,49.04,47.26,47.11,48.5,51.32,55.43,60.63,66.72,73.44,80.53,87.72,94.71,101.2,106.94,111.68,115.2,117.36,118.05,117.23,114.92,111.2,106.22,100.15,93.2,85.61,77.62,69.46,61.35,53.49,46.03,39.1,32.78,27.12,22.15,17.86,14.21,11.16,8.65,6.62,5.0,3.72,2.74,1.99,1.43,1.01,0.7,0.49,0.33,0.22,0.15,0.1,0.06
2.32,2.19,1.84,1.37,0.91,0.53,0.28,0.13,0.05,0.02,0.01,0.0,0.0,0.0,0.0,0.0,0.0,0.0,0.0,0.0,0.0,0.0,0.0,0.0,0.0,0.0,0.0,0.0,0.0,0.0,0.0,0.0,0.0,0.0,0.0,0.0,0.0,0.0,0.0,0.0,0.0,0.0,0.0,0.0,0.0,0.0,0.0,0.0,0.0,0.0,0.0,0.0,0.0,0.0,0.0,0.0,0.0,0.0,0.0,0.0,0.0,0.01,0.03,0.06,0.14,0.3,0.59,1.08,1.86,3.0,4.52,6.39,8.52,10.71,12.78,14.52,15.8,16.55,16.81,16.71,16.57,16.85,18.17,21.23,26.58,34.37,44.11,54.59,64.07,70.66,72.91,70.22,63.05,52.75,41.12,29.86,20.2,12.74,7.53,4.25,2.51,1.97,2.51,4.25,7.53,12.74,20.2,29.86,41.11,52.73,62.99,70.08,72.62,70.09,63.0,52.75,41.15,29.91,20.27,12.84,7.64,4.35,2.47,1.55,1.23,1.29,1.6,2.11,2.8,3.7,4.83,6.23,7.94,9.98,12.38,15.16,18.32,21.86,25.74,29.93,34.34,38.89,43.49,47.99,52.29,56.25,59.73,62.62,64.82,66.26,66.89,66.7,65.69,63.93,61.48,58.46,54.97,51.14,47.1,42.98,38.89,34.92,31.17,27.69,24.51,21.68,19.17,17.0,15.13,13.54,12.2,11.06,10.11,9.29,8.6,8.01,7.5,7.05,6.67,6.35,6.09,5.89,5.75,5.68,5.68,5.74,5.87,6.06,6.31,6.59,6.91,7.24,7.58,7.91,8.24,8.54,8.84,9.13,9.44,9.8,10.26,10.87,11.7,12.84,14.39,16.45,19.13,22.57,26.89,32.19,38.58,46.15,54.95,64.99,76.27,88.69,102.15,116.45,131.37,146.63,161.9,176.83,191.04,204.16,215.84,225.72,233.53,239.02,242.05,242.51,240.41,235.81,228.88,219.82,208.93,196.52,182.96,168.62,153.89,139.14,124.73,110.98,98.18,86.57,76.35,67.7,60.71,55.46,51.99,50.29,50.31,51.97,55.14,59.67,65.36,72.0,79.3,87.01,94.8,102.36,109.4,115.61,120.74,124.55,126.89,127.63,126.74,124.25,120.23,114.84,108.28,100.77,92.56,83.92,75.1,66.34,57.84,49.77,42.27,35.44,29.32,23.95,19.31,15.36,12.06,9.35,7.15,5.4,4.03,2.96,2.15,1.54,1.09,0.76,0.52,0.36,0.24,0.16,0.1,0.07
0.86,0.81,0.68,0.5,0.33,0.2,0.1,0.05,0.02,0.01,0.0,0.0,0.0,0.0,0.0,0.0,0.0,0.0,0.0,0.0,0.0,0.0,0.0,0.0,0.0,0.0,0.0,0.0,0.0,0.0,0.0,0.0,0.0,0.0,0.0,0.0,0.0,0.0,0.0,0.0,0.0,0.0,0.0,0.0,0.0,0.0,0.0,0.0,0.0,0.0,0.0,0.0,0.0,0.0,0.0,0.0,0.0,0.0,0.0,0.0,0.01,0.02,0.04,0.11,0.24,0.51,1.0,1.84,3.17,5.11,7.7,10.9,14.52,18.26,21.78,24.74,26.9,28.12,28.43,27.99,27.19,26.64,27.17,29.71,35.02,43.36,54.22,66.16,77.09,84.71,87.25,83.95,75.35,63.03,49.13,35.67,24.13,15.22,8.99,5.08,3.0,2.35,3.0,5.08,8.99,15.22,24.13,35.66,49.11,62.99,75.25,83.72,86.75,83.72,75.26,63.01,49.15,35.72,24.21,15.33,9.12,5.17,2.91,1.8,1.4,1.44,1.77,2.32,3.09,4.08,5.33,6.88,8.75,11.0,13.65,16.72,20.2,24.1,28.38,32.99,37.85,42.86,47.91,52.87,57.59,61.92,65.73,68.87,71.25,72.78,73.4,73.11,71.91,69.86,67.04,63.58,59.6,55.23,50.63,45.93,41.27,36.75,32.47,28.49,24.87,21.63,18.77,16.3,14.18,12.39,10.88,9.63,8.59,7.73,7.02,6.42,5.92,5.5,5.16,4.87,4.64,4.46,4.34,4.28,4.26,4.3,4.4,4.54,4.72,4.93,5.17,5.42,5.69,5.96,6.22,6.49,6.77,7.07,7.42,7.85,8.41,9.15,10.16,11.52,13.32,15.68,18.72,22.56,27.32,33.13,40.09,48.27,57.75,68.52,80.57,93.81,108.11,123.27,139.05,155.15,171.22,186.89,201.77,215.47,227.61,237.84,245.87,251.45,254.43,254.72,252.33,247.34,239.92,230.3,218.79,205.71,191.46,176.43,161.01,145.59,130.55,116.2,102.86,90.78,80.16,71.18,63.95,58.55,55.02,53.35,53.5,55.37,58.84,63.75,69.89,77.02,84.87,93.13,101.48,109.59,117.13,123.78,129.27,133.36,135.86,136.65,135.7,133.03,128.73,122.96,115.93,107.89,99.11,89.85,80.41,71.03,61.92,53.29,45.26,37.94,31.4,25.64,20.67,16.45,12.92,10.01,7.66,5.79,4.31,3.17,2.3,1.65,1.17,0.82,0.56,0.38,0.26,0.17,0.11,0.07
0.28,0.26,0.22,0.17,0.11,0.06,0.03,0.02,0.01,0.0,0.0,0.0,0.0,0.0,0.0,0.0,0.0,0.0,0.0,0.0,0.0,0.0,0.0,0.0,0.0,0.0,0.0,0.0,0.0,0.0,0.0,0.0,0.0,0.0,0.0,0.0,0.0,0.0,0.0,0.0,0.0,0.0,0.0,0.0,0.0,0.0,0.0,0.0,0.0,0.0,0.0,0.0,0.0,0.0,0.0,0.0,0.0,0.0,0.0,0.0,0.01,0.03,0.07,0.17,0.38,0.8,1.59,2.92,5.04,8.11,12.22,17.3,23.05,28.99,34.57,39.27,42.66,44.54,44.88,43.88,41.99,39.98,38.9,39.95,44.13,51.9,62.74,75.11,86.64,94.72,97.31,93.52,83.88,70.15,54.66,39.69,26.85,16.93,10.01,5.65,3.33,2.61,3.33,5.65,10.01,16.93,26.84,39.68,54.64,70.08,83.72,93.14,96.51,93.15,83.73,70.1,54.68,39.74,26.93,17.05,10.14,5.74,3.23,1.98,1.53,1.57,1.93,2.53,3.36,4.44,5.8,7.48,9.53,11.98,14.86,18.19,21.99,26.23,30.89,35.9,41.18,46.63,52.12,57.5,62.62,67.32,71.44,74.84,77.39,79.01,79.64,79.25,77.88,75.57,72.43,68.57,64.13,59.27,54.16,48.94,43.75,38.72,33.95,29.53,25.5,21.89,18.71,15.96,13.61,11.63,9.98,8.62,7.5,6.59,5.84,5.24,4.74,4.34,4.01,3.74,3.53,3.38,3.26,3.2,3.18,3.2,3.26,3.36,3.49,3.65,3.82,4.02,4.23,4.44,4.67,4.91,5.18,5.48,5.87,6.35,7.0,7.86,9.02,10.56,12.58,15.21,18.55,22.74,27.91,34.17,41.64,50.39,60.49,71.94,84.71,98.72,113.82,129.81,146.42,163.34,180.2,196.62,212.18,226.47,239.1,249.72,258.01,263.74,266.73,266.92,264.3,258.98,251.13,241.0,228.91,215.21,200.3,184.58,168.48,152.39,136.69,121.74,107.83,95.24,84.19,74.84,67.33,61.73,58.09,56.4,56.62,58.65,62.36,67.59,74.12,81.69,90.02,98.78,107.63,116.23,124.22,131.28,137.1,141.43,144.08,144.92,143.91,141.08,136.52,130.4,122.95,114.42,105.1,95.29,85.28,75.32,65.67,56.51,48.0,40.24,33.3,27.19,21.92,17.44,13.7,10.62,8.12,6.14,4.57,3.36,2.44,1.75,1.24,0.86,0.6,0.41,0.27,0.18,0.12,0.08
0.08,0.08,0.06,0.05,0.03,0.02,0.01,0.0,0.0,0.0,0.0,0.0,0.0,0.0,0.0,0.0,0.0,0.0,0.0,0.0,0.0,0.0,0.0,0.0,0.0,0.0,0.0,0.0,0.0,0.0,0.0,0.0,0.0,0.0,0.0,0.0,0.0,0.0,0.0,0.0,0.0,0.0,0.0,0.0,0.0,0.0,0.0,0.0,0.0,0.0,0.0,0.0,0.0,0.0,0.0,0.0,0.0,0.0,0.0,0.0,0.01,0.04,0.1,0.25,0.56,1.19,2.35,4.32,7.45,11.99,18.08,25.58,34.08,42.86,51.12,58.05,63.04,65.76,66.11,64.3,60.87,56.72,53.13,51.59,53.39,59.19,68.6,80.06,91.07,98.85,101.19,97.07,86.99,72.72,56.66,41.13,27.82,17.55,10.37,5.86,3.45,2.71,3.45,5.86,10.37,17.55,27.82,41.12,56.62,72.62,86.75,96.51,100.01,96.52,86.76,72.64,56.66,41.18,27.91,17.67,10.51,5.96,3.36,2.08,1.63,1.68,2.07,2.72,3.61,4.77,6.23,8.04,10.24,12.87,15.96,19.55,23.62,28.18,33.18,38.56,44.24,50.09,55.98,61.75,67.24,72.28,76.68,80.31,83.03,84.74,85.37,84.92,83.39,80.86,77.42,73.21,68.37,63.08,57.51,51.82,46.17,40.7,35.5,30.68,26.28,22.35,18.89,15.9,13.34,11.2,9.41,7.95,6.75,5.79,5.01,4.39,3.89,3.49,3.17,2.92,2.72,2.57,2.46,2.39,2.36,2.37,2.4,2.47,2.56,2.67,2.81,2.95,3.12,3.29,3.49,3.71,3.97,4.28,4.69,5.23,5.95,6.91,8.19,9.88,12.1,14.94,18.55,23.05,28.57,35.23,43.15,52.42,63.08,75.15,88.59,103.32,119.18,135.94,153.34,171.05,188.68,205.83,222.07,236.97,250.13,261.17,269.78,275.7,278.78,278.93,276.16,270.57,262.36,251.78,239.17,224.89,209.35,192.98,176.21,159.46,143.11,127.53,113.04,99.92,88.39,78.64,70.8,64.95,61.15,59.39,59.62,61.74,65.64,71.12,77.96,85.9,94.64,103.83,113.12,122.14,130.53,137.94,144.04,148.59,151.37,152.26,151.2,148.22,143.43,137.0,129.17,120.21,110.42,100.11,89.59,79.13,68.99,59.37,50.43,42.27,34.98,28.57,23.03,18.32,14.39,11.16,8.54,6.45,4.8,3.53,2.57,1.84,1.3,0.91,0.63,0.43,0.29,0.19,0.12,0.08
0.02,0.02,0.02,0.01,0.01,0.0,0.0,0.0,0.0,0.0,0.0,0.0,0.0,0.0,0.0,0.0,0.0,0.0,0.0,0.0,0.0,0.0,0.0,0.0,0.0,0.0,0.0,0.0,0.0,0.0,0.0,0.0,0.0,0.0,0.0,0.0,0.0,0.0,0.0,0.0,0.0,0.0,0.0,0.0,0.0,0.0,0.0,0.0,0.0,0.0,0.0,0.0,0.0,0.0,0.0,0.0,0.0,0.0,0.0,0.01,0.02,0.05,0.14,0.34,0.77,1.64,3.23,5.96,10.25,16.51,24.89,35.23,46.93,59.03,70.39,79.92,86.78,90.46,90.8,88.0,82.65,75.8,68.94,63.83,62.06,64.57,71.15,80.33,89.67,96.37,98.14,93.91,84.05,70.22,54.69,39.7,26.85,16.94,10.01,5.65,3.33,2.61,3.33,5.65,10.01,16.93,26.84,39.68,54.64,70.08,83.72,93.14,96.51,93.15,83.73,70.11,54.69,39.75,26.94,17.07,10.17,5.79,3.3,2.08,1.67,1.76,2.18,2.88,3.83,5.06,6.61,8.53,10.86,13.65,16.93,20.73,25.05,29.88,35.18,40.89,46.9,53.11,59.35,65.47,71.28,76.61,81.27,85.1,87.97,89.76,90.41,89.9,88.24,85.52,81.84,77.32,72.15,66.49,60.53,54.45,48.4,42.54,36.99,31.83,27.12,22.92,19.22,16.02,13.29,11.0,9.1,7.54,6.28,5.27,4.46,3.82,3.31,2.91,2.59,2.34,2.14,1.99,1.88,1.81,1.77,1.76,1.77,1.81,1.87,1.95,2.04,2.16,2.28,2.43,2.6,2.81,3.06,3.39,3.82,4.4,5.17,6.21,7.6,9.42,11.79,14.82,18.65,23.41,29.23,36.24,44.56,54.28,65.44,78.06,92.11,107.49,124.03,141.52,159.66,178.11,196.48,214.34,231.25,246.76,260.46,271.96,280.93,287.11,290.33,290.51,287.66,281.89,273.39,262.44,249.37,234.57,218.46,201.47,184.07,166.66,149.67,133.47,118.38,104.71,92.68,82.5,74.29,68.16,64.15,62.25,62.43,64.6,68.6,74.26,81.34,89.57,98.63,108.17,117.82,127.2,135.91,143.61,149.96,154.69,157.58,158.5,157.39,154.29,149.3,142.61,134.45,125.13,114.94,104.21,93.26,82.37,71.82,61.8,52.49,44.01,36.41,29.74,23.97,19.08,14.98,11.61,8.88,6.71,5.0,3.68,2.67,1.91,1.35,0.95,0.65,0.44,0.3,0.2,0.13,0.08
0.0,0.0,0.0,0.0,0.0,0.0,0.0,0.0,0.0,0.0,0.0,0.0,0.0,0.0,0.0,0.0,0.0,0.0,0.0,0.0,0.0,0.0,0.0,0.0,0.0,0.0,0.0,0.0,0.0,0.0,0.0,0.0,0.0,0.0,0.0,0.0,0.0,0.0,0.0,0.0,0.0,0.0,0.0,0.0,0.0,0.0,0.0,0.0,0.0,0.0,0.0,0.0,0.0,0.0,0.0,0.0,0.0,0.0,0.0,0.01,0.02,0.07,0.18,0.44,0.99,2.1,4.14,7.64,13.15,21.17,31.93,45.19,60.19,75.71,90.28,102.5,111.27,115.93,116.24,112.36,104.95,95.14,84.62,75.38,69.31,67.59,70.28,76.14,82.88,87.86,88.84,84.7,75.68,63.17,49.18,35.69,24.14,15.22,8.99,5.08,3.0,2.35,3.0,5.08,8.99,15.22,24.13,35.66,49.11,62.99,75.25,83.72,86.75,83.73,75.26,63.02,49.16,35.74,24.24,15.37,9.18,5.26,3.04,1.98,1.66,1.8,2.27,3.01,4.01,5.3,6.92,8.93,11.37,14.28,17.72,21.7,26.22,31.28,36.83,42.8,49.09,55.58,62.11,68.51,74.59,80.16,85.04,89.04,92.02,93.88,94.55,93.99,92.24,89.37,85.49,80.73,75.29,69.33,63.07,56.67,50.31,44.15,38.3,32.88,27.93,23.5,19.61,16.25,13.38,10.98,8.99,7.36,6.04,4.98,4.14,3.48,2.95,2.54,2.21,1.96,1.76,1.61,1.49,1.41,1.35,1.32,1.32,1.33,1.37,1.42,1.49,1.57,1.67,1.8,1.95,2.14,2.4,2.73,3.18,3.79,4.61,5.71,7.18,9.1,11.6,14.78,18.79,23.77,29.84,37.15,45.8,55.9,67.49,80.6,95.17,111.12,128.28,146.41,165.22,184.35,203.41,221.94,239.49,255.61,269.85,281.82,291.18,297.67,301.09,301.38,298.53,292.65,283.96,272.71,259.26,244.01,227.38,209.84,191.84,173.82,156.21,139.4,123.73,109.5,96.96,86.32,77.72,71.26,67.0,64.93,65.0,67.13,71.17,76.93,84.17,92.6,101.9,111.71,121.63,131.28,140.25,148.18,154.72,159.59,162.56,163.5,162.36,159.16,154.01,147.11,138.7,129.07,118.56,107.5,96.2,84.97,74.08,63.75,54.15,45.39,37.56,30.68,24.73,19.68,15.45,11.98,9.16,6.92,5.16,3.8,2.76,1.98,1.4,0.98,0.67,0.46,0.31,0.2,0.13,0.09
0.0,0.0,0.0,0.0,0.0,0.0,0.0,0.0,0.0,0.0,0.0,0.0,0.0,0.0,0.0,0.0,0.0,0.0,0.0,0.0,0.0,0.0,0.0,0.0,0.0,0.0,0.0,0.0,0.0,0.0,0.0,0.0,0.0,0.0,0.0,0.0,0.0,0.0,0.0,0.0,0.0,0.0,0.0,0.0,0.0,0.0,0.0,0.0,0.0,0.0,0.0,0.0,0.0,0.0,0.0,0.0,0.0,0.0,0.0,0.01,0.03,0.08,0.21,0.52,1.18,2.51,4.95,9.13,15.71,25.29,38.14,53.98,71.9,90.44,107.84,122.43,132.89,138.41,138.67,133.81,124.48,111.91,97.9,84.62,74.17,67.99,66.4,68.44,72.11,75.03,75.12,71.26,63.51,52.94,41.19,29.88,20.21,12.74,7.53,4.25,2.51,1.97,2.51,4.25,7.53,12.74,20.2,29.86,41.11,52.73,62.99,70.08,72.62,70.09,63.01,52.76,41.16,29.93,20.31,12.9,7.73,4.48,2.66,1.82,1.61,1.82,2.33,3.1,4.14,5.47,7.15,9.22,11.74,14.76,18.31,22.42,27.09,32.31,38.05,44.21,50.72,57.42,64.17,70.78,77.06,82.81,87.83,91.96,95.04,96.95,97.63,97.05,95.23,92.25,88.22,83.3,77.66,71.49,65.0,58.37,51.79,45.41,39.37,33.75,28.63,24.05,20.03,16.54,13.58,11.09,9.03,7.35,5.98,4.89,4.02,3.33,2.79,2.36,2.02,1.76,1.55,1.38,1.25,1.15,1.08,1.04,1.01,1.01,1.02,1.05,1.09,1.15,1.23,1.34,1.48,1.66,1.91,2.25,2.72,3.35,4.2,5.35,6.88,8.89,11.48,14.78,18.93,24.07,30.34,37.88,46.81,57.21,69.16,82.66,97.68,114.11,131.78,150.47,169.86,189.6,209.27,228.41,246.56,263.25,278.03,290.48,300.25,307.07,310.75,311.2,308.43,302.53,293.71,282.26,268.52,252.9,235.84,217.81,199.28,180.7,162.52,145.13,128.9,114.13,101.09,89.99,80.98,74.18,69.62,67.33,67.25,69.29,73.29,79.08,86.39,94.94,104.38,114.36,124.47,134.3,143.45,151.53,158.21,163.17,166.21,167.17,165.99,162.72,157.45,150.39,141.79,131.96,121.21,109.9,98.35,86.87,75.74,65.17,55.36,46.41,38.4,31.36,25.28,20.12,15.8,12.25,9.37,7.08,5.27,3.88,2.82,2.02,1.43,1.0,0.69,0.47,0.31,0.21,0.14,0.09
0.0,0.0,0.0,0.0,0.0,0.0,0.0,0.0,0.0,0.0,0.0,0.0,0.0,0.0,0.0,0.0,0.0,0.0,0.0,0.0,0.0,0.0,0.0,0.0,0.0,0.0,0.0,0.0,0.0,0.0,0.0,0.0,0.0,0.0,0.0,0.0,0.0,0.0,0.0,0.0,0.0,0.0,0.0,0.0,0.0,0.0,0.0,0.0,0.0,0.0,0.0,0.0,0.0,0.0,0.0,0.0,0.0,0.0,0.0,0.01,0.03,0.09,0.24,0.58,1.32,2.79,5.51,10.15,17.48,28.14,42.43,60.06,79.99,100.62,119.97,136.2,147.83,153.93,154.13,148.54,137.8,123.15,106.43,89.91,75.8,65.71,60.19,58.59,59.26,60.15,59.4,55.96,49.69,41.35,32.14,23.31,15.76,9.94,5.87,3.32,1.96,1.53,1.96,3.32,5.87,9.93,15.75,23.28,32.05,41.11,49.11,54.64,56.62,54.65,49.13,41.14,32.11,23.36,15.87,10.1,6.09,3.59,2.21,1.62,1.54,1.82,2.36,3.16,4.22,5.58,7.29,9.4,11.97,15.05,18.67,22.86,27.63,32.95,38.8,45.09,51.72,58.55,65.43,72.17,78.57,84.44,89.56,93.77,96.9,98.85,99.54,98.94,97.08,94.04,89.93,84.91,79.15,72.86,66.24,59.49,52.78,46.28,40.11,34.39,29.18,24.51,20.41,16.86,13.84,11.31,9.21,7.49,6.09,4.97,4.08,3.37,2.8,2.35,2.0,1.71,1.48,1.29,1.14,1.03,0.94,0.87,0.82,0.8,0.79,0.79,0.82,0.86,0.92,1.01,1.14,1.32,1.57,1.91,2.38,3.03,3.91,5.09,6.66,8.72,11.38,14.77,19.02,24.28,30.7,38.41,47.53,58.17,70.38,84.18,99.54,116.35,134.44,153.57,173.45,193.69,213.87,233.55,252.23,269.43,284.7,297.61,307.8,314.98,318.96,319.62,316.99,311.15,302.3,290.73,276.8,260.9,243.51,225.08,206.1,187.04,168.35,150.45,133.7,118.43,104.91,93.37,83.96,76.79,71.93,69.38,69.1,70.99,74.9,80.64,87.94,96.51,106.01,116.06,126.26,136.18,145.43,153.6,160.35,165.37,168.44,169.4,168.21,164.89,159.55,152.4,143.68,133.71,122.82,111.36,99.66,88.03,76.74,66.04,56.09,47.02,38.91,31.78,25.62,20.38,16.01,12.41,9.49,7.17,5.34,3.93,2.85,2.05,1.45,1.01,0.7,0.47,0.32,0.21,0.14,0.09
0.0,0.0,0.0,0.0,0.0,0.0,0.0,0.0,0.0,0.0,0.0,0.0,0.0,0.0,0.0,0.0,0.0,0.0,0.0,0.0,0.0,0.0,0.0,0.0,0.0,0.0,0.0,0.0,0.0,0.0,0.0,0.0,0.0,0.0,0.0,0.0,0.0,0.0,0.0,0.0,0.0,0.0,0.0,0.0,0.0,0.0,0.0,0.0,0.0,0.0,0.0,0.0,0.0,0.0,0.0,0.0,0.0,0.0,0.0,0.01,0.03,0.09,0.25,0.6,1.36,2.89,5.71,10.52,18.11,29.16,43.97,62.23,82.89,104.26,124.32,141.13,153.16,159.46,159.6,153.68,142.29,126.62,108.48,90.09,73.66,60.87,52.43,47.96,46.18,45.38,44.0,41.04,36.26,30.1,23.37,16.94,11.45,7.22,4.26,2.41,1.42,1.11,1.42,2.41,4.26,7.21,11.44,16.9,23.28,29.85,35.66,39.68,41.12,39.69,35.68,29.89,23.33,16.98,11.56,7.39,4.5,2.72,1.77,1.41,1.46,1.79,2.36,3.17,4.24,5.61,7.34,9.47,12.05,15.15,18.79,23.01,27.81,33.17,39.05,45.38,52.05,58.93,65.86,72.64,79.09,84.99,90.15,94.38,97.54,99.5,100.19,99.59,97.73,94.67,90.54,85.49,79.71,73.39,66.74,59.96,53.23,46.7,40.52,34.77,29.54,24.87,20.76,17.2,14.17,11.62,9.51,7.77,6.36,5.22,4.31,3.57,2.98,2.51,2.12,1.81,1.55,1.33,1.16,1.01,0.9,0.8,0.73,0.68,0.65,0.64,0.64,0.66,0.71,0.79,0.91,1.08,1.32,1.66,2.14,2.8,3.69,4.89,6.49,8.58,11.28,14.72,19.03,24.37,30.87,38.69,47.93,58.72,71.1,85.1,100.69,117.75,136.14,155.6,175.82,196.45,217.04,237.14,256.26,273.9,289.61,302.94,313.52,321.06,325.35,326.28,323.83,318.12,309.33,297.75,283.72,267.66,250.03,231.31,211.99,192.55,173.44,155.11,137.91,122.2,108.26,96.3,86.51,79.0,73.83,71.01,70.5,72.19,75.95,81.56,88.77,97.28,106.74,116.77,126.96,136.89,146.15,154.34,161.1,166.13,169.2,170.16,168.96,165.62,160.26,153.07,144.32,134.3,123.37,111.85,100.09,88.41,77.08,66.33,56.34,47.23,39.08,31.92,25.73,20.47,16.08,12.46,9.54,7.2,5.37,3.95,2.87,2.06,1.45,1.02,0.7,0.48,0.32,0.21,0.14,0.09
0.0,0.0,0.0,0.0,0.0,0.0,0.0,0.0,0.0,0.0,0.0,0.0,0.0,0.0,0.0,0.0,0.0,0.0,0.0,0.0,0.0,0.0,0.0,0.0,0.0,0.0,0.0,0.0,0.0,0.0,0.0,0.0,0.0,0.0,0.0,0.0,0.0,0.0,0.0,0.0,0.0,0.0,0.0,0.0,0.0,0.0,0.0,0.0,0.0,0.0,0.0,0.0,0.0,0.0,0.0,0.0,0.0,0.0,0.0,0.01,0.03,0.09,0.24,0.58,1.32,2.79,5.51,10.15,17.48,28.14,42.43,60.06,79.99,100.62,119.97,136.19,147.8,153.86,153.96,148.15,136.98,121.53,103.47,84.86,67.79,53.86,43.88,37.67,34.27,32.34,30.59,28.15,24.7,20.43,15.83,11.46,7.74,4.88,2.88,1.63,0.96,0.75,0.96,1.63,2.88,4.88,7.73,11.43,15.74,20.19,24.12,26.84,27.81,26.85,24.14,20.22,15.79,11.51,7.85,5.06,3.13,1.97,1.39,1.23,1.37,1.75,2.34,3.15,4.21,5.58,7.29,9.4,11.97,15.05,18.67,22.86,27.62,32.95,38.8,45.09,51.72,58.55,65.43,72.17,78.57,84.44,89.56,93.78,96.92,98.87,99.57,98.98,97.14,94.11,90.02,85.03,79.31,73.06,66.48,59.78,53.12,46.67,40.56,34.89,29.73,25.12,21.06,17.55,14.55,12.03,9.94,8.21,6.8,5.65,4.71,3.95,3.33,2.82,2.4,2.05,1.75,1.5,1.28,1.1,0.95,0.83,0.73,0.65,0.59,0.55,0.54,0.54,0.58,0.64,0.75,0.91,1.15,1.49,1.96,2.62,3.52,4.73,6.33,8.43,11.15,14.6,18.94,24.3,30.83,38.68,47.98,58.82,71.27,85.37,101.06,118.26,136.8,156.44,176.88,197.75,218.61,239.01,258.44,276.43,292.49,306.17,317.11,324.99,329.59,330.8,328.6,323.08,314.43,302.92,288.91,272.8,255.06,236.18,216.64,196.93,177.53,158.86,141.32,125.26,110.96,98.65,88.53,80.69,75.22,72.13,71.36,72.83,76.38,81.81,88.86,97.22,106.55,116.47,126.56,136.41,145.59,153.72,160.43,165.43,168.48,169.43,168.23,164.9,159.56,152.4,143.69,133.72,122.83,111.36,99.66,88.03,76.74,66.04,56.09,47.02,38.91,31.78,25.62,20.38,16.01,12.41,9.49,7.17,5.34,3.93,2.85,2.05,1.45,1.01,0.7,0.47,0.32,0.21,0.14,0.09
0.0,0.0,0.0,0.0,0.0,0.0,0.0,0.0,0.0,0.0,0.0,0.0,0.0,0.0,0.0,0.0,0.0,0.0,0.0,0.0,0.0,0.0,0.0,0.0,0.0,0.0,0.0,0.0,0.0,0.0,0.0,0.0,0.0,0.0,0.0,0.0,0.0,0.0,0.0,0.0,0.0,0.0,0.0,0.0,0.0,0.0,0.0,0.0,0.0,0.0,0.0,0.0,0.0,0.0,0.0,0.0,0.0,0.0,0.0,0.01,0.03,0.08,0.21,0.52,1.18,2.51,4.95,9.13,15.71,25.29,38.14,53.98,71.9,90.44,107.83,122.41,132.84,138.27,138.34,133.06,122.9,108.81,92.23,74.97,58.85,45.34,35.21,28.43,24.32,21.85,20.02,18.09,15.71,12.93,10.0,7.23,4.88,3.08,1.82,1.03,0.6,0.47,0.6,1.03,1.82,3.07,4.87,7.2,9.92,12.72,15.19,16.91,17.52,16.91,15.21,12.75,9.97,7.28,4.99,3.25,2.07,1.38,1.08,1.07,1.28,1.69,2.28,3.08,4.13,5.47,7.15,9.22,11.74,14.76,18.31,22.41,27.09,32.31,38.05,44.21,50.71,57.42,64.16,70.78,77.06,82.81,87.84,91.98,95.06,96.99,97.68,97.12,95.34,92.39,88.41,83.55,77.97,71.89,65.48,58.96,52.48,46.21,40.28,34.77,29.77,25.29,21.35,17.94,15.03,12.57,10.52,8.82,7.42,6.27,5.32,4.53,3.87,3.32,2.85,2.44,2.09,1.79,1.52,1.29,1.1,0.93,0.79,0.68,0.6,0.53,0.5,0.48,0.5,0.55,0.65,0.8,1.03,1.36,1.83,2.48,3.37,4.58,6.17,8.27,10.97,14.4,18.72,24.05,30.56,38.38,47.65,58.45,70.88,84.94,100.62,117.81,136.36,156.04,176.53,197.48,218.46,239.0,258.62,276.82,293.12,307.08,318.3,326.47,331.38,332.88,330.96,325.69,317.25,305.92,292.03,276.0,258.28,239.37,219.75,199.92,180.35,161.49,143.73,127.42,112.86,100.28,89.88,81.78,76.04,72.68,71.65,72.87,76.17,81.36,88.18,96.32,105.44,115.16,125.06,134.74,143.77,151.76,158.37,163.29,166.29,167.22,166.03,162.74,157.47,150.4,141.8,131.96,121.21,109.9,98.35,86.87,75.74,65.17,55.36,46.41,38.4,31.36,25.28,20.12,15.8,12.25,9.37,7.08,5.27,3.88,2.82,2.02,1.43,1.0,0.69,0.47,0.31,0.21,0.14,0.09
0.0,0.0,0.0,0.0,0.0,0.0,0.0,0.0,0.0,0.0,0.0,0.0,0.0,0.0,0.0,0.0,0.0,0.0,0.0,0.0,0.0,0.0,0.0,0.0,0.0,0.0,0.0,0.0,0.0,0.0,0.0,0.0,0.0,0.0,0.0,0.0,0.0,0.0,0.0,0.0,0.0,0.0,0.0,0.0,0.0,0.0,0.0,0.0,0.0,0.0,0.0,0.0,0.0,0.0,0.0,0.0,0.0,0.0,0.0,0.01,0.02,0.07,0.18,0.44,0.99,2.1,4.14,7.64,13.15,21.17,31.93,45.19,60.19,75.71,90.27,102.47,111.2,115.74,115.78,111.33,102.76,90.85,76.76,61.99,48.05,36.15,26.99,20.61,16.55,14.06,12.38,10.91,9.35,7.64,5.89,4.25,2.87,1.81,1.07,0.6,0.35,0.28,0.35,0.6,1.07,1.8,2.86,4.22,5.82,7.46,8.91,9.92,10.28,9.93,8.93,7.49,5.87,4.3,2.97,1.98,1.32,0.97,0.86,0.95,1.2,1.62,2.2,2.98,4.0,5.29,6.92,8.93,11.36,14.28,17.72,21.7,26.22,31.28,36.82,42.79,49.09,55.58,62.11,68.51,74.59,80.17,85.04,89.05,92.05,93.93,94.62,94.1,92.4,89.59,85.77,81.11,75.77,69.94,63.81,57.56,51.37,45.38,39.71,34.46,29.69,25.42,21.67,18.41,15.63,13.28,11.3,9.64,8.27,7.11,6.15,5.32,4.62,4.01,3.47,3.0,2.58,2.21,1.88,1.59,1.34,1.12,0.94,0.78,0.66,0.57,0.5,0.47,0.47,0.5,0.58,0.72,0.94,1.26,1.72,2.36,3.24,4.42,6.0,8.06,10.72,14.11,18.37,23.63,30.05,37.78,46.93,57.61,69.89,83.81,99.34,116.38,134.79,154.33,174.71,195.57,216.5,237.03,256.67,274.94,291.35,305.47,316.89,325.3,330.47,332.26,330.63,325.66,317.51,306.44,292.79,276.96,259.41,240.61,221.07,201.28,181.7,162.79,144.94,128.52,113.81,101.07,90.48,82.17,76.2,72.61,71.33,72.28,75.31,80.22,86.75,94.6,103.43,112.86,122.49,131.91,140.71,148.51,154.95,159.75,162.67,163.58,162.41,159.19,154.03,147.12,138.7,129.08,118.57,107.5,96.2,84.97,74.08,63.75,54.15,45.39,37.56,30.68,24.73,19.68,15.45,11.98,9.16,6.92,5.16,3.8,2.76,1.98,1.4,0.98,0.67,0.46,0.31,0.2,0.13,0.09
0.0,0.0,0.0,0.0,0.0,0.0,0.0,0.0,0.0,0.0,0.0,0.0,0.0,0.0,0.0,0.0,0.0,0.0,0.0,0.0,0.0,0.0,0.0,0.0,0.0,0.0,0.0,0.0,0.0,0.0,0.0,0.0,0.0,0.0,0.0,0.0,0.0,0.0,0.0,0.0,0.0,0.0,0.0,0.0,0.0,0.0,0.0,0.0,0.0,0.0,0.0,0.0,0.0,0.0,0.0,0.0,0.0,0.0,0.0,0.01,0.02,0.05,0.14,0.34,0.77,1.64,3.23,5.96,10.25,16.51,24.89,35.23,46.93,59.03,70.38,79.89,86.7,90.24,90.26,86.77,80.05,70.7,59.61,47.92,36.8,27.21,19.7,14.34,10.84,8.66,7.26,6.2,5.21,4.22,3.23,2.33,1.57,0.99,0.58,0.33,0.19,0.15,0.19,0.33,0.58,0.99,1.56,2.31,3.18,4.08,4.87,5.42,5.62,5.43,4.89,4.11,3.23,2.38,1.67,1.15,0.83,0.69,0.7,0.85,1.12,1.53,2.1,2.85,3.82,5.06,6.61,8.53,10.86,13.65,16.93,20.73,25.05,29.88,35.18,40.88,46.9,53.1,59.34,65.46,71.28,76.61,81.28,85.12,88.0,89.82,90.5,90.04,88.45,85.81,82.22,77.83,72.8,67.31,61.54,55.67,49.86,44.24,38.94,34.02,29.56,25.57,22.07,19.02,16.41,14.19,12.31,10.72,9.38,8.23,7.24,6.37,5.61,4.93,4.31,3.75,3.25,2.79,2.38,2.01,1.68,1.4,1.15,0.95,0.78,0.65,0.56,0.49,0.47,0.49,0.55,0.68,0.88,1.19,1.63,2.25,3.11,4.26,5.8,7.81,10.41,13.72,17.88,23.03,29.31,36.86,45.82,56.28,68.33,81.98,97.22,113.97,132.07,151.31,171.41,192.01,212.69,233.03,252.53,270.71,287.09,301.24,312.76,321.33,326.71,328.76,327.44,322.79,314.99,304.27,290.97,275.47,258.23,239.71,220.42,200.82,181.41,162.61,144.84,128.44,113.72,100.93,90.24,81.8,75.68,71.88,70.37,71.06,73.8,78.39,84.58,92.08,100.55,109.62,118.9,127.99,136.49,144.03,150.26,154.89,157.72,158.59,157.45,154.33,149.33,142.63,134.47,125.13,114.94,104.21,93.26,82.37,71.82,61.8,52.49,44.01,36.41,29.74,23.97,19.08,14.98,11.61,8.88,6.71,5.0,3.68,2.67,1.91,1.35,0.95,0.65,0.44,0.3,0.2,0.13,0.08
0.02,0.02,0.02,0.01,0.01,0.0,0.0,0.0,0.0,0.0,0.0,0.0,0.0,0.0,0.0,0.0,0.0,0.0,0.0,0.0,0.0,0.0,0.0,0.0,0.0,0.0,0.0,0.0,0.0,0.0,0.0,0.0,0.0,0.0,0.0,0.0,0.0,0.0,0.0,0.0,0.0,0.0,0.0,0.0,0.0,0.0,0.0,0.0,0.0,0.0,0.0,0.0,0.0,0.0,0.0,0.0,0.0,0.0,0.0,0.0,0.01,0.04,0.1,0.25,0.56,1.19,2.35,4.32,7.45,11.99,18.08,25.58,34.08,42.86,51.11,58.01,62.95,65.52,65.53,62.99,58.1,51.28,43.17,34.6,26.4,19.28,13.64,9.55,6.83,5.13,4.07,3.34,2.74,2.19,1.66,1.19,0.8,0.5,0.3,0.17,0.1,0.08,0.1,0.17,0.3,0.5,0.79,1.17,1.62,2.08,2.48,2.76,2.86,2.77,2.5,2.1,1.66,1.24,0.9,0.66,0.53,0.51,0.59,0.77,1.04,1.44,1.98,2.68,3.6,4.77,6.23,8.04,10.24,12.87,15.96,19.54,23.62,28.18,33.17,38.55,44.23,50.08,55.97,61.74,67.23,72.27,76.68,80.32,83.06,84.8,85.48,85.09,83.64,81.21,77.91,73.85,69.2,64.14,58.82,53.41,48.06,42.9,38.04,33.54,29.46,25.82,22.62,19.84,17.44,15.39,13.63,12.11,10.81,9.66,8.64,7.72,6.88,6.11,5.39,4.72,4.1,3.53,3.02,2.55,2.13,1.77,1.45,1.18,0.96,0.78,0.65,0.56,0.5,0.5,0.54,0.65,0.84,1.13,1.55,2.15,2.97,4.09,5.57,7.52,10.03,13.24,17.26,22.24,28.33,35.65,44.34,54.5,66.2,79.47,94.29,110.6,128.24,147.02,166.65,186.8,207.06,227.02,246.19,264.11,280.32,294.36,305.86,314.5,320.03,322.31,321.28,316.99,309.58,299.3,286.45,271.41,254.63,236.55,217.66,198.44,179.36,160.85,143.32,127.1,112.52,99.8,89.13,80.65,74.43,70.48,68.77,69.21,71.65,75.9,81.72,88.81,96.87,105.51,114.38,123.07,131.2,138.42,144.39,148.83,151.54,152.37,151.27,148.27,143.46,137.02,129.18,120.21,110.42,100.11,89.59,79.13,68.99,59.37,50.43,42.27,34.98,28.57,23.03,18.32,14.39,11.16,8.54,6.45,4.8,3.53,2.57,1.84,1.3,0.91,0.63,0.43,0.29,0.19,0.12,0.08
0.08,0.08,0.06,0.05,0.03,0.02,0.01,0.0,0.0,0.0,0.0,0.0,0.0,0.0,0.0,0.0,0.0,0.0,0.0,0.0,0.0,0.0,0.0,0.0,0.0,0.0,0.0,0.0,0.0,0.0,0.0,0.0,0.0,0.0,0.0,0.0,0.0,0.0,0.0,0.0,0.0,0.0,0.0,0.0,0.0,0.0,0.0,0.0,0.0,0.0,0.0,0.0,0.0,0.0,0.0,0.0,0.0,0.0,0.0,0.0,0.01,0.03,0.07,0.17,0.38,0.8,1.59,2.92,5.04,8.11,12.22,17.3,23.05,28.99,34.56,39.24,42.58,44.31,44.32,42.6,39.29,34.67,29.16,23.34,17.75,12.86,8.96,6.11,4.19,2.98,2.23,1.74,1.38,1.08,0.81,0.58,0.38,0.24,0.14,0.08,0.05,0.04,0.05,0.08,0.14,0.24,0.38,0.56,0.77,0.98,1.18,1.31,1.36,1.32,1.19,1.01,0.81,0.62,0.47,0.39,0.36,0.4,0.51,0.69,0.96,1.34,1.84,2.5,3.35,4.44,5.8,7.48,9.53,11.98,14.86,18.19,21.98,26.22,30.88,35.89,41.17,46.62,52.1,57.48,62.6,67.3,71.43,74.84,77.42,79.07,79.75,79.44,78.16,75.98,73.0,69.33,65.13,60.56,55.76,50.89,46.09,41.47,37.12,33.12,29.49,26.26,23.41,20.93,18.78,16.92,15.3,13.88,12.61,11.46,10.4,9.41,8.47,7.58,6.74,5.93,5.18,4.47,3.82,3.23,2.7,2.24,1.83,1.49,1.2,0.96,0.78,0.65,0.57,0.53,0.56,0.64,0.81,1.08,1.48,2.04,2.83,3.89,5.31,7.17,9.58,12.65,16.51,21.3,27.14,34.17,42.52,52.28,63.54,76.31,90.6,106.33,123.36,141.51,160.5,180.02,199.69,219.08,237.75,255.24,271.1,284.9,296.26,304.87,310.47,312.93,312.18,308.25,301.29,291.51,279.21,264.76,248.56,231.07,212.76,194.1,175.53,157.48,140.35,124.48,110.17,97.66,87.13,78.71,72.47,68.43,66.56,66.77,68.91,72.8,78.22,84.87,92.45,100.62,109.01,117.25,124.96,131.81,137.47,141.69,144.26,145.04,144.0,141.13,136.55,130.42,122.96,114.43,105.11,95.29,85.28,75.32,65.67,56.51,48.0,40.24,33.3,27.19,21.92,17.44,13.7,10.62,8.12,6.14,4.57,3.36,2.44,1.75,1.24,0.86,0.6,0.41,0.27,0.18,0.12,0.08
0.28,0.26,0.22,0.17,0.11,0.06,0.03,0.02,0.01,0.0,0.0,0.0,0.0,0.0,0.0,0.0,0.0,0.0,0.0,0.0,0.0,0.0,0.0,0.0,0.0,0.0,0.0,0.0,0.0,0.0,0.0,0.0,0.0,0.0,0.0,0.0,0.0,0.0,0.0,0.0,0.0,0.0,0.0,0.0,0.0,0.0,0.0,0.0,0.0,0.0,0.0,0.0,0.0,0.0,0.0,0.0,0.0,0.0,0.0,0.0,0.01,0.02,0.04,0.11,0.24,0.51,1.0,1.84,3.17,5.11,7.7,10.9,14.52,18.26,21.77,24.71,26.82,27.92,27.93,26.85,24.77,21.87,18.42,14.76,11.24,8.16,5.68,3.85,2.6,1.79,1.28,0.95,0.72,0.55,0.4,0.28,0.18,0.11,0.07,0.04,0.02,0.02,0.02,0.04,0.06,0.1,0.17,0.25,0.34,0.44,0.52,0.58,0.6,0.59,0.53,0.46,0.38,0.3,0.26,0.24,0.26,0.33,0.45,0.63,0.88,1.23,1.69,2.29,3.08,4.08,5.33,6.87,8.75,11.0,13.65,16.71,20.2,24.09,28.37,32.97,37.83,42.84,47.88,52.83,57.55,61.88,65.69,68.85,71.26,72.82,73.5,73.29,72.2,70.3,67.68,64.46,60.76,56.74,52.53,48.27,44.08,40.07,36.31,32.85,29.74,26.96,24.52,22.38,20.52,18.87,17.4,16.07,14.84,13.68,12.57,11.48,10.43,9.39,8.39,7.42,6.49,5.62,4.81,4.08,3.41,2.82,2.3,1.87,1.5,1.2,0.96,0.78,0.65,0.59,0.58,0.65,0.79,1.03,1.4,1.93,2.67,3.68,5.02,6.79,9.07,11.99,15.65,20.2,25.75,32.44,40.38,49.68,60.4,72.58,86.22,101.24,117.52,134.88,153.08,171.8,190.69,209.35,227.35,244.24,259.6,273.01,284.1,292.57,298.17,300.76,300.26,296.71,290.22,281.01,269.34,255.58,240.11,223.36,205.78,187.83,169.94,152.53,135.97,120.61,106.72,94.55,84.27,76.0,69.83,65.77,63.77,63.77,65.63,69.16,74.15,80.33,87.41,95.05,102.92,110.65,117.9,124.34,129.66,133.63,136.04,136.78,135.79,133.09,128.77,122.99,115.95,107.9,99.11,89.86,80.41,71.03,61.92,53.29,45.26,37.94,31.4,25.64,20.67,16.45,12.92,10.01,7.66,5.79,4.31,3.17,2.3,1.65,1.17,0.82,0.56,0.38,0.26,0.17,0.11,0.07
0.86,0.81,0.68,0.5,0.33,0.2,0.1,0.05,0.02,0.01,0.0,0.0,0.0,0.0,0.0,0.0,0.0,0.0,0.0,0.0,0.0,0.0,0.0,0.0,0.0,0.0,0.0,0.0,0.0,0.0,0.0,0.0,0.0,0.0,0.0,0.0,0.0,0.0,0.0,0.0,0.0,0.0,0.0,0.0,0.0,0.0,0.0,0.0,0.0,0.0,0.0,0.0,0.0,0.0,0.0,0.0,0.0,0.0,0.0,0.0,0.01,0.01,0.03,0.06,0.14,0.3,0.59,1.08,1.86,3.0,4.52,6.39,8.52,10.71,12.77,14.5,15.74,16.39,16.41,15.8,14.61,12.95,10.98,8.9,6.9,5.14,3.71,2.64,1.87,1.34,0.98,0.72,0.52,0.37,0.25,0.17,0.1,0.06,0.03,0.02,0.01,0.01,0.01,0.01,0.03,0.04,0.07,0.1,0.14,0.18,0.22,0.24,0.25,0.25,0.23,0.2,0.17,0.15,0.15,0.17,0.21,0.28,0.4,0.57,0.8,1.11,1.53,2.08,2.79,3.7,4.83,6.23,7.94,9.97,12.37,15.15,18.31,21.85,25.73,29.9,34.31,38.86,43.44,47.94,52.23,56.18,59.66,62.56,64.78,66.26,66.95,66.85,65.97,64.38,62.16,59.41,56.26,52.84,49.27,45.67,42.16,38.81,35.69,32.85,30.29,28.03,26.03,24.27,22.71,21.29,19.99,18.76,17.56,16.38,15.19,13.99,12.78,11.57,10.38,9.21,8.08,7.01,6.01,5.09,4.26,3.52,2.88,2.33,1.86,1.48,1.17,0.94,0.77,0.67,0.63,0.66,0.78,0.99,1.33,1.82,2.51,3.45,4.71,6.37,8.51,11.25,14.7,18.97,24.2,30.49,37.98,46.74,56.86,68.36,81.23,95.43,110.84,127.29,144.54,162.32,180.27,198.03,215.19,231.33,246.04,258.93,269.64,277.87,283.39,286.04,285.77,282.58,276.6,267.99,257.04,244.06,229.43,213.55,196.85,179.77,162.72,146.1,130.27,115.55,102.23,90.52,80.6,72.59,66.56,62.53,60.47,60.29,61.87,65.05,69.61,75.3,81.85,88.93,96.24,103.43,110.17,116.17,121.13,124.83,127.08,127.76,126.83,124.3,120.27,114.87,108.29,100.78,92.57,83.92,75.1,66.34,57.84,49.77,42.27,35.44,29.32,23.95,19.31,15.36,12.06,9.35,7.15,5.4,4.03,2.96,2.15,1.54,1.09,0.76,0.52,0.36,0.24,0.16,0.1,0.07
2.32,2.19,1.84,1.37,0.91,0.53,0.28,0.13,0.05,0.02,0.01,0.0,0.0,0.0,0.0,0.0,0.0,0.0,0.0,0.0,0.0,0.0,0.0,0.0,0.0,0.0,0.0,0.0,0.0,0.0,0.0,0.0,0.0,0.0,0.0,0.0,0.0,0.0,0.0,0.0,0.0,0.0,0.0,0.0,0.0,0.0,0.0,0.0,0.0,0.0,0.0,0.0,0.0,0.0,0.01,0.01,0.01,0.01,0.01,0.01,0.01,0.01,0.02,0.04,0.08,0.16,0.32,0.59,1.02,1.64,2.47,3.49,4.65,5.85,6.98,7.93,8.61,8.98,9.02,8.74,8.16,7.36,6.42,5.44,4.5,3.68,3.0,2.44,1.98,1.59,1.24,0.93,0.67,0.46,0.3,0.18,0.1,0.06,0.03,0.01,0.01,0.0,0.0,0.01,0.01,0.02,0.03,0.04,0.05,0.07,0.08,0.09,0.1,0.1,0.09,0.09,0.08,0.09,0.1,0.13,0.17,0.25,0.35,0.51,0.71,0.99,1.37,1.86,2.5,3.31,4.32,5.58,7.1,8.93,11.08,13.56,16.39,19.56,23.03,26.77,30.72,34.79,38.91,42.95,46.8,50.36,53.51,56.15,58.2,59.59,60.3,60.32,59.67,58.41,56.61,54.37,51.8,49.02,46.13,43.25,40.45,37.81,35.38,33.19,31.24,29.52,28.0,26.65,25.42,24.25,23.12,21.98,20.81,19.59,18.3,16.96,15.57,14.16,12.73,11.32,9.95,8.64,7.42,6.29,5.26,4.35,3.56,2.87,2.29,1.82,1.43,1.13,0.91,0.76,0.69,0.69,0.77,0.96,1.26,1.7,2.34,3.21,4.38,5.91,7.91,10.46,13.66,17.64,22.51,28.38,35.36,43.54,52.98,63.72,75.76,89.05,103.48,118.89,135.08,151.77,168.66,185.38,201.57,216.82,230.75,242.99,253.2,261.09,266.45,269.12,269.04,266.21,260.73,252.77,242.59,230.47,216.78,201.88,186.19,170.11,154.04,138.34,123.38,109.44,96.8,85.68,76.22,68.56,62.75,58.81,56.72,56.4,57.74,60.57,64.69,69.89,75.88,82.39,89.11,95.73,101.95,107.48,112.06,115.47,117.54,118.17,117.31,114.97,111.24,106.24,100.16,93.21,85.61,77.62,69.46,61.35,53.49,46.03,39.1,32.78,27.12,22.15,17.86,14.21,11.16,8.65,6.62,5.0,3.72,2.74,1.99,1.43,1.01,0.7,0.49,0.33,0.22,0.15,0.1,0.06
5.61,5.29,4.44,3.31,2.19,1.29,0.68,0.32,0.13,0.05,0.02,0.0,0.0,0.0,0.0,0.0,0.0,0.0,0.0,0.0,0.0,0.0,0.0,0.0,0.0,0.0,0.0,0.0,0.0,0.0,0.0,0.0,0.0,0.0,0.0,0.0,0.0,0.0,0.0,0.0,0.0,0.0,0.0,0.0,0.0,0.0,0.0,0.0,0.0,0.0,0.0,0.01,0.01,0.01,0.02,0.02,0.03,0.03,0.03,0.03,0.03,0.03,0.03,0.03,0.05,0.09,0.17,0.3,0.52,0.83,1.26,1.78,2.37,2.98,3.56,4.05,4.41,4.63,4.71,4.67,4.53,4.35,4.16,3.99,3.86,3.75,3.61,3.4,3.09,2.67,2.19,1.69,1.22,0.83,0.52,0.31,0.17,0.09,0.04,0.02,0.01,0.0,0.0,0.0,0.0,0.01,0.01,0.01,0.02,0.03,0.03,0.03,0.04,0.04,0.04,0.04,0.05,0.06,0.07,0.1,0.15,0.22,0.31,0.45,0.63,0.88,1.21,1.64,2.21,2.92,3.82,4.93,6.27,7.89,9.78,11.98,14.48,17.28,20.35,23.66,27.15,30.76,34.4,37.99,41.42,44.59,47.42,49.8,51.68,53.0,53.73,53.88,53.48,52.56,51.21,49.5,47.54,45.42,43.25,41.11,39.06,37.17,35.47,33.97,32.66,31.52,30.51,29.58,28.69,27.79,26.83,25.78,24.62,23.34,21.94,20.42,18.82,17.16,15.46,13.77,12.12,10.54,9.05,7.68,6.43,5.32,4.34,3.51,2.8,2.21,1.73,1.36,1.08,0.88,0.76,0.73,0.78,0.92,1.19,1.59,2.16,2.96,4.03,5.44,7.28,9.62,12.57,16.24,20.73,26.14,32.58,40.13,48.86,58.79,69.93,82.23,95.59,109.89,124.91,140.41,156.12,171.69,186.78,201.03,214.07,225.55,235.17,242.64,247.77,250.4,250.47,247.98,243.02,235.74,226.36,215.17,202.49,188.66,174.08,159.11,144.12,129.47,115.49,102.45,90.6,80.15,71.25,64.01,58.49,54.7,52.63,52.21,53.31,55.81,59.51,64.2,69.64,75.56,81.68,87.72,93.4,98.45,102.63,105.75,107.64,108.21,107.42,105.28,101.86,97.28,91.71,85.35,78.39,71.08,63.61,56.18,48.98,42.15,35.8,30.01,24.83,20.28,16.35,13.01,10.22,7.92,6.06,4.58,3.41,2.51,1.82,1.31,0.92,0.65,0.44,0.3,0.2,0.13,0.09,0.06
12.05,11.37,9.53,7.1,4.71,2.77,1.45,0.68,0.28,0.1,0.03,0.01,0.0,0.0,0.0,0.0,0.0,0.0,0.0,0.0,0.0,0.0,0.0,0.0,0.0,0.0,0.0,0.0,0.0,0.0,0.0,0.0,0.0,0.0,0.0,0.0,0.0,0.0,0.0,0.0,0.0,0.0,0.0,0.0,0.0,0.0,0.0,0.0,0.0,0.01,0.01,0.02,0.03,0.04,0.05,0.07,0.08,0.09,0.09,0.09,0.08,0.07,0.06,0.05,0.04,0.06,0.09,0.15,0.25,0.4,0.6,0.84,1.12,1.42,1.7,1.94,2.15,2.32,2.47,2.65,2.89,3.24,3.72,4.3,4.92,5.47,5.82,5.87,5.57,4.96,4.13,3.21,2.33,1.57,0.99,0.58,0.32,0.16,0.08,0.03,0.01,0.01,0.0,0.0,0.0,0.0,0.0,0.0,0.01,0.01,0.01,0.01,0.01,0.02,0.02,0.02,0.03,0.04,0.06,0.09,0.13,0.19,0.27,0.39,0.55,0.77,1.05,1.43,1.92,2.55,3.33,4.3,5.47,6.88,8.53,10.45,12.63,15.07,17.75,20.64,23.69,26.85,30.04,33.19,36.21,39.01,41.52,43.66,45.38,46.64,47.42,47.71,47.56,47.0,46.1,44.94,43.6,42.17,40.73,39.35,38.09,36.97,36.03,35.24,34.6,34.06,33.57,33.09,32.56,31.92,31.14,30.17,29.01,27.65,26.1,24.38,22.53,20.58,18.58,16.57,14.6,12.7,10.92,9.26,7.76,6.42,5.24,4.23,3.37,2.66,2.08,1.62,1.27,1.02,0.85,0.78,0.79,0.9,1.12,1.47,1.98,2.7,3.67,4.96,6.62,8.76,11.45,14.79,18.89,23.83,29.71,36.61,44.58,53.66,63.86,75.12,87.37,100.47,114.26,128.51,142.95,157.28,171.2,184.35,196.41,207.06,216.0,222.99,227.82,230.36,230.55,228.38,223.92,217.32,208.78,198.55,186.93,174.25,160.84,147.06,133.25,119.74,106.82,94.76,83.78,74.09,65.81,59.06,53.88,50.3,48.29,47.79,48.7,50.88,54.17,58.37,63.25,68.59,74.11,79.57,84.7,89.26,93.05,95.86,97.58,98.09,97.37,95.43,92.33,88.18,83.13,77.36,71.06,64.42,57.65,50.92,44.4,38.2,32.45,27.2,22.51,18.38,14.82,11.79,9.26,7.18,5.49,4.15,3.09,2.27,1.65,1.18,0.84,0.58,0.4,0.27,0.18,0.12,0.08,0.05
23.01,21.7,18.19,13.56,8.99,5.29,2.77,1.29,0.53,0.2,0.06,0.02,0.0,0.0,0.0,0.0,0.0,0.0,0.0,0.0,0.0,0.0,0.0,0.0,0.0,0.0,0.0,0.0,0.0,0.0,0.0,0.0,0.0,0.0,0.0,0.0,0.0,0.0,0.0,0.0,0.0,0.0,0.0,0.0,0.0,0.0,0.0,0.0,0.01,0.01,0.03,0.04,0.07,0.1,0.14,0.18,0.21,0.24,0.25,0.24,0.21,0.18,0.14,0.1,0.08,0.06,0.06,0.08,0.12,0.18,0.26,0.37,0.5,0.63,0.77,0.9,1.05,1.25,1.53,1.97,2.64,3.6,4.85,6.31,7.83,9.18,10.09,10.38,9.98,8.95,7.48,5.83,4.23,2.86,1.8,1.06,0.58,0.29,0.14,0.06,0.03,0.01,0.0,0.0,0.0,0.0,0.0,0.0,0.0,0.0,0.0,0.01,0.01,0.01,0.01,0.02,0.02,0.03,0.05,0.07,0.11,0.16,0.23,0.33,0.47,0.66,0.91,1.23,1.66,2.19,2.87,3.7,4.71,5.92,7.34,8.99,10.87,12.98,15.29,17.78,20.41,23.14,25.91,28.64,31.27,33.72,35.94,37.87,39.45,40.65,41.48,41.93,42.04,41.84,41.41,40.8,40.09,39.35,38.66,38.06,37.58,37.26,37.08,37.03,37.07,37.15,37.21,37.19,37.02,36.65,36.03,35.14,33.97,32.51,30.78,28.83,26.69,24.42,22.07,19.7,17.37,15.12,13.0,11.03,9.25,7.65,6.25,5.04,4.01,3.16,2.47,1.91,1.49,1.17,0.96,0.84,0.81,0.88,1.05,1.35,1.81,2.45,3.31,4.47,5.97,7.89,10.32,13.34,17.03,21.49,26.8,33.03,40.24,48.46,57.68,67.88,78.98,90.87,103.38,116.32,129.44,142.49,155.17,167.17,178.19,187.94,196.15,202.59,207.08,209.5,209.77,207.89,203.93,198.01,190.31,181.06,170.54,159.02,146.84,134.3,121.72,109.4,97.61,86.59,76.55,67.67,60.07,53.85,49.06,45.73,43.81,43.27,44.0,45.89,48.78,52.5,56.85,61.61,66.54,71.42,76.01,80.09,83.48,86.0,87.53,87.99,87.34,85.6,82.82,79.1,74.57,69.39,63.74,57.79,51.71,45.68,39.82,34.27,29.11,24.4,20.19,16.49,13.29,10.58,8.31,6.44,4.93,3.72,2.77,2.04,1.48,1.06,0.75,0.52,0.36,0.25,0.17,0.11,0.07,0.05
39.07,36.84,30.88,23.02,15.25,8.99,4.71,2.19,0.91,0.33,0.11,0.03,0.01,0.0,0.0,0.0,0.0,0.0,0.0,0.0,0.0,0.0,0.0,0.0,0.0,0.0,0.0,0.0,0.0,0.0,0.0,0.0,0.0,0.0,0.0,0.0,0.0,0.0,0.0,0.0,0.0,0.0,0.0,0.0,0.0,0.0,0.0,0.01,0.02,0.03,0.06,0.1,0.17,0.25,0.34,0.43,0.52,0.58,0.6,0.58,0.52,0.43,0.34,0.25,0.17,0.11,0.08,0.06,0.06,0.08,0.11,0.16,0.21,0.27,0.35,0.45,0.61,0.89,1.37,2.18,3.41,5.17,7.46,10.12,12.87,15.3,16.97,17.56,16.93,15.21,12.73,9.92,7.2,4.87,3.07,1.8,0.98,0.5,0.24,0.1,0.04,0.02,0.01,0.0,0.0,0.0,0.0,0.0,0.0,0.0,0.0,0.0,0.0,0.01,0.01,0.01,0.02,0.03,0.04,0.06,0.09,0.14,0.2,0.28,0.4,0.56,0.77,1.05,1.41,1.86,2.43,3.14,4.0,5.03,6.24,7.64,9.24,11.03,13.0,15.12,17.37,19.7,22.07,24.42,26.69,28.83,30.78,32.51,33.97,35.14,36.03,36.65,37.02,37.19,37.21,37.15,37.07,37.03,37.08,37.26,37.58,38.06,38.66,39.35,40.09,40.8,41.41,41.84,42.04,41.93,41.48,40.66,39.45,37.87,35.95,33.73,31.27,28.64,25.91,23.15,20.42,17.78,15.29,12.98,10.88,9.0,7.35,5.93,4.72,3.72,2.9,2.24,1.73,1.34,1.07,0.9,0.83,0.86,0.99,1.25,1.64,2.2,2.96,3.99,5.33,7.04,9.2,11.89,15.19,19.17,23.92,29.49,35.93,43.28,51.54,60.67,70.62,81.27,92.5,104.11,115.91,127.65,139.06,149.87,159.82,168.64,176.08,181.95,186.06,188.31,188.63,187.02,183.53,178.28,171.41,163.15,153.71,143.39,132.44,121.17,109.84,98.74,88.11,78.16,69.09,61.05,54.16,48.51,44.15,41.08,39.29,38.72,39.31,40.93,43.45,46.72,50.55,54.74,59.11,63.42,67.48,71.1,74.1,76.34,77.69,78.1,77.52,75.97,73.5,70.2,66.18,61.59,56.57,51.29,45.9,40.54,35.34,30.41,25.83,21.66,17.92,14.64,11.8,9.39,7.37,5.71,4.37,3.3,2.46,1.81,1.31,0.94,0.67,0.47,0.32,0.22,0.15,0.1,0.06,0.04
59.0,55.63,46.64,34.76,23.04,13.57,7.11,3.31,1.37,0.5,0.17,0.05,0.01,0.0,0.0,0.0,0.0,0.0,0.0,0.0,0.0,0.0,0.0,0.0,0.0,0.0,0.0,0.0,0.0,0.0,0.0,0.0,0.0,0.0,0.0,0.0,0.0,0.0,0.0,0.0,0.0,0.0,0.0,0.0,0.0,0.0,0.01,0.02,0.04,0.08,0.14,0.24,0.38,0.56,0.77,0.98,1.17,1.31,1.35,1.31,1.17,0.98,0.77,0.56,0.38,0.24,0.14,0.09,0.06,0.05,0.05,0.06,0.09,0.12,0.19,0.3,0.52,0.94,1.71,3.0,5.0,7.85,11.53,15.82,20.25,24.16,26.86,27.82,26.84,24.12,20.19,15.74,11.43,7.73,4.87,2.86,1.56,0.79,0.38,0.17,0.07,0.03,0.01,0.0,0.0,0.0,0.0,0.0,0.0,0.0,0.0,0.0,0.0,0.0,0.01,0.01,0.01,0.02,0.03,0.05,0.08,0.11,0.17,0.24,0.34,0.47,0.65,0.88,1.18,1.56,2.04,2.63,3.35,4.22,5.23,6.41,7.75,9.26,10.91,12.7,14.6,16.57,18.58,20.58,22.53,24.38,26.1,27.65,29.01,30.17,31.13,31.92,32.56,33.09,33.57,34.06,34.59,35.24,36.02,36.97,38.09,39.35,40.73,42.17,43.6,44.94,46.1,47.0,47.56,47.71,47.42,46.64,45.39,43.67,41.52,39.01,36.21,33.19,30.04,26.85,23.7,20.64,17.75,15.07,12.63,10.45,8.54,6.88,5.48,4.31,3.36,2.59,1.99,1.53,1.2,0.98,0.87,0.85,0.94,1.14,1.47,1.96,2.63,3.53,4.7,6.21,8.12,10.49,13.4,16.92,21.11,26.04,31.74,38.24,45.54,53.63,62.44,71.89,81.84,92.15,102.63,113.06,123.21,132.84,141.71,149.59,156.25,161.51,165.23,167.29,167.63,166.26,163.22,158.6,152.55,145.23,136.88,127.72,118.0,107.98,97.91,88.03,78.55,69.68,61.59,54.41,48.24,43.18,39.25,36.47,34.82,34.26,34.72,36.1,38.28,41.11,44.45,48.12,51.93,55.71,59.27,62.44,65.07,67.03,68.22,68.57,68.07,66.7,64.54,61.63,58.11,54.07,49.67,45.03,40.3,35.59,31.03,26.7,22.68,19.01,15.73,12.85,10.36,8.24,6.47,5.02,3.84,2.9,2.16,1.59,1.15,0.83,0.59,0.41,0.28,0.19,0.13,0.09,0.06,0.04
79.33,74.8,62.71,46.74,30.98,18.25,9.56,4.45,1.84,0.68,0.22,0.06,0.02,0.0,0.0,0.0,0.0,0.0,0.0,0.0,0.0,0.0,0.0,0.0,0.0,0.0,0.0,0.0,0.0,0.0,0.0,0.0,0.0,0.0,0.0,0.0,0.0,0.0,0.0,0.0,0.0,0.0,0.0,0.0,0.0,0.01,0.02,0.04,0.08,0.16,0.29,0.5,0.79,1.17,1.62,2.07,2.48,2.76,2.86,2.76,2.48,2.07,1.62,1.17,0.79,0.5,0.3,0.16,0.09,0.05,0.03,0.03,0.04,0.07,0.14,0.29,0.61,1.23,2.36,4.28,7.25,11.47,16.94,23.3,29.87,35.68,39.69,41.12,39.68,35.66,29.85,23.28,16.9,11.43,7.2,4.22,2.31,1.17,0.56,0.25,0.1,0.04,0.01,0.0,0.0,0.0,0.0,0.0,0.0,0.0,0.0,0.0,0.0,0.0,0.0,0.01,0.01,0.02,0.03,0.04,0.06,0.09,0.14,0.2,0.28,0.39,0.53,0.73,0.98,1.29,1.69,2.18,2.78,3.49,4.33,5.31,6.42,7.67,9.05,10.54,12.12,13.77,15.46,17.15,18.82,20.42,21.93,23.34,24.62,25.78,26.83,27.78,28.69,29.58,30.5,31.52,32.66,33.97,35.47,37.17,39.06,41.11,43.25,45.42,47.54,49.5,51.21,52.56,53.48,53.89,53.73,53.0,51.68,49.8,47.42,44.6,41.42,37.99,34.41,30.76,27.15,23.66,20.35,17.28,14.49,11.99,9.79,7.89,6.29,4.94,3.84,2.96,2.26,1.73,1.34,1.07,0.91,0.85,0.9,1.05,1.32,1.73,2.31,3.09,4.11,5.42,7.09,9.16,11.7,14.78,18.44,22.74,27.73,33.41,39.81,46.89,54.6,62.88,71.61,80.65,89.85,99.01,107.93,116.4,124.22,131.16,137.04,141.71,145.01,146.87,147.22,146.06,143.43,139.41,134.13,127.73,120.42,112.38,103.86,95.06,86.21,77.51,69.17,61.36,54.23,47.89,42.44,37.96,34.47,31.98,30.49,29.96,30.31,31.48,33.34,35.78,38.66,41.83,45.13,48.4,51.48,54.23,56.51,58.21,59.24,59.55,59.11,57.92,56.04,53.52,50.46,46.95,43.13,39.1,34.99,30.91,26.95,23.19,19.69,16.51,13.66,11.16,8.99,7.16,5.62,4.36,3.33,2.52,1.88,1.38,1.0,0.72,0.51,0.35,0.24,0.17,0.11,0.07,0.05,0.03
95.15,89.72,75.21,56.06,37.15,21.89,11.47,5.34,2.21,0.81,0.27,0.08,0.02,0.0,0.0,0.0,0.0,0.0,0.0,0.0,0.0,0.0,0.0,0.0,0.0,0.0,0.0,0.0,0.0,0.0,0.0,0.0,0.0,0.0,0.0,0.0,0.0,0.0,0.0,0.0,0.0,0.0,0.0,0.0,0.01,0.01,0.03,0.08,0.16,0.32,0.58,0.98,1.56,2.31,3.18,4.08,4.87,5.42,5.61,5.42,4.87,4.08,3.18,2.31,1.56,0.98,0.58,0.32,0.16,0.08,0.04,0.03,0.03,0.07,0.15,0.35,0.78,1.64,3.2,5.83,9.93,15.76,23.29,32.06,41.12,49.11,54.64,56.62,54.64,49.11,41.11,32.05,23.28,15.74,9.92,5.82,3.18,1.62,0.77,0.34,0.14,0.05,0.02,0.01,0.0,0.0,0.0,0.0,0.0,0.0,0.0,0.0,0.0,0.0,0.0,0.01,0.01,0.02,0.02,0.04,0.05,0.08,0.11,0.16,0.23,0.32,0.44,0.59,0.8,1.06,1.38,1.78,2.27,2.85,3.54,4.34,5.26,6.28,7.41,8.64,9.94,11.31,12.72,14.15,15.57,16.95,18.3,19.58,20.8,21.98,23.11,24.24,25.41,26.64,28.0,29.52,31.24,33.19,35.38,37.81,40.45,43.24,46.13,49.02,51.8,54.37,56.61,58.41,59.67,60.32,60.3,59.59,58.2,56.15,53.52,50.37,46.81,42.95,38.91,34.8,30.72,26.78,23.04,19.56,16.4,13.57,11.08,8.94,7.12,5.59,4.35,3.34,2.55,1.94,1.48,1.16,0.96,0.86,0.86,0.97,1.18,1.52,2.01,2.68,3.56,4.69,6.13,7.91,10.11,12.77,15.93,19.65,23.97,28.89,34.42,40.55,47.23,54.4,61.97,69.81,77.79,85.74,93.49,100.85,107.65,113.69,118.83,122.9,125.8,127.44,127.77,126.8,124.54,121.08,116.52,110.99,104.65,97.69,90.29,82.65,74.97,67.41,60.16,53.37,47.15,41.63,36.88,32.96,29.9,27.72,26.39,25.89,26.16,27.13,28.71,30.78,33.24,35.95,38.77,41.58,44.22,46.58,48.53,49.99,50.87,51.13,50.75,49.74,48.12,45.96,43.32,40.32,37.03,33.57,30.05,26.54,23.14,19.91,16.91,14.18,11.73,9.58,7.72,6.15,4.83,3.74,2.86,2.16,1.61,1.19,0.86,0.62,0.44,0.3,0.21,0.14,0.1,0.06,0.04,0.03
102.32,96.48,80.89,60.29,39.95,23.54,12.33,5.74,2.38,0.88,0.29,0.08,0.02,0.0,0.0,0.0,0.0,0.0,0.0,0.0,0.0,0.0,0.0,0.0,0.0,0.0,0.0,0.0,0.0,0.0,0.0,0.0,0.0,0.0,0.0,0.0,0.0,0.0,0.0,0.0,0.0,0.0,0.0,0.0,0.01,0.03,0.06,0.14,0.29,0.58,1.06,1.8,2.86,4.22,5.82,7.46,8.91,9.92,10.27,9.92,8.91,7.46,5.82,4.22,2.86,1.8,1.06,0.58,0.29,0.14,0.07,0.04,0.04,0.08,0.18,0.44,0.99,2.08,4.08,7.47,12.72,20.19,29.86,41.11,52.73,62.99,70.08,72.62,70.08,62.99,52.73,41.11,29.85,20.19,12.72,7.46,4.08,2.08,0.98,0.43,0.18,0.07,0.03,0.01,0.0,0.0,0.0,0.0,0.0,0.0,0.0,0.0,0.0,0.0,0.0,0.01,0.01,0.01,0.02,0.03,0.04,0.06,0.09,0.13,0.18,0.26,0.35,0.48,0.64,0.85,1.11,1.44,1.83,2.3,2.86,3.51,4.25,5.08,6.0,7.0,8.07,9.2,10.37,11.56,12.77,13.98,15.17,16.36,17.55,18.74,19.98,21.28,22.69,24.26,26.02,28.01,30.28,32.84,35.68,38.8,42.15,45.67,49.26,52.83,56.26,59.41,62.16,64.38,65.97,66.85,66.95,66.27,64.79,62.57,59.67,56.18,52.24,47.95,43.45,38.86,34.32,29.91,25.74,21.86,18.32,15.16,12.39,9.99,7.95,6.25,4.86,3.73,2.84,2.15,1.63,1.26,1.01,0.87,0.83,0.89,1.06,1.33,1.74,2.31,3.05,4.02,5.24,6.77,8.65,10.92,13.63,16.82,20.51,24.72,29.46,34.71,40.43,46.58,53.06,59.79,66.63,73.45,80.1,86.43,92.26,97.46,101.88,105.39,107.89,109.32,109.62,108.8,106.88,103.93,100.02,95.29,89.86,83.89,77.55,70.99,64.4,57.91,51.68,45.84,40.5,35.74,31.65,28.27,25.62,23.72,22.56,22.11,22.31,23.11,24.43,26.18,28.25,30.55,32.94,35.31,37.55,39.55,41.2,42.44,43.19,43.41,43.09,42.22,40.85,39.01,36.78,34.23,31.44,28.5,25.51,22.53,19.64,16.9,14.36,12.04,9.96,8.13,6.56,5.22,4.1,3.18,2.43,1.83,1.37,1.01,0.73,0.52,0.37,0.26,0.18,0.12,0.08,0.05,0.04,0.02
99.91,94.2,78.97,58.86,39.01,22.98,12.04,5.61,2.32,0.86,0.28,0.08,0.02,0.0,0.0,0.0,0.0,0.0,0.0,0.0,0.0,0.0,0.0,0.0,0.0,0.0,0.0,0.0,0.0,0.0,0.0,0.0,0.0,0.0,0.0,0.0,0.0,0.0,0.0,0.0,0.0,0.0,0.0,0.01,0.02,0.04,0.1,0.24,0.5,0.98,1.8,3.07,4.87,7.2,9.92,12.72,15.19,16.9,17.51,16.9,15.19,12.72,9.92,7.2,4.87,3.07,1.8,0.98,0.5,0.24,0.11,0.05,0.05,0.09,0.22,0.52,1.18,2.48,4.87,8.91,15.19,24.12,35.66,49.11,62.99,75.25,83.72,86.75,83.72,75.25,62.99,49.11,35.66,24.12,15.19,8.91,4.87,2.48,1.18,0.52,0.22,0.08,0.03,0.01,0.0,0.0,0.0,0.0,0.0,0.0,0.0,0.0,0.0,0.0,0.01,0.01,0.01,0.01,0.02,0.02,0.03,0.05,0.07,0.1,0.15,0.2,0.28,0.38,0.51,0.68,0.89,1.14,1.46,1.84,2.28,2.8,3.39,4.06,4.8,5.61,6.48,7.4,8.37,9.37,10.41,11.46,12.54,13.66,14.82,16.05,17.38,18.85,20.49,22.36,24.5,26.94,29.72,32.83,36.29,40.05,44.07,48.26,52.52,56.73,60.75,64.45,67.68,70.3,72.2,73.29,73.51,72.83,71.26,68.86,65.7,61.89,57.56,52.85,47.89,42.85,37.84,32.99,28.38,24.11,20.21,16.73,13.66,11.02,8.77,6.9,5.36,4.11,3.13,2.36,1.78,1.36,1.07,0.89,0.81,0.83,0.95,1.17,1.5,1.97,2.6,3.42,4.45,5.75,7.34,9.26,11.56,14.26,17.39,20.96,24.98,29.43,34.29,39.5,45.0,50.7,56.5,62.29,67.94,73.3,78.26,82.67,86.42,89.4,91.53,92.74,93.01,92.31,90.69,88.19,84.88,80.86,76.26,71.2,65.81,60.25,54.65,49.14,43.85,38.89,34.35,30.31,26.83,23.95,21.69,20.06,19.06,18.65,18.8,19.46,20.55,22.01,23.74,25.65,27.65,29.64,31.52,33.19,34.58,35.62,36.24,36.43,36.16,35.43,34.28,32.74,30.87,28.72,26.38,23.92,21.4,18.91,16.48,14.18,12.05,10.1,8.36,6.83,5.5,4.38,3.44,2.67,2.04,1.54,1.15,0.84,0.61,0.44,0.31,0.22,0.15,0.1,0.07,0.05,0.03,0.02
91.1,85.9,72.01,53.68,35.57,20.96,10.98,5.11,2.12,0.78,0.26,0.07,0.02,0.0,0.0,0.0,0.0,0.0,0.0,0.0,0.0,0.0,0.0,0.0,0.0,0.0,0.0,0.0,0.0,0.0,0.0,0.0,0.0,0.0,0.0,0.0,0.0,0.0,0.0,0.0,0.0,0.0,0.0,0.01,0.03,0.07,0.17,0.38,0.79,1.56,2.86,4.87,7.73,11.43,15.74,20.19,24.12,26.83,27.8,26.83,24.12,20.19,15.74,11.43,7.73,4.87,2.86,1.56,0.79,0.38,0.17,0.08,0.06,0.1,0.24,0.58,1.31,2.76,5.42,9.92,16.9,26.84,39.68,54.64,70.09,83.72,93.15,96.52,93.15,83.72,70.09,54.65,39.68,26.84,16.91,9.92,5.43,2.77,1.32,0.59,0.25,0.1,0.04,0.02,0.01,0.01,0.01,0.01,0.01,0.01,0.01,0.01,0.01,0.01,0.01,0.01,0.01,0.01,0.01,0.02,0.03,0.04,0.06,0.08,0.11,0.16,0.22,0.3,0.4,0.53,0.7,0.9,1.15,1.44,1.8,2.2,2.67,3.2,3.79,4.44,5.15,5.9,6.7,7.55,8.44,9.37,10.36,11.42,12.57,13.84,15.27,16.89,18.75,20.9,23.38,26.23,29.46,33.09,37.1,41.45,46.07,50.87,55.74,60.54,65.12,69.32,72.99,75.98,78.16,79.44,79.75,79.08,77.43,74.85,71.44,67.32,62.62,57.5,52.12,46.64,41.19,35.91,30.9,26.25,22.01,18.21,14.88,12.0,9.55,7.51,5.83,4.48,3.4,2.56,1.93,1.46,1.12,0.91,0.8,0.79,0.86,1.03,1.3,1.69,2.21,2.89,3.76,4.85,6.19,7.8,9.73,12.01,14.64,17.64,21.02,24.76,28.84,33.22,37.84,42.63,47.51,52.37,57.1,61.61,65.76,69.46,72.6,75.1,76.88,77.89,78.1,77.51,76.14,74.03,71.24,67.86,63.99,59.74,55.22,50.54,45.84,41.21,36.77,32.6,28.79,25.39,22.47,20.04,18.14,16.76,15.9,15.55,15.65,16.18,17.08,18.28,19.71,21.29,22.95,24.59,26.15,27.53,28.69,29.54,30.06,30.22,29.99,29.39,28.43,27.16,25.6,23.82,21.88,19.84,17.75,15.68,13.67,11.76,9.99,8.38,6.93,5.66,4.56,3.63,2.85,2.21,1.69,1.28,0.95,0.7,0.51,0.36,0.26,0.18,0.12,0.08,0.06,0.04,0.02,0.02
81.93,77.25,64.76,48.27,31.99,18.85,9.87,4.6,1.9,0.7,0.23,0.07,0.02,0.0,0.0,0.0,0.0,0.0,0.0,0.0,0.0,0.0,0.0,0.0,0.0,0.0,0.0,0.0,0.0,0.0,0.0,0.0,0.0,0.0,0.0,0.0,0.0,0.0,0.0,0.0,0.0,0.0,0.0,0.01,0.04,0.1,0.25,0.56,1.17,2.31,4.22,7.2,11.43,16.9,23.28,29.85,35.66,39.68,41.11,39.68,35.66,29.85,23.28,16.9,11.43,7.2,4.22,2.31,1.17,0.56,0.25,0.11,0.07,0.11,0.25,0.6,1.35,2.86,5.62,10.28,17.52,27.81,41.13,56.63,72.64,86.77,96.54,100.03,96.54,86.77,72.64,56.64,41.13,27.82,17.53,10.3,5.64,2.89,1.39,0.63,0.28,0.12,0.06,0.03,0.02,0.02,0.02,0.02,0.02,0.03,0.03,0.03,0.03,0.03,0.03,0.03,0.02,0.02,0.02,0.02,0.02,0.03,0.04,0.06,0.09,0.12,0.17,0.23,0.31,0.41,0.54,0.7,0.89,1.12,1.4,1.72,2.08,2.5,2.97,3.49,4.06,4.67,5.34,6.05,6.83,7.67,8.58,9.6,10.75,12.06,13.57,15.33,17.38,19.78,22.57,25.77,29.42,33.5,38.0,42.87,48.03,53.38,58.79,64.12,69.19,73.84,77.9,81.21,83.64,85.09,85.49,84.82,83.08,80.34,76.71,72.3,67.26,61.77,56.0,50.11,44.26,38.59,33.21,28.21,23.66,19.58,16.0,12.9,10.28,8.08,6.28,4.82,3.66,2.76,2.07,1.55,1.19,0.94,0.8,0.75,0.79,0.92,1.13,1.45,1.88,2.45,3.17,4.08,5.2,6.55,8.17,10.07,12.27,14.78,17.6,20.72,24.13,27.79,31.64,35.63,39.69,43.73,47.67,51.41,54.86,57.92,60.52,62.57,64.03,64.85,65.0,64.48,63.32,61.54,59.2,56.38,53.15,49.6,45.83,41.94,38.02,34.18,30.48,27.02,23.85,21.03,18.59,16.57,14.98,13.83,13.11,12.8,12.88,13.3,14.03,15.0,16.17,17.46,18.82,20.16,21.44,22.57,23.51,24.22,24.64,24.77,24.58,24.09,23.31,22.26,20.98,19.53,17.94,16.26,14.55,12.85,11.21,9.64,8.19,6.87,5.68,4.64,3.74,2.98,2.34,1.81,1.39,1.05,0.78,0.57,0.42,0.3,0.21,0.15,0.1,0.07,0.05,0.03,0.02,0.01
78.09,73.64,61.73,46.01,30.49,17.97,9.41,4.38,1.82,0.67,0.22,0.06,0.02,0.0,0.0,0.0,0.0,0.0,0.0,0.0,0.0,0.0,0.0,0.0,0.0,0.0,0.0,0.0,0.0,0.0,0.0,0.0,0.0,0.0,0.0,0.0,0.0,0.0,0.0,0.0,0.0,0.0,0.01,0.02,0.05,0.14,0.34,0.77,1.62,3.18,5.82,9.92,15.74,23.28,32.05,41.11,49.11,54.64,56.62,54.64,49.11,41.11,32.05,23.28,15.74,9.92,5.82,3.18,1.62,0.77,0.34,0.15,0.09,0.11,0.24,0.58,1.31,2.76,5.42,9.92,16.92,26.86,39.71,54.69,70.15,83.79,93.23,96.6,93.23,83.8,70.15,54.7,39.73,26.88,16.96,9.98,5.49,2.84,1.4,0.67,0.33,0.17,0.1,0.07,0.05,0.04,0.04,0.05,0.06,0.07,0.08,0.09,0.09,0.09,0.08,0.07,0.06,0.04,0.03,0.03,0.03,0.03,0.04,0.05,0.07,0.1,0.13,0.18,0.24,0.32,0.41,0.54,0.68,0.86,1.07,1.32,1.61,1.94,2.3,2.72,3.17,3.68,4.23,4.85,5.53,6.29,7.15,8.14,9.29,10.63,12.22,14.1,16.33,18.94,21.98,25.49,29.48,33.95,38.87,44.18,49.81,55.63,61.5,67.28,72.78,77.81,82.21,85.8,88.45,90.05,90.52,89.84,88.03,85.15,81.31,76.65,71.32,65.51,59.39,53.15,46.95,40.94,35.24,29.94,25.11,20.78,16.98,13.7,10.92,8.59,6.67,5.12,3.89,2.93,2.2,1.65,1.25,0.98,0.81,0.74,0.74,0.83,1.0,1.26,1.61,2.08,2.69,3.45,4.38,5.51,6.86,8.45,10.29,12.38,14.73,17.34,20.17,23.21,26.41,29.72,33.08,36.42,39.67,42.74,45.57,48.08,50.19,51.86,53.02,53.66,53.74,53.27,52.27,50.77,48.81,46.44,43.75,40.8,37.68,34.46,31.23,28.05,25.01,22.15,19.54,17.21,15.21,13.54,12.24,11.28,10.68,10.42,10.47,10.8,11.38,12.17,13.11,14.15,15.25,16.34,17.36,18.28,19.05,19.61,19.96,20.06,19.91,19.51,18.88,18.03,16.99,15.81,14.53,13.17,11.79,10.41,9.08,7.81,6.63,5.56,4.6,3.76,3.03,2.41,1.89,1.47,1.12,0.85,0.63,0.46,0.34,0.24,0.17,0.12,0.08,0.06,0.04,0.02,0.02,0.01
81.93,77.25,64.76,48.27,31.99,18.85,9.87,4.6,1.9,0.7,0.23,0.07,0.02,0.0,0.0,0.0,0.0,0.0,0.0,0.0,0.0,0.0,0.0,0.0,0.0,0.0,0.0,0.0,0.0,0.0,0.0,0.0,0.0,0.0,0.0,0.0,0.0,0.0,0.0,0.0,0.0,0.0,0.01,0.02,0.07,0.18,0.43,0.98,2.07,4.08,7.46,12.72,20.19,29.85,41.11,52.73,62.99,70.08,72.61,70.08,62.99,52.73,41.11,29.85,20.19,12.72,7.46,4.08,2.07,0.98,0.44,0.19,0.1,0.11,0.22,0.52,1.18,2.49,4.88,8.94,15.23,24.19,35.76,49.25,63.17,75.46,83.95,86.99,83.95,75.46,63.18,49.27,35.81,24.25,15.34,9.08,5.06,2.7,1.42,0.77,0.45,0.3,0.21,0.16,0.13,0.11,0.11,0.13,0.15,0.19,0.22,0.24,0.25,0.24,0.21,0.18,0.14,0.1,0.07,0.05,0.04,0.03,0.03,0.04,0.05,0.07,0.1,0.13,0.18,0.24,0.31,0.41,0.52,0.65,0.82,1.01,1.23,1.48,1.77,2.1,2.47,2.89,3.35,3.89,4.49,5.19,6.01,6.98,8.13,9.5,11.16,13.14,15.49,18.28,21.54,25.3,29.57,34.35,39.61,45.29,51.29,57.49,63.75,69.89,75.73,81.08,85.76,89.58,92.4,94.12,94.65,93.96,92.09,89.1,85.1,80.23,74.66,68.59,62.19,55.66,49.17,42.88,36.91,31.36,26.31,21.78,17.81,14.37,11.45,9.01,7.01,5.39,4.1,3.09,2.32,1.74,1.32,1.02,0.84,0.74,0.72,0.78,0.91,1.12,1.41,1.81,2.31,2.95,3.74,4.69,5.82,7.15,8.69,10.45,12.42,14.59,16.95,19.48,22.14,24.88,27.66,30.41,33.08,35.59,37.9,39.92,41.62,42.94,43.84,44.3,44.31,43.86,42.98,41.69,40.03,38.04,35.8,33.35,30.76,28.1,25.44,22.83,20.33,17.99,15.85,13.95,12.31,10.95,9.88,9.1,8.6,8.38,8.41,8.67,9.13,9.75,10.5,11.33,12.21,13.08,13.9,14.63,15.24,15.69,15.97,16.05,15.93,15.61,15.1,14.42,13.6,12.65,11.62,10.54,9.43,8.33,7.26,6.25,5.31,4.45,3.68,3.01,2.42,1.93,1.51,1.17,0.9,0.68,0.51,0.37,0.27,0.19,0.14,0.1,0.07,0.04,0.03,0.02,0.01,0.01
91.1,85.9,72.01,53.68,35.57,20.96,10.98,5.11,2.12,0.78,0.26,0.07,0.02,0.0,0.0,0.0,0.0,0.0,0.0,0.0,0.0,0.0,0.0,0.0,0.0,0.0,0.0,0.0,0.0,0.0,0.0,0.0,0.0,0.0,0.0,0.0,0.0,0.0,0.0,0.0,0.0,0.0,0.01,0.03,0.08,0.21,0.52,1.17,2.48,4.87,8.91,15.19,24.12,35.66,49.11,62.99,75.24,83.71,86.74,83.71,75.24,62.99,49.11,35.66,24.12,15.19,8.91,4.87,2.48,1.18,0.52,0.22,0.11,0.1,0.19,0.44,0.99,2.09,4.11,7.52,12.82,20.36,30.1,41.45,53.16,63.51,70.66,73.22,70.66,63.52,53.2,41.51,30.2,20.52,13.07,7.86,4.54,2.61,1.57,1.04,0.76,0.6,0.48,0.38,0.31,0.27,0.27,0.31,0.37,0.45,0.53,0.58,0.6,0.58,0.52,0.44,0.34,0.25,0.17,0.11,0.07,0.05,0.04,0.04,0.04,0.05,0.07,0.1,0.13,0.18,0.23,0.3,0.39,0.49,0.61,0.76,0.93,1.13,1.36,1.62,1.92,2.26,2.66,3.13,3.68,4.33,5.11,6.06,7.21,8.61,10.31,12.36,14.82,17.74,21.15,25.1,29.59,34.61,40.13,46.07,52.36,58.85,65.39,71.81,77.91,83.5,88.38,92.38,95.34,97.14,97.72,97.04,95.13,92.05,87.93,82.91,77.16,70.89,64.29,57.55,50.85,44.35,38.18,32.45,27.22,22.55,18.44,14.89,11.87,9.36,7.28,5.61,4.28,3.23,2.43,1.83,1.39,1.08,0.88,0.77,0.73,0.76,0.86,1.04,1.28,1.62,2.05,2.59,3.26,4.07,5.04,6.18,7.49,8.97,10.64,12.48,14.47,16.59,18.81,21.1,23.4,25.68,27.87,29.92,31.78,33.41,34.75,35.76,36.43,36.73,36.65,36.2,35.39,34.25,32.81,31.12,29.22,27.17,25.02,22.81,20.61,18.47,16.42,14.51,12.76,11.22,9.88,8.77,7.9,7.26,6.85,6.66,6.68,6.87,7.23,7.72,8.31,8.96,9.65,10.34,10.99,11.57,12.05,12.41,12.62,12.69,12.59,12.34,11.94,11.4,10.75,10.0,9.19,8.33,7.45,6.58,5.74,4.94,4.2,3.52,2.91,2.38,1.92,1.52,1.2,0.93,0.71,0.54,0.4,0.29,0.21,0.15,0.11,0.08,0.05,0.04,0.02,0.02,0.01,0.01
99.91,94.2,78.97,58.86,39.01,22.98,12.04,5.61,2.32,0.86,0.28,0.08,0.02,0.0,0.0,0.0,0.0,0.0,0.0,0.0,0.0,0.0,0.0,0.0,0.0,0.0,0.0,0.0,0.0,0.0,0.0,0.0,0.0,0.0,0.0,0.0,0.0,0.0,0.0,0.0,0.0,0.0,0.01,0.03,0.09,0.24,0.58,1.31,2.76,5.42,9.92,16.9,26.83,39.68,54.64,70.08,83.71,93.14,96.51,93.14,83.71,70.08,54.64,39.68,26.83,16.9,9.92,5.42,2.76,1.31,0.58,0.24,0.11,0.09,0.15,0.35,0.79,1.66,3.25,5.96,10.15,16.12,23.83,32.82,42.09,50.29,55.95,57.98,55.96,50.32,42.17,32.96,24.07,16.49,10.71,6.72,4.24,2.83,2.09,1.7,1.46,1.25,1.04,0.85,0.7,0.61,0.61,0.7,0.84,1.02,1.19,1.31,1.36,1.31,1.18,0.98,0.77,0.56,0.38,0.24,0.15,0.09,0.05,0.04,0.04,0.04,0.06,0.07,0.1,0.13,0.17,0.22,0.29,0.37,0.46,0.57,0.7,0.85,1.03,1.24,1.49,1.78,2.12,2.54,3.04,3.65,4.4,5.33,6.48,7.89,9.61,11.71,14.24,17.24,20.76,24.83,29.46,34.64,40.33,46.46,52.93,59.61,66.34,72.94,79.22,84.96,89.98,94.09,97.14,99.01,99.62,98.94,97.01,93.89,89.7,84.59,78.74,72.35,65.62,58.74,51.91,45.29,39.0,33.16,27.83,23.06,18.87,15.25,12.17,9.6,7.49,5.78,4.42,3.36,2.54,1.93,1.48,1.16,0.95,0.82,0.77,0.79,0.87,1.01,1.23,1.52,1.9,2.37,2.96,3.67,4.52,5.51,6.65,7.95,9.39,10.98,12.69,14.51,16.4,18.34,20.28,22.18,23.99,25.67,27.17,28.46,29.5,30.25,30.71,30.85,30.67,30.19,29.41,28.36,27.08,25.6,23.96,22.21,20.38,18.53,16.7,14.92,13.23,11.66,10.23,8.97,7.88,6.98,6.27,5.74,5.41,5.24,5.24,5.39,5.66,6.04,6.49,7.0,7.54,8.07,8.58,9.03,9.41,9.69,9.86,9.91,9.83,9.64,9.32,8.9,8.39,7.81,7.17,6.5,5.82,5.14,4.48,3.86,3.28,2.75,2.27,1.86,1.5,1.19,0.93,0.72,0.55,0.42,0.31,0.23,0.17,0.12,0.08,0.06,0.04,0.03,0.02,0.01,0.01,0.01
102.32,96.48,80.89,60.29,39.95,23.54,12.33,5.74,2.38,0.88,0.29,0.08,0.02,0.0,0.0,0.0,0.0,0.0,0.0,0.0,0.0,0.0,0.0,0.0,0.0,0.0,0.0,0.0,0.0,0.0,0.0,0.0,0.0,0.0,0.0,0.0,0.0,0.0,0.0,0.0,0.0,0.0,0.01,0.03,0.09,0.25,0.6,1.35,2.86,5.61,10.27,17.51,27.8,41.11,56.62,72.61,86.74,96.51,100.0,96.51,86.74,72.61,56.62,41.11,27.8,17.51,10.27,5.61,2.86,1.35,0.6,0.25,0.11,0.07,0.12,0.27,0.6,1.26,2.47,4.52,7.7,12.22,18.08,24.89,31.93,38.14,42.44,43.98,42.47,38.22,32.09,25.19,18.58,13.02,8.87,6.13,4.54,3.73,3.35,3.13,2.88,2.56,2.17,1.78,1.47,1.29,1.29,1.47,1.78,2.16,2.52,2.77,2.86,2.76,2.48,2.08,1.62,1.18,0.8,0.5,0.3,0.17,0.09,0.05,0.04,0.04,0.04,0.05,0.07,0.1,0.13,0.16,0.21,0.27,0.34,0.42,0.52,0.64,0.78,0.95,1.16,1.41,1.71,2.08,2.54,3.12,3.85,4.75,5.88,7.29,9.03,11.14,13.7,16.74,20.31,24.45,29.14,34.4,40.17,46.39,52.94,59.71,66.53,73.22,79.57,85.39,90.47,94.64,97.73,99.64,100.27,99.61,97.68,94.55,90.34,85.21,79.33,72.9,66.13,59.22,52.35,45.68,39.36,33.47,28.11,23.31,19.09,15.45,12.35,9.76,7.63,5.91,4.55,3.48,2.65,2.03,1.58,1.26,1.04,0.91,0.86,0.86,0.93,1.06,1.25,1.52,1.86,2.3,2.83,3.48,4.25,5.15,6.19,7.36,8.65,10.07,11.6,13.21,14.87,16.56,18.23,19.85,21.38,22.77,23.99,25.01,25.79,26.32,26.58,26.56,26.28,25.73,24.93,23.92,22.73,21.38,19.91,18.36,16.78,15.18,13.62,12.12,10.7,9.39,8.21,7.16,6.27,5.53,4.94,4.51,4.23,4.09,4.08,4.18,4.38,4.67,5.02,5.41,5.82,6.23,6.62,6.97,7.26,7.47,7.6,7.64,7.58,7.43,7.19,6.87,6.47,6.02,5.53,5.02,4.49,3.96,3.46,2.97,2.53,2.12,1.75,1.43,1.15,0.92,0.72,0.56,0.43,0.32,0.24,0.18,0.13,0.09,0.07,0.05,0.03,0.02,0.01,0.01,0.01,0.0
95.15,89.72,75.21,56.06,37.15,21.89,11.47,5.34,2.21,0.81,0.27,0.08,0.02,0.0,0.0,0.0,0.0,0.0,0.0,0.0,0.0,0.0,0.0,0.0,0.0,0.0,0.0,0.0,0.0,0.0,0.0,0.0,0.0,0.0,0.0,0.0,0.0,0.0,0.0,0.0,0.0,0.0,0.01,0.03,0.09,0.24,0.58,1.31,2.76,5.42,9.92,16.9,26.83,39.68,54.64,70.08,83.71,93.14,96.51,93.14,83.71,70.08,54.64,39.68,26.83,16.9,9.92,5.42,2.76,1.31,0.58,0.24,0.1,0.06,0.09,0.2,0.45,0.95,1.88,3.43,5.85,9.29,13.74,18.92,24.27,28.99,32.26,33.45,32.33,29.15,24.58,19.5,14.72,10.85,8.16,6.61,5.95,5.83,5.88,5.83,5.53,4.98,4.25,3.5,2.89,2.54,2.54,2.88,3.49,4.24,4.95,5.45,5.63,5.42,4.87,4.08,3.18,2.31,1.56,0.99,0.58,0.32,0.17,0.09,0.05,0.03,0.03,0.04,0.05,0.07,0.09,0.12,0.15,0.2,0.25,0.31,0.39,0.48,0.6,0.74,0.91,1.12,1.39,1.73,2.16,2.7,3.4,4.28,5.39,6.78,8.5,10.61,13.15,16.19,19.76,23.89,28.59,33.84,39.61,45.82,52.37,59.13,65.93,72.61,78.95,84.76,89.83,94.0,97.09,99.0,99.65,99.01,97.11,94.02,89.85,84.76,78.93,72.55,65.84,58.97,52.15,45.53,39.25,33.4,28.07,23.3,19.11,15.49,12.41,9.84,7.72,6.01,4.66,3.59,2.78,2.17,1.72,1.4,1.18,1.05,1.0,1.0,1.06,1.18,1.37,1.62,1.95,2.37,2.88,3.5,4.24,5.1,6.08,7.19,8.41,9.74,11.17,12.65,14.18,15.71,17.21,18.64,19.97,21.16,22.16,22.96,23.54,23.87,23.95,23.77,23.35,22.71,21.85,20.82,19.64,18.34,16.97,15.54,14.1,12.68,11.3,9.99,8.76,7.64,6.64,5.76,5.01,4.39,3.9,3.54,3.3,3.17,3.14,3.21,3.36,3.57,3.83,4.12,4.44,4.75,5.04,5.31,5.53,5.69,5.79,5.82,5.78,5.66,5.48,5.23,4.93,4.59,4.21,3.82,3.42,3.02,2.63,2.27,1.92,1.61,1.33,1.09,0.88,0.7,0.55,0.43,0.33,0.25,0.18,0.13,0.1,0.07,0.05,0.03,0.02,0.02,0.01,0.01,0.0,0.0
79.33,74.8,62.71,46.74,30.98,18.25,9.56,4.45,1.84,0.68,0.22,0.06,0.02,0.0,0.0,0.0,0.0,0.0,0.0,0.0,0.0,0.0,0.0,0.0,0.0,0.0,0.0,0.0,0.0,0.0,0.0,0.0,0.0,0.0,0.0,0.0,0.0,0.0,0.0,0.0,0.0,0.0,0.01,0.03,0.08,0.21,0.52,1.17,2.48,4.87,8.91,15.19,24.12,35.66,49.11,62.99,75.24,83.71,86.74,83.71,75.24,62.99,49.11,35.66,24.12,15.19,8.91,4.87,2.48,1.17,0.52,0.22,0.09,0.06,0.08,0.17,0.38,0.79,1.56,2.85,4.87,7.73,11.42,15.73,20.18,24.11,26.84,27.85,26.96,24.4,20.75,16.79,13.22,10.58,9.09,8.67,9.02,9.71,10.3,10.47,10.04,9.08,7.76,6.4,5.28,4.66,4.66,5.28,6.39,7.75,9.05,9.98,10.3,9.92,8.92,7.46,5.82,4.22,2.86,1.8,1.06,0.58,0.3,0.15,0.07,0.04,0.03,0.03,0.04,0.05,0.07,0.09,0.11,0.14,0.18,0.23,0.29,0.36,0.46,0.57,0.72,0.91,1.15,1.46,1.86,2.37,3.04,3.89,4.96,6.32,8.01,10.07,12.58,15.57,19.08,23.15,27.78,32.95,38.63,44.74,51.19,57.85,64.55,71.12,77.36,83.08,88.08,92.19,95.25,97.14,97.8,97.19,95.34,92.33,88.26,83.28,77.57,71.33,64.75,58.03,51.35,44.86,38.7,32.96,27.74,23.06,18.95,15.39,12.37,9.85,7.78,6.1,4.77,3.73,2.94,2.34,1.9,1.59,1.38,1.26,1.2,1.21,1.28,1.4,1.58,1.84,2.17,2.59,3.11,3.73,4.47,5.34,6.32,7.43,8.65,9.97,11.36,12.82,14.29,15.75,17.17,18.5,19.7,20.75,21.6,22.23,22.63,22.79,22.69,22.35,21.79,21.01,20.05,18.94,17.71,16.4,15.03,13.64,12.27,10.93,9.66,8.46,7.36,6.36,5.48,4.71,4.05,3.52,3.1,2.78,2.57,2.45,2.41,2.45,2.55,2.7,2.89,3.11,3.34,3.57,3.8,3.99,4.16,4.28,4.36,4.38,4.34,4.26,4.12,3.93,3.71,3.45,3.17,2.87,2.57,2.27,1.98,1.7,1.45,1.21,1.0,0.82,0.66,0.53,0.41,0.32,0.24,0.18,0.14,0.1,0.07,0.05,0.04,0.03,0.02,0.01,0.01,0.01,0.0,0.0
59.0,55.63,46.64,34.76,23.04,13.57,7.11,3.31,1.37,0.5,0.17,0.05,0.01,0.0,0.0,0.0,0.0,0.0,0.0,0.0,0.0,0.0,0.0,0.0,0.0,0.0,0.0,0.0,0.0,0.0,0.0,0.0,0.0,0.0,0.0,0.0,0.0,0.0,0.0,0.0,0.0,0.0,0.01,0.02,0.07,0.18,0.43,0.98,2.07,4.08,7.46,12.72,20.19,29.85,41.11,52.73,62.99,70.08,72.61,70.08,62.99,52.73,41.11,29.85,20.19,12.72,7.46,4.08,2.07,0.98,0.43,0.18,0.08,0.05,0.08,0.17,0.38,0.79,1.56,2.85,4.87,7.73,11.42,15.73,20.18,24.12,26.86,27.89,27.05,24.6,21.16,17.53,14.49,12.6,12.07,12.77,14.28,15.99,17.29,17.72,17.07,15.45,13.23,10.9,9.0,7.94,7.94,9.0,10.9,13.22,15.43,17.01,17.56,16.92,15.2,12.72,9.92,7.2,4.87,3.07,1.8,0.99,0.5,0.24,0.11,0.05,0.03,0.03,0.03,0.04,0.05,0.06,0.08,0.1,0.13,0.17,0.22,0.28,0.35,0.45,0.58,0.74,0.96,1.24,1.61,2.1,2.73,3.54,4.58,5.89,7.52,9.52,11.95,14.85,18.27,22.22,26.71,31.73,37.25,43.19,49.45,55.91,62.42,68.8,74.86,80.42,85.29,89.28,92.27,94.12,94.78,94.22,92.45,89.56,85.64,80.84,75.33,69.31,62.95,56.46,49.99,43.72,37.76,32.21,27.15,22.62,18.63,15.19,12.26,9.82,7.82,6.2,4.91,3.91,3.14,2.57,2.15,1.86,1.66,1.55,1.5,1.52,1.59,1.72,1.92,2.18,2.53,2.98,3.52,4.18,4.97,5.88,6.92,8.08,9.35,10.73,12.17,13.67,15.17,16.64,18.05,19.35,20.5,21.47,22.22,22.73,22.99,22.98,22.72,22.21,21.47,20.53,19.41,18.17,16.83,15.42,13.99,12.57,11.19,9.86,8.61,7.46,6.42,5.48,4.66,3.96,3.37,2.88,2.5,2.21,2.01,1.89,1.84,1.86,1.92,2.02,2.16,2.32,2.49,2.66,2.82,2.97,3.09,3.18,3.24,3.25,3.23,3.16,3.06,2.92,2.75,2.56,2.35,2.13,1.91,1.69,1.47,1.27,1.07,0.9,0.75,0.61,0.49,0.39,0.31,0.24,0.18,0.14,0.1,0.08,0.05,0.04,0.03,0.02,0.01,0.01,0.01,0.0,0.0,0.0
39.07,36.84,30.88,23.02,15.25,8.99,4.71,2.19,0.91,0.33,0.11,0.03,0.01,0.0,0.0,0.0,0.0,0.0,0.0,0.0,0.0,0.0,0.0,0.0,0.0,0.0,0.0,0.0,0.0,0.0,0.0,0.0,0.0,0.0,0.0,0.0,0.0,0.0,0.0,0.0,0.0,0.0,0.01,0.02,0.05,0.14,0.34,0.77,1.62,3.18,5.82,9.92,15.74,23.28,32.05,41.11,49.11,54.64,56.62,54.64,49.11,41.11,32.05,23.28,15.74,9.92,5.82,3.18,1.62,0.77,0.34,0.14,0.06,0.05,0.09,0.2,0.45,0.95,1.88,3.43,5.85,9.29,13.74,18.92,24.28,29.01,32.32,33.58,32.63,29.78,25.83,21.78,18.61,17.02,17.28,19.18,22.07,25.08,27.31,28.07,27.08,24.53,21.0,17.31,14.29,12.6,12.6,14.29,17.3,20.98,24.49,27.0,27.87,26.86,24.13,20.19,15.74,11.43,7.73,4.87,2.86,1.56,0.8,0.38,0.17,0.08,0.04,0.02,0.02,0.03,0.03,0.04,0.06,0.07,0.1,0.12,0.16,0.21,0.27,0.36,0.47,0.61,0.81,1.07,1.42,1.87,2.47,3.24,4.22,5.47,7.02,8.94,11.26,14.04,17.31,21.09,25.4,30.21,35.5,41.18,47.18,53.38,59.61,65.73,71.55,76.88,81.56,85.4,88.28,90.08,90.74,90.23,88.58,85.84,82.12,77.56,72.33,66.59,60.54,54.35,48.18,42.19,36.5,31.2,26.36,22.03,18.22,14.93,12.13,9.79,7.88,6.33,5.1,4.15,3.43,2.89,2.5,2.22,2.05,1.95,1.92,1.94,2.03,2.17,2.39,2.68,3.06,3.54,4.14,4.86,5.72,6.71,7.85,9.12,10.51,12.0,13.57,15.17,16.78,18.34,19.81,21.15,22.31,23.26,23.95,24.37,24.51,24.35,23.92,23.22,22.28,21.14,19.83,18.4,16.88,15.32,13.76,12.23,10.76,9.38,8.09,6.93,5.88,4.95,4.15,3.47,2.9,2.44,2.08,1.81,1.61,1.48,1.42,1.41,1.44,1.51,1.6,1.71,1.83,1.95,2.07,2.18,2.27,2.33,2.37,2.39,2.37,2.32,2.24,2.14,2.02,1.88,1.73,1.57,1.4,1.24,1.08,0.93,0.79,0.66,0.55,0.45,0.36,0.29,0.23,0.17,0.13,0.1,0.08,0.06,0.04,0.03,0.02,0.01,0.01,0.01,0.0,0.0,0.0,0.0
23.01,21.7,18.19,13.56,8.99,5.29,2.77,1.29,0.53,0.2,0.06,0.02,0.0,0.0,0.0,0.0,0.0,0.0,0.0,0.0,0.0,0.0,0.0,0.0,0.0,0.0,0.0,0.0,0.0,0.0,0.0,0.0,0.0,0.0,0.0,0.0,0.0,0.0,0.0,0.0,0.0,0.0,0.0,0.01,0.04,0.1,0.25,0.56,1.17,2.31,4.22,7.2,11.43,16.9,23.28,29.85,35.66,39.68,41.11,39.68,35.66,29.85,23.28,16.9,11.43,7.2,4.22,2.31,1.17,0.56,0.25,0.11,0.05,0.06,0.11,0.26,0.6,1.26,2.47,4.52,7.7,12.23,18.08,24.9,31.94,38.18,42.53,44.21,42.99,39.31,34.23,29.12,25.28,23.66,24.6,27.79,32.33,36.93,40.31,41.47,40.03,36.26,31.04,25.59,21.13,18.63,18.63,21.13,25.58,31.03,36.22,39.92,41.21,39.71,35.67,29.86,23.28,16.9,11.43,7.2,4.22,2.31,1.18,0.56,0.25,0.11,0.05,0.02,0.02,0.02,0.02,0.03,0.04,0.05,0.07,0.09,0.12,0.16,0.22,0.29,0.38,0.51,0.69,0.93,1.25,1.67,2.23,2.95,3.88,5.05,6.52,8.32,10.52,13.14,16.23,19.81,23.88,28.43,33.42,38.8,44.47,50.33,56.23,62.03,67.54,72.6,77.03,80.69,83.44,85.18,85.84,85.4,83.88,81.34,77.87,73.61,68.7,63.32,57.64,51.82,46.02,40.38,35.01,30.02,25.45,21.36,17.76,14.65,12.01,9.81,8.0,6.54,5.39,4.5,3.82,3.33,2.97,2.72,2.57,2.49,2.47,2.51,2.61,2.78,3.02,3.34,3.76,4.3,4.96,5.77,6.73,7.84,9.12,10.54,12.1,13.77,15.52,17.3,19.07,20.79,22.39,23.83,25.06,26.03,26.71,27.07,27.1,26.81,26.2,25.29,24.13,22.75,21.2,19.52,17.77,16.0,14.24,12.54,10.92,9.41,8.03,6.79,5.68,4.72,3.9,3.21,2.63,2.17,1.81,1.53,1.33,1.19,1.11,1.08,1.08,1.12,1.18,1.25,1.33,1.42,1.5,1.58,1.64,1.69,1.72,1.73,1.71,1.68,1.62,1.55,1.46,1.36,1.25,1.13,1.01,0.9,0.78,0.67,0.57,0.48,0.4,0.32,0.26,0.21,0.16,0.13,0.1,0.07,0.05,0.04,0.03,0.02,0.01,0.01,0.01,0.0,0.0,0.0,0.0,0.0
12.05,11.37,9.53,7.1,4.71,2.77,1.45,0.68,0.28,0.1,0.03,0.01,0.0,0.0,0.0,0.0,0.0,0.0,0.0,0.0,0.0,0.0,0.0,0.0,0.0,0.0,0.0,0.0,0.0,0.0,0.0,0.0,0.0,0.0,0.0,0.0,0.0,0.0,0.0,0.0,0.0,0.0,0.0,0.01,0.03,0.07,0.17,0.38,0.79,1.56,2.86,4.87,7.73,11.43,15.74,20.19,24.12,26.83,27.8,26.83,24.12,20.19,15.74,11.43,7.73,4.87,2.86,1.56,0.79,0.38,0.17,0.07,0.05,0.06,0.15,0.35,0.79,1.66,3.25,5.96,10.15,16.12,23.83,32.83,42.11,50.34,56.08,58.31,56.71,51.9,45.27,38.64,33.75,31.86,33.43,38.01,44.37,50.78,55.48,57.1,55.12,49.93,42.75,35.24,29.09,25.66,25.66,29.09,35.23,42.73,49.88,54.98,56.75,54.69,49.13,41.12,32.06,23.28,15.74,9.92,5.82,3.18,1.62,0.77,0.34,0.14,0.06,0.03,0.02,0.01,0.02,0.02,0.03,0.04,0.05,0.07,0.09,0.13,0.17,0.23,0.32,0.44,0.6,0.81,1.11,1.49,2.01,2.68,3.54,4.63,5.99,7.68,9.72,12.17,15.05,18.39,22.18,26.43,31.09,36.11,41.41,46.88,52.4,57.82,62.98,67.72,71.89,75.34,77.94,79.61,80.28,79.92,78.56,76.25,73.08,69.16,64.64,59.67,54.41,49.02,43.64,38.4,33.41,28.76,24.51,20.7,17.34,14.44,11.97,9.91,8.23,6.88,5.81,4.99,4.38,3.93,3.61,3.4,3.27,3.21,3.21,3.27,3.39,3.57,3.84,4.19,4.66,5.26,6.01,6.92,8.01,9.28,10.72,12.34,14.12,16.01,18.0,20.02,22.02,23.95,25.74,27.33,28.67,29.71,30.41,30.73,30.68,30.24,29.45,28.32,26.91,25.25,23.41,21.44,19.4,17.35,15.34,13.4,11.58,9.89,8.36,6.99,5.79,4.75,3.87,3.13,2.52,2.03,1.65,1.36,1.14,0.99,0.89,0.84,0.82,0.83,0.86,0.91,0.96,1.02,1.08,1.13,1.18,1.21,1.23,1.24,1.23,1.2,1.16,1.11,1.05,0.97,0.89,0.81,0.73,0.64,0.56,0.48,0.41,0.34,0.28,0.23,0.19,0.15,0.12,0.09,0.07,0.05,0.04,0.03,0.02,0.01,0.01,0.01,0.01,0.0,0.0,0.0,0.0,0.0
5.61,5.29,4.44,3.31,2.19,1.29,0.68,0.32,0.13,0.05,0.02,0.0,0.0,0.0,0.0,0.0,0.0,0.0,0.0,0.0,0.0,0.0,0.0,0.0,0.0,0.0,0.0,0.0,0.0,0.0,0.0,0.0,0.0,0.0,0.0,0.0,0.0,0.0,0.0,0.0,0.0,0.0,0.0,0.01,0.02,0.04,0.1,0.24,0.5,0.98,1.8,3.07,4.87,7.2,9.92,12.72,15.19,16.9,17.51,16.9,15.19,12.72,9.92,7.2,4.87,3.07,1.8,0.98,0.5,0.24,0.11,0.05,0.04,0.07,0.18,0.44,0.99,2.09,4.11,7.52,12.82,20.36,30.1,41.46,53.19,63.57,70.83,73.65,71.64,65.58,57.24,48.91,42.82,40.55,42.68,48.64,56.85,65.1,71.14,73.23,70.69,64.04,54.83,45.2,37.32,32.91,32.91,37.31,45.19,54.8,63.97,70.51,72.79,70.15,63.01,52.74,41.11,29.85,20.19,12.72,7.46,4.08,2.08,0.98,0.44,0.18,0.07,0.03,0.01,0.01,0.01,0.02,0.02,0.03,0.04,0.05,0.07,0.1,0.14,0.19,0.27,0.37,0.52,0.71,0.98,1.33,1.8,2.41,3.2,4.21,5.46,7.01,8.89,11.14,13.79,16.87,20.36,24.27,28.57,33.2,38.09,43.14,48.24,53.25,58.03,62.43,66.31,69.54,72.0,73.59,74.28,74.02,72.85,70.8,67.95,64.42,60.32,55.81,51.02,46.1,41.18,36.39,31.81,27.54,23.63,20.12,17.02,14.34,12.07,10.18,8.63,7.39,6.42,5.68,5.13,4.73,4.46,4.28,4.19,4.15,4.17,4.25,4.38,4.59,4.88,5.28,5.8,6.46,7.3,8.33,9.56,11.0,12.66,14.51,16.53,18.7,20.97,23.27,25.56,27.75,29.78,31.58,33.07,34.21,34.95,35.26,35.13,34.55,33.57,32.2,30.5,28.53,26.36,24.05,21.68,19.3,16.97,14.75,12.67,10.75,9.02,7.48,6.14,4.99,4.01,3.2,2.54,2.01,1.59,1.27,1.03,0.86,0.75,0.67,0.64,0.62,0.63,0.66,0.69,0.73,0.77,0.8,0.83,0.86,0.87,0.87,0.87,0.85,0.82,0.78,0.74,0.69,0.63,0.57,0.51,0.45,0.39,0.34,0.29,0.24,0.2,0.16,0.13,0.1,0.08,0.06,0.05,0.04,0.03,0.02,0.01,0.01,0.01,0.01,0.0,0.0,0.0,0.0,0.0,0.0
2.32,2.19,1.84,1.37,0.91,0.53,0.28,0.13,0.05,0.02,0.01,0.0,0.0,0.0,0.0,0.0,0.0,0.0,0.0,0.0,0.0,0.0,0.0,0.0,0.0,0.0,0.0,0.0,0.0,0.0,0.0,0.0,0.0,0.0,0.0,0.0,0.0,0.0,0.0,0.0,0.0,0.0,0.0,0.0,0.01,0.03,0.06,0.14,0.29,0.58,1.06,1.8,2.86,4.22,5.82,7.46,8.91,9.92,10.27,9.92,8.91,7.46,5.82,4.22,2.86,1.8,1.06,0.58,0.29,0.14,0.06,0.03,0.04,0.09,0.21,0.52,1.18,2.48,4.88,8.94,15.23,24.19,35.77,49.26,63.2,75.54,84.16,87.51,85.12,77.93,68.04,58.16,50.95,48.3,50.9,58.05,67.88,77.76,84.97,87.48,84.44,76.5,65.5,53.99,44.58,39.31,39.31,44.57,53.98,65.47,76.42,84.23,86.96,83.79,75.27,63.0,49.11,35.66,24.12,15.19,8.91,4.87,2.48,1.18,0.52,0.21,0.08,0.03,0.01,0.01,0.01,0.01,0.02,0.02,0.03,0.04,0.06,0.08,0.11,0.16,0.23,0.32,0.45,0.62,0.86,1.18,1.61,2.16,2.88,3.78,4.92,6.33,8.04,10.09,12.5,15.29,18.47,22.03,25.94,30.16,34.62,39.23,43.89,48.48,52.87,56.92,60.5,63.5,65.81,67.35,68.06,67.93,66.96,65.2,62.71,59.59,55.96,51.94,47.66,43.24,38.82,34.49,30.35,26.48,22.92,19.72,16.9,14.46,12.39,10.66,9.26,8.14,7.27,6.61,6.13,5.8,5.58,5.44,5.37,5.36,5.41,5.5,5.65,5.87,6.19,6.62,7.19,7.92,8.86,10.01,11.4,13.03,14.9,17.01,19.32,21.8,24.38,27.02,29.63,32.13,34.44,36.47,38.16,39.43,40.24,40.54,40.34,39.62,38.43,36.8,34.8,32.49,29.95,27.26,24.5,21.75,19.06,16.5,14.11,11.92,9.95,8.21,6.69,5.4,4.31,3.4,2.67,2.08,1.61,1.26,0.99,0.79,0.66,0.56,0.51,0.48,0.47,0.48,0.49,0.52,0.54,0.56,0.58,0.6,0.61,0.61,0.6,0.59,0.57,0.55,0.51,0.48,0.44,0.4,0.36,0.32,0.27,0.24,0.2,0.17,0.14,0.11,0.09,0.07,0.06,0.04,0.03,0.03,0.02,0.01,0.01,0.01,0.01,0.0,0.0,0.0,0.0,0.0,0.0,0.0
0.86,0.81,0.68,0.5,0.33,0.2,0.1,0.05,0.02,0.01,0.0,0.0,0.0,0.0,0.0,0.0,0.0,0.0,0.0,0.0,0.0,0.0,0.0,0.0,0.0,0.0,0.0,0.0,0.0,0.0,0.0,0.0,0.0,0.0,0.0,0.0,0.0,0.0,0.0,0.0,0.0,0.0,0.0,0.0,0.01,0.01,0.03,0.08,0.16,0.32,0.58,0.98,1.56,2.31,3.18,4.08,4.87,5.42,5.61,5.42,4.87,4.08,3.18,2.31,1.56,0.98,0.58,0.32,0.16,0.08,0.04,0.02,0.04,0.09,0.24,0.58,1.31,2.76,5.42,9.92,16.92,26.86,39.72,54.7,70.18,83.89,93.46,97.18,94.53,86.55,75.56,64.61,56.62,53.69,56.59,64.57,75.51,86.5,94.53,97.32,93.95,85.11,72.87,60.07,49.59,43.73,43.73,49.59,60.06,72.84,85.02,93.71,96.74,93.23,83.75,70.09,54.64,39.68,26.83,16.9,9.92,5.42,2.76,1.31,0.58,0.24,0.09,0.03,0.01,0.01,0.01,0.01,0.01,0.02,0.02,0.03,0.05,0.07,0.09,0.13,0.19,0.27,0.39,0.54,0.76,1.04,1.42,1.92,2.56,3.37,4.39,5.65,7.19,9.02,11.19,13.7,16.55,19.76,23.28,27.08,31.1,35.27,39.49,43.65,47.65,51.35,54.65,57.43,59.61,61.1,61.86,61.87,61.13,59.68,57.58,54.91,51.76,48.26,44.5,40.61,36.69,32.84,29.15,25.68,22.49,19.62,17.07,14.87,13.0,11.44,10.18,9.19,8.42,7.86,7.45,7.18,7.01,6.92,6.89,6.91,6.96,7.07,7.23,7.46,7.79,8.25,8.86,9.67,10.69,11.97,13.51,15.34,17.45,19.83,22.44,25.25,28.19,31.19,34.15,36.99,39.62,41.92,43.82,45.25,46.14,46.45,46.18,45.32,43.91,42.01,39.67,36.99,34.05,30.94,27.76,24.6,21.52,18.58,15.85,13.35,11.11,9.13,7.41,5.94,4.71,3.7,2.87,2.21,1.7,1.3,0.99,0.77,0.61,0.5,0.43,0.38,0.36,0.35,0.36,0.36,0.38,0.39,0.4,0.41,0.42,0.42,0.42,0.41,0.39,0.38,0.35,0.33,0.3,0.27,0.25,0.22,0.19,0.16,0.14,0.12,0.1,0.08,0.06,0.05,0.04,0.03,0.02,0.02,0.01,0.01,0.01,0.01,0.0,0.0,0.0,0.0,0.0,0.0,0.0,0.0
0.28,0.26,0.22,0.17,0.11,0.06,0.03,0.02,0.01,0.0,0.0,0.0,0.0,0.0,0.0,0.0,0.0,0.0,0.0,0.0,0.0,0.0,0.0,0.0,0.0,0.0,0.0,0.0,0.0,0.0,0.0,0.0,0.0,0.0,0.0,0.0,0.0,0.0,0.0,0.0,0.0,0.0,0.0,0.0,0.0,0.01,0.02,0.04,0.08,0.16,0.29,0.5,0.79,1.17,1.62,2.07,2.48,2.76,2.86,2.76,2.48,2.07,1.62,1.17,0.79,0.5,0.29,0.16,0.08,0.04,0.02,0.02,0.04,0.1,0.25,0.6,1.35,2.86,5.62,10.28,17.52,27.81,41.13,56.65,72.67,86.87,96.78,100.63,97.89,89.63,78.25,66.91,58.64,55.62,58.63,66.9,78.24,89.63,97.96,100.84,97.35,88.19,75.51,62.24,51.39,45.32,45.32,51.39,62.23,75.47,88.1,97.1,100.25,96.6,86.78,72.63,56.62,41.11,27.8,17.51,10.27,5.61,2.86,1.35,0.6,0.25,0.1,0.03,0.01,0.01,0.0,0.01,0.01,0.01,0.02,0.03,0.04,0.05,0.08,0.11,0.16,0.23,0.33,0.47,0.66,0.91,1.24,1.68,2.25,2.97,3.87,4.99,6.35,7.98,9.9,12.13,14.67,17.52,20.66,24.05,27.64,31.38,35.16,38.92,42.53,45.9,48.93,51.52,53.58,55.05,55.89,56.06,55.58,54.47,52.77,50.56,47.92,44.94,41.72,38.37,34.96,31.6,28.35,25.29,22.46,19.9,17.62,15.65,13.97,12.59,11.47,10.6,9.94,9.47,9.15,8.94,8.83,8.79,8.79,8.83,8.91,9.02,9.18,9.41,9.75,10.22,10.86,11.71,12.82,14.21,15.9,17.93,20.27,22.93,25.86,29.01,32.32,35.69,39.03,42.24,45.19,47.79,49.93,51.52,52.51,52.84,52.49,51.49,49.86,47.67,44.98,41.91,38.54,35.0,31.37,27.76,24.25,20.91,17.81,14.97,12.43,10.19,8.25,6.6,5.21,4.07,3.14,2.4,1.82,1.37,1.03,0.78,0.6,0.47,0.38,0.32,0.28,0.27,0.26,0.26,0.26,0.27,0.28,0.28,0.29,0.29,0.28,0.28,0.27,0.26,0.24,0.22,0.21,0.19,0.17,0.15,0.13,0.11,0.09,0.08,0.07,0.05,0.04,0.03,0.03,0.02,0.02,0.01,0.01,0.01,0.0,0.0,0.0,0.0,0.0,0.0,0.0,0.0,0.0,0.0
0.08,0.08,0.06,0.05,0.03,0.02,0.01,0.0,0.0,0.0,0.0,0.0,0.0,0.0,0.0,0.0,0.0,0.0,0.0,0.0,0.0,0.0,0.0,0.0,0.0,0.0,0.0,0.0,0.0,0.0,0.0,0.0,0.0,0.0,0.0,0.0,0.0,0.0,0.0,0.0,0.0,0.0,0.0,0.0,0.0,0.0,0.01,0.02,0.04,0.08,0.14,0.24,0.38,0.56,0.77,0.98,1.17,1.31,1.35,1.31,1.17,0.98,0.77,0.56,0.38,0.24,0.14,0.08,0.04,0.02,0.01,0.01,0.03,0.09,0.24,0.58,1.31,2.76,5.42,9.92,16.9,26.84,39.68,54.65,70.12,83.81,93.38,97.09,94.45,86.48,75.5,64.56,56.58,53.67,56.58,64.56,75.51,86.5,94.53,97.32,93.95,85.11,72.87,60.07,49.59,43.73,43.73,49.59,60.06,72.84,85.02,93.71,96.74,93.23,83.75,70.09,54.64,39.68,26.83,16.9,9.92,5.42,2.76,1.31,0.58,0.24,0.09,0.03,0.01,0.01,0.0,0.0,0.01,0.01,0.01,0.02,0.03,0.04,0.06,0.1,0.14,0.2,0.29,0.4,0.57,0.79,1.08,1.46,1.96,2.59,3.38,4.35,5.55,6.97,8.66,10.62,12.85,15.36,18.13,21.13,24.32,27.64,31.02,34.39,37.66,40.73,43.51,45.94,47.92,49.39,50.33,50.7,50.49,49.74,48.47,46.74,44.62,42.17,39.5,36.67,33.78,30.89,28.08,25.41,22.92,20.66,18.64,16.89,15.4,14.18,13.2,12.45,11.9,11.52,11.28,11.15,11.1,11.1,11.14,11.2,11.29,11.4,11.55,11.77,12.09,12.55,13.21,14.09,15.26,16.74,18.57,20.77,23.34,26.26,29.5,33.0,36.68,40.44,44.17,47.74,51.04,53.94,56.32,58.1,59.18,59.53,59.12,57.97,56.11,53.62,50.58,47.1,43.3,39.29,35.19,31.12,27.16,23.4,19.91,16.72,13.86,11.35,9.17,7.32,5.77,4.49,3.46,2.63,1.98,1.48,1.1,0.81,0.61,0.46,0.35,0.28,0.24,0.21,0.19,0.19,0.18,0.19,0.19,0.19,0.19,0.19,0.19,0.19,0.18,0.17,0.16,0.15,0.14,0.13,0.11,0.1,0.09,0.07,0.06,0.05,0.04,0.04,0.03,0.02,0.02,0.01,0.01,0.01,0.01,0.0,0.0,0.0,0.0,0.0,0.0,0.0,0.0,0.0,0.0,0.0
0.02,0.02,0.02,0.01,0.01,0.0,0.0,0.0,0.0,0.0,0.0,0.0,0.0,0.0,0.0,0.0,0.0,0.0,0.0,0.0,0.0,0.0,0.0,0.0,0.0,0.0,0.0,0.0,0.0,0.0,0.0,0.0,0.0,0.0,0.0,0.0,0.0,0.0,0.0,0.0,0.0,0.0,0.0,0.0,0.0,0.0,0.0,0.01,0.02,0.03,0.06,0.1,0.17,0.25,0.34,0.43,0.52,0.58,0.6,0.58,0.52,0.43,0.34,0.25,0.17,0.1,0.06,0.03,0.02,0.01,0.01,0.01,0.03,0.08,0.21,0.52,1.17,2.48,4.87,8.91,15.19,24.12,35.67,49.12,63.02,75.33,83.93,87.26,84.89,77.72,67.86,58.02,50.85,48.24,50.85,58.03,67.87,77.75,84.97,87.47,84.44,76.5,65.5,53.99,44.58,39.31,39.31,44.57,53.98,65.47,76.42,84.23,86.96,83.79,75.27,63.0,49.11,35.66,24.12,15.19,8.91,4.87,2.48,1.17,0.52,0.21,0.08,0.03,0.01,0.0,0.0,0.0,0.0,0.01,0.01,0.02,0.02,0.04,0.05,0.08,0.12,0.17,0.24,0.35,0.49,0.67,0.93,1.26,1.68,2.23,2.91,3.76,4.79,6.03,7.49,9.2,11.15,13.34,15.77,18.4,21.21,24.15,27.17,30.19,33.14,35.94,38.53,40.83,42.76,44.29,45.35,45.94,46.05,45.67,44.85,43.61,42.0,40.1,37.96,35.66,33.26,30.83,28.44,26.14,23.98,21.99,20.22,18.67,17.36,16.28,15.43,14.8,14.35,14.06,13.91,13.85,13.87,13.92,13.99,14.07,14.16,14.26,14.39,14.57,14.86,15.3,15.93,16.81,18.01,19.56,21.49,23.85,26.62,29.79,33.32,37.15,41.18,45.31,49.42,53.37,57.01,60.2,62.83,64.78,65.97,66.34,65.87,64.57,62.48,59.69,56.29,52.4,48.15,43.68,39.11,34.57,30.16,25.97,22.08,18.53,15.35,12.55,10.14,8.08,6.36,4.94,3.79,2.88,2.16,1.6,1.18,0.86,0.63,0.46,0.34,0.26,0.21,0.17,0.15,0.14,0.13,0.13,0.13,0.13,0.13,0.13,0.13,0.12,0.12,0.11,0.11,0.1,0.09,0.08,0.07,0.07,0.06,0.05,0.04,0.03,0.03,0.02,0.02,0.02,0.01,0.01,0.01,0.01,0.0,0.0,0.0,0.0,0.0,0.0,0.0,0.0,0.0,0.0,0.0,0.0
0.0,0.0,0.0,0.0,0.0,0.0,0.0,0.0,0.0,0.0,0.0,0.0,0.0,0.0,0.0,0.0,0.0,0.0,0.0,0.0,0.0,0.01,0.01,0.02,0.02,0.02,0.02,0.02,0.01,0.01,0.0,0.0,0.0,0.0,0.0,0.0,0.0,0.0,0.0,0.0,0.0,0.0,0.0,0.0,0.0,0.0,0.0,0.0,0.01,0.01,0.03,0.04,0.07,0.1,0.14,0.18,0.21,0.24,0.25,0.24,0.21,0.18,0.14,0.1,0.07,0.04,0.03,0.01,0.01,0.0,0.0,0.01,0.02,0.07,0.18,0.43,0.98,2.07,4.08,7.46,12.72,20.19,29.86,41.12,52.75,63.06,70.26,73.05,71.06,65.06,56.81,48.57,42.57,40.38,42.57,48.57,56.81,65.09,71.13,73.23,70.69,64.04,54.83,45.2,37.32,32.91,32.91,37.31,45.19,54.8,63.97,70.51,72.79,70.15,63.01,52.74,41.11,29.85,20.19,12.72,7.46,4.08,2.07,0.98,0.43,0.18,0.07,0.02,0.01,0.0,0.0,0.0,0.0,0.01,0.01,0.01,0.02,0.03,0.04,0.07,0.1,0.14,0.2,0.29,0.41,0.57,0.79,1.07,1.43,1.9,2.48,3.21,4.1,5.16,6.42,7.89,9.58,11.48,13.6,15.9,18.38,20.98,23.67,26.38,29.07,31.66,34.1,36.31,38.24,39.85,41.09,41.94,42.37,42.4,42.03,41.29,40.21,38.84,37.23,35.44,33.52,31.53,29.53,27.58,25.71,23.98,22.42,21.05,19.89,18.95,18.22,17.7,17.35,17.16,17.09,17.11,17.19,17.3,17.4,17.5,17.58,17.65,17.74,17.87,18.1,18.47,19.05,19.9,21.08,22.65,24.66,27.12,30.06,33.44,37.23,41.35,45.71,50.2,54.66,58.95,62.92,66.41,69.27,71.39,72.68,73.06,72.53,71.08,68.78,65.69,61.94,57.65,52.96,48.03,43.0,37.99,33.14,28.53,24.24,20.34,16.84,13.76,11.11,8.85,6.96,5.4,4.14,3.14,2.35,1.74,1.27,0.92,0.67,0.48,0.35,0.25,0.19,0.15,0.12,0.11,0.1,0.09,0.09,0.09,0.09,0.08,0.08,0.08,0.08,0.07,0.07,0.06,0.06,0.05,0.05,0.04,0.04,0.03,0.03,0.02,0.02,0.02,0.01,0.01,0.01,0.01,0.0,0.0,0.0,0.0,0.0,0.0,0.0,0.0,0.0,0.0,0.0,0.0,0.0,0.0
0.0,0.0,0.0,0.0,0.0,0.0,0.0,0.0,0.0,0.0,0.0,0.0,0.0,0.0,0.0,0.0,0.0,0.0,0.0,0.01,0.02,0.03,0.05,0.06,0.08,0.08,0.08,0.06,0.05,0.03,0.02,0.01,0.0,0.0,0.0,0.0,0.0,0.0,0.0,0.0,0.0,0.0,0.0,0.0,0.0,0.0,0.0,0.0,0.0,0.01,0.01,0.02,0.03,0.04,0.05,0.07,0.08,0.09,0.09,0.09,0.08,0.07,0.05,0.04,0.03,0.02,0.01,0.01,0.0,0.0,0.0,0.01,0.02,0.05,0.14,0.34,0.77,1.62,3.18,5.82,9.92,15.74,23.28,32.06,41.13,49.16,54.78,56.95,55.4,50.73,44.29,37.87,33.19,31.48,33.19,37.87,44.3,50.75,55.46,57.09,55.12,49.93,42.75,35.24,29.09,25.66,25.66,29.09,35.23,42.73,49.88,54.98,56.75,54.69,49.13,41.12,32.06,23.28,15.74,9.92,5.82,3.18,1.62,0.77,0.34,0.14,0.05,0.02,0.01,0.0,0.0,0.0,0.0,0.0,0.01,0.01,0.02,0.02,0.04,0.05,0.08,0.12,0.17,0.24,0.34,0.48,0.66,0.9,1.21,1.6,2.1,2.71,3.47,4.38,5.46,6.72,8.17,9.82,11.66,13.67,15.85,18.16,20.57,23.04,25.51,27.95,30.28,32.46,34.45,36.18,37.64,38.77,39.57,40.02,40.13,39.89,39.34,38.5,37.41,36.1,34.64,33.06,31.43,29.79,28.19,26.68,25.31,24.09,23.07,22.25,21.63,21.2,20.95,20.85,20.87,20.97,21.12,21.27,21.41,21.52,21.58,21.61,21.64,21.69,21.82,22.09,22.58,23.34,24.47,26.02,28.04,30.56,33.6,37.14,41.14,45.51,50.16,54.95,59.73,64.34,68.61,72.35,75.44,77.72,79.09,79.49,78.89,77.31,74.79,71.43,67.34,62.66,57.56,52.2,46.72,41.27,35.99,30.98,26.32,22.07,18.27,14.93,12.04,9.59,7.54,5.85,4.48,3.39,2.53,1.87,1.36,0.98,0.7,0.5,0.36,0.25,0.18,0.14,0.1,0.08,0.07,0.07,0.06,0.06,0.06,0.06,0.05,0.05,0.05,0.05,0.05,0.04,0.04,0.03,0.03,0.03,0.02,0.02,0.02,0.01,0.01,0.01,0.01,0.01,0.01,0.0,0.0,0.0,0.0,0.0,0.0,0.0,0.0,0.0,0.0,0.0,0.0,0.0,0.0,0.0
0.0,0.0,0.0,0.0,0.0,0.0,0.0,0.0,0.0,0.0,0.0,0.0,0.0,0.0,0.0,0.0,0.0,0.01,0.02,0.03,0.06,0.11,0.17,0.22,0.26,0.28,0.26,0.22,0.17,0.11,0.06,0.03,0.02,0.01,0.0,0.0,0.0,0.0,0.0,0.0,0.0,0.0,0.0,0.0,0.0,0.0,0.0,0.0,0.0,0.0,0.0,0.01,0.01,0.01,0.02,0.02,0.03,0.03,0.03,0.03,0.03,0.02,0.02,0.01,0.01,0.01,0.0,0.0,0.0,0.0,0.0,0.0,0.01,0.04,0.1,0.25,0.56,1.17,2.31,4.22,7.2,11.43,16.9,23.28,29.87,35.7,39.78,41.36,40.23,36.84,32.16,27.5,24.1,22.86,24.1,27.5,32.17,36.85,40.27,41.46,40.02,36.26,31.04,25.59,21.13,18.63,18.63,21.13,25.58,31.03,36.22,39.92,41.21,39.71,35.67,29.86,23.28,16.9,11.43,7.2,4.22,2.31,1.17,0.56,0.25,0.1,0.04,0.01,0.0,0.0,0.0,0.0,0.0,0.0,0.01,0.01,0.01,0.02,0.03,0.04,0.07,0.1,0.14,0.2,0.29,0.4,0.55,0.75,1.01,1.34,1.76,2.28,2.91,3.68,4.6,5.68,6.93,8.36,9.96,11.73,13.66,15.74,17.92,20.2,22.52,24.84,27.13,29.34,31.43,33.34,35.05,36.51,37.7,38.6,39.19,39.47,39.45,39.13,38.54,37.7,36.67,35.47,34.17,32.81,31.45,30.13,28.91,27.83,26.91,26.19,25.66,25.33,25.18,25.17,25.28,25.46,25.68,25.88,26.05,26.16,26.19,26.17,26.1,26.04,26.04,26.17,26.51,27.15,28.16,29.62,31.59,34.11,37.2,40.83,44.97,49.53,54.41,59.45,64.49,69.37,73.88,77.86,81.13,83.54,84.99,85.4,84.75,83.03,80.31,76.69,72.3,67.28,61.79,56.03,50.14,44.29,38.62,33.24,28.24,23.68,19.6,16.01,12.91,10.28,8.07,6.26,4.79,3.62,2.71,1.99,1.45,1.05,0.74,0.53,0.37,0.26,0.18,0.13,0.1,0.07,0.06,0.05,0.04,0.04,0.04,0.04,0.04,0.03,0.03,0.03,0.03,0.03,0.02,0.02,0.02,0.02,0.02,0.01,0.01,0.01,0.01,0.01,0.01,0.0,0.0,0.0,0.0,0.0,0.0,0.0,0.0,0.0,0.0,0.0,0.0,0.0,0.0,0.0,0.0,0.0
0.0,0.0,0.0,0.0,0.0,0.0,0.0,0.0,0.0,0.0,0.0,0.0,0.0,0.0,0.0,0.0,0.01,0.02,0.05,0.1,0.2,0.33,0.5,0.68,0.81,0.86,0.81,0.68,0.5,0.33,0.2,0.1,0.05,0.02,0.01,0.0,0.0,0.0,0.0,0.0,0.0,0.0,0.0,0.0,0.0,0.0,0.0,0.0,0.0,0.0,0.0,0.0,0.0,0.0,0.01,0.01,0.01,0.01,0.01,0.01,0.01,0.01,0.01,0.0,0.0,0.0,0.0,0.0,0.0,0.0,0.0,0.0,0.01,0.03,0.07,0.17,0.38,0.79,1.56,2.86,4.87,7.73,11.43,15.74,20.2,24.14,26.9,27.97,27.21,24.91,21.75,18.6,16.3,15.46,16.3,18.6,21.75,24.92,27.24,28.04,27.07,24.52,20.99,17.31,14.29,12.6,12.6,14.29,17.3,20.98,24.49,27.0,27.87,26.86,24.13,20.19,15.74,11.43,7.73,4.87,2.86,1.56,0.79,0.38,0.17,0.07,0.03,0.01,0.0,0.0,0.0,0.0,0.0,0.0,0.0,0.01,0.01,0.02,0.02,0.04,0.05,0.08,0.12,0.17,0.23,0.33,0.45,0.62,0.83,1.11,1.46,1.89,2.43,3.09,3.87,4.79,5.87,7.11,8.52,10.09,11.82,13.71,15.73,17.86,20.08,22.37,24.67,26.96,29.2,31.34,33.34,35.16,36.78,38.15,39.24,40.04,40.54,40.74,40.64,40.25,39.62,38.78,37.78,36.66,35.5,34.34,33.24,32.26,31.44,30.8,30.35,30.1,30.03,30.12,30.32,30.58,30.87,31.13,31.32,31.42,31.42,31.31,31.14,30.93,30.76,30.7,30.85,31.29,32.12,33.43,35.28,37.72,40.78,44.43,48.63,53.3,58.33,63.55,68.79,73.87,78.58,82.74,86.16,88.68,90.19,90.6,89.88,88.05,85.16,81.31,76.64,71.32,65.5,59.38,53.14,46.94,40.93,35.22,29.92,25.08,20.76,16.96,13.67,10.88,8.55,6.63,5.07,3.83,2.86,2.11,1.53,1.1,0.78,0.55,0.38,0.27,0.18,0.13,0.09,0.06,0.05,0.04,0.03,0.03,0.03,0.02,0.02,0.02,0.02,0.02,0.02,0.02,0.02,0.01,0.01,0.01,0.01,0.01,0.01,0.01,0.0,0.0,0.0,0.0,0.0,0.0,0.0,0.0,0.0,0.0,0.0,0.0,0.0,0.0,0.0,0.0,0.0,0.0,0.0,0.0
0.0,0.0,0.0,0.0,0.0,0.0,0.0,0.0,0.0,0.0,0.0,0.0,0.0,0.0,0.0,0.01,0.02,0.05,0.13,0.28,0.53,0.91,1.37,1.84,2.19,2.32,2.19,1.84,1.37,0.91,0.53,0.28,0.13,0.05,0.02,0.01,0.0,0.0,0.0,0.0,0.0,0.0,0.0,0.0,0.0,0.0,0.0,0.0,0.0,0.0,0.0,0.0,0.0,0.0,0.0,0.0,0.0,0.0,0.0,0.0,0.0,0.0,0.0,0.0,0.0,0.0,0.0,0.0,0.0,0.0,0.0,0.0,0.01,0.02,0.04,0.1,0.24,0.5,0.98,1.8,3.07,4.87,7.2,9.92,12.72,15.21,16.94,17.62,17.14,15.69,13.7,11.71,10.27,9.74,10.27,11.71,13.7,15.7,17.15,17.66,17.05,15.44,13.22,10.9,9.0,7.94,7.94,9.0,10.9,13.22,15.43,17.01,17.56,16.92,15.2,12.72,9.92,7.2,4.87,3.07,1.8,0.98,0.5,0.24,0.1,0.04,0.02,0.01,0.0,0.0,0.0,0.0,0.0,0.0,0.0,0.01,0.01,0.01,0.02,0.03,0.04,0.06,0.09,0.13,0.19,0.27,0.37,0.51,0.68,0.91,1.21,1.57,2.02,2.58,3.25,4.05,4.98,6.07,7.32,8.74,10.32,12.07,13.97,16.03,18.21,20.51,22.88,25.31,27.75,30.16,32.5,34.73,36.79,38.65,40.26,41.59,42.62,43.32,43.69,43.74,43.48,42.96,42.22,41.32,40.32,39.29,38.29,37.38,36.62,36.04,35.66,35.49,35.5,35.68,35.97,36.32,36.68,36.99,37.2,37.29,37.23,37.03,36.71,36.33,35.95,35.65,35.55,35.73,36.32,37.4,39.05,41.33,44.27,47.85,52.03,56.73,61.81,67.12,72.49,77.7,82.54,86.82,90.34,92.94,94.48,94.88,94.11,92.18,89.14,85.11,80.22,74.63,68.55,62.14,55.61,49.12,42.82,36.85,31.3,26.24,21.72,17.74,14.3,11.38,8.94,6.93,5.3,4.01,2.99,2.2,1.6,1.15,0.81,0.57,0.4,0.27,0.19,0.13,0.09,0.06,0.04,0.03,0.03,0.03,0.09,0.17,0.09,0.02,0.01,0.01,0.01,0.01,0.01,0.01,0.01,0.01,0.01,0.01,0.0,0.0,0.0,0.0,0.0,0.01,0.08,0.15,0.08,0.01,0.0,0.0,0.0,0.0,0.0,0.0,0.0,0.0,0.0,0.0,0.0,0.0
0.0,0.0,0.0,0.0,0.0,0.0,0.0,0.0,0.0,0.0,0.0,0.0,0.0,0.0,0.0,0.02,0.05,0.13,0.32,0.68,1.29,2.19,3.31,4.44,5.29,5.61,5.29,4.44,3.31,2.19,1.29,0.68,0.32,0.13,0.05,0.02,0.0,0.0,0.0,0.0,0.0,0.0,0.0,0.0,0.0,0.0,0.0,0.0,0.0,0.0,0.0,0.0,0.0,0.0,0.0,0.0,0.0,0.0,0.0,0.0,0.0,0.0,0.0,0.0,0.0,0.0,0.0,0.0,0.0,0.0,0.0,0.0,0.0,0.01,0.03,0.06,0.14,0.29,0.58,1.06,1.8,2.86,4.22,5.82,7.46,8.92,9.94,10.34,10.05,9.21,8.04,6.87,6.02,5.71,6.02,6.87,8.04,9.21,10.06,10.36,10.0,9.06,7.76,6.39,5.28,4.66,4.66,5.28,6.39,7.75,9.05,9.98,10.3,9.92,8.92,7.46,5.82,4.22,2.86,1.8,1.06,0.58,0.29,0.14,0.06,0.03,0.01,0.0,0.0,0.0,0.0,0.0,0.0,0.0,0.0,0.0,0.01,0.01,0.02,0.02,0.04,0.05,0.08,0.11,0.15,0.22,0.3,0.41,0.56,0.75,0.99,1.3,1.69,2.16,2.74,3.43,4.26,5.23,6.36,7.66,9.14,10.8,12.64,14.67,16.87,19.23,21.73,24.35,27.04,29.76,32.48,35.14,37.68,40.05,42.2,44.06,45.61,46.8,47.63,48.09,48.18,47.96,47.45,46.73,45.86,44.92,43.99,43.14,42.42,41.89,41.56,41.45,41.54,41.81,42.19,42.62,43.06,43.42,43.65,43.72,43.59,43.27,42.79,42.19,41.56,40.98,40.56,40.43,40.7,41.48,42.85,44.88,47.61,51.03,55.09,59.71,64.75,70.07,75.46,80.72,85.63,89.96,93.53,96.16,97.71,98.1,97.28,95.26,92.12,87.94,82.88,77.11,70.81,64.19,57.44,50.74,44.23,38.06,32.33,27.1,22.43,18.32,14.77,11.75,9.23,7.16,5.48,4.14,3.08,2.27,1.65,1.18,0.84,0.59,0.41,0.28,0.19,0.13,0.09,0.06,0.04,0.03,0.03,0.33,2.75,5.62,2.74,0.32,0.02,0.01,0.01,0.01,0.01,0.01,0.0,0.0,0.0,0.0,0.0,0.0,0.0,0.0,0.01,0.32,2.73,5.61,2.73,0.32,0.01,0.0,0.0,0.0,0.0,0.0,0.0,0.0,0.0,0.0,0.0,0.0
0.0,0.0,0.0,0.0,0.0,0.0,0.0,0.0,0.0,0.0,0.0,0.0,0.0,0.0,0.01,0.03,0.1,0.28,0.68,1.45,2.77,4.71,7.1,9.53,11.36,12.05,11.36,9.53,7.1,4.71,2.77,1.45,0.68,0.28,0.1,0.03,0.01,0.0,0.0,0.0,0.0,0.0,0.0,0.0,0.0,0.0,0.0,0.0,0.0,0.0,0.0,0.0,0.0,0.0,0.0,0.0,0.0,0.0,0.0,0.0,0.0,0.0,0.0,0.0,0.0,0.0,0.0,0.0,0.0,0.0,0.0,0.0,0.0,0.01,0.01,0.03,0.08,0.16,0.32,0.58,0.98,1.56,2.31,3.18,4.08,4.87,5.43,5.65,5.49,5.03,4.39,3.75,3.29,3.12,3.29,3.76,4.39,5.03,5.5,5.66,5.46,4.95,4.24,3.49,2.88,2.54,2.54,2.88,3.49,4.24,4.95,5.45,5.63,5.42,4.87,4.08,3.18,2.31,1.56,0.98,0.58,0.32,0.16,0.08,0.03,0.01,0.01,0.0,0.0,0.0,0.0,0.0,0.0,0.0,0.0,0.0,0.01,0.01,0.01,0.02,0.03,0.04,0.06,0.09,0.12,0.18,0.24,0.34,0.46,0.62,0.82,1.08,1.41,1.82,2.33,2.94,3.69,4.57,5.62,6.84,8.26,9.87,11.7,13.75,16.02,18.49,21.17,24.01,27.0,30.08,33.21,36.33,39.37,42.26,44.94,47.35,49.41,51.09,52.36,53.2,53.63,53.67,53.37,52.8,52.03,51.16,50.27,49.44,48.75,48.24,47.96,47.91,48.07,48.42,48.89,49.42,49.92,50.33,50.58,50.62,50.41,49.95,49.28,48.44,47.51,46.6,45.82,45.31,45.2,45.59,46.6,48.3,50.73,53.88,57.72,62.16,67.08,72.29,77.62,82.84,87.72,92.05,95.61,98.23,99.77,100.13,99.26,97.19,93.96,89.69,84.52,78.63,72.21,65.46,58.57,51.73,45.1,38.81,32.96,27.63,22.87,18.68,15.06,11.98,9.41,7.29,5.58,4.21,3.14,2.31,1.68,1.2,0.85,0.6,0.41,0.28,0.19,0.13,0.08,0.06,0.04,0.03,0.09,2.75,23.7,48.68,23.7,2.74,0.08,0.01,0.0,0.0,0.0,0.0,0.0,0.0,0.0,0.0,0.0,0.0,0.0,0.0,0.08,2.73,23.69,48.68,23.69,2.73,0.07,0.0,0.0,0.0,0.0,0.0,0.0,0.0,0.0,0.0,0.0,0.0
0.0,0.0,0.0,0.0,0.0,0.0,0.0,0.0,0.0,0.0,0.0,0.0,0.0,0.0,0.02,0.06,0.2,0.53,1.29,2.77,5.29,8.98,13.56,18.19,21.69,23.01,21.69,18.19,13.56,8.98,5.29,2.77,1.29,0.53,0.2,0.06,0.02,0.0,0.0,0.0,0.0,0.0,0.0,0.0,0.0,0.0,0.0,0.0,0.0,0.0,0.0,0.0,0.0,0.0,0.0,0.0,0.0,0.0,0.0,0.0,0.0,0.0,0.0,0.0,0.0,0.0,0.0,0.0,0.0,0.0,0.0,0.0,0.0,0.0,0.01,0.02,0.04,0.08,0.16,0.29,0.5,0.79,1.17,1.62,2.08,2.48,2.76,2.87,2.8,2.56,2.23,1.91,1.67,1.59,1.67,1.91,2.23,2.56,2.8,2.88,2.78,2.52,2.16,1.78,1.47,1.29,1.29,1.47,1.78,2.16,2.52,2.77,2.86,2.76,2.48,2.07,1.62,1.17,0.79,0.5,0.29,0.16,0.08,0.04,0.02,0.01,0.0,0.0,0.0,0.0,0.0,0.0,0.0,0.0,0.0,0.0,0.0,0.01,0.01,0.01,0.02,0.03,0.05,0.07,0.1,0.14,0.2,0.27,0.38,0.51,0.68,0.91,1.2,1.56,2.01,2.57,3.25,4.08,5.07,6.25,7.64,9.25,11.11,13.22,15.59,18.22,21.11,24.22,27.53,31.0,34.57,38.17,41.72,45.16,48.38,51.32,53.89,56.05,57.74,58.95,59.68,59.96,59.84,59.39,58.7,57.87,57.0,56.17,55.49,55.0,54.75,54.75,54.98,55.41,55.97,56.58,57.16,57.62,57.88,57.87,57.57,56.97,56.08,54.96,53.71,52.42,51.24,50.29,49.73,49.67,50.24,51.52,53.55,56.35,59.88,64.04,68.71,73.73,78.9,83.98,88.76,93.01,96.5,99.07,100.57,100.89,99.99,97.87,94.61,90.3,85.09,79.15,72.69,65.89,58.96,52.07,45.39,39.06,33.17,27.81,23.01,18.8,15.15,12.06,9.47,7.34,5.62,4.24,3.16,2.33,1.69,1.21,0.86,0.6,0.41,0.28,0.19,0.13,0.08,0.06,0.04,0.02,0.17,5.62,48.68,100.01,48.68,5.62,0.16,0.0,0.0,0.0,0.0,0.0,0.0,0.0,0.0,0.0,0.0,0.0,0.0,0.0,0.15,5.61,48.68,100.0,48.68,5.61,0.15,0.0,0.0,0.0,0.0,0.0,0.0,0.0,0.0,0.0,0.0,0.0
0.0,0.0,0.0,0.0,0.0,0.0,0.0,0.0,0.0,0.0,0.0,0.0,0.0,0.01,0.03,0.11,0.33,0.91,2.19,4.71,8.98,15.25,23.01,30.87,36.82,39.05,36.82,30.87,23.01,15.25,8.98,4.71,2.19,0.91,0.33,0.11,0.03,0.01,0.0,0.0,0.0,0.0,0.0,0.0,0.0,0.0,0.0,0.0,0.0,0.0,0.0,0.0,0.0,0.0,0.0,0.0,0.0,0.0,0.0,0.0,0.0,0.0,0.0,0.0,0.0,0.0,0.0,0.0,0.0,0.0,0.0,0.0,0.0,0.0,0.0,0.01,0.02,0.04,0.08,0.14,0.24,0.38,0.56,0.77,0.98,1.18,1.31,1.36,1.32,1.21,1.06,0.91,0.79,0.75,0.79,0.91,1.06,1.21,1.33,1.37,1.32,1.19,1.02,0.84,0.7,0.61,0.61,0.7,0.84,1.02,1.19,1.31,1.36,1.31,1.17,0.98,0.77,0.56,0.38,0.24,0.14,0.08,0.04,0.02,0.01,0.0,0.0,0.0,0.0,0.0,0.0,0.0,0.0,0.0,0.0,0.0,0.0,0.0,0.01,0.01,0.02,0.03,0.04,0.06,0.08,0.11,0.16,0.23,0.31,0.43,0.58,0.77,1.03,1.35,1.77,2.29,2.93,3.72,4.69,5.86,7.25,8.89,10.8,13.01,15.52,18.34,21.47,24.88,28.55,32.42,36.44,40.54,44.61,48.58,52.35,55.81,58.88,61.5,63.59,65.15,66.17,66.66,66.7,66.34,65.71,64.9,64.02,63.18,62.49,62.0,61.78,61.82,62.12,62.63,63.28,63.97,64.62,65.12,65.39,65.34,64.94,64.16,63.05,61.64,60.02,58.33,56.69,55.26,54.19,53.63,53.69,54.47,56.03,58.38,61.49,65.28,69.62,74.34,79.25,84.12,88.71,92.8,96.18,98.65,100.08,100.35,99.42,97.3,94.03,89.74,84.55,78.65,72.22,65.46,58.57,51.73,45.1,38.8,32.96,27.63,22.86,18.67,15.05,11.98,9.41,7.29,5.58,4.21,3.14,2.31,1.68,1.2,0.85,0.59,0.41,0.28,0.19,0.13,0.08,0.05,0.03,0.02,0.09,2.74,23.7,48.68,23.7,2.74,0.08,0.0,0.0,0.0,0.0,0.0,0.0,0.0,0.0,0.0,0.0,0.0,0.0,0.0,0.07,2.73,23.69,48.68,23.69,2.73,0.07,0.0,0.0,0.0,0.0,0.0,0.0,0.0,0.0,0.0,0.0,0.0
0.0,0.0,0.0,0.0,0.0,0.0,0.0,0.0,0.0,0.0,0.0,0.0,0.0,0.01,0.05,0.17,0.5,1.37,3.31,7.1,13.56,23.01,34.72,46.58,55.56,58.92,55.56,46.58,34.72,23.01,13.56,7.1,3.31,1.37,0.5,0.17,0.05,0.01,0.0,0.0,0.0,0.0,0.0,0.0,0.0,0.0,0.0,0.0,0.0,0.0,0.0,0.0,0.0,0.0,0.0,0.0,0.0,0.0,0.0,0.0,0.0,0.0,0.0,0.0,0.0,0.0,0.0,0.0,0.0,0.0,0.0,0.0,0.0,0.0,0.0,0.0,0.01,0.02,0.03,0.06,0.1,0.17,0.25,0.34,0.43,0.52,0.58,0.6,0.58,0.54,0.47,0.4,0.35,0.33,0.35,0.4,0.47,0.54,0.59,0.6,0.58,0.53,0.45,0.37,0.31,0.27,0.27,0.31,0.37,0.45,0.53,0.58,0.6,0.58,0.52,0.43,0.34,0.25,0.17,0.1,0.06,0.03,0.02,0.01,0.0,0.0,0.0,0.0,0.0,0.0,0.0,0.0,0.0,0.0,0.0,0.0,0.0,0.0,0.01,0.01,0.01,0.02,0.03,0.04,0.07,0.09,0.13,0.19,0.26,0.36,0.5,0.67,0.9,1.21,1.59,2.09,2.71,3.49,4.45,5.62,7.04,8.73,10.73,13.06,15.74,18.77,22.16,25.89,29.92,34.21,38.69,43.28,47.87,52.37,56.66,60.63,64.19,67.24,69.72,71.6,72.88,73.57,73.73,73.46,72.86,72.05,71.15,70.29,69.58,69.09,68.88,68.96,69.31,69.9,70.63,71.41,72.13,72.67,72.94,72.84,72.33,71.38,70.02,68.29,66.31,64.18,62.06,60.11,58.5,57.37,56.86,57.09,58.1,59.93,62.55,65.87,69.79,74.12,78.68,83.25,87.58,91.45,94.65,96.99,98.32,98.54,97.59,95.48,92.26,88.03,82.93,77.14,70.83,64.2,57.44,50.73,44.22,38.05,32.32,27.09,22.42,18.31,14.76,11.74,9.22,7.15,5.47,4.13,3.08,2.27,1.65,1.18,0.83,0.58,0.4,0.27,0.18,0.12,0.08,0.05,0.03,0.02,0.02,0.32,2.74,5.62,2.74,0.32,0.01,0.0,0.0,0.0,0.0,0.0,0.0,0.0,0.0,0.0,0.0,0.0,0.0,0.0,0.01,0.32,2.73,5.61,2.73,0.32,0.01,0.0,0.0,0.0,0.0,0.0,0.0,0.0,0.0,0.0,0.0,0.0
0.0,0.0,0.0,0.0,0.0,0.0,0.0,0.0,0.0,0.0,0.0,0.0,0.0,0.02,0.06,0.22,0.68,1.84,4.44,9.53,18.19,30.87,46.58,62.49,74.54,79.05,74.54,62.49,46.58,30.87,18.19,9.53,4.44,1.84,0.68,0.22,0.06,0.02,0.0,0.0,0.0,0.0,0.0,0.0,0.0,0.0,0.0,0.0,0.0,0.0,0.0,0.0,0.0,0.0,0.0,0.0,0.0,0.0,0.0,0.0,0.0,0.0,0.0,0.0,0.0,0.0,0.0,0.0,0.0,0.0,0.0,0.0,0.0,0.0,0.0,0.0,0.0,0.01,0.01,0.03,0.04,0.07,0.1,0.14,0.18,0.21,0.24,0.25,0.24,0.22,0.19,0.16,0.14,0.14,0.14,0.16,0.19,0.22,0.24,0.25,0.24,0.22,0.19,0.15,0.13,0.11,0.11,0.13,0.15,0.19,0.22,0.24,0.25,0.24,0.21,0.18,0.14,0.1,0.07,0.04,0.03,0.01,0.01,0.0,0.0,0.0,0.0,0.0,0.0,0.0,0.0,0.0,0.0,0.0,0.0,0.0,0.0,0.0,0.0,0.01,0.01,0.02,0.02,0.04,0.05,0.08,0.11,0.16,0.22,0.31,0.44,0.6,0.81,1.1,1.47,1.95,2.57,3.34,4.31,5.51,6.97,8.74,10.84,13.3,16.16,19.41,23.07,27.12,31.52,36.22,41.16,46.22,51.32,56.33,61.13,65.59,69.6,73.06,75.9,78.08,79.59,80.45,80.73,80.52,79.93,79.11,78.19,77.3,76.56,76.05,75.85,75.96,76.37,77.03,77.84,78.7,79.48,80.06,80.32,80.17,79.54,78.42,76.8,74.76,72.39,69.82,67.21,64.72,62.53,60.8,59.69,59.3,59.72,60.96,63.01,65.81,69.22,73.09,77.23,81.41,85.42,89.02,91.99,94.16,95.37,95.52,94.56,92.48,89.34,85.24,80.29,74.67,68.56,62.14,55.6,49.1,42.8,36.83,31.28,26.22,21.7,17.72,14.28,11.37,8.93,6.92,5.29,4.0,2.98,2.19,1.59,1.14,0.81,0.56,0.39,0.26,0.18,0.12,0.08,0.05,0.03,0.02,0.01,0.02,0.08,0.16,0.08,0.01,0.0,0.0,0.0,0.0,0.0,0.0,0.0,0.0,0.0,0.0,0.0,0.0,0.0,0.0,0.0,0.01,0.07,0.15,0.07,0.01,0.0,0.0,0.0,0.0,0.0,0.0,0.0,0.0,0.0,0.0,0.0,0.0
0.0,0.0,0.0,0.0,0.0,0.0,0.0,0.0,0.0,0.0,0.0,0.0,0.0,0.02,0.08,0.26,0.81,2.19,5.29,11.36,21.69,36.82,55.56,74.54,88.91,94.29,88.91,74.54,55.56,36.82,21.69,11.36,5.29,2.19,0.81,0.26,0.08,0.02,0.0,0.0,0.0,0.0,0.0,0.0,0.0,0.0,0.0,0.0,0.0,0.0,0.0,0.0,0.0,0.0,0.0,0.0,0.0,0.0,0.0,0.0,0.0,0.0,0.0,0.0,0.0,0.0,0.0,0.0,0.0,0.0,0.0,0.0,0.0,0.0,0.0,0.0,0.0,0.0,0.01,0.01,0.02,0.03,0.04,0.05,0.07,0.08,0.09,0.09,0.09,0.08,0.07,0.06,0.06,0.05,0.06,0.06,0.07,0.08,0.09,0.09,0.09,0.08,0.07,0.06,0.05,0.04,0.04,0.05,0.06,0.07,0.08,0.09,0.09,0.09,0.08,0.07,0.05,0.04,0.03,0.02,0.01,0.01,0.0,0.0,0.0,0.0,0.0,0.0,0.0,0.0,0.0,0.0,0.0,0.0,0.0,0.0,0.0,0.0,0.0,0.01,0.01,0.01,0.02,0.03,0.04,0.07,0.1,0.14,0.2,0.28,0.39,0.55,0.75,1.03,1.39,1.87,2.48,3.27,4.26,5.49,7.01,8.86,11.06,13.67,16.71,20.19,24.11,28.47,33.23,38.33,43.69,49.21,54.78,60.27,65.54,70.45,74.88,78.72,81.89,84.34,86.06,87.07,87.45,87.28,86.71,85.87,84.91,83.98,83.2,82.68,82.48,82.62,83.08,83.8,84.69,85.62,86.46,87.07,87.32,87.12,86.38,85.07,83.21,80.85,78.1,75.09,71.97,68.93,66.16,63.83,62.09,61.06,60.84,61.45,62.89,65.09,67.95,71.29,74.94,78.69,82.31,85.58,88.29,90.25,91.33,91.41,90.45,88.43,85.41,81.47,76.73,71.36,65.51,59.37,53.12,46.91,40.89,35.18,29.88,25.05,20.73,16.93,13.65,10.86,8.53,6.61,5.06,3.82,2.85,2.09,1.52,1.09,0.77,0.54,0.37,0.25,0.17,0.11,0.07,0.05,0.03,0.02,0.01,0.01,0.01,0.0,0.0,0.0,0.0,0.0,0.0,0.0,0.0,0.0,0.0,0.0,0.0,0.0,0.0,0.0,0.0,0.0,0.0,0.0,0.0,0.0,0.0,0.0,0.0,0.0,0.0,0.0,0.0,0.0,0.0,0.0,0.0,0.0,0.0,0.0
0.0,0.0,0.0,0.0,0.0,0.0,0.0,0.0,0.0,0.0,0.0,0.0,0.0,0.02,0.08,0.28,0.86,2.32,5.61,12.05,23.01,39.05,58.92,79.05,94.29,100.0,94.29,79.05,58.92,39.05,23.01,12.05,5.61,2.32,0.86,0.28,0.08,0.02,0.0,0.0,0.0,0.0,0.0,0.0,0.0,0.0,0.0,0.0,0.0,0.0,0.0,0.0,0.0,0.0,0.0,0.0,0.0,0.0,0.0,0.0,0.0,0.0,0.0,0.0,0.0,0.0,0.0,0.0,0.0,0.0,0.0,0.0,0.0,0.0,0.0,0.0,0.0,0.0,0.0,0.0,0.01,0.01,0.01,0.02,0.02,0.03,0.03,0.03,0.03,0.03,0.03,0.02,0.02,0.02,0.02,0.02,0.03,0.03,0.03,0.03,0.03,0.03,0.03,0.02,0.02,0.02,0.02,0.02,0.02,0.03,0.03,0.03,0.03,0.03,0.03,0.02,0.02,0.01,0.01,0.01,0.0,0.0,0.0,0.0,0.0,0.0,0.0,0.0,0.0,0.0,0.0,0.0,0.0,0.0,0.0,0.0,0.0,0.0,0.0,0.0,0.01,0.01,0.02,0.03,0.04,0.06,0.08,0.12,0.18,0.25,0.36,0.51,0.71,0.98,1.34,1.82,2.44,3.24,4.26,5.54,7.11,9.04,11.35,14.1,17.31,21.0,25.18,29.83,34.92,40.38,46.13,52.07,58.07,64.0,69.69,75.01,79.82,84.0,87.46,90.15,92.05,93.19,93.64,93.51,92.94,92.07,91.08,90.11,89.3,88.76,88.56,88.72,89.23,90.01,90.96,91.95,92.84,93.48,93.72,93.46,92.61,91.13,89.03,86.37,83.25,79.81,76.21,72.64,69.29,66.35,63.98,62.32,61.44,61.4,62.2,63.77,66.02,68.8,71.92,75.19,78.38,81.28,83.69,85.43,86.36,86.37,85.41,83.47,80.6,76.86,72.38,67.3,61.78,55.99,50.09,44.23,38.56,33.18,28.18,23.62,19.54,15.96,12.87,10.24,8.04,6.23,4.77,3.6,2.68,1.97,1.43,1.03,0.73,0.51,0.35,0.24,0.16,0.11,0.07,0.04,0.03,0.02,0.01,0.01,0.0,0.0,0.0,0.0,0.0,0.0,0.0,0.0,0.0,0.0,0.0,0.0,0.0,0.0,0.0,0.0,0.0,0.0,0.0,0.0,0.0,0.0,0.0,0.0,0.0,0.0,0.0,0.0,0.0,0.0,0.0,0.0,0.0,0.0,0.0,0.0
0.0,0.0,0.0,0.0,0.0,0.0,0.0,0.0,0.0,0.0,0.0,0.0,0.0,0.02,0.08,0.26,0.81,2.19,5.29,11.36,21.69,36.82,55.56,74.54,88.91,94.29,88.91,74.54,55.56,36.82,21.69,11.36,5.29,2.19,0.81,0.26,0.08,0.02,0.0,0.0,0.0,0.0,0.0,0.0,0.0,0.0,0.0,0.0,0.0,0.0,0.0,0.0,0.0,0.0,0.0,0.0,0.0,0.0,0.0,0.0,0.0,0.0,0.0,0.0,0.0,0.0,0.0,0.0,0.0,0.0,0.0,0.0,0.0,0.0,0.0,0.0,0.0,0.0,0.0,0.0,0.0,0.0,0.0,0.01,0.01,0.01,0.01,0.01,0.01,0.01,0.01,0.01,0.01,0.01,0.01,0.01,0.01,0.01,0.01,0.01,0.01,0.01,0.01,0.01,0.01,0.01,0.01,0.01,0.01,0.01,0.01,0.01,0.01,0.01,0.01,0.01,0.01,0.0,0.0,0.0,0.0,0.0,0.0,0.0,0.0,0.0,0.0,0.0,0.0,0.0,0.0,0.0,0.0,0.0,0.0,0.0,0.0,0.0,0.0,0.0,0.01,0.01,0.01,0.02,0.03,0.05,0.08,0.11,0.16,0.24,0.34,0.49,0.68,0.95,1.32,1.8,2.43,3.25,4.29,5.61,7.24,9.24,11.66,14.53,17.9,21.78,26.18,31.09,36.46,42.24,48.34,54.65,61.02,67.32,73.39,79.06,84.19,88.66,92.37,95.26,97.32,98.57,99.09,98.98,98.4,97.51,96.48,95.47,94.64,94.08,93.88,94.06,94.6,95.42,96.43,97.48,98.41,99.06,99.3,98.98,98.03,96.39,94.07,91.13,87.67,83.83,79.78,75.71,71.82,68.3,65.32,63.02,61.5,60.81,60.96,61.9,63.52,65.7,68.27,71.02,73.75,76.26,78.36,79.86,80.63,80.57,79.62,77.78,75.08,71.58,67.39,62.66,57.51,52.12,46.62,41.17,35.89,30.88,26.22,21.98,18.19,14.86,11.97,9.53,7.48,5.8,4.44,3.35,2.5,1.84,1.33,0.96,0.68,0.47,0.33,0.22,0.15,0.1,0.06,0.04,0.03,0.02,0.01,0.01,0.0,0.0,0.0,0.0,0.0,0.0,0.0,0.0,0.0,0.0,0.0,0.0,0.0,0.0,0.0,0.0,0.0,0.0,0.0,0.0,0.0,0.0,0.0,0.0,0.0,0.0,0.0,0.0,0.0,0.0,0.0,0.0,0.0,0.0,0.0,0.0
0.0,0.0,0.0,0.0,0.0,0.0,0.0,0.0,0.0,0.0,0.0,0.0,0.0,0.02,0.06,0.22,0.68,1.84,4.44,9.53,18.19,30.87,46.58,62.49,74.54,79.05,74.54,62.49,46.58,30.87,18.19,9.53,4.44,1.84,0.68,0.22,0.06,0.02,0.0,0.0,0.0,0.0,0.0,0.0,0.0,0.0,0.0,0.0,0.0,0.0,0.0,0.0,0.0,0.0,0.0,0.0,0.0,0.0,0.0,0.0,0.0,0.0,0.0,0.0,0.0,0.0,0.0,0.0,0.0,0.0,0.0,0.0,0.0,0.0,0.0,0.0,0.0,0.0,0.0,0.0,0.0,0.0,0.0,0.0,0.0,0.0,0.0,0.0,0.0,0.0,0.0,0.0,0.0,0.0,0.0,0.0,0.0,0.0,0.0,0.0,0.0,0.0,0.0,0.0,0.0,0.0,0.0,0.0,0.0,0.0,0.0,0.0,0.0,0.0,0.0,0.0,0.0,0.0,0.0,0.0,0.0,0.0,0.0,0.0,0.0,0.0,0.0,0.0,0.0,0.0,0.0,0.0,0.0,0.0,0.0,0.0,0.0,0.0,0.0,0.0,0.01,0.01,0.01,0.02,0.03,0.05,0.07,0.1,0.15,0.23,0.33,0.47,0.67,0.94,1.3,1.79,2.43,3.26,4.33,5.68,7.37,9.43,11.94,14.92,18.41,22.45,27.04,32.16,37.77,43.81,50.19,56.8,63.48,70.08,76.45,82.41,87.81,92.51,96.42,99.48,101.66,102.99,103.56,103.48,102.89,101.98,100.92,99.88,99.01,98.44,98.24,98.43,98.99,99.86,100.91,102.0,102.96,103.63,103.85,103.48,102.44,100.66,98.15,94.97,91.21,87.01,82.55,78.03,73.64,69.59,66.04,63.15,61.02,59.7,59.22,59.52,60.52,62.1,64.1,66.33,68.6,70.71,72.47,73.72,74.33,74.21,73.28,71.55,69.03,65.8,61.94,57.58,52.85,47.89,42.83,37.82,32.97,28.37,24.09,20.19,16.71,13.65,11.0,8.75,6.87,5.33,4.08,3.08,2.29,1.69,1.23,0.88,0.62,0.43,0.3,0.2,0.14,0.09,0.06,0.04,0.02,0.02,0.01,0.01,0.0,0.0,0.0,0.0,0.0,0.0,0.0,0.0,0.0,0.0,0.0,0.0,0.0,0.0,0.0,0.0,0.0,0.0,0.0,0.0,0.0,0.0,0.0,0.0,0.0,0.0,0.0,0.0,0.0,0.0,0.0,0.0,0.0,0.0,0.0,0.0
0.02,0.02,0.02,0.01,0.01,0.0,0.0,0.0,0.0,0.0,0.0,0.0,0.0,0.01,0.05,0.17,0.5,1.37,3.31,7.1,13.56,23.01,34.72,46.58,55.56,58.92,55.56,46.58,34.72,23.01,13.56,7.1,3.31,1.37,0.5,0.17,0.05,0.01,0.0,0.0,0.0,0.0,0.0,0.0,0.0,0.0,0.0,0.0,0.0,0.0,0.0,0.0,0.0,0.0,0.0,0.0,0.0,0.0,0.0,0.0,0.0,0.0,0.0,0.0,0.0,0.0,0.0,0.0,0.0,0.0,0.0,0.0,0.0,0.0,0.0,0.0,0.0,0.0,0.0,0.0,0.0,0.0,0.0,0.0,0.0,0.0,0.0,0.0,0.0,0.0,0.0,0.0,0.0,0.0,0.0,0.0,0.0,0.0,0.0,0.0,0.0,0.0,0.0,0.0,0.0,0.0,0.0,0.0,0.0,0.0,0.0,0.0,0.0,0.0,0.0,0.0,0.0,0.0,0.0,0.0,0.0,0.0,0.0,0.0,0.0,0.0,0.0,0.0,0.0,0.0,0.0,0.0,0.0,0.0,0.0,0.0,0.0,0.0,0.0,0.0,0.0,0.01,0.01,0.02,0.03,0.04,0.07,0.1,0.15,0.22,0.32,0.46,0.65,0.92,1.29,1.78,2.43,3.28,4.36,5.74,7.46,9.58,12.14,15.2,18.8,22.95,27.68,32.95,38.74,44.98,51.57,58.4,65.31,72.14,78.73,84.9,90.49,95.37,99.43,102.61,104.88,106.28,106.88,106.82,106.23,105.3,104.21,103.15,102.26,101.68,101.47,101.67,102.26,103.15,104.24,105.35,106.34,107.02,107.22,106.81,105.68,103.79,101.12,97.73,93.72,89.22,84.42,79.51,74.7,70.17,66.12,62.69,60.0,58.1,57.01,56.71,57.12,58.12,59.56,61.27,63.07,64.78,66.21,67.22,67.68,67.48,66.59,64.98,62.66,59.71,56.19,52.23,47.93,43.43,38.84,34.3,29.9,25.72,21.84,18.31,15.15,12.37,9.97,7.94,6.23,4.83,3.7,2.79,2.08,1.53,1.11,0.8,0.56,0.39,0.27,0.18,0.12,0.08,0.05,0.03,0.02,0.01,0.01,0.01,0.0,0.0,0.0,0.0,0.0,0.0,0.0,0.0,0.0,0.0,0.0,0.0,0.0,0.0,0.0,0.0,0.0,0.0,0.0,0.0,0.0,0.0,0.0,0.0,0.0,0.0,0.0,0.0,0.0,0.0,0.0,0.0,0.0,0.0,0.0,0.0
0.08,0.08,0.06,0.05,0.03,0.02,0.01,0.0,0.0,0.0,0.0,0.0,0.0,0.01,0.03,0.11,0.33,0.91,2.19,4.71,8.98,15.25,23.01,30.87,36.82,39.05,36.82,30.87,23.01,15.25,8.98,4.71,2.19,0.91,0.33,0.11,0.03,0.01,0.0,0.0,0.0,0.0,0.0,0.0,0.0,0.0,0.0,0.0,0.0,0.0,0.0,0.0,0.0,0.0,0.0,0.0,0.0,0.0,0.0,0.0,0.0,0.0,0.0,0.0,0.0,0.0,0.0,0.0,0.0,0.0,0.0,0.0,0.0,0.0,0.0,0.0,0.0,0.0,0.0,0.0,0.0,0.0,0.0,0.0,0.0,0.0,0.0,0.0,0.0,0.0,0.0,0.0,0.0,0.0,0.0,0.0,0.0,0.0,0.0,0.0,0.0,0.0,0.0,0.0,0.0,0.0,0.0,0.0,0.0,0.0,0.0,0.0,0.0,0.0,0.0,0.0,0.0,0.0,0.0,0.0,0.0,0.0,0.0,0.0,0.0,0.0,0.0,0.0,0.0,0.0,0.0,0.0,0.0,0.0,0.0,0.0,0.0,0.0,0.0,0.0,0.0,0.01,0.01,0.02,0.03,0.04,0.06,0.09,0.14,0.21,0.31,0.45,0.64,0.91,1.28,1.77,2.42,3.28,4.37,5.77,7.51,9.65,12.25,15.36,19.01,23.24,28.05,33.42,39.32,45.68,52.4,59.36,66.41,73.38,80.11,86.41,92.13,97.12,101.27,104.52,106.85,108.29,108.92,108.86,108.28,107.34,106.24,105.16,104.26,103.67,103.46,103.67,104.27,105.18,106.28,107.41,108.41,109.08,109.27,108.82,107.63,105.65,102.86,99.32,95.11,90.38,85.31,80.09,74.93,70.02,65.54,61.65,58.46,56.04,54.41,53.56,53.41,53.85,54.77,55.98,57.34,58.65,59.77,60.54,60.85,60.6,59.74,58.25,56.15,53.48,50.32,46.76,42.91,38.87,34.77,30.7,26.76,23.02,19.55,16.39,13.56,11.07,8.93,7.1,5.58,4.32,3.31,2.5,1.86,1.37,0.99,0.71,0.5,0.35,0.24,0.17,0.11,0.07,0.05,0.03,0.02,0.01,0.01,0.0,0.0,0.0,0.0,0.0,0.0,0.0,0.0,0.0,0.0,0.0,0.0,0.0,0.0,0.0,0.0,0.0,0.0,0.0,0.0,0.0,0.0,0.0,0.0,0.0,0.0,0.0,0.0,0.0,0.0,0.0,0.0,0.0,0.0,0.0,0.0,0.0
0.28,0.26,0.22,0.17,0.11,0.06,0.03,0.02,0.01,0.0,0.0,0.0,0.0,0.0,0.02,0.06,0.2,0.53,1.29,2.77,5.29,8.98,13.56,18.19,21.69,23.01,21.69,18.19,13.56,8.98,5.29,2.77,1.29,0.53,0.2,0.06,0.02,0.0,0.0,0.0,0.0,0.0,0.0,0.0,0.0,0.0,0.0,0.0,0.0,0.0,0.0,0.0,0.0,0.0,0.0,0.0,0.0,0.0,0.0,0.0,0.0,0.0,0.0,0.0,0.0,0.0,0.0,0.0,0.0,0.0,0.0,0.0,0.0,0.0,0.0,0.0,0.0,0.0,0.0,0.0,0.0,0.0,0.0,0.0,0.0,0.0,0.0,0.0,0.0,0.0,0.0,0.0,0.0,0.0,0.0,0.0,0.0,0.0,0.0,0.0,0.0,0.0,0.0,0.0,0.0,0.0,0.0,0.0,0.0,0.0,0.0,0.0,0.0,0.0,0.0,0.0,0.0,0.0,0.0,0.0,0.0,0.0,0.0,0.0,0.0,0.0,0.0,0.0,0.0,0.0,0.0,0.0,0.0,0.0,0.0,0.0,0.0,0.0,0.0,0.0,0.0,0.01,0.01,0.02,0.02,0.04,0.06,0.09,0.14,0.2,0.3,0.44,0.63,0.9,1.26,1.75,2.4,3.25,4.35,5.74,7.49,9.64,12.24,15.36,19.03,23.28,28.11,33.51,39.44,45.84,52.61,59.61,66.71,73.73,80.51,86.86,92.62,97.65,101.85,105.13,107.48,108.94,109.58,109.53,108.95,108.01,106.91,105.83,104.93,104.33,104.13,104.34,104.94,105.85,106.96,108.09,109.09,109.75,109.92,109.45,108.22,106.17,103.31,99.66,95.32,90.44,85.19,79.74,74.32,69.11,64.3,60.03,56.43,53.57,51.47,50.13,49.48,49.43,49.85,50.61,51.55,52.5,53.31,53.86,54.03,53.73,52.92,51.56,49.67,47.29,44.49,41.33,37.92,34.35,30.72,27.12,23.64,20.34,17.27,14.48,11.98,9.78,7.88,6.27,4.93,3.82,2.92,2.21,1.64,1.21,0.88,0.63,0.45,0.31,0.21,0.15,0.1,0.06,0.04,0.03,0.02,0.01,0.01,0.0,0.0,0.0,0.0,0.0,0.0,0.0,0.0,0.0,0.0,0.0,0.0,0.0,0.0,0.0,0.0,0.0,0.0,0.0,0.0,0.0,0.0,0.0,0.0,0.0,0.0,0.0,0.0,0.0,0.0,0.0,0.0,0.0,0.0,0.0,0.0,0.0
0.86,0.81,0.68,0.5,0.33,0.2,0.1,0.05,0.02,0.01,0.0,0.0,0.0,0.0,0.01,0.03,0.1,0.28,0.68,1.45,2.77,4.71,7.1,9.53,11.36,12.05,11.36,9.53,7.1,4.71,2.77,1.45,0.68,0.28,0.1,0.03,0.01,0.0,0.0,0.0,0.0,0.0,0.0,0.0,0.0,0.0,0.0,0.0,0.0,0.0,0.0,0.0,0.0,0.0,0.0,0.0,0.0,0.0,0.0,0.0,0.0,0.0,0.0,0.0,0.0,0.0,0.0,0.0,0.0,0.0,0.0,0.0,0.0,0.0,0.0,0.0,0.0,0.0,0.0,0.0,0.0,0.0,0.0,0.0,0.0,0.0,0.0,0.0,0.0,0.0,0.0,0.0,0.0,0.0,0.0,0.0,0.0,0.0,0.0,0.0,0.0,0.0,0.0,0.0,0.0,0.0,0.0,0.0,0.0,0.0,0.0,0.0,0.0,0.0,0.0,0.0,0.0,0.0,0.0,0.0,0.0,0.0,0.0,0.0,0.0,0.0,0.0,0.0,0.0,0.0,0.0,0.0,0.0,0.0,0.0,0.0,0.0,0.0,0.0,0.0,0.0,0.01,0.01,0.01,0.02,0.04,0.06,0.09,0.13,0.2,0.29,0.43,0.62,0.88,1.24,1.72,2.36,3.2,4.29,5.66,7.39,9.52,12.11,15.2,18.84,23.05,27.84,33.21,39.1,45.45,52.17,59.13,66.19,73.17,79.91,86.22,91.95,96.95,101.12,104.39,106.74,108.19,108.83,108.79,108.21,107.29,106.19,105.12,104.23,103.64,103.44,103.65,104.25,105.15,106.25,107.37,108.35,109.0,109.15,108.66,107.4,105.33,102.43,98.74,94.35,89.39,84.03,78.46,72.88,67.47,62.42,57.88,53.97,50.75,48.26,46.51,45.42,44.94,44.93,45.28,45.83,46.45,47.0,47.34,47.39,47.05,46.28,45.06,43.38,41.28,38.82,36.06,33.07,29.96,26.79,23.65,20.61,17.73,15.06,12.62,10.44,8.53,6.87,5.47,4.3,3.33,2.55,1.92,1.43,1.05,0.77,0.55,0.39,0.27,0.19,0.13,0.09,0.06,0.04,0.02,0.02,0.01,0.01,0.0,0.0,0.0,0.0,0.0,0.0,0.0,0.0,0.0,0.0,0.0,0.0,0.0,0.0,0.0,0.0,0.0,0.0,0.0,0.0,0.0,0.0,0.0,0.0,0.0,0.0,0.0,0.0,0.0,0.0,0.0,0.0,0.0,0.0,0.0,0.0,0.0
2.32,2.19,1.84,1.37,0.91,0.53,0.28,0.13,0.05,0.02,0.01,0.0,0.0,0.0,0.0,0.02,0.05,0.13,0.32,0.68,1.29,2.19,3.31,4.44,5.29,5.61,5.29,4.44,3.31,2.19,1.29,0.68,0.32,0.13,0.05,0.02,0.0,0.0,0.0,0.0,0.0,0.0,0.0,0.0,0.0,0.0,0.0,0.0,0.0,0.0,0.0,0.0,0.0,0.0,0.0,0.0,0.0,0.0,0.0,0.0,0.0,0.0,0.0,0.0,0.0,0.0,0.0,0.0,0.0,0.0,0.0,0.0,0.0,0.0,0.0,0.0,0.0,0.0,0.0,0.0,0.0,0.0,0.0,0.0,0.0,0.0,0.0,0.0,0.0,0.0,0.0,0.0,0.0,0.0,0.0,0.0,0.0,0.0,0.0,0.0,0.0,0.0,0.0,0.0,0.0,0.0,0.0,0.0,0.0,0.0,0.0,0.0,0.0,0.0,0.0,0.0,0.0,0.0,0.0,0.0,0.0,0.0,0.0,0.0,0.0,0.0,0.0,0.0,0.0,0.0,0.0,0.0,0.0,0.0,0.0,0.0,0.0,0.0,0.0,0.0,0.0,0.01,0.01,0.01,0.02,0.03,0.05,0.08,0.13,0.19,0.28,0.41,0.6,0.85,1.2,1.67,2.3,3.12,4.18,5.53,7.22,9.3,11.83,14.86,18.42,22.55,27.25,32.51,38.28,44.51,51.1,57.93,64.84,71.69,78.3,84.5,90.12,95.03,99.12,102.33,104.63,106.07,106.7,106.66,106.1,105.19,104.12,103.07,102.2,101.63,101.43,101.63,102.22,103.11,104.17,105.27,106.22,106.85,106.99,106.48,105.23,103.16,100.27,96.59,92.21,87.26,81.89,76.28,70.64,65.14,59.96,55.24,51.11,47.64,44.86,42.77,41.33,40.48,40.1,40.09,40.32,40.64,40.95,41.12,41.06,40.69,39.97,38.87,37.4,35.57,33.44,31.05,28.48,25.79,23.06,20.35,17.74,15.26,12.96,10.86,8.99,7.34,5.92,4.71,3.7,2.87,2.19,1.66,1.23,0.91,0.66,0.47,0.33,0.23,0.16,0.11,0.07,0.05,0.03,0.02,0.01,0.01,0.01,0.0,0.0,0.0,0.0,0.0,0.0,0.0,0.0,0.0,0.0,0.0,0.0,0.0,0.0,0.0,0.0,0.0,0.0,0.0,0.0,0.0,0.0,0.0,0.0,0.0,0.0,0.0,0.0,0.0,0.0,0.0,0.0,0.0,0.0,0.0,0.0,0.0
5.61,5.29,4.44,3.31,2.19,1.29,0.68,0.32,0.13,0.05,0.02,0.0,0.0,0.0,0.0,0.01,0.02,0.05,0.13,0.28,0.53,0.91,1.37,1.84,2.19,2.32,2.19,1.84,1.37,0.91,0.53,0.28,0.13,0.05,0.02,0.01,0.0,0.0,0.0,0.0,0.0,0.0,0.0,0.0,0.0,0.0,0.0,0.0,0.0,0.0,0.0,0.0,0.0,0.0,0.0,0.0,0.0,0.0,0.0,0.0,0.0,0.0,0.0,0.0,0.0,0.0,0.0,0.0,0.0,0.0,0.0,0.0,0.0,0.0,0.0,0.0,0.0,0.0,0.0,0.0,0.0,0.0,0.0,0.0,0.0,0.0,0.0,0.0,0.0,0.0,0.0,0.0,0.0,0.0,0.0,0.0,0.0,0.0,0.0,0.0,0.0,0.0,0.0,0.0,0.0,0.0,0.0,0.0,0.0,0.0,0.0,0.0,0.0,0.0,0.0,0.0,0.0,0.0,0.0,0.0,0.0,0.0,0.0,0.0,0.0,0.0,0.0,0.0,0.0,0.0,0.0,0.0,0.0,0.0,0.0,0.0,0.0,0.0,0.0,0.0,0.0,0.0,0.01,0.01,0.02,0.03,0.05,0.08,0.12,0.18,0.27,0.4,0.57,0.82,1.16,1.61,2.21,3.01,4.03,5.33,6.96,8.98,11.43,14.35,17.8,21.79,26.34,31.43,37.01,43.04,49.42,56.03,62.72,69.35,75.75,81.75,87.19,91.95,95.91,99.02,101.25,102.64,103.26,103.22,102.68,101.8,100.77,99.76,98.91,98.36,98.17,98.36,98.93,99.79,100.82,101.88,102.79,103.39,103.51,103.0,101.77,99.74,96.91,93.29,88.99,84.11,78.82,73.27,67.67,62.18,56.97,52.18,47.93,44.3,41.32,38.99,37.28,36.13,35.45,35.15,35.09,35.17,35.27,35.29,35.14,34.76,34.09,33.12,31.84,30.26,28.43,26.39,24.2,21.91,19.59,17.29,15.07,12.96,11.01,9.23,7.63,6.23,5.02,4.0,3.14,2.43,1.86,1.41,1.05,0.77,0.56,0.4,0.28,0.2,0.14,0.09,0.06,0.04,0.03,0.02,0.01,0.01,0.0,0.0,0.0,0.0,0.0,0.0,0.0,0.0,0.0,0.0,0.0,0.0,0.0,0.0,0.0,0.0,0.0,0.0,0.0,0.0,0.0,0.0,0.0,0.0,0.0,0.0,0.0,0.0,0.0,0.0,0.0,0.0,0.0,0.0,0.0,0.0,0.0,0.0
12.05,11.36,9.53,7.1,4.71,2.77,1.45,0.68,0.28,0.1,0.03,0.01,0.0,0.0,0.0,0.0,0.01,0.02,0.05,0.1,0.2,0.33,0.5,0.68,0.81,0.86,0.81,0.68,0.5,0.33,0.2,0.1,0.05,0.02,0.01,0.0,0.0,0.0,0.0,0.0,0.0,0.0,0.0,0.0,0.0,0.0,0.0,0.0,0.0,0.0,0.0,0.0,0.0,0.0,0.0,0.0,0.0,0.0,0.0,0.0,0.0,0.0,0.0,0.0,0.0,0.0,0.0,0.0,0.0,0.0,0.0,0.0,0.0,0.0,0.0,0.0,0.0,0.0,0.0,0.0,0.0,0.0,0.0,0.0,0.0,0.0,0.0,0.0,0.0,0.0,0.0,0.0,0.0,0.0,0.0,0.0,0.0,0.0,0.0,0.0,0.0,0.0,0.0,0.0,0.0,0.0,0.0,0.0,0.0,0.0,0.0,0.0,0.0,0.0,0.0,0.0,0.0,0.0,0.0,0.0,0.0,0.0,0.0,0.0,0.0,0.0,0.0,0.0,0.0,0.0,0.0,0.0,0.0,0.0,0.0,0.0,0.0,0.0,0.0,0.0,0.0,0.0,0.01,0.01,0.02,0.03,0.05,0.08,0.11,0.17,0.26,0.38,0.54,0.78,1.1,1.53,2.11,2.86,3.84,5.08,6.64,8.56,10.9,13.69,16.99,20.8,25.14,30.0,35.34,41.1,47.19,53.5,59.9,66.23,72.34,78.07,83.28,87.82,91.61,94.58,96.71,98.04,98.63,98.6,98.08,97.25,96.26,95.3,94.49,93.96,93.78,93.97,94.5,95.32,96.3,97.31,98.18,98.75,98.85,98.35,97.16,95.19,92.45,88.96,84.8,80.07,74.93,69.53,64.06,58.67,53.53,48.77,44.51,40.8,37.71,35.22,33.33,31.96,31.05,30.51,30.23,30.1,30.04,29.93,29.72,29.32,28.71,27.86,26.75,25.42,23.87,22.15,20.3,18.38,16.43,14.5,12.64,10.87,9.23,7.73,6.4,5.23,4.21,3.35,2.63,2.04,1.56,1.18,0.88,0.65,0.47,0.34,0.24,0.17,0.11,0.08,0.05,0.03,0.02,0.01,0.01,0.01,0.0,0.0,0.0,0.0,0.0,0.0,0.0,0.0,0.0,0.0,0.0,0.0,0.0,0.0,0.0,0.0,0.0,0.0,0.0,0.0,0.0,0.0,0.0,0.0,0.0,0.0,0.0,0.0,0.0,0.0,0.0,0.0,0.0,0.0,0.0,0.0,0.0,0.0
23.01,21.69,18.19,13.56,8.98,5.29,2.77,1.29,0.53,0.2,0.06,0.02,0.0,0.0,0.0,0.0,0.0,0.01,0.02,0.03,0.06,0.11,0.17,0.22,0.26,0.28,0.26,0.22,0.17,0.11,0.06,0.03,0.02,0.01,0.0,0.0,0.0,0.0,0.0,0.0,0.0,0.0,0.0,0.0,0.0,0.0,0.0,0.0,0.0,0.0,0.0,0.0,0.0,0.0,0.0,0.0,0.0,0.0,0.0,0.0,0.0,0.0,0.0,0.0,0.0,0.0,0.0,0.0,0.0,0.0,0.0,0.0,0.0,0.0,0.0,0.0,0.0,0.0,0.0,0.0,0.0,0.0,0.0,0.0,0.0,0.0,0.0,0.0,0.0,0.0,0.0,0.0,0.0,0.0,0.0,0.0,0.0,0.0,0.0,0.0,0.0,0.0,0.0,0.0,0.0,0.0,0.0,0.0,0.0,0.0,0.0,0.0,0.0,0.0,0.0,0.0,0.0,0.0,0.0,0.0,0.0,0.0,0.0,0.0,0.0,0.0,0.0,0.0,0.0,0.0,0.0,0.0,0.0,0.0,0.0,0.0,0.0,0.0,0.0,0.0,0.0,0.0,0.01,0.01,0.02,0.03,0.05,0.07,0.11,0.16,0.24,0.35,0.51,0.73,1.03,1.44,1.98,2.7,3.61,4.78,6.25,8.06,10.27,12.9,16.0,19.6,23.69,28.27,33.3,38.73,44.48,50.43,56.46,62.44,68.2,73.6,78.51,82.8,86.37,89.17,91.19,92.44,93.0,92.97,92.48,91.69,90.76,89.85,89.09,88.59,88.42,88.6,89.11,89.88,90.8,91.75,92.56,93.09,93.18,92.7,91.56,89.69,87.07,83.75,79.78,75.26,70.35,65.18,59.91,54.72,49.74,45.1,40.9,37.22,34.1,31.54,29.53,28.02,26.95,26.23,25.78,25.49,25.29,25.1,24.83,24.44,23.88,23.14,22.2,21.07,19.78,18.35,16.81,15.22,13.6,12.0,10.46,8.99,7.64,6.4,5.3,4.32,3.49,2.77,2.18,1.69,1.29,0.98,0.73,0.53,0.39,0.28,0.2,0.14,0.09,0.06,0.04,0.03,0.02,0.01,0.01,0.0,0.0,0.0,0.0,0.0,0.0,0.0,0.0,0.0,0.0,0.0,0.0,0.0,0.0,0.0,0.0,0.0,0.0,0.0,0.0,0.0,0.0,0.0,0.0,0.0,0.0,0.0,0.0,0.0,0.0,0.0,0.0,0.0,0.0,0.0,0.0,0.0,0.0,0.0
39.05,36.82,30.87,23.01,15.25,8.98,4.71,2.19,0.91,0.33,0.11,0.03,0.01,0.0,0.0,0.0,0.0,0.0,0.0,0.01,0.02,0.03,0.05,0.06,0.08,0.08,0.08,0.06,0.05,0.03,0.02,0.01,0.0,0.0,0.0,0.0,0.0,0.0,0.0,0.0,0.0,0.0,0.0,0.0,0.0,0.0,0.0,0.0,0.0,0.0,0.0,0.0,0.0,0.0,0.0,0.0,0.0,0.0,0.0,0.0,0.0,0.0,0.0,0.0,0.0,0.0,0.0,0.0,0.0,0.0,0.0,0.0,0.0,0.0,0.0,0.0,0.0,0.0,0.0,0.0,0.0,0.0,0.0,0.0,0.0,0.0,0.0,0.0,0.0,0.0,0.0,0.0,0.0,0.0,0.0,0.0,0.0,0.0,0.0,0.0,0.0,0.0,0.0,0.0,0.0,0.0,0.0,0.0,0.0,0.0,0.0,0.0,0.0,0.0,0.0,0.0,0.0,0.0,0.0,0.0,0.0,0.0,0.0,0.0,0.0,0.0,0.0,0.0,0.0,0.0,0.0,0.0,0.0,0.0,0.0,0.0,0.0,0.0,0.0,0.0,0.0,0.0,0.01,0.01,0.02,0.03,0.04,0.07,0.1,0.15,0.22,0.33,0.47,0.68,0.96,1.34,1.84,2.51,3.36,4.45,5.81,7.5,9.55,12.0,14.89,18.23,22.04,26.3,30.99,36.04,41.38,46.92,52.54,58.1,63.46,68.49,73.06,77.05,80.38,82.98,84.86,86.03,86.55,86.52,86.07,85.33,84.47,83.62,82.92,82.45,82.29,82.46,82.93,83.64,84.5,85.38,86.14,86.62,86.7,86.24,85.17,83.41,80.96,77.83,74.1,69.85,65.22,60.34,55.36,50.43,45.69,41.24,37.2,33.62,30.55,27.99,25.94,24.36,23.18,22.34,21.76,21.36,21.07,20.8,20.51,20.12,19.62,18.98,18.19,17.25,16.18,15.0,13.74,12.44,11.11,9.81,8.54,7.35,6.24,5.23,4.33,3.53,2.85,2.27,1.78,1.38,1.05,0.8,0.59,0.44,0.32,0.23,0.16,0.11,0.08,0.05,0.04,0.02,0.02,0.01,0.01,0.0,0.0,0.0,0.0,0.0,0.0,0.0,0.0,0.0,0.0,0.0,0.0,0.0,0.0,0.0,0.0,0.0,0.0,0.0,0.0,0.0,0.0,0.0,0.0,0.0,0.0,0.0,0.0,0.0,0.0,0.0,0.0,0.0,0.0,0.0,0.0,0.0,0.0,0.0
58.92,55.56,46.58,34.72,23.01,13.56,7.1,3.31,1.37,0.5,0.17,0.05,0.01,0.0,0.0,0.0,0.0,0.0,0.0,0.0,0.0,0.01,0.01,0.02,0.02,0.02,0.02,0.02,0.01,0.01,0.0,0.0,0.0,0.0,0.0,0.0,0.0,0.0,0.0,0.0,0.0,0.0,0.0,0.0,0.0,0.0,0.0,0.0,0.0,0.0,0.0,0.0,0.0,0.0,0.0,0.0,0.0,0.0,0.0,0.0,0.0,0.0,0.0,0.0,0.0,0.0,0.0,0.0,0.0,0.0,0.0,0.0,0.0,0.0,0.0,0.0,0.0,0.0,0.0,0.0,0.0,0.0,0.0,0.0,0.0,0.0,0.0,0.0,0.0,0.0,0.0,0.0,0.0,0.0,0.0,0.0,0.0,0.0,0.0,0.0,0.0,0.0,0.0,0.0,0.0,0.0,0.0,0.0,0.0,0.0,0.0,0.0,0.0,0.0,0.0,0.0,0.0,0.0,0.0,0.0,0.0,0.0,0.0,0.0,0.0,0.0,0.0,0.0,0.0,0.0,0.0,0.0,0.0,0.0,0.0,0.0,0.0,0.0,0.0,0.0,0.0,0.0,0.01,0.01,0.02,0.02,0.04,0.06,0.09,0.14,0.2,0.3,0.44,0.62,0.88,1.23,1.69,2.3,3.08,4.08,5.34,6.88,8.77,11.02,13.67,16.74,20.24,24.15,28.46,33.1,38.01,43.1,48.26,53.36,58.29,62.91,67.11,70.77,73.83,76.23,77.95,79.02,79.5,79.47,79.06,78.39,77.59,76.82,76.17,75.74,75.59,75.74,76.18,76.83,77.62,78.43,79.12,79.56,79.62,79.2,78.2,76.57,74.3,71.41,67.95,64.01,59.71,55.18,50.54,45.93,41.48,37.3,33.47,30.06,27.1,24.61,22.58,20.98,19.76,18.85,18.2,17.72,17.36,17.05,16.74,16.37,15.93,15.38,14.72,13.94,13.07,12.11,11.09,10.03,8.96,7.91,6.89,5.92,5.03,4.22,3.49,2.85,2.3,1.83,1.43,1.11,0.85,0.64,0.48,0.35,0.26,0.18,0.13,0.09,0.06,0.04,0.03,0.02,0.01,0.01,0.01,0.0,0.0,0.0,0.0,0.0,0.0,0.0,0.0,0.0,0.0,0.0,0.0,0.0,0.0,0.0,0.0,0.0,0.0,0.0,0.0,0.0,0.0,0.0,0.0,0.0,0.0,0.0,0.0,0.0,0.0,0.0,0.0,0.0,0.0,0.0,0.0,0.0,0.0,0.0
79.05,74.54,62.49,46.58,30.87,18.19,9.53,4.44,1.84,0.68,0.22,0.06,0.02,0.0,0.0,0.0,0.0,0.0,0.0,0.0,0.0,0.0,0.0,0.0,0.0,0.0,0.0,0.0,0.0,0.0,0.0,0.0,0.0,0.0,0.0,0.0,0.0,0.0,0.0,0.0,0.0,0.0,0.0,0.0,0.0,0.0,0.0,0.01,0.01,0.02,0.02,0.02,0.02,0.02,0.01,0.01,0.0,0.0,0.0,0.0,0.0,0.0,0.0,0.0,0.0,0.0,0.0,0.0,0.0,0.0,0.0,0.0,0.0,0.0,0.0,0.0,0.0,0.0,0.0,0.0,0.0,0.0,0.0,0.0,0.0,0.0,0.0,0.0,0.0,0.0,0.0,0.0,0.0,0.0,0.0,0.0,0.0,0.0,0.0,0.0,0.0,0.0,0.0,0.0,0.0,0.0,0.0,0.0,0.0,0.0,0.0,0.0,0.0,0.0,0.0,0.0,0.0,0.0,0.0,0.0,0.0,0.0,0.0,0.0,0.0,0.0,0.0,0.0,0.0,0.0,0.0,0.0,0.0,0.0,0.0,0.0,0.0,0.0,0.0,0.0,0.0,0.0,0.01,0.01,0.01,0.02,0.03,0.05,0.08,0.12,0.19,0.27,0.39,0.56,0.8,1.11,1.53,2.08,2.79,3.7,4.84,6.24,7.95,9.99,12.39,15.18,18.35,21.9,25.8,30.01,34.46,39.07,43.75,48.38,52.85,57.04,60.84,64.17,66.94,69.11,70.67,71.65,72.08,72.06,71.68,71.07,70.35,69.65,69.06,68.67,68.54,68.67,69.07,69.66,70.37,71.1,71.73,72.13,72.18,71.79,70.87,69.39,67.31,64.67,61.51,57.92,53.98,49.82,45.57,41.33,37.22,33.35,29.79,26.6,23.81,21.44,19.49,17.92,16.69,15.76,15.07,14.55,14.16,13.82,13.5,13.16,12.77,12.31,11.76,11.13,10.42,9.65,8.83,7.99,7.14,6.29,5.48,4.71,4.0,3.35,2.77,2.27,1.83,1.45,1.14,0.88,0.68,0.51,0.38,0.28,0.2,0.15,0.1,0.07,0.05,0.03,0.02,0.02,0.01,0.01,0.0,0.0,0.0,0.0,0.0,0.0,0.0,0.0,0.0,0.0,0.0,0.0,0.0,0.0,0.0,0.0,0.0,0.0,0.0,0.0,0.0,0.0,0.0,0.0,0.0,0.0,0.0,0.0,0.0,0.0,0.0,0.0,0.0,0.0,0.0,0.0,0.0,0.0,0.0,0.0
94.29,88.91,74.54,55.56,36.82,21.69,11.36,5.29,2.19,0.81,0.26,0.08,0.02,0.0,0.0,0.0,0.0,0.0,0.0,0.0,0.0,0.0,0.0,0.0,0.0,0.0,0.0,0.0,0.0,0.0,0.0,0.0,0.0,0.0,0.0,0.0,0.0,0.0,0.0,0.0,0.0,0.0,0.0,0.0,0.0,0.01,0.02,0.03,0.05,0.06,0.08,0.08,0.08,0.06,0.05,0.03,0.02,0.01,0.0,0.0,0.0,0.0,0.0,0.0,0.0,0.0,0.0,0.0,0.0,0.0,0.0,0.0,0.0,0.0,0.0,0.0,0.0,0.0,0.0,0.0,0.0,0.0,0.0,0.0,0.0,0.0,0.0,0.0,0.0,0.0,0.0,0.0,0.0,0.0,0.0,0.0,0.0,0.0,0.0,0.0,0.0,0.0,0.0,0.0,0.0,0.0,0.0,0.0,0.0,0.0,0.0,0.0,0.0,0.0,0.0,0.0,0.0,0.0,0.0,0.0,0.0,0.0,0.0,0.0,0.0,0.0,0.0,0.0,0.0,0.0,0.0,0.0,0.0,0.0,0.0,0.0,0.0,0.0,0.0,0.0,0.0,0.0,0.0,0.01,0.01,0.02,0.03,0.05,0.07,0.11,0.17,0.24,0.35,0.51,0.71,1.0,1.37,1.86,2.5,3.31,4.33,5.58,7.11,8.94,11.09,13.58,16.42,19.59,23.08,26.85,30.84,34.96,39.15,43.29,47.29,51.04,54.45,57.42,59.9,61.85,63.25,64.12,64.5,64.48,64.15,63.6,62.96,62.33,61.8,61.45,61.33,61.46,61.81,62.34,62.98,63.63,64.19,64.54,64.58,64.23,63.4,62.06,60.2,57.82,54.98,51.73,48.18,44.43,40.58,36.74,33.01,29.48,26.22,23.28,20.71,18.5,16.66,15.16,13.98,13.06,12.36,11.83,11.42,11.08,10.77,10.46,10.12,9.73,9.28,8.77,8.2,7.59,6.95,6.28,5.61,4.95,4.31,3.7,3.14,2.63,2.18,1.78,1.43,1.14,0.9,0.69,0.53,0.4,0.3,0.22,0.16,0.11,0.08,0.06,0.04,0.03,0.02,0.01,0.01,0.0,0.0,0.0,0.0,0.0,0.0,0.0,0.0,0.0,0.0,0.0,0.0,0.0,0.0,0.0,0.0,0.0,0.0,0.0,0.0,0.0,0.0,0.0,0.0,0.0,0.0,0.0,0.0,0.0,0.0,0.0,0.0,0.0,0.0,0.0,0.0,0.0,0.0,0.0,0.0,0.0
100.0,94.29,79.05,58.92,39.05,23.01,12.05,5.61,2.32,0.86,0.28,0.08,0.02,0.0,0.0,0.0,0.0,0.0,0.0,0.0,0.0,0.0,0.0,0.0,0.0,0.0,0.0,0.0,0.0,0.0,0.0,0.0,0.0,0.0,0.0,0.0,0.0,0.0,0.0,0.0,0.0,0.0,0.0,0.01,0.02,0.03,0.06,0.11,0.17,0.22,0.26,0.28,0.26,0.22,0.17,0.11,0.06,0.03,0.02,0.01,0.0,0.0,0.0,0.0,0.0,0.0,0.0,0.0,0.0,0.0,0.0,0.0,0.0,0.0,0.0,0.0,0.0,0.0,0.0,0.0,0.0,0.0,0.0,0.0,0.0,0.0,0.0,0.0,0.0,0.0,0.0,0.0,0.0,0.0,0.0,0.0,0.0,0.0,0.0,0.0,0.0,0.0,0.0,0.0,0.0,0.0,0.0,0.0,0.0,0.0,0.0,0.0,0.0,0.0,0.0,0.0,0.0,0.0,0.0,0.0,0.0,0.0,0.0,0.0,0.0,0.0,0.0,0.0,0.0,0.0,0.0,0.0,0.0,0.0,0.0,0.0,0.0,0.0,0.0,0.0,0.0,0.0,0.0,0.01,0.01,0.02,0.03,0.04,0.07,0.1,0.15,0.21,0.31,0.45,0.63,0.88,1.21,1.65,2.21,2.92,3.82,4.93,6.28,7.89,9.79,11.99,14.5,17.31,20.39,23.72,27.24,30.88,34.58,38.24,41.77,45.09,48.09,50.72,52.91,54.63,55.87,56.63,56.98,56.96,56.66,56.18,55.61,55.05,54.59,54.28,54.18,54.28,54.59,55.06,55.63,56.2,56.69,57.0,57.04,56.72,55.99,54.8,53.14,51.03,48.5,45.62,42.47,39.12,35.69,32.26,28.92,25.75,22.82,20.17,17.83,15.81,14.11,12.72,11.6,10.73,10.05,9.53,9.12,8.79,8.5,8.22,7.92,7.59,7.23,6.82,6.38,5.9,5.39,4.87,4.35,3.84,3.34,2.87,2.44,2.04,1.69,1.38,1.11,0.88,0.69,0.54,0.41,0.31,0.23,0.17,0.12,0.09,0.06,0.04,0.03,0.02,0.01,0.01,0.01,0.0,0.0,0.0,0.0,0.0,0.0,0.0,0.0,0.0,0.0,0.0,0.0,0.0,0.0,0.0,0.0,0.0,0.0,0.0,0.0,0.0,0.0,0.0,0.0,0.0,0.0,0.0,0.0,0.0,0.0,0.0,0.0,0.0,0.0,0.0,0.0,0.0,0.0,0.0,0.0,0.0
94.29,88.91,74.54,55.56,36.82,21.69,11.36,5.29,2.19,0.81,0.26,0.08,0.02,0.0,0.0,0.0,0.0,0.0,0.0,0.0,0.0,0.0,0.0,0.0,0.0,0.0,0.0,0.0,0.0,0.0,0.0,0.0,0.0,0.0,0.0,0.0,0.0,0.0,0.0,0.0,0.0,0.0,0.01,0.02,0.05,0.1,0.2,0.33,0.5,0.68,0.81,0.86,0.81,0.68,0.5,0.33,0.2,0.1,0.05,0.02,0.01,0.0,0.0,0.0,0.0,0.0,0.0,0.0,0.0,0.0,0.0,0.0,0.0,0.0,0.0,0.0,0.0,0.0,0.0,0.0,0.0,0.0,0.0,0.0,0.0,0.0,0.0,0.0,0.0,0.0,0.0,0.0,0.0,0.0,0.0,0.0,0.0,0.0,0.0,0.0,0.0,0.0,0.0,0.0,0.0,0.0,0.0,0.0,0.0,0.0,0.0,0.0,0.0,0.0,0.0,0.0,0.0,0.0,0.0,0.0,0.0,0.0,0.0,0.0,0.0,0.0,0.0,0.0,0.0,0.0,0.0,0.0,0.0,0.0,0.0,0.0,0.0,0.0,0.0,0.0,0.0,0.0,0.0,0.01,0.01,0.02,0.02,0.04,0.06,0.09,0.13,0.19,0.27,0.39,0.55,0.77,1.06,1.43,1.92,2.55,3.33,4.3,5.47,6.88,8.54,10.46,12.64,15.09,17.78,20.68,23.74,26.92,30.15,33.34,36.42,39.31,41.93,44.22,46.13,47.63,48.71,49.38,49.67,49.66,49.4,48.98,48.49,48.0,47.59,47.33,47.23,47.33,47.6,48.0,48.5,49.0,49.42,49.69,49.72,49.44,48.8,47.76,46.31,44.46,42.24,39.72,36.95,34.01,31.0,27.98,25.03,22.24,19.64,17.28,15.19,13.38,11.84,10.57,9.55,8.73,8.1,7.6,7.22,6.9,6.63,6.38,6.13,5.86,5.56,5.24,4.9,4.52,4.13,3.73,3.33,2.94,2.56,2.2,1.87,1.56,1.29,1.06,0.85,0.68,0.53,0.41,0.32,0.24,0.18,0.13,0.09,0.07,0.05,0.03,0.02,0.02,0.01,0.01,0.0,0.0,0.0,0.0,0.0,0.0,0.0,0.0,0.0,0.0,0.0,0.0,0.0,0.0,0.0,0.0,0.0,0.0,0.0,0.0,0.0,0.0,0.0,0.0,0.0,0.0,0.0,0.0,0.0,0.0,0.0,0.0,0.0,0.0,0.0,0.0,0.0,0.0,0.0,0.0,0.0,0.0
79.05,74.54,62.49,46.58,30.87,18.19,9.53,4.44,1.84,0.68,0.22,0.06,0.02,0.0,0.0,0.0,0.0,0.0,0.0,0.0,0.0,0.0,0.0,0.0,0.0,0.0,0.0,0.0,0.0,0.0,0.0,0.0,0.0,0.0,0.0,0.0,0.0,0.0,0.0,0.0,0.0,0.01,0.02,0.05,0.13,0.28,0.53,0.91,1.37,1.84,2.19,2.32,2.19,1.84,1.37,0.91,0.53,0.28,0.13,0.05,0.02,0.01,0.0,0.0,0.0,0.0,0.0,0.0,0.0,0.0,0.0,0.0,0.0,0.0,0.0,0.0,0.0,0.0,0.0,0.0,0.0,0.0,0.0,0.0,0.0,0.0,0.0,0.0,0.0,0.0,0.0,0.0,0.0,0.0,0.0,0.0,0.0,0.0,0.0,0.0,0.0,0.0,0.0,0.0,0.0,0.0,0.0,0.0,0.0,0.0,0.0,0.0,0.0,0.0,0.0,0.0,0.0,0.0,0.0,0.0,0.0,0.0,0.0,0.0,0.0,0.0,0.0,0.0,0.0,0.0,0.0,0.0,0.0,0.0,0.0,0.0,0.0,0.0,0.0,0.0,0.0,0.0,0.0,0.01,0.01,0.01,0.02,0.03,0.05,0.07,0.11,0.16,0.23,0.33,0.47,0.66,0.91,1.23,1.66,2.19,2.87,3.7,4.71,5.92,7.35,9.0,10.88,12.98,15.3,17.79,20.43,23.17,25.94,28.69,31.34,33.83,36.08,38.05,39.7,40.99,41.91,42.49,42.75,42.73,42.51,42.15,41.72,41.3,40.96,40.73,40.65,40.73,40.96,41.31,41.73,42.16,42.53,42.76,42.78,42.54,41.98,41.08,39.83,38.23,36.32,34.14,31.74,29.2,26.58,23.96,21.41,18.97,16.7,14.64,12.8,11.2,9.84,8.71,7.79,7.05,6.47,6.01,5.65,5.36,5.12,4.9,4.68,4.46,4.23,3.98,3.71,3.42,3.13,2.82,2.52,2.22,1.93,1.66,1.41,1.18,0.98,0.8,0.64,0.51,0.4,0.31,0.24,0.18,0.13,0.1,0.07,0.05,0.04,0.03,0.02,0.01,0.01,0.01,0.0,0.0,0.0,0.0,0.0,0.0,0.0,0.0,0.0,0.0,0.0,0.0,0.0,0.0,0.0,0.0,0.0,0.0,0.0,0.0,0.0,0.0,0.0,0.0,0.0,0.0,0.0,0.0,0.0,0.0,0.0,0.0,0.0,0.0,0.0,0.0,0.0,0.0,0.0,0.0,0.0,0.0
58.92,55.56,46.58,34.72,23.01,13.56,7.1,3.31,1.37,0.5,0.17,0.05,0.01,0.0,0.0,0.0,0.0,0.0,0.0,0.0,0.0,0.0,0.0,0.0,0.0,0.0,0.0,0.0,0.0,0.0,0.0,0.0,0.0,0.0,0.0,0.0,0.0,0.0,0.0,0.0,0.0,0.02,0.05,0.13,0.32,0.68,1.29,2.19,3.31,4.44,5.29,5.61,5.29,4.44,3.31,2.19,1.29,0.68,0.32,0.13,0.05,0.02,0.0,0.0,0.0,0.0,0.0,0.0,0.0,0.0,0.0,0.0,0.0,0.0,0.0,0.0,0.0,0.0,0.0,0.0,0.0,0.0,0.0,0.0,0.0,0.0,0.0,0.0,0.0,0.0,0.0,0.0,0.0,0.0,0.0,0.0,0.0,0.0,0.0,0.0,0.0,0.0,0.0,0.0,0.0,0.0,0.0,0.0,0.0,0.0,0.0,0.0,0.0,0.0,0.0,0.0,0.0,0.0,0.0,0.0,0.0,0.0,0.0,0.0,0.0,0.0,0.0,0.0,0.0,0.0,0.0,0.0,0.0,0.0,0.0,0.0,0.0,0.0,0.0,0.0,0.0,0.0,0.0,0.0,0.01,0.01,0.02,0.03,0.04,0.06,0.09,0.14,0.2,0.28,0.4,0.56,0.77,1.05,1.41,1.86,2.43,3.14,4.0,5.03,6.24,7.64,9.24,11.03,12.99,15.11,17.35,19.68,22.03,24.37,26.62,28.73,30.65,32.32,33.72,34.81,35.6,36.09,36.31,36.3,36.11,35.8,35.44,35.08,34.79,34.59,34.52,34.59,34.79,35.09,35.44,35.81,36.12,36.31,36.33,36.13,35.65,34.88,33.82,32.45,30.82,28.96,26.92,24.75,22.51,20.27,18.08,15.99,14.04,12.26,10.67,9.29,8.1,7.11,6.29,5.64,5.12,4.71,4.39,4.13,3.91,3.72,3.54,3.36,3.18,2.98,2.78,2.56,2.34,2.11,1.88,1.66,1.44,1.24,1.05,0.88,0.73,0.59,0.48,0.38,0.3,0.23,0.18,0.13,0.1,0.07,0.05,0.04,0.03,0.02,0.01,0.01,0.01,0.0,0.0,0.0,0.0,0.0,0.0,0.0,0.0,0.0,0.0,0.0,0.0,0.0,0.0,0.0,0.0,0.0,0.0,0.0,0.0,0.0,0.0,0.0,0.0,0.0,0.0,0.0,0.0,0.0,0.0,0.0,0.0,0.0,0.0,0.0,0.0,0.0,0.0,0.0,0.0,0.0,0.0,0.0
39.05,36.82,30.87,23.01,15.25,8.98,4.71,2.19,0.91,0.33,0.11,0.03,0.01,0.0,0.0,0.0,0.0,0.0,0.0,0.0,0.0,0.0,0.0,0.0,0.0,0.0,0.0,0.0,0.0,0.0,0.0,0.0,0.0,0.0,0.0,0.0,0.0,0.0,0.0,0.0,0.01,0.03,0.1,0.28,0.68,1.45,2.77,4.71,7.1,9.53,11.36,12.05,11.36,9.53,7.1,4.71,2.77,1.45,0.68,0.28,0.1,0.03,0.01,0.0,0.0,0.0,0.0,0.0,0.0,0.0,0.0,0.0,0.0,0.0,0.0,0.0,0.0,0.0,0.0,0.0,0.0,0.0,0.0,0.0,0.0,0.0,0.0,0.0,0.0,0.0,0.0,0.0,0.0,0.0,0.0,0.0,0.0,0.0,0.0,0.0,0.0,0.0,0.0,0.0,0.0,0.0,0.0,0.0,0.0,0.0,0.0,0.0,0.0,0.0,0.0,0.0,0.0,0.0,0.0,0.0,0.0,0.0,0.0,0.0,0.0,0.0,0.0,0.0,0.0,0.0,0.0,0.0,0.0,0.0,0.0,0.0,0.0,0.0,0.0,0.0,0.0,0.0,0.0,0.0,0.01,0.01,0.01,0.02,0.03,0.05,0.08,0.11,0.17,0.24,0.34,0.47,0.65,0.88,1.18,1.56,2.04,2.63,3.35,4.22,5.23,6.41,7.75,9.24,10.89,12.67,14.55,16.5,18.47,20.43,22.32,24.09,25.69,27.1,28.27,29.18,29.84,30.25,30.44,30.43,30.27,30.01,29.71,29.41,29.16,29.0,28.94,29.0,29.16,29.41,29.71,30.02,30.28,30.44,30.46,30.28,29.88,29.24,28.34,27.19,25.82,24.26,22.53,20.71,18.82,16.93,15.08,13.31,11.66,10.15,8.8,7.62,6.6,5.75,5.04,4.47,4.02,3.66,3.37,3.14,2.96,2.79,2.65,2.5,2.36,2.21,2.05,1.89,1.72,1.55,1.38,1.22,1.06,0.91,0.77,0.65,0.54,0.44,0.35,0.28,0.22,0.17,0.13,0.1,0.07,0.05,0.04,0.03,0.02,0.01,0.01,0.01,0.0,0.0,0.0,0.0,0.0,0.0,0.0,0.0,0.0,0.0,0.0,0.0,0.0,0.0,0.0,0.0,0.0,0.0,0.0,0.0,0.0,0.0,0.0,0.0,0.0,0.0,0.0,0.0,0.0,0.0,0.0,0.0,0.0,0.0,0.0,0.0,0.0,0.0,0.0,0.0,0.0,0.0,0.0,0.0
23.01,21.69,18.19,13.56,8.98,5.29,2.77,1.29,0.53,0.2,0.06,0.02,0.0,0.0,0.0,0.0,0.0,0.0,0.0,0.0,0.0,0.0,0.0,0.0,0.0,0.0,0.0,0.0,0.0,0.0,0.0,0.0,0.0,0.0,0.0,0.0,0.0,0.0,0.0,0.0,0.02,0.06,0.2,0.53,1.29,2.77,5.29,8.98,13.56,18.19,21.69,23.01,21.69,18.19,13.56,8.98,5.29,2.77,1.29,0.53,0.2,0.06,0.02,0.0,0.0,0.0,0.0,0.0,0.0,0.0,0.0,0.0,0.0,0.0,0.0,0.0,0.0,0.0,0.0,0.0,0.0,0.0,0.0,0.0,0.0,0.0,0.0,0.0,0.0,0.0,0.0,0.0,0.0,0.0,0.0,0.0,0.0,0.0,0.0,0.0,0.0,0.0,0.0,0.0,0.0,0.0,0.0,0.0,0.0,0.0,0.0,0.0,0.0,0.0,0.0,0.0,0.0,0.0,0.0,0.0,0.0,0.0,0.0,0.0,0.0,0.0,0.0,0.0,0.0,0.0,0.0,0.0,0.0,0.0,0.0,0.0,0.0,0.0,0.0,0.0,0.0,0.0,0.0,0.0,0.0,0.01,0.01,0.02,0.03,0.04,0.06,0.09,0.14,0.2,0.28,0.39,0.53,0.73,0.98,1.29,1.69,2.18,2.77,3.49,4.33,5.3,6.41,7.65,9.01,10.48,12.04,13.65,15.28,16.9,18.47,19.93,21.26,22.42,23.39,24.15,24.69,25.03,25.19,25.18,25.05,24.83,24.58,24.34,24.13,24.0,23.95,24.0,24.13,24.34,24.59,24.84,25.05,25.19,25.2,25.05,24.72,24.19,23.44,22.49,21.35,20.05,18.62,17.11,15.54,13.97,12.43,10.95,9.57,8.31,7.17,6.18,5.32,4.6,4.0,3.51,3.12,2.81,2.57,2.37,2.21,2.08,1.96,1.84,1.73,1.62,1.5,1.38,1.25,1.13,1.01,0.89,0.77,0.66,0.56,0.47,0.39,0.32,0.26,0.2,0.16,0.12,0.09,0.07,0.05,0.04,0.03,0.02,0.01,0.01,0.01,0.0,0.0,0.0,0.0,0.0,0.0,0.0,0.0,0.0,0.0,0.0,0.0,0.0,0.0,0.0,0.0,0.0,0.0,0.0,0.0,0.0,0.0,0.0,0.0,0.0,0.0,0.0,0.0,0.0,0.0,0.0,0.0,0.0,0.0,0.0,0.0,0.0,0.0,0.0,0.0,0.0,0.0,0.0,0.0,0.0
12.05,11.36,9.53,7.1,4.71,2.77,1.45,0.68,0.28,0.1,0.03,0.01,0.0,0.0,0.0,0.0,0.0,0.0,0.0,0.0,0.0,0.0,0.0,0.0,0.0,0.0,0.0,0.0,0.0,0.0,0.0,0.0,0.0,0.0,0.0,0.0,0.0,0.0,0.0,0.01,0.03,0.11,0.33,0.91,2.19,4.71,8.98,15.25,23.01,30.87,36.82,39.05,36.82,30.87,23.01,15.25,8.98,4.71,2.19,0.91,0.33,0.11,0.03,0.01,0.0,0.0,0.0,0.0,0.0,0.0,0.0,0.0,0.0,0.0,0.0,0.0,0.0,0.0,0.0,0.0,0.0,0.0,0.0,0.0,0.0,0.0,0.0,0.0,0.0,0.0,0.0,0.0,0.0,0.0,0.0,0.0,0.0,0.0,0.0,0.0,0.0,0.0,0.0,0.0,0.0,0.0,0.0,0.0,0.0,0.0,0.0,0.0,0.0,0.0,0.0,0.0,0.0,0.0,0.0,0.0,0.0,0.0,0.0,0.0,0.0,0.0,0.0,0.0,0.0,0.0,0.0,0.0,0.0,0.0,0.0,0.0,0.0,0.0,0.0,0.0,0.0,0.0,0.0,0.0,0.0,0.01,0.01,0.02,0.02,0.04,0.05,0.08,0.11,0.16,0.23,0.32,0.44,0.59,0.8,1.06,1.38,1.78,2.27,2.85,3.53,4.33,5.23,6.25,7.36,8.56,9.83,11.15,12.48,13.81,15.08,16.28,17.36,18.31,19.1,19.72,20.17,20.45,20.57,20.56,20.46,20.28,20.08,19.88,19.71,19.6,19.56,19.6,19.71,19.88,20.08,20.29,20.46,20.57,20.58,20.46,20.19,19.75,19.14,18.36,17.43,16.37,15.2,13.95,12.67,11.38,10.11,8.9,7.76,6.72,5.78,4.96,4.25,3.65,3.14,2.74,2.41,2.14,1.94,1.77,1.64,1.53,1.43,1.34,1.25,1.17,1.08,0.99,0.9,0.81,0.72,0.64,0.55,0.47,0.4,0.34,0.28,0.23,0.18,0.15,0.11,0.09,0.07,0.05,0.04,0.03,0.02,0.01,0.01,0.01,0.0,0.0,0.0,0.0,0.0,0.0,0.0,0.0,0.0,0.0,0.0,0.0,0.0,0.0,0.0,0.0,0.0,0.0,0.0,0.0,0.0,0.0,0.0,0.0,0.0,0.0,0.0,0.0,0.0,0.0,0.0,0.0,0.0,0.0,0.0,0.0,0.0,0.0,0.0,0.0,0.0,0.0,0.0,0.0,0.0,0.0
5.61,5.29,4.44,3.31,2.19,1.29,0.68,0.32,0.13,0.05,0.02,0.0,0.0,0.0,0.0,0.0,0.0,0.0,0.0,0.0,0.0,0.0,0.0,0.0,0.0,0.0,0.0,0.0,0.0,0.0,0.0,0.0,0.0,0.0,0.0,0.0,0.0,0.0,0.0,0.01,0.05,0.17,0.5,1.37,3.31,7.1,13.56,23.01,34.72,46.58,55.56,58.92,55.56,46.58,34.72,23.01,13.56,7.1,3.31,1.37,0.5,0.17,0.05,0.01,0.0,0.0,0.0,0.0,0.0,0.0,0.0,0.0,0.0,0.0,0.0,0.0,0.0,0.0,0.0,0.0,0.0,0.0,0.0,0.0,0.0,0.0,0.0,0.0,0.0,0.0,0.0,0.0,0.0,0.0,0.0,0.0,0.0,0.0,0.0,0.0,0.0,0.0,0.0,0.0,0.0,0.0,0.0,0.0,0.0,0.0,0.0,0.0,0.0,0.0,0.0,0.0,0.0,0.0,0.0,0.0,0.0,0.0,0.0,0.0,0.0,0.0,0.0,0.0,0.0,0.0,0.0,0.0,0.0,0.0,0.0,0.0,0.0,0.0,0.0,0.0,0.0,0.0,0.0,0.0,0.0,0.01,0.01,0.01,0.02,0.03,0.04,0.06,0.09,0.13,0.18,0.26,0.35,0.48,0.64,0.85,1.11,1.43,1.83,2.3,2.85,3.49,4.22,5.04,5.93,6.9,7.93,8.99,10.06,11.13,12.16,13.12,14.0,14.76,15.4,15.9,16.26,16.48,16.58,16.58,16.49,16.35,16.19,16.02,15.89,15.8,15.77,15.8,15.89,16.02,16.19,16.35,16.49,16.58,16.59,16.49,16.27,15.92,15.43,14.8,14.04,13.18,12.24,11.23,10.19,9.15,8.12,7.14,6.22,5.37,4.61,3.94,3.35,2.86,2.45,2.11,1.84,1.62,1.45,1.31,1.2,1.11,1.03,0.96,0.9,0.83,0.77,0.71,0.64,0.58,0.51,0.45,0.39,0.34,0.29,0.24,0.2,0.16,0.13,0.1,0.08,0.06,0.05,0.04,0.03,0.02,0.01,0.01,0.01,0.01,0.0,0.0,0.0,0.0,0.0,0.0,0.0,0.0,0.0,0.0,0.0,0.0,0.0,0.0,0.0,0.0,0.0,0.0,0.0,0.0,0.0,0.0,0.0,0.0,0.0,0.0,0.0,0.0,0.0,0.0,0.0,0.0,0.0,0.0,0.0,0.0,0.0,0.0,0.0,0.0,0.0,0.0,0.0,0.0,0.0,0.0
2.32,2.19,1.84,1.37,0.91,0.53,0.28,0.13,0.05,0.02,0.01,0.0,0.0,0.0,0.0,0.0,0.0,0.0,0.0,0.0,0.0,0.0,0.0,0.0,0.0,0.0,0.0,0.0,0.0,0.0,0.0,0.0,0.0,0.0,0.0,0.0,0.0,0.0,0.0,0.02,0.06,0.22,0.68,1.84,4.44,9.53,18.19,30.87,46.58,62.49,74.54,79.05,74.54,62.49,46.58,30.87,18.19,9.53,4.44,1.84,0.68,0.22,0.06,0.02,0.0,0.0,0.0,0.0,0.0,0.0,0.0,0.0,0.0,0.0,0.0,0.0,0.0,0.0,0.0,0.0,0.0,0.0,0.0,0.0,0.0,0.0,0.0,0.0,0.0,0.0,0.0,0.0,0.0,0.0,0.0,0.0,0.0,0.0,0.0,0.0,0.0,0.0,0.0,0.0,0.0,0.0,0.0,0.0,0.0,0.0,0.0,0.0,0.0,0.0,0.0,0.0,0.0,0.0,0.0,0.0,0.0,0.0,0.0,0.0,0.0,0.0,0.0,0.0,0.0,0.0,0.0,0.0,0.0,0.0,0.0,0.0,0.0,0.0,0.0,0.0,0.0,0.0,0.0,0.0,0.0,0.0,0.01,0.01,0.02,0.02,0.03,0.05,0.07,0.1,0.15,0.2,0.28,0.38,0.51,0.68,0.88,1.14,1.45,1.83,2.27,2.78,3.36,4.01,4.72,5.49,6.31,7.15,8.01,8.85,9.67,10.44,11.14,11.75,12.25,12.65,12.94,13.11,13.19,13.19,13.12,13.01,12.88,12.75,12.64,12.57,12.55,12.57,12.64,12.75,12.88,13.01,13.12,13.19,13.2,13.12,12.95,12.66,12.27,11.77,11.17,10.48,9.73,8.93,8.1,7.26,6.44,5.66,4.92,4.24,3.63,3.09,2.62,2.22,1.89,1.61,1.39,1.22,1.07,0.96,0.87,0.8,0.74,0.69,0.64,0.59,0.54,0.5,0.45,0.4,0.36,0.32,0.27,0.23,0.2,0.17,0.14,0.11,0.09,0.07,0.06,0.04,0.03,0.03,0.02,0.01,0.01,0.01,0.01,0.0,0.0,0.0,0.0,0.0,0.0,0.0,0.0,0.0,0.0,0.0,0.0,0.0,0.0,0.0,0.0,0.0,0.0,0.0,0.0,0.0,0.0,0.0,0.0,0.0,0.0,0.0,0.0,0.0,0.0,0.0,0.0,0.0,0.0,0.0,0.0,0.0,0.0,0.0,0.0,0.0,0.0,0.0,0.0,0.0,0.0,0.0
0.86,0.81,0.68,0.5,0.33,0.2,0.1,0.05,0.02,0.01,0.0,0.0,0.0,0.0,0.0,0.0,0.0,0.0,0.0,0.0,0.0,0.0,0.0,0.0,0.0,0.0,0.0,0.0,0.0,0.0,0.0,0.0,0.0,0.0,0.0,0.0,0.0,0.0,0.0,0.02,0.08,0.26,0.81,2.19,5.29,11.36,21.69,36.82,55.56,74.54,88.91,94.29,88.91,74.54,55.56,36.82,21.69,11.36,5.29,2.19,0.81,0.26,0.08,0.02,0.0,0.0,0.0,0.0,0.0,0.0,0.0,0.0,0.0,0.0,0.0,0.0,0.0,0.0,0.0,0.0,0.0,0.0,0.0,0.0,0.0,0.0,0.0,0.0,0.0,0.0,0.0,0.0,0.0,0.0,0.0,0.0,0.0,0.0,0.0,0.0,0.0,0.0,0.0,0.0,0.0,0.0,0.0,0.0,0.0,0.0,0.0,0.0,0.0,0.0,0.0,0.0,0.0,0.0,0.0,0.0,0.0,0.0,0.0,0.0,0.0,0.0,0.0,0.0,0.0,0.0,0.0,0.0,0.0,0.0,0.0,0.0,0.0,0.0,0.0,0.0,0.0,0.0,0.0,0.0,0.0,0.0,0.0,0.01,0.01,0.02,0.03,0.04,0.06,0.08,0.11,0.16,0.22,0.3,0.4,0.53,0.69,0.9,1.14,1.43,1.78,2.18,2.64,3.15,3.71,4.31,4.95,5.62,6.29,6.95,7.6,8.2,8.75,9.22,9.62,9.93,10.16,10.3,10.36,10.36,10.3,10.22,10.11,10.01,9.93,9.87,9.85,9.87,9.93,10.01,10.11,10.22,10.31,10.36,10.37,10.3,10.17,9.94,9.64,9.24,8.77,8.23,7.64,7.0,6.35,5.69,5.05,4.43,3.84,3.31,2.82,2.4,2.02,1.71,1.44,1.22,1.04,0.9,0.79,0.7,0.63,0.57,0.52,0.48,0.44,0.41,0.38,0.34,0.31,0.28,0.25,0.22,0.19,0.16,0.14,0.11,0.1,0.08,0.06,0.05,0.04,0.03,0.02,0.02,0.01,0.01,0.01,0.0,0.0,0.0,0.0,0.0,0.0,0.0,0.0,0.0,0.0,0.0,0.0,0.0,0.0,0.0,0.0,0.0,0.0,0.0,0.0,0.0,0.0,0.0,0.0,0.0,0.0,0.0,0.0,0.0,0.0,0.0,0.0,0.0,0.0,0.0,0.0,0.0,0.0,0.0,0.0,0.0,0.0,0.0,0.0,0.0,0.0,0.0,0.0,0.0
0.28,0.26,0.22,0.17,0.11,0.06,0.03,0.02,0.01,0.0,0.0,0.0,0.0,0.0,0.0,0.0,0.0,0.0,0.0,0.0,0.0,0.0,0.0,0.0,0.0,0.0,0.0,0.0,0.0,0.0,0.0,0.0,0.0,0.0,0.0,0.0,0.0,0.0,0.0,0.02,0.08,0.28,0.86,2.32,5.61,12.05,23.01,39.05,58.92,79.05,94.29,100.0,94.29,79.05,58.92,39.05,23.01,12.05,5.61,2.32,0.86,0.28,0.08,0.02,0.0,0.0,0.0,0.0,0.0,0.0,0.0,0.0,0.0,0.0,0.0,0.0,0.0,0.0,0.0,0.0,0.0,0.0,0.0,0.0,0.0,0.0,0.0,0.0,0.0,0.0,0.0,0.0,0.0,0.0,0.0,0.0,0.0,0.0,0.0,0.0,0.0,0.0,0.0,0.0,0.0,0.0,0.0,0.0,0.0,0.0,0.0,0.0,0.0,0.0,0.0,0.0,0.0,0.0,0.0,0.0,0.0,0.0,0.0,0.0,0.0,0.0,0.0,0.0,0.0,0.0,0.0,0.0,0.0,0.0,0.0,0.0,0.0,0.0,0.0,0.0,0.0,0.0,0.0,0.0,0.0,0.0,0.0,0.01,0.01,0.01,0.02,0.03,0.04,0.06,0.09,0.12,0.17,0.23,0.31,0.41,0.54,0.69,0.88,1.11,1.38,1.69,2.04,2.44,2.87,3.34,3.84,4.35,4.87,5.39,5.89,6.36,6.78,7.15,7.46,7.7,7.88,7.98,8.03,8.03,7.99,7.92,7.84,7.76,7.7,7.65,7.64,7.65,7.7,7.76,7.84,7.92,7.99,8.03,8.03,7.99,7.88,7.71,7.47,7.16,6.8,6.38,5.92,5.42,4.92,4.41,3.9,3.42,2.97,2.55,2.17,1.84,1.55,1.3,1.09,0.92,0.78,0.66,0.58,0.5,0.45,0.4,0.37,0.34,0.31,0.28,0.26,0.24,0.21,0.19,0.17,0.15,0.13,0.11,0.09,0.08,0.06,0.05,0.04,0.03,0.03,0.02,0.02,0.01,0.01,0.01,0.0,0.0,0.0,0.0,0.0,0.0,0.0,0.0,0.0,0.0,0.0,0.0,0.0,0.0,0.0,0.0,0.0,0.0,0.0,0.0,0.0,0.0,0.0,0.0,0.0,0.0,0.0,0.0,0.0,0.0,0.0,0.0,0.0,0.0,0.0,0.0,0.0,0.0,0.0,0.0,0.0,0.0,0.0,0.0,0.0,0.0,0.0,0.0,0.0,0.0
